<?xml version="1.0" encoding="UTF-8"?>
<gpx version="1.1"
     creator="IGPSPORT-repaired"
     xmlns="http://www.topografix.com/GPX/1/1"
     xmlns:gpxtpx="http://www.garmin.com/xmlschemas/TrackPointExtension/v1"
     xmlns:xsi="http://www.w3.org/2001/XMLSchema-instance"
     xsi:schemaLocation="http://www.topografix.com/GPX/1/1 http://www.topografix.com/GPX/1/1/gpx.xsd">
  <metadata>
    <time>2026-08-15T06:40:44Z</time>
  </metadata>
  <trk>
    <name>户外骑行</name>
    <type>cycling</type>
    <trkseg>
      <trkpt lat="22.68269087187946" lon="113.9230976253748">
              <ele>45.6</ele>
              <time>2026-08-15T06:40:44Z</time>
              <extensions>
                <gpxtpx:TrackPointExtension>
                  <gpxtpx:hr>120</gpxtpx:hr>
                </gpxtpx:TrackPointExtension>
              </extensions>
      </trkpt>
      <trkpt lat="22.682731272652745" lon="113.92311790958047">
              <ele>45.8</ele>
              <time>2026-08-15T06:40:53Z</time>
              <extensions>
                <gpxtpx:TrackPointExtension>
                  <gpxtpx:hr>121</gpxtpx:hr>
                </gpxtpx:TrackPointExtension>
              </extensions>
      </trkpt>
      <trkpt lat="22.68278080970049" lon="113.92315428704023">
              <ele>45.8</ele>
              <time>2026-08-15T06:40:55Z</time>
              <extensions>
                <gpxtpx:TrackPointExtension>
                  <gpxtpx:hr>121</gpxtpx:hr>
                </gpxtpx:TrackPointExtension>
              </extensions>
      </trkpt>
      <trkpt lat="22.682846020907164" lon="113.92319862730801">
              <ele>45.8</ele>
              <time>2026-08-15T06:40:57Z</time>
              <extensions>
                <gpxtpx:TrackPointExtension>
                  <gpxtpx:hr>122</gpxtpx:hr>
                </gpxtpx:TrackPointExtension>
              </extensions>
      </trkpt>
      <trkpt lat="22.683024806901813" lon="113.92357866279781">
              <ele>45.2</ele>
              <time>2026-08-15T06:41:13Z</time>
              <extensions>
                <gpxtpx:TrackPointExtension>
                  <gpxtpx:hr>129</gpxtpx:hr>
                </gpxtpx:TrackPointExtension>
              </extensions>
      </trkpt>
      <trkpt lat="22.6830099709332" lon="113.92388979904354">
              <ele>45</ele>
              <time>2026-08-15T06:41:24Z</time>
              <extensions>
                <gpxtpx:TrackPointExtension>
                  <gpxtpx:hr>127</gpxtpx:hr>
                </gpxtpx:TrackPointExtension>
              </extensions>
      </trkpt>
      <trkpt lat="22.68302656710148" lon="113.92414452508092">
              <ele>44.2</ele>
              <time>2026-08-15T06:41:56Z</time>
              <extensions>
                <gpxtpx:TrackPointExtension>
                  <gpxtpx:hr>134</gpxtpx:hr>
                </gpxtpx:TrackPointExtension>
              </extensions>
      </trkpt>
      <trkpt lat="22.683120192959905" lon="113.92421845346689">
              <ele>43.6</ele>
              <time>2026-08-15T06:41:59Z</time>
              <extensions>
                <gpxtpx:TrackPointExtension>
                  <gpxtpx:hr>128</gpxtpx:hr>
                </gpxtpx:TrackPointExtension>
              </extensions>
      </trkpt>
      <trkpt lat="22.683256482705474" lon="113.92415349371731">
              <ele>43.2</ele>
              <time>2026-08-15T06:42:02Z</time>
              <extensions>
                <gpxtpx:TrackPointExtension>
                  <gpxtpx:hr>129</gpxtpx:hr>
                </gpxtpx:TrackPointExtension>
              </extensions>
      </trkpt>
      <trkpt lat="22.683348013088107" lon="113.92408719286323">
              <ele>43</ele>
              <time>2026-08-15T06:42:04Z</time>
              <extensions>
                <gpxtpx:TrackPointExtension>
                  <gpxtpx:hr>130</gpxtpx:hr>
                </gpxtpx:TrackPointExtension>
              </extensions>
      </trkpt>
      <trkpt lat="22.683434514328837" lon="113.92401125282049">
              <ele>43</ele>
              <time>2026-08-15T06:42:06Z</time>
              <extensions>
                <gpxtpx:TrackPointExtension>
                  <gpxtpx:hr>130</gpxtpx:hr>
                </gpxtpx:TrackPointExtension>
              </extensions>
      </trkpt>
      <trkpt lat="22.683552531525493" lon="113.92388577573001">
              <ele>43</ele>
              <time>2026-08-15T06:42:09Z</time>
              <extensions>
                <gpxtpx:TrackPointExtension>
                  <gpxtpx:hr>131</gpxtpx:hr>
                </gpxtpx:TrackPointExtension>
              </extensions>
      </trkpt>
      <trkpt lat="22.683649510145187" lon="113.92374420538545">
              <ele>43</ele>
              <time>2026-08-15T06:42:12Z</time>
              <extensions>
                <gpxtpx:TrackPointExtension>
                  <gpxtpx:hr>132</gpxtpx:hr>
                </gpxtpx:TrackPointExtension>
              </extensions>
      </trkpt>
      <trkpt lat="22.683705082163215" lon="113.92363515682518">
              <ele>42.8</ele>
              <time>2026-08-15T06:42:15Z</time>
              <extensions>
                <gpxtpx:TrackPointExtension>
                  <gpxtpx:hr>132</gpxtpx:hr>
                </gpxtpx:TrackPointExtension>
              </extensions>
      </trkpt>
      <trkpt lat="22.6838422100991" lon="113.92329091206193">
              <ele>42.6</ele>
              <time>2026-08-15T06:42:21Z</time>
              <extensions>
                <gpxtpx:TrackPointExtension>
                  <gpxtpx:hr>133</gpxtpx:hr>
                </gpxtpx:TrackPointExtension>
              </extensions>
      </trkpt>
      <trkpt lat="22.683912366628647" lon="113.9227884169668">
              <ele>42.4</ele>
              <time>2026-08-15T06:42:30Z</time>
              <extensions>
                <gpxtpx:TrackPointExtension>
                  <gpxtpx:hr>135</gpxtpx:hr>
                </gpxtpx:TrackPointExtension>
              </extensions>
      </trkpt>
      <trkpt lat="22.683812873438" lon="113.92226161435246">
              <ele>42.2</ele>
              <time>2026-08-15T06:42:39Z</time>
              <extensions>
                <gpxtpx:TrackPointExtension>
                  <gpxtpx:hr>136</gpxtpx:hr>
                </gpxtpx:TrackPointExtension>
              </extensions>
      </trkpt>
      <trkpt lat="22.683640709146857" lon="113.92201602458954">
              <ele>41.8</ele>
              <time>2026-08-15T06:42:46Z</time>
              <extensions>
                <gpxtpx:TrackPointExtension>
                  <gpxtpx:hr>137</gpxtpx:hr>
                </gpxtpx:TrackPointExtension>
              </extensions>
      </trkpt>
      <trkpt lat="22.683697370812297" lon="113.92174445092678">
              <ele>41.8</ele>
              <time>2026-08-15T06:42:56Z</time>
              <extensions>
                <gpxtpx:TrackPointExtension>
                  <gpxtpx:hr>140</gpxtpx:hr>
                </gpxtpx:TrackPointExtension>
              </extensions>
      </trkpt>
      <trkpt lat="22.68356711603701" lon="113.92111849039793">
              <ele>42</ele>
              <time>2026-08-15T06:43:11Z</time>
              <extensions>
                <gpxtpx:TrackPointExtension>
                  <gpxtpx:hr>139</gpxtpx:hr>
                </gpxtpx:TrackPointExtension>
              </extensions>
      </trkpt>
      <trkpt lat="22.683397801592946" lon="113.92072982154787">
              <ele>42</ele>
              <time>2026-08-15T06:43:25Z</time>
              <extensions>
                <gpxtpx:TrackPointExtension>
                  <gpxtpx:hr>138</gpxtpx:hr>
                </gpxtpx:TrackPointExtension>
              </extensions>
      </trkpt>
      <trkpt lat="22.68333015963435" lon="113.92068321816623">
              <ele>41.6</ele>
              <time>2026-08-15T06:43:50Z</time>
              <extensions>
                <gpxtpx:TrackPointExtension>
                  <gpxtpx:hr>140</gpxtpx:hr>
                </gpxtpx:TrackPointExtension>
              </extensions>
      </trkpt>
      <trkpt lat="22.683107536286116" lon="113.9207853935659">
              <ele>41.2</ele>
              <time>2026-08-15T06:43:57Z</time>
              <extensions>
                <gpxtpx:TrackPointExtension>
                  <gpxtpx:hr>133</gpxtpx:hr>
                </gpxtpx:TrackPointExtension>
              </extensions>
      </trkpt>
      <trkpt lat="22.68312186934054" lon="113.92108445987105">
              <ele>41</ele>
              <time>2026-08-15T06:44:06Z</time>
              <extensions>
                <gpxtpx:TrackPointExtension>
                  <gpxtpx:hr>136</gpxtpx:hr>
                </gpxtpx:TrackPointExtension>
              </extensions>
      </trkpt>
      <trkpt lat="22.683022879064083" lon="113.92116341739893">
              <ele>41.2</ele>
              <time>2026-08-15T06:44:10Z</time>
              <extensions>
                <gpxtpx:TrackPointExtension>
                  <gpxtpx:hr>132</gpxtpx:hr>
                </gpxtpx:TrackPointExtension>
              </extensions>
      </trkpt>
      <trkpt lat="22.682697996497154" lon="113.92111547291279">
              <ele>41</ele>
              <time>2026-08-15T06:44:20Z</time>
              <extensions>
                <gpxtpx:TrackPointExtension>
                  <gpxtpx:hr>135</gpxtpx:hr>
                </gpxtpx:TrackPointExtension>
              </extensions>
      </trkpt>
      <trkpt lat="22.68264887854457" lon="113.92106861807406">
              <ele>41</ele>
              <time>2026-08-15T06:45:00Z</time>
              <extensions>
                <gpxtpx:TrackPointExtension>
                  <gpxtpx:hr>137</gpxtpx:hr>
                </gpxtpx:TrackPointExtension>
              </extensions>
      </trkpt>
      <trkpt lat="22.682690201327205" lon="113.92074541188776">
              <ele>40.6</ele>
              <time>2026-08-15T06:45:09Z</time>
              <extensions>
                <gpxtpx:TrackPointExtension>
                  <gpxtpx:hr>134</gpxtpx:hr>
                </gpxtpx:TrackPointExtension>
              </extensions>
      </trkpt>
      <trkpt lat="22.68302807584405" lon="113.92075295560062">
              <ele>41</ele>
              <time>2026-08-15T06:45:18Z</time>
              <extensions>
                <gpxtpx:TrackPointExtension>
                  <gpxtpx:hr>134</gpxtpx:hr>
                </gpxtpx:TrackPointExtension>
              </extensions>
      </trkpt>
      <trkpt lat="22.683209711685777" lon="113.9207225292921">
              <ele>41.2</ele>
              <time>2026-08-15T06:45:22Z</time>
              <extensions>
                <gpxtpx:TrackPointExtension>
                  <gpxtpx:hr>131</gpxtpx:hr>
                </gpxtpx:TrackPointExtension>
              </extensions>
      </trkpt>
      <trkpt lat="22.683289423584938" lon="113.92069176770747">
              <ele>41.4</ele>
              <time>2026-08-15T06:45:24Z</time>
              <extensions>
                <gpxtpx:TrackPointExtension>
                  <gpxtpx:hr>131</gpxtpx:hr>
                </gpxtpx:TrackPointExtension>
              </extensions>
      </trkpt>
      <trkpt lat="22.683356730267406" lon="113.92066695727408">
              <ele>41.8</ele>
              <time>2026-08-15T06:45:26Z</time>
              <extensions>
                <gpxtpx:TrackPointExtension>
                  <gpxtpx:hr>132</gpxtpx:hr>
                </gpxtpx:TrackPointExtension>
              </extensions>
      </trkpt>
      <trkpt lat="22.683384558185935" lon="113.92061272636056">
              <ele>42.2</ele>
              <time>2026-08-15T06:45:28Z</time>
              <extensions>
                <gpxtpx:TrackPointExtension>
                  <gpxtpx:hr>132</gpxtpx:hr>
                </gpxtpx:TrackPointExtension>
              </extensions>
      </trkpt>
      <trkpt lat="22.683296715840697" lon="113.91998902894557">
              <ele>42.4</ele>
              <time>2026-08-15T06:45:40Z</time>
              <extensions>
                <gpxtpx:TrackPointExtension>
                  <gpxtpx:hr>135</gpxtpx:hr>
                </gpxtpx:TrackPointExtension>
              </extensions>
      </trkpt>
      <trkpt lat="22.683486733585596" lon="113.91934781335294">
              <ele>42.4</ele>
              <time>2026-08-15T06:45:54Z</time>
              <extensions>
                <gpxtpx:TrackPointExtension>
                  <gpxtpx:hr>136</gpxtpx:hr>
                </gpxtpx:TrackPointExtension>
              </extensions>
      </trkpt>
      <trkpt lat="22.683662585914135" lon="113.91908914782107">
              <ele>42.2</ele>
              <time>2026-08-15T06:46:09Z</time>
              <extensions>
                <gpxtpx:TrackPointExtension>
                  <gpxtpx:hr>137</gpxtpx:hr>
                </gpxtpx:TrackPointExtension>
              </extensions>
      </trkpt>
      <trkpt lat="22.684058714658022" lon="113.91850291751325">
              <ele>42</ele>
              <time>2026-08-15T06:46:23Z</time>
              <extensions>
                <gpxtpx:TrackPointExtension>
                  <gpxtpx:hr>138</gpxtpx:hr>
                </gpxtpx:TrackPointExtension>
              </extensions>
      </trkpt>
      <trkpt lat="22.684179497882724" lon="113.91782691702247">
              <ele>42</ele>
              <time>2026-08-15T06:46:36Z</time>
              <extensions>
                <gpxtpx:TrackPointExtension>
                  <gpxtpx:hr>138</gpxtpx:hr>
                </gpxtpx:TrackPointExtension>
              </extensions>
      </trkpt>
      <trkpt lat="22.684346716850996" lon="113.9169149659574">
              <ele>42</ele>
              <time>2026-08-15T06:46:51Z</time>
              <extensions>
                <gpxtpx:TrackPointExtension>
                  <gpxtpx:hr>139</gpxtpx:hr>
                </gpxtpx:TrackPointExtension>
              </extensions>
      </trkpt>
      <trkpt lat="22.684525167569518" lon="113.91603520140052">
              <ele>41.6</ele>
              <time>2026-08-15T06:47:08Z</time>
              <extensions>
                <gpxtpx:TrackPointExtension>
                  <gpxtpx:hr>143</gpxtpx:hr>
                </gpxtpx:TrackPointExtension>
              </extensions>
      </trkpt>
      <trkpt lat="22.684631869196892" lon="113.91566958278418">
              <ele>41.4</ele>
              <time>2026-08-15T06:47:14Z</time>
              <extensions>
                <gpxtpx:TrackPointExtension>
                  <gpxtpx:hr>138</gpxtpx:hr>
                </gpxtpx:TrackPointExtension>
              </extensions>
      </trkpt>
      <trkpt lat="22.684662379324436" lon="113.91553689725697">
              <ele>41.2</ele>
              <time>2026-08-15T06:47:16Z</time>
              <extensions>
                <gpxtpx:TrackPointExtension>
                  <gpxtpx:hr>138</gpxtpx:hr>
                </gpxtpx:TrackPointExtension>
              </extensions>
      </trkpt>
      <trkpt lat="22.684681406244636" lon="113.91525669023395">
              <ele>40.6</ele>
              <time>2026-08-15T06:47:20Z</time>
              <extensions>
                <gpxtpx:TrackPointExtension>
                  <gpxtpx:hr>138</gpxtpx:hr>
                </gpxtpx:TrackPointExtension>
              </extensions>
      </trkpt>
      <trkpt lat="22.68450563773513" lon="113.91513532027602">
              <ele>40.6</ele>
              <time>2026-08-15T06:47:23Z</time>
              <extensions>
                <gpxtpx:TrackPointExtension>
                  <gpxtpx:hr>138</gpxtpx:hr>
                </gpxtpx:TrackPointExtension>
              </extensions>
      </trkpt>
      <trkpt lat="22.683891411870718" lon="113.91514009796083">
              <ele>41.2</ele>
              <time>2026-08-15T06:47:37Z</time>
              <extensions>
                <gpxtpx:TrackPointExtension>
                  <gpxtpx:hr>143</gpxtpx:hr>
                </gpxtpx:TrackPointExtension>
              </extensions>
      </trkpt>
      <trkpt lat="22.683500815182924" lon="113.91506742686033">
              <ele>41.2</ele>
              <time>2026-08-15T06:47:54Z</time>
              <extensions>
                <gpxtpx:TrackPointExtension>
                  <gpxtpx:hr>146</gpxtpx:hr>
                </gpxtpx:TrackPointExtension>
              </extensions>
      </trkpt>
      <trkpt lat="22.68304760567844" lon="113.91505158506334">
              <ele>41.6</ele>
              <time>2026-08-15T06:48:05Z</time>
              <extensions>
                <gpxtpx:TrackPointExtension>
                  <gpxtpx:hr>142</gpxtpx:hr>
                </gpxtpx:TrackPointExtension>
              </extensions>
      </trkpt>
      <trkpt lat="22.682391721755266" lon="113.91492987982929">
              <ele>41.8</ele>
              <time>2026-08-15T06:48:22Z</time>
              <extensions>
                <gpxtpx:TrackPointExtension>
                  <gpxtpx:hr>144</gpxtpx:hr>
                </gpxtpx:TrackPointExtension>
              </extensions>
      </trkpt>
      <trkpt lat="22.681739274412394" lon="113.91470608301461">
              <ele>41.8</ele>
              <time>2026-08-15T06:48:37Z</time>
              <extensions>
                <gpxtpx:TrackPointExtension>
                  <gpxtpx:hr>140</gpxtpx:hr>
                </gpxtpx:TrackPointExtension>
              </extensions>
      </trkpt>
      <trkpt lat="22.68155830912292" lon="113.91479350626469">
              <ele>41.8</ele>
              <time>2026-08-15T06:48:43Z</time>
              <extensions>
                <gpxtpx:TrackPointExtension>
                  <gpxtpx:hr>136</gpxtpx:hr>
                </gpxtpx:TrackPointExtension>
              </extensions>
      </trkpt>
      <trkpt lat="22.681380109861493" lon="113.91526959836483">
              <ele>42</ele>
              <time>2026-08-15T06:48:58Z</time>
              <extensions>
                <gpxtpx:TrackPointExtension>
                  <gpxtpx:hr>138</gpxtpx:hr>
                </gpxtpx:TrackPointExtension>
              </extensions>
      </trkpt>
      <trkpt lat="22.681127060204744" lon="113.91550672240555">
              <ele>42</ele>
              <time>2026-08-15T06:49:06Z</time>
              <extensions>
                <gpxtpx:TrackPointExtension>
                  <gpxtpx:hr>134</gpxtpx:hr>
                </gpxtpx:TrackPointExtension>
              </extensions>
      </trkpt>
      <trkpt lat="22.681015329435468" lon="113.91600226052105">
              <ele>42.2</ele>
              <time>2026-08-15T06:49:17Z</time>
              <extensions>
                <gpxtpx:TrackPointExtension>
                  <gpxtpx:hr>137</gpxtpx:hr>
                </gpxtpx:TrackPointExtension>
              </extensions>
      </trkpt>
      <trkpt lat="22.68087711185217" lon="113.91649327240884">
              <ele>42.2</ele>
              <time>2026-08-15T06:49:29Z</time>
              <extensions>
                <gpxtpx:TrackPointExtension>
                  <gpxtpx:hr>137</gpxtpx:hr>
                </gpxtpx:TrackPointExtension>
              </extensions>
      </trkpt>
      <trkpt lat="22.680536471307278" lon="113.91663626767695">
              <ele>42.4</ele>
              <time>2026-08-15T06:49:37Z</time>
              <extensions>
                <gpxtpx:TrackPointExtension>
                  <gpxtpx:hr>134</gpxtpx:hr>
                </gpxtpx:TrackPointExtension>
              </extensions>
      </trkpt>
      <trkpt lat="22.680299431085587" lon="113.91654482111335">
              <ele>42.8</ele>
              <time>2026-08-15T06:49:43Z</time>
              <extensions>
                <gpxtpx:TrackPointExtension>
                  <gpxtpx:hr>134</gpxtpx:hr>
                </gpxtpx:TrackPointExtension>
              </extensions>
      </trkpt>
      <trkpt lat="22.679819064214826" lon="113.91654012724757">
              <ele>43.4</ele>
              <time>2026-08-15T06:49:54Z</time>
              <extensions>
                <gpxtpx:TrackPointExtension>
                  <gpxtpx:hr>137</gpxtpx:hr>
                </gpxtpx:TrackPointExtension>
              </extensions>
      </trkpt>
      <trkpt lat="22.679523769766092" lon="113.91665697097778">
              <ele>44</ele>
              <time>2026-08-15T06:50:05Z</time>
              <extensions>
                <gpxtpx:TrackPointExtension>
                  <gpxtpx:hr>137</gpxtpx:hr>
                </gpxtpx:TrackPointExtension>
              </extensions>
      </trkpt>
      <trkpt lat="22.679528212174773" lon="113.91653928905725">
              <ele>44.8</ele>
              <time>2026-08-15T06:50:09Z</time>
              <extensions>
                <gpxtpx:TrackPointExtension>
                  <gpxtpx:hr>134</gpxtpx:hr>
                </gpxtpx:TrackPointExtension>
              </extensions>
      </trkpt>
      <trkpt lat="22.679658383131027" lon="113.91638791188598">
              <ele>45.6</ele>
              <time>2026-08-15T06:50:15Z</time>
              <extensions>
                <gpxtpx:TrackPointExtension>
                  <gpxtpx:hr>133</gpxtpx:hr>
                </gpxtpx:TrackPointExtension>
              </extensions>
      </trkpt>
      <trkpt lat="22.679835157468915" lon="113.91604517586529">
              <ele>47.4</ele>
              <time>2026-08-15T06:50:25Z</time>
              <extensions>
                <gpxtpx:TrackPointExtension>
                  <gpxtpx:hr>136</gpxtpx:hr>
                </gpxtpx:TrackPointExtension>
              </extensions>
      </trkpt>
      <trkpt lat="22.67986080609262" lon="113.91599505208433">
              <ele>47.8</ele>
              <time>2026-08-15T06:50:27Z</time>
              <extensions>
                <gpxtpx:TrackPointExtension>
                  <gpxtpx:hr>133</gpxtpx:hr>
                </gpxtpx:TrackPointExtension>
              </extensions>
      </trkpt>
      <trkpt lat="22.679878156632185" lon="113.91595616005361">
              <ele>48.2</ele>
              <time>2026-08-15T06:50:29Z</time>
              <extensions>
                <gpxtpx:TrackPointExtension>
                  <gpxtpx:hr>133</gpxtpx:hr>
                </gpxtpx:TrackPointExtension>
              </extensions>
      </trkpt>
      <trkpt lat="22.679896764457226" lon="113.91591969877481">
              <ele>48.8</ele>
              <time>2026-08-15T06:50:31Z</time>
              <extensions>
                <gpxtpx:TrackPointExtension>
                  <gpxtpx:hr>132</gpxtpx:hr>
                </gpxtpx:TrackPointExtension>
              </extensions>
      </trkpt>
      <trkpt lat="22.67991897650063" lon="113.9158789627254">
              <ele>49.2</ele>
              <time>2026-08-15T06:50:33Z</time>
              <extensions>
                <gpxtpx:TrackPointExtension>
                  <gpxtpx:hr>132</gpxtpx:hr>
                </gpxtpx:TrackPointExtension>
              </extensions>
      </trkpt>
      <trkpt lat="22.679944038391113" lon="113.91583881340921">
              <ele>49.8</ele>
              <time>2026-08-15T06:50:35Z</time>
              <extensions>
                <gpxtpx:TrackPointExtension>
                  <gpxtpx:hr>132</gpxtpx:hr>
                </gpxtpx:TrackPointExtension>
              </extensions>
      </trkpt>
      <trkpt lat="22.679931968450546" lon="113.91570311039686">
              <ele>51.2</ele>
              <time>2026-08-15T06:50:44Z</time>
              <extensions>
                <gpxtpx:TrackPointExtension>
                  <gpxtpx:hr>134</gpxtpx:hr>
                </gpxtpx:TrackPointExtension>
              </extensions>
      </trkpt>
      <trkpt lat="22.67974647693336" lon="113.91561761498451">
              <ele>53.2</ele>
              <time>2026-08-15T06:50:59Z</time>
              <extensions>
                <gpxtpx:TrackPointExtension>
                  <gpxtpx:hr>133</gpxtpx:hr>
                </gpxtpx:TrackPointExtension>
              </extensions>
      </trkpt>
      <trkpt lat="22.679662238806486" lon="113.91557335853577">
              <ele>54</ele>
              <time>2026-08-15T06:51:34Z</time>
              <extensions>
                <gpxtpx:TrackPointExtension>
                  <gpxtpx:hr>134</gpxtpx:hr>
                </gpxtpx:TrackPointExtension>
              </extensions>
      </trkpt>
      <trkpt lat="22.67966039478779" lon="113.91541577875614">
              <ele>56.2</ele>
              <time>2026-08-15T06:51:52Z</time>
              <extensions>
                <gpxtpx:TrackPointExtension>
                  <gpxtpx:hr>133</gpxtpx:hr>
                </gpxtpx:TrackPointExtension>
              </extensions>
      </trkpt>
      <trkpt lat="22.679825015366077" lon="113.91532785259187">
              <ele>57.4</ele>
              <time>2026-08-15T06:52:12Z</time>
              <extensions>
                <gpxtpx:TrackPointExtension>
                  <gpxtpx:hr>132</gpxtpx:hr>
                </gpxtpx:TrackPointExtension>
              </extensions>
      </trkpt>
      <trkpt lat="22.68005426041782" lon="113.91529390588403">
              <ele>58.8</ele>
              <time>2026-08-15T06:52:43Z</time>
              <extensions>
                <gpxtpx:TrackPointExtension>
                  <gpxtpx:hr>131</gpxtpx:hr>
                </gpxtpx:TrackPointExtension>
              </extensions>
      </trkpt>
      <trkpt lat="22.680273531004786" lon="113.9151209872216">
              <ele>59.8</ele>
              <time>2026-08-15T06:52:54Z</time>
              <extensions>
                <gpxtpx:TrackPointExtension>
                  <gpxtpx:hr>127</gpxtpx:hr>
                </gpxtpx:TrackPointExtension>
              </extensions>
      </trkpt>
      <trkpt lat="22.68017848022282" lon="113.91467372886837">
              <ele>60.2</ele>
              <time>2026-08-15T06:53:06Z</time>
              <extensions>
                <gpxtpx:TrackPointExtension>
                  <gpxtpx:hr>128</gpxtpx:hr>
                </gpxtpx:TrackPointExtension>
              </extensions>
      </trkpt>
      <trkpt lat="22.679865080863237" lon="113.91434675082564">
              <ele>59.6</ele>
              <time>2026-08-15T06:53:16Z</time>
              <extensions>
                <gpxtpx:TrackPointExtension>
                  <gpxtpx:hr>128</gpxtpx:hr>
                </gpxtpx:TrackPointExtension>
              </extensions>
      </trkpt>
      <trkpt lat="22.67963499762118" lon="113.91415706835687">
              <ele>58</ele>
              <time>2026-08-15T06:53:22Z</time>
              <extensions>
                <gpxtpx:TrackPointExtension>
                  <gpxtpx:hr>126</gpxtpx:hr>
                </gpxtpx:TrackPointExtension>
              </extensions>
      </trkpt>
      <trkpt lat="22.679678918793797" lon="113.91399554908276">
              <ele>56.6</ele>
              <time>2026-08-15T06:53:26Z</time>
              <extensions>
                <gpxtpx:TrackPointExtension>
                  <gpxtpx:hr>126</gpxtpx:hr>
                </gpxtpx:TrackPointExtension>
              </extensions>
      </trkpt>
      <trkpt lat="22.680322229862213" lon="113.91384920105338">
              <ele>52.4</ele>
              <time>2026-08-15T06:53:37Z</time>
              <extensions>
                <gpxtpx:TrackPointExtension>
                  <gpxtpx:hr>131</gpxtpx:hr>
                </gpxtpx:TrackPointExtension>
              </extensions>
      </trkpt>
      <trkpt lat="22.680504117161036" lon="113.91372967511415">
              <ele>50.6</ele>
              <time>2026-08-15T06:53:43Z</time>
              <extensions>
                <gpxtpx:TrackPointExtension>
                  <gpxtpx:hr>129</gpxtpx:hr>
                </gpxtpx:TrackPointExtension>
              </extensions>
      </trkpt>
      <trkpt lat="22.680362379178405" lon="113.91346916556358">
              <ele>48.6</ele>
              <time>2026-08-15T06:53:48Z</time>
              <extensions>
                <gpxtpx:TrackPointExtension>
                  <gpxtpx:hr>130</gpxtpx:hr>
                </gpxtpx:TrackPointExtension>
              </extensions>
      </trkpt>
      <trkpt lat="22.68014319241047" lon="113.91304881311953">
              <ele>46.2</ele>
              <time>2026-08-15T06:53:53Z</time>
              <extensions>
                <gpxtpx:TrackPointExtension>
                  <gpxtpx:hr>131</gpxtpx:hr>
                </gpxtpx:TrackPointExtension>
              </extensions>
      </trkpt>
      <trkpt lat="22.680062223225832" lon="113.91232478432357">
              <ele>45.4</ele>
              <time>2026-08-15T06:54:03Z</time>
              <extensions>
                <gpxtpx:TrackPointExtension>
                  <gpxtpx:hr>135</gpxtpx:hr>
                </gpxtpx:TrackPointExtension>
              </extensions>
      </trkpt>
      <trkpt lat="22.68015149049461" lon="113.91203535720706">
              <ele>48</ele>
              <time>2026-08-15T06:54:10Z</time>
              <extensions>
                <gpxtpx:TrackPointExtension>
                  <gpxtpx:hr>133</gpxtpx:hr>
                </gpxtpx:TrackPointExtension>
              </extensions>
      </trkpt>
      <trkpt lat="22.680185018107295" lon="113.91199386678636">
              <ele>49</ele>
              <time>2026-08-15T06:54:12Z</time>
              <extensions>
                <gpxtpx:TrackPointExtension>
                  <gpxtpx:hr>133</gpxtpx:hr>
                </gpxtpx:TrackPointExtension>
              </extensions>
      </trkpt>
      <trkpt lat="22.68021309748292" lon="113.91197106800973">
              <ele>49.8</ele>
              <time>2026-08-15T06:54:15Z</time>
              <extensions>
                <gpxtpx:TrackPointExtension>
                  <gpxtpx:hr>133</gpxtpx:hr>
                </gpxtpx:TrackPointExtension>
              </extensions>
      </trkpt>
      <trkpt lat="22.680233465507627" lon="113.9119606744498">
              <ele>50.4</ele>
              <time>2026-08-15T06:54:17Z</time>
              <extensions>
                <gpxtpx:TrackPointExtension>
                  <gpxtpx:hr>133</gpxtpx:hr>
                </gpxtpx:TrackPointExtension>
              </extensions>
      </trkpt>
      <trkpt lat="22.680326672270894" lon="113.911905689165">
              <ele>51</ele>
              <time>2026-08-15T06:54:26Z</time>
              <extensions>
                <gpxtpx:TrackPointExtension>
                  <gpxtpx:hr>131</gpxtpx:hr>
                </gpxtpx:TrackPointExtension>
              </extensions>
      </trkpt>
      <trkpt lat="22.68056589178741" lon="113.91176998615265">
              <ele>51.2</ele>
              <time>2026-08-15T06:54:47Z</time>
              <extensions>
                <gpxtpx:TrackPointExtension>
                  <gpxtpx:hr>134</gpxtpx:hr>
                </gpxtpx:TrackPointExtension>
              </extensions>
      </trkpt>
      <trkpt lat="22.680819611996412" lon="113.91143797896802">
              <ele>51.6</ele>
              <time>2026-08-15T06:55:04Z</time>
              <extensions>
                <gpxtpx:TrackPointExtension>
                  <gpxtpx:hr>133</gpxtpx:hr>
                </gpxtpx:TrackPointExtension>
              </extensions>
      </trkpt>
      <trkpt lat="22.680836878716946" lon="113.91107185743749">
              <ele>51.6</ele>
              <time>2026-08-15T06:55:12Z</time>
              <extensions>
                <gpxtpx:TrackPointExtension>
                  <gpxtpx:hr>128</gpxtpx:hr>
                </gpxtpx:TrackPointExtension>
              </extensions>
      </trkpt>
      <trkpt lat="22.68044318072498" lon="113.91043935902417">
              <ele>52</ele>
              <time>2026-08-15T06:55:28Z</time>
              <extensions>
                <gpxtpx:TrackPointExtension>
                  <gpxtpx:hr>132</gpxtpx:hr>
                </gpxtpx:TrackPointExtension>
              </extensions>
      </trkpt>
      <trkpt lat="22.680076388642192" lon="113.91010148450732">
              <ele>51.8</ele>
              <time>2026-08-15T06:55:39Z</time>
              <extensions>
                <gpxtpx:TrackPointExtension>
                  <gpxtpx:hr>133</gpxtpx:hr>
                </gpxtpx:TrackPointExtension>
              </extensions>
      </trkpt>
      <trkpt lat="22.680067336186767" lon="113.90994901768863">
              <ele>51.2</ele>
              <time>2026-08-15T06:55:43Z</time>
              <extensions>
                <gpxtpx:TrackPointExtension>
                  <gpxtpx:hr>131</gpxtpx:hr>
                </gpxtpx:TrackPointExtension>
              </extensions>
      </trkpt>
      <trkpt lat="22.680418705567718" lon="113.90968515537679">
              <ele>51.6</ele>
              <time>2026-08-15T06:55:54Z</time>
              <extensions>
                <gpxtpx:TrackPointExtension>
                  <gpxtpx:hr>134</gpxtpx:hr>
                </gpxtpx:TrackPointExtension>
              </extensions>
      </trkpt>
      <trkpt lat="22.680863868445158" lon="113.90981608070433">
              <ele>52.4</ele>
              <time>2026-08-15T06:56:10Z</time>
              <extensions>
                <gpxtpx:TrackPointExtension>
                  <gpxtpx:hr>135</gpxtpx:hr>
                </gpxtpx:TrackPointExtension>
              </extensions>
      </trkpt>
      <trkpt lat="22.68159301020205" lon="113.90985187143087">
              <ele>52.2</ele>
              <time>2026-08-15T06:56:25Z</time>
              <extensions>
                <gpxtpx:TrackPointExtension>
                  <gpxtpx:hr>136</gpxtpx:hr>
                </gpxtpx:TrackPointExtension>
              </extensions>
      </trkpt>
      <trkpt lat="22.682367833331227" lon="113.90971038490534">
              <ele>51.8</ele>
              <time>2026-08-15T06:56:42Z</time>
              <extensions>
                <gpxtpx:TrackPointExtension>
                  <gpxtpx:hr>140</gpxtpx:hr>
                </gpxtpx:TrackPointExtension>
              </extensions>
      </trkpt>
      <trkpt lat="22.682997565716505" lon="113.90954551286995">
              <ele>52.2</ele>
              <time>2026-08-15T06:56:56Z</time>
              <extensions>
                <gpxtpx:TrackPointExtension>
                  <gpxtpx:hr>138</gpxtpx:hr>
                </gpxtpx:TrackPointExtension>
              </extensions>
      </trkpt>
      <trkpt lat="22.68345706164837" lon="113.90912960283458">
              <ele>52.2</ele>
              <time>2026-08-15T06:57:08Z</time>
              <extensions>
                <gpxtpx:TrackPointExtension>
                  <gpxtpx:hr>139</gpxtpx:hr>
                </gpxtpx:TrackPointExtension>
              </extensions>
      </trkpt>
      <trkpt lat="22.68394287675619" lon="113.90835410915315">
              <ele>51.4</ele>
              <time>2026-08-15T06:57:25Z</time>
              <extensions>
                <gpxtpx:TrackPointExtension>
                  <gpxtpx:hr>143</gpxtpx:hr>
                </gpxtpx:TrackPointExtension>
              </extensions>
      </trkpt>
      <trkpt lat="22.684211265295744" lon="113.90784557908773">
              <ele>51.2</ele>
              <time>2026-08-15T06:57:35Z</time>
              <extensions>
                <gpxtpx:TrackPointExtension>
                  <gpxtpx:hr>140</gpxtpx:hr>
                </gpxtpx:TrackPointExtension>
              </extensions>
      </trkpt>
      <trkpt lat="22.684237165376544" lon="113.9072928763926">
              <ele>51</ele>
              <time>2026-08-15T06:57:46Z</time>
              <extensions>
                <gpxtpx:TrackPointExtension>
                  <gpxtpx:hr>141</gpxtpx:hr>
                </gpxtpx:TrackPointExtension>
              </extensions>
      </trkpt>
      <trkpt lat="22.68437873572111" lon="113.90667865052819">
              <ele>50.4</ele>
              <time>2026-08-15T06:57:59Z</time>
              <extensions>
                <gpxtpx:TrackPointExtension>
                  <gpxtpx:hr>141</gpxtpx:hr>
                </gpxtpx:TrackPointExtension>
              </extensions>
      </trkpt>
      <trkpt lat="22.684235237538815" lon="113.90624019317329">
              <ele>50.2</ele>
              <time>2026-08-15T06:58:07Z</time>
              <extensions>
                <gpxtpx:TrackPointExtension>
                  <gpxtpx:hr>138</gpxtpx:hr>
                </gpxtpx:TrackPointExtension>
              </extensions>
      </trkpt>
      <trkpt lat="22.683829721063375" lon="113.90585864894092">
              <ele>50.4</ele>
              <time>2026-08-15T06:58:19Z</time>
              <extensions>
                <gpxtpx:TrackPointExtension>
                  <gpxtpx:hr>141</gpxtpx:hr>
                </gpxtpx:TrackPointExtension>
              </extensions>
      </trkpt>
      <trkpt lat="22.683336529880762" lon="113.9057216886431">
              <ele>50.8</ele>
              <time>2026-08-15T06:58:31Z</time>
              <extensions>
                <gpxtpx:TrackPointExtension>
                  <gpxtpx:hr>141</gpxtpx:hr>
                </gpxtpx:TrackPointExtension>
              </extensions>
      </trkpt>
      <trkpt lat="22.682756083086133" lon="113.90583727508783">
              <ele>51.4</ele>
              <time>2026-08-15T06:58:43Z</time>
              <extensions>
                <gpxtpx:TrackPointExtension>
                  <gpxtpx:hr>141</gpxtpx:hr>
                </gpxtpx:TrackPointExtension>
              </extensions>
      </trkpt>
      <trkpt lat="22.68199953250587" lon="113.90604137443006">
              <ele>51.8</ele>
              <time>2026-08-15T06:59:00Z</time>
              <extensions>
                <gpxtpx:TrackPointExtension>
                  <gpxtpx:hr>144</gpxtpx:hr>
                </gpxtpx:TrackPointExtension>
              </extensions>
      </trkpt>
      <trkpt lat="22.68123183399439" lon="113.90626491978765">
              <ele>52</ele>
              <time>2026-08-15T06:59:15Z</time>
              <extensions>
                <gpxtpx:TrackPointExtension>
                  <gpxtpx:hr>142</gpxtpx:hr>
                </gpxtpx:TrackPointExtension>
              </extensions>
      </trkpt>
      <trkpt lat="22.68069681711495" lon="113.90659432858229">
              <ele>52</ele>
              <time>2026-08-15T06:59:27Z</time>
              <extensions>
                <gpxtpx:TrackPointExtension>
                  <gpxtpx:hr>142</gpxtpx:hr>
                </gpxtpx:TrackPointExtension>
              </extensions>
      </trkpt>
      <trkpt lat="22.680197758600116" lon="113.9069701731205">
              <ele>52</ele>
              <time>2026-08-15T06:59:39Z</time>
              <extensions>
                <gpxtpx:TrackPointExtension>
                  <gpxtpx:hr>143</gpxtpx:hr>
                </gpxtpx:TrackPointExtension>
              </extensions>
      </trkpt>
      <trkpt lat="22.679931297898293" lon="113.90732841566205">
              <ele>52.2</ele>
              <time>2026-08-15T06:59:47Z</time>
              <extensions>
                <gpxtpx:TrackPointExtension>
                  <gpxtpx:hr>140</gpxtpx:hr>
                </gpxtpx:TrackPointExtension>
              </extensions>
      </trkpt>
      <trkpt lat="22.6797634921968" lon="113.90762966126204">
              <ele>51.8</ele>
              <time>2026-08-15T06:59:55Z</time>
              <extensions>
                <gpxtpx:TrackPointExtension>
                  <gpxtpx:hr>140</gpxtpx:hr>
                </gpxtpx:TrackPointExtension>
              </extensions>
      </trkpt>
      <trkpt lat="22.679125797003508" lon="113.90734551474452">
              <ele>49.2</ele>
              <time>2026-08-15T07:00:12Z</time>
              <extensions>
                <gpxtpx:TrackPointExtension>
                  <gpxtpx:hr>146</gpxtpx:hr>
                </gpxtpx:TrackPointExtension>
              </extensions>
      </trkpt>
      <trkpt lat="22.678689183667302" lon="113.9070648048073">
              <ele>48.2</ele>
              <time>2026-08-15T07:00:22Z</time>
              <extensions>
                <gpxtpx:TrackPointExtension>
                  <gpxtpx:hr>143</gpxtpx:hr>
                </gpxtpx:TrackPointExtension>
              </extensions>
      </trkpt>
      <trkpt lat="22.678694128990173" lon="113.90675291419029">
              <ele>47.6</ele>
              <time>2026-08-15T07:00:27Z</time>
              <extensions>
                <gpxtpx:TrackPointExtension>
                  <gpxtpx:hr>140</gpxtpx:hr>
                </gpxtpx:TrackPointExtension>
              </extensions>
      </trkpt>
      <trkpt lat="22.6787066180259" lon="113.90624782070518">
              <ele>47.8</ele>
              <time>2026-08-15T07:00:36Z</time>
              <extensions>
                <gpxtpx:TrackPointExtension>
                  <gpxtpx:hr>140</gpxtpx:hr>
                </gpxtpx:TrackPointExtension>
              </extensions>
      </trkpt>
      <trkpt lat="22.678561694920063" lon="113.90596627257764">
              <ele>48.8</ele>
              <time>2026-08-15T07:00:41Z</time>
              <extensions>
                <gpxtpx:TrackPointExtension>
                  <gpxtpx:hr>140</gpxtpx:hr>
                </gpxtpx:TrackPointExtension>
              </extensions>
      </trkpt>
      <trkpt lat="22.67828157171607" lon="113.90558992512524">
              <ele>51.4</ele>
              <time>2026-08-15T07:00:52Z</time>
              <extensions>
                <gpxtpx:TrackPointExtension>
                  <gpxtpx:hr>144</gpxtpx:hr>
                </gpxtpx:TrackPointExtension>
              </extensions>
      </trkpt>
      <trkpt lat="22.67804562114179" lon="113.90546143054962">
              <ele>53.8</ele>
              <time>2026-08-15T07:01:05Z</time>
              <extensions>
                <gpxtpx:TrackPointExtension>
                  <gpxtpx:hr>143</gpxtpx:hr>
                </gpxtpx:TrackPointExtension>
              </extensions>
      </trkpt>
      <trkpt lat="22.6777049805969" lon="113.90543620102108">
              <ele>56.4</ele>
              <time>2026-08-15T07:01:21Z</time>
              <extensions>
                <gpxtpx:TrackPointExtension>
                  <gpxtpx:hr>144</gpxtpx:hr>
                </gpxtpx:TrackPointExtension>
              </extensions>
      </trkpt>
      <trkpt lat="22.677506916224957" lon="113.90545405447483">
              <ele>57.4</ele>
              <time>2026-08-15T07:01:34Z</time>
              <extensions>
                <gpxtpx:TrackPointExtension>
                  <gpxtpx:hr>140</gpxtpx:hr>
                </gpxtpx:TrackPointExtension>
              </extensions>
      </trkpt>
      <trkpt lat="22.67726761288941" lon="113.90532522462308">
              <ele>57.4</ele>
              <time>2026-08-15T07:02:16Z</time>
              <extensions>
                <gpxtpx:TrackPointExtension>
                  <gpxtpx:hr>142</gpxtpx:hr>
                </gpxtpx:TrackPointExtension>
              </extensions>
      </trkpt>
      <trkpt lat="22.677051778882742" lon="113.90496396459639">
              <ele>55.2</ele>
              <time>2026-08-15T07:02:24Z</time>
              <extensions>
                <gpxtpx:TrackPointExtension>
                  <gpxtpx:hr>136</gpxtpx:hr>
                </gpxtpx:TrackPointExtension>
              </extensions>
      </trkpt>
      <trkpt lat="22.67676821909845" lon="113.90485885553062">
              <ele>54.2</ele>
              <time>2026-08-15T07:02:29Z</time>
              <extensions>
                <gpxtpx:TrackPointExtension>
                  <gpxtpx:hr>136</gpxtpx:hr>
                </gpxtpx:TrackPointExtension>
              </extensions>
      </trkpt>
      <trkpt lat="22.67603488638997" lon="113.90478366985917">
              <ele>53.6</ele>
              <time>2026-08-15T07:02:46Z</time>
              <extensions>
                <gpxtpx:TrackPointExtension>
                  <gpxtpx:hr>142</gpxtpx:hr>
                </gpxtpx:TrackPointExtension>
              </extensions>
      </trkpt>
      <trkpt lat="22.675272300839424" lon="113.90476900152862">
              <ele>51.8</ele>
              <time>2026-08-15T07:03:01Z</time>
              <extensions>
                <gpxtpx:TrackPointExtension>
                  <gpxtpx:hr>139</gpxtpx:hr>
                </gpxtpx:TrackPointExtension>
              </extensions>
      </trkpt>
      <trkpt lat="22.674553468823433" lon="113.90489330515265">
              <ele>49.6</ele>
              <time>2026-08-15T07:03:15Z</time>
              <extensions>
                <gpxtpx:TrackPointExtension>
                  <gpxtpx:hr>139</gpxtpx:hr>
                </gpxtpx:TrackPointExtension>
              </extensions>
      </trkpt>
      <trkpt lat="22.67441952601075" lon="113.90477252192795">
              <ele>49.2</ele>
              <time>2026-08-15T07:03:20Z</time>
              <extensions>
                <gpxtpx:TrackPointExtension>
                  <gpxtpx:hr>136</gpxtpx:hr>
                </gpxtpx:TrackPointExtension>
              </extensions>
      </trkpt>
      <trkpt lat="22.674084082245827" lon="113.90399577096105">
              <ele>49.8</ele>
              <time>2026-08-15T07:03:35Z</time>
              <extensions>
                <gpxtpx:TrackPointExtension>
                  <gpxtpx:hr>139</gpxtpx:hr>
                </gpxtpx:TrackPointExtension>
              </extensions>
      </trkpt>
      <trkpt lat="22.673906637355685" lon="113.90357047319412">
              <ele>50.8</ele>
              <time>2026-08-15T07:03:47Z</time>
              <extensions>
                <gpxtpx:TrackPointExtension>
                  <gpxtpx:hr>139</gpxtpx:hr>
                </gpxtpx:TrackPointExtension>
              </extensions>
      </trkpt>
      <trkpt lat="22.674138229340315" lon="113.9034332614392">
              <ele>50.4</ele>
              <time>2026-08-15T07:03:54Z</time>
              <extensions>
                <gpxtpx:TrackPointExtension>
                  <gpxtpx:hr>135</gpxtpx:hr>
                </gpxtpx:TrackPointExtension>
              </extensions>
      </trkpt>
      <trkpt lat="22.674307711422443" lon="113.9030156750232">
              <ele>50.6</ele>
              <time>2026-08-15T07:04:03Z</time>
              <extensions>
                <gpxtpx:TrackPointExtension>
                  <gpxtpx:hr>138</gpxtpx:hr>
                </gpxtpx:TrackPointExtension>
              </extensions>
      </trkpt>
      <trkpt lat="22.674420615658164" lon="113.90238041058183">
              <ele>53</ele>
              <time>2026-08-15T07:04:19Z</time>
              <extensions>
                <gpxtpx:TrackPointExtension>
                  <gpxtpx:hr>140</gpxtpx:hr>
                </gpxtpx:TrackPointExtension>
              </extensions>
      </trkpt>
      <trkpt lat="22.674519522115588" lon="113.9018842857331">
              <ele>55.4</ele>
              <time>2026-08-15T07:04:36Z</time>
              <extensions>
                <gpxtpx:TrackPointExtension>
                  <gpxtpx:hr>140</gpxtpx:hr>
                </gpxtpx:TrackPointExtension>
              </extensions>
      </trkpt>
      <trkpt lat="22.674582805484533" lon="113.90145706012845">
              <ele>57</ele>
              <time>2026-08-15T07:04:51Z</time>
              <extensions>
                <gpxtpx:TrackPointExtension>
                  <gpxtpx:hr>136</gpxtpx:hr>
                </gpxtpx:TrackPointExtension>
              </extensions>
      </trkpt>
      <trkpt lat="22.6746604219079" lon="113.90098566189408">
              <ele>59</ele>
              <time>2026-08-15T07:05:08Z</time>
              <extensions>
                <gpxtpx:TrackPointExtension>
                  <gpxtpx:hr>138</gpxtpx:hr>
                </gpxtpx:TrackPointExtension>
              </extensions>
      </trkpt>
      <trkpt lat="22.67478061839938" lon="113.90087820589542">
              <ele>59.4</ele>
              <time>2026-08-15T07:05:15Z</time>
              <extensions>
                <gpxtpx:TrackPointExtension>
                  <gpxtpx:hr>131</gpxtpx:hr>
                </gpxtpx:TrackPointExtension>
              </extensions>
      </trkpt>
      <trkpt lat="22.675153529271483" lon="113.90109026804566">
              <ele>59</ele>
              <time>2026-08-15T07:05:27Z</time>
              <extensions>
                <gpxtpx:TrackPointExtension>
                  <gpxtpx:hr>134</gpxtpx:hr>
                </gpxtpx:TrackPointExtension>
              </extensions>
      </trkpt>
      <trkpt lat="22.6756395958364" lon="113.90152394771576">
              <ele>59</ele>
              <time>2026-08-15T07:05:44Z</time>
              <extensions>
                <gpxtpx:TrackPointExtension>
                  <gpxtpx:hr>136</gpxtpx:hr>
                </gpxtpx:TrackPointExtension>
              </extensions>
      </trkpt>
      <trkpt lat="22.676238231360912" lon="113.90205418691039">
              <ele>59</ele>
              <time>2026-08-15T07:05:59Z</time>
              <extensions>
                <gpxtpx:TrackPointExtension>
                  <gpxtpx:hr>134</gpxtpx:hr>
                </gpxtpx:TrackPointExtension>
              </extensions>
      </trkpt>
      <trkpt lat="22.677140710875392" lon="113.90247780829668">
              <ele>57.4</ele>
              <time>2026-08-15T07:06:15Z</time>
              <extensions>
                <gpxtpx:TrackPointExtension>
                  <gpxtpx:hr>139</gpxtpx:hr>
                </gpxtpx:TrackPointExtension>
              </extensions>
      </trkpt>
      <trkpt lat="22.67812323756516" lon="113.90285558067262">
              <ele>54.4</ele>
              <time>2026-08-15T07:06:28Z</time>
              <extensions>
                <gpxtpx:TrackPointExtension>
                  <gpxtpx:hr>137</gpxtpx:hr>
                </gpxtpx:TrackPointExtension>
              </extensions>
      </trkpt>
      <trkpt lat="22.67898657359183" lon="113.90324818901718">
              <ele>52.8</ele>
              <time>2026-08-15T07:06:43Z</time>
              <extensions>
                <gpxtpx:TrackPointExtension>
                  <gpxtpx:hr>140</gpxtpx:hr>
                </gpxtpx:TrackPointExtension>
              </extensions>
      </trkpt>
      <trkpt lat="22.679577581584454" lon="113.90352739021182">
              <ele>51.4</ele>
              <time>2026-08-15T07:06:52Z</time>
              <extensions>
                <gpxtpx:TrackPointExtension>
                  <gpxtpx:hr>142</gpxtpx:hr>
                </gpxtpx:TrackPointExtension>
              </extensions>
      </trkpt>
      <trkpt lat="22.680326169356704" lon="113.90351942740381">
              <ele>50.2</ele>
              <time>2026-08-15T07:07:02Z</time>
              <extensions>
                <gpxtpx:TrackPointExtension>
                  <gpxtpx:hr>144</gpxtpx:hr>
                </gpxtpx:TrackPointExtension>
              </extensions>
      </trkpt>
      <trkpt lat="22.68117525614798" lon="113.90344449318945">
              <ele>49.8</ele>
              <time>2026-08-15T07:07:15Z</time>
              <extensions>
                <gpxtpx:TrackPointExtension>
                  <gpxtpx:hr>146</gpxtpx:hr>
                </gpxtpx:TrackPointExtension>
              </extensions>
      </trkpt>
      <trkpt lat="22.68190666101873" lon="113.90342018567026">
              <ele>49.2</ele>
              <time>2026-08-15T07:07:27Z</time>
              <extensions>
                <gpxtpx:TrackPointExtension>
                  <gpxtpx:hr>147</gpxtpx:hr>
                </gpxtpx:TrackPointExtension>
              </extensions>
      </trkpt>
      <trkpt lat="22.68297778442502" lon="113.90333812683821">
              <ele>47.6</ele>
              <time>2026-08-15T07:07:42Z</time>
              <extensions>
                <gpxtpx:TrackPointExtension>
                  <gpxtpx:hr>148</gpxtpx:hr>
                </gpxtpx:TrackPointExtension>
              </extensions>
      </trkpt>
      <trkpt lat="22.683760235086083" lon="113.90326126478612">
              <ele>46.2</ele>
              <time>2026-08-15T07:07:54Z</time>
              <extensions>
                <gpxtpx:TrackPointExtension>
                  <gpxtpx:hr>148</gpxtpx:hr>
                </gpxtpx:TrackPointExtension>
              </extensions>
      </trkpt>
      <trkpt lat="22.68389099277556" lon="113.9031467679888">
              <ele>46</ele>
              <time>2026-08-15T07:07:57Z</time>
              <extensions>
                <gpxtpx:TrackPointExtension>
                  <gpxtpx:hr>145</gpxtpx:hr>
                </gpxtpx:TrackPointExtension>
              </extensions>
      </trkpt>
      <trkpt lat="22.683777334168553" lon="113.9026929717511">
              <ele>48.2</ele>
              <time>2026-08-15T07:08:07Z</time>
              <extensions>
                <gpxtpx:TrackPointExtension>
                  <gpxtpx:hr>148</gpxtpx:hr>
                </gpxtpx:TrackPointExtension>
              </extensions>
      </trkpt>
      <trkpt lat="22.683704160153866" lon="113.90227530151606">
              <ele>51.4</ele>
              <time>2026-08-15T07:08:22Z</time>
              <extensions>
                <gpxtpx:TrackPointExtension>
                  <gpxtpx:hr>145</gpxtpx:hr>
                </gpxtpx:TrackPointExtension>
              </extensions>
      </trkpt>
      <trkpt lat="22.683631321415305" lon="113.90190465375781">
              <ele>54</ele>
              <time>2026-08-15T07:08:39Z</time>
              <extensions>
                <gpxtpx:TrackPointExtension>
                  <gpxtpx:hr>146</gpxtpx:hr>
                </gpxtpx:TrackPointExtension>
              </extensions>
      </trkpt>
      <trkpt lat="22.683515902608633" lon="113.90157331712544">
              <ele>56.6</ele>
              <time>2026-08-15T07:08:53Z</time>
              <extensions>
                <gpxtpx:TrackPointExtension>
                  <gpxtpx:hr>142</gpxtpx:hr>
                </gpxtpx:TrackPointExtension>
              </extensions>
      </trkpt>
      <trkpt lat="22.683340972289443" lon="113.901292020455">
              <ele>58.8</ele>
              <time>2026-08-15T07:09:10Z</time>
              <extensions>
                <gpxtpx:TrackPointExtension>
                  <gpxtpx:hr>142</gpxtpx:hr>
                </gpxtpx:TrackPointExtension>
              </extensions>
      </trkpt>
      <trkpt lat="22.68297292292118" lon="113.90080469660461">
              <ele>57.2</ele>
              <time>2026-08-15T07:09:25Z</time>
              <extensions>
                <gpxtpx:TrackPointExtension>
                  <gpxtpx:hr>138</gpxtpx:hr>
                </gpxtpx:TrackPointExtension>
              </extensions>
      </trkpt>
      <trkpt lat="22.682450897991657" lon="113.90015711076558">
              <ele>55.6</ele>
              <time>2026-08-15T07:09:42Z</time>
              <extensions>
                <gpxtpx:TrackPointExtension>
                  <gpxtpx:hr>140</gpxtpx:hr>
                </gpxtpx:TrackPointExtension>
              </extensions>
      </trkpt>
      <trkpt lat="22.68172586336732" lon="113.89957800507545">
              <ele>54.4</ele>
              <time>2026-08-15T07:09:57Z</time>
              <extensions>
                <gpxtpx:TrackPointExtension>
                  <gpxtpx:hr>137</gpxtpx:hr>
                </gpxtpx:TrackPointExtension>
              </extensions>
      </trkpt>
      <trkpt lat="22.68125832080841" lon="113.89921381138265">
              <ele>54.2</ele>
              <time>2026-08-15T07:10:09Z</time>
              <extensions>
                <gpxtpx:TrackPointExtension>
                  <gpxtpx:hr>137</gpxtpx:hr>
                </gpxtpx:TrackPointExtension>
              </extensions>
      </trkpt>
      <trkpt lat="22.681315233930945" lon="113.89914767816663">
              <ele>54.2</ele>
              <time>2026-08-15T07:10:17Z</time>
              <extensions>
                <gpxtpx:TrackPointExtension>
                  <gpxtpx:hr>134</gpxtpx:hr>
                </gpxtpx:TrackPointExtension>
              </extensions>
      </trkpt>
      <trkpt lat="22.681190678849816" lon="113.89913946390152">
              <ele>54.2</ele>
              <time>2026-08-15T07:12:20Z</time>
              <extensions>
                <gpxtpx:TrackPointExtension>
                  <gpxtpx:hr>137</gpxtpx:hr>
                </gpxtpx:TrackPointExtension>
              </extensions>
      </trkpt>
      <trkpt lat="22.68085422925651" lon="113.89888289384544">
              <ele>54.4</ele>
              <time>2026-08-15T07:12:33Z</time>
              <extensions>
                <gpxtpx:TrackPointExtension>
                  <gpxtpx:hr>133</gpxtpx:hr>
                </gpxtpx:TrackPointExtension>
              </extensions>
      </trkpt>
      <trkpt lat="22.680312506854534" lon="113.89848374761641">
              <ele>54.4</ele>
              <time>2026-08-15T07:12:50Z</time>
              <extensions>
                <gpxtpx:TrackPointExtension>
                  <gpxtpx:hr>137</gpxtpx:hr>
                </gpxtpx:TrackPointExtension>
              </extensions>
      </trkpt>
      <trkpt lat="22.679686211049557" lon="113.89802089892328">
              <ele>54.8</ele>
              <time>2026-08-15T07:13:05Z</time>
              <extensions>
                <gpxtpx:TrackPointExtension>
                  <gpxtpx:hr>134</gpxtpx:hr>
                </gpxtpx:TrackPointExtension>
              </extensions>
      </trkpt>
      <trkpt lat="22.679053712636232" lon="113.89775837771595">
              <ele>55.6</ele>
              <time>2026-08-15T07:13:22Z</time>
              <extensions>
                <gpxtpx:TrackPointExtension>
                  <gpxtpx:hr>138</gpxtpx:hr>
                </gpxtpx:TrackPointExtension>
              </extensions>
      </trkpt>
      <trkpt lat="22.67876286059618" lon="113.8976417016238">
              <ele>55.6</ele>
              <time>2026-08-15T07:13:29Z</time>
              <extensions>
                <gpxtpx:TrackPointExtension>
                  <gpxtpx:hr>132</gpxtpx:hr>
                </gpxtpx:TrackPointExtension>
              </extensions>
      </trkpt>
      <trkpt lat="22.67868557944894" lon="113.89749619178474">
              <ele>55.8</ele>
              <time>2026-08-15T07:13:38Z</time>
              <extensions>
                <gpxtpx:TrackPointExtension>
                  <gpxtpx:hr>133</gpxtpx:hr>
                </gpxtpx:TrackPointExtension>
              </extensions>
      </trkpt>
      <trkpt lat="22.678786581382155" lon="113.89730198308825">
              <ele>56</ele>
              <time>2026-08-15T07:19:01Z</time>
              <extensions>
                <gpxtpx:TrackPointExtension>
                  <gpxtpx:hr>135</gpxtpx:hr>
                </gpxtpx:TrackPointExtension>
              </extensions>
      </trkpt>
      <trkpt lat="22.678945502266288" lon="113.89700325205922">
              <ele>56</ele>
              <time>2026-08-15T07:19:14Z</time>
              <extensions>
                <gpxtpx:TrackPointExtension>
                  <gpxtpx:hr>133</gpxtpx:hr>
                </gpxtpx:TrackPointExtension>
              </extensions>
      </trkpt>
      <trkpt lat="22.67952318303287" lon="113.89676696620882">
              <ele>55.6</ele>
              <time>2026-08-15T07:19:26Z</time>
              <extensions>
                <gpxtpx:TrackPointExtension>
                  <gpxtpx:hr>134</gpxtpx:hr>
                </gpxtpx:TrackPointExtension>
              </extensions>
      </trkpt>
      <trkpt lat="22.680003633722663" lon="113.89659086242318">
              <ele>55.4</ele>
              <time>2026-08-15T07:19:36Z</time>
              <extensions>
                <gpxtpx:TrackPointExtension>
                  <gpxtpx:hr>135</gpxtpx:hr>
                </gpxtpx:TrackPointExtension>
              </extensions>
      </trkpt>
      <trkpt lat="22.680066414177418" lon="113.89642825350165">
              <ele>56.2</ele>
              <time>2026-08-15T07:19:40Z</time>
              <extensions>
                <gpxtpx:TrackPointExtension>
                  <gpxtpx:hr>132</gpxtpx:hr>
                </gpxtpx:TrackPointExtension>
              </extensions>
      </trkpt>
      <trkpt lat="22.679806826636195" lon="113.89593162573874">
              <ele>57.2</ele>
              <time>2026-08-15T07:19:54Z</time>
              <extensions>
                <gpxtpx:TrackPointExtension>
                  <gpxtpx:hr>137</gpxtpx:hr>
                </gpxtpx:TrackPointExtension>
              </extensions>
      </trkpt>
      <trkpt lat="22.67977438867092" lon="113.89570011757314">
              <ele>57</ele>
              <time>2026-08-15T07:19:59Z</time>
              <extensions>
                <gpxtpx:TrackPointExtension>
                  <gpxtpx:hr>134</gpxtpx:hr>
                </gpxtpx:TrackPointExtension>
              </extensions>
      </trkpt>
      <trkpt lat="22.680357601493597" lon="113.89524162746966">
              <ele>53.4</ele>
              <time>2026-08-15T07:20:08Z</time>
              <extensions>
                <gpxtpx:TrackPointExtension>
                  <gpxtpx:hr>138</gpxtpx:hr>
                </gpxtpx:TrackPointExtension>
              </extensions>
      </trkpt>
      <trkpt lat="22.680777367204428" lon="113.89485731720924">
              <ele>50</ele>
              <time>2026-08-15T07:20:16Z</time>
              <extensions>
                <gpxtpx:TrackPointExtension>
                  <gpxtpx:hr>136</gpxtpx:hr>
                </gpxtpx:TrackPointExtension>
              </extensions>
      </trkpt>
      <trkpt lat="22.6804852578789" lon="113.89441257342696">
              <ele>48.8</ele>
              <time>2026-08-15T07:20:27Z</time>
              <extensions>
                <gpxtpx:TrackPointExtension>
                  <gpxtpx:hr>140</gpxtpx:hr>
                </gpxtpx:TrackPointExtension>
              </extensions>
      </trkpt>
      <trkpt lat="22.680154759436846" lon="113.89391401782632">
              <ele>48.6</ele>
              <time>2026-08-15T07:20:38Z</time>
              <extensions>
                <gpxtpx:TrackPointExtension>
                  <gpxtpx:hr>141</gpxtpx:hr>
                </gpxtpx:TrackPointExtension>
              </extensions>
      </trkpt>
      <trkpt lat="22.679998856037855" lon="113.89390882104635">
              <ele>48.6</ele>
              <time>2026-08-15T07:20:41Z</time>
              <extensions>
                <gpxtpx:TrackPointExtension>
                  <gpxtpx:hr>138</gpxtpx:hr>
                </gpxtpx:TrackPointExtension>
              </extensions>
      </trkpt>
      <trkpt lat="22.679458307102323" lon="113.89429866336286">
              <ele>52.6</ele>
              <time>2026-08-15T07:20:57Z</time>
              <extensions>
                <gpxtpx:TrackPointExtension>
                  <gpxtpx:hr>145</gpxtpx:hr>
                </gpxtpx:TrackPointExtension>
              </extensions>
      </trkpt>
      <trkpt lat="22.67910970374942" lon="113.89433168806136">
              <ele>55</ele>
              <time>2026-08-15T07:21:12Z</time>
              <extensions>
                <gpxtpx:TrackPointExtension>
                  <gpxtpx:hr>142</gpxtpx:hr>
                </gpxtpx:TrackPointExtension>
              </extensions>
      </trkpt>
      <trkpt lat="22.678626738488674" lon="113.89421844854951">
              <ele>55.4</ele>
              <time>2026-08-15T07:21:24Z</time>
              <extensions>
                <gpxtpx:TrackPointExtension>
                  <gpxtpx:hr>141</gpxtpx:hr>
                </gpxtpx:TrackPointExtension>
              </extensions>
      </trkpt>
      <trkpt lat="22.678205631673336" lon="113.89409691095352">
              <ele>54</ele>
              <time>2026-08-15T07:21:39Z</time>
              <extensions>
                <gpxtpx:TrackPointExtension>
                  <gpxtpx:hr>140</gpxtpx:hr>
                </gpxtpx:TrackPointExtension>
              </extensions>
      </trkpt>
      <trkpt lat="22.678029276430607" lon="113.89398341998458">
              <ele>52.6</ele>
              <time>2026-08-15T07:21:44Z</time>
              <extensions>
                <gpxtpx:TrackPointExtension>
                  <gpxtpx:hr>137</gpxtpx:hr>
                </gpxtpx:TrackPointExtension>
              </extensions>
      </trkpt>
      <trkpt lat="22.677948558703065" lon="113.89328302815557">
              <ele>49</ele>
              <time>2026-08-15T07:21:53Z</time>
              <extensions>
                <gpxtpx:TrackPointExtension>
                  <gpxtpx:hr>139</gpxtpx:hr>
                </gpxtpx:TrackPointExtension>
              </extensions>
      </trkpt>
      <trkpt lat="22.678076466545463" lon="113.8928703032434">
              <ele>49</ele>
              <time>2026-08-15T07:22:00Z</time>
              <extensions>
                <gpxtpx:TrackPointExtension>
                  <gpxtpx:hr>137</gpxtpx:hr>
                </gpxtpx:TrackPointExtension>
              </extensions>
      </trkpt>
      <trkpt lat="22.678546523675323" lon="113.89239580370486">
              <ele>51</ele>
              <time>2026-08-15T07:22:15Z</time>
              <extensions>
                <gpxtpx:TrackPointExtension>
                  <gpxtpx:hr>140</gpxtpx:hr>
                </gpxtpx:TrackPointExtension>
              </extensions>
      </trkpt>
      <trkpt lat="22.678721202537417" lon="113.89209891669452">
              <ele>51.4</ele>
              <time>2026-08-15T07:22:23Z</time>
              <extensions>
                <gpxtpx:TrackPointExtension>
                  <gpxtpx:hr>137</gpxtpx:hr>
                </gpxtpx:TrackPointExtension>
              </extensions>
      </trkpt>
      <trkpt lat="22.67870963551104" lon="113.89156859368086">
              <ele>51.8</ele>
              <time>2026-08-15T07:22:32Z</time>
              <extensions>
                <gpxtpx:TrackPointExtension>
                  <gpxtpx:hr>140</gpxtpx:hr>
                </gpxtpx:TrackPointExtension>
              </extensions>
      </trkpt>
      <trkpt lat="22.678701085969806" lon="113.89114941470325">
              <ele>51</ele>
              <time>2026-08-15T07:22:40Z</time>
              <extensions>
                <gpxtpx:TrackPointExtension>
                  <gpxtpx:hr>137</gpxtpx:hr>
                </gpxtpx:TrackPointExtension>
              </extensions>
      </trkpt>
      <trkpt lat="22.678671581670642" lon="113.89086510054767">
              <ele>50.8</ele>
              <time>2026-08-15T07:22:48Z</time>
              <extensions>
                <gpxtpx:TrackPointExtension>
                  <gpxtpx:hr>138</gpxtpx:hr>
                </gpxtpx:TrackPointExtension>
              </extensions>
      </trkpt>
      <trkpt lat="22.67881558276713" lon="113.89023729600012">
              <ele>50.8</ele>
              <time>2026-08-15T07:22:59Z</time>
              <extensions>
                <gpxtpx:TrackPointExtension>
                  <gpxtpx:hr>141</gpxtpx:hr>
                </gpxtpx:TrackPointExtension>
              </extensions>
      </trkpt>
      <trkpt lat="22.678989674896002" lon="113.89006638899446">
              <ele>51.4</ele>
              <time>2026-08-15T07:23:06Z</time>
              <extensions>
                <gpxtpx:TrackPointExtension>
                  <gpxtpx:hr>138</gpxtpx:hr>
                </gpxtpx:TrackPointExtension>
              </extensions>
      </trkpt>
      <trkpt lat="22.679899781942368" lon="113.89012430794537">
              <ele>50.2</ele>
              <time>2026-08-15T07:23:23Z</time>
              <extensions>
                <gpxtpx:TrackPointExtension>
                  <gpxtpx:hr>144</gpxtpx:hr>
                </gpxtpx:TrackPointExtension>
              </extensions>
      </trkpt>
      <trkpt lat="22.680538399145007" lon="113.89015439897776">
              <ele>49.4</ele>
              <time>2026-08-15T07:23:33Z</time>
              <extensions>
                <gpxtpx:TrackPointExtension>
                  <gpxtpx:hr>143</gpxtpx:hr>
                </gpxtpx:TrackPointExtension>
              </extensions>
      </trkpt>
      <trkpt lat="22.681165114045143" lon="113.89009119942784">
              <ele>48.6</ele>
              <time>2026-08-15T07:23:42Z</time>
              <extensions>
                <gpxtpx:TrackPointExtension>
                  <gpxtpx:hr>143</gpxtpx:hr>
                </gpxtpx:TrackPointExtension>
              </extensions>
      </trkpt>
      <trkpt lat="22.682039514183998" lon="113.89040610753">
              <ele>47.8</ele>
              <time>2026-08-15T07:23:59Z</time>
              <extensions>
                <gpxtpx:TrackPointExtension>
                  <gpxtpx:hr>149</gpxtpx:hr>
                </gpxtpx:TrackPointExtension>
              </extensions>
      </trkpt>
      <trkpt lat="22.682723058387637" lon="113.89074901118875">
              <ele>46.4</ele>
              <time>2026-08-15T07:24:10Z</time>
              <extensions>
                <gpxtpx:TrackPointExtension>
                  <gpxtpx:hr>146</gpxtpx:hr>
                </gpxtpx:TrackPointExtension>
              </extensions>
      </trkpt>
      <trkpt lat="22.683512466028333" lon="113.8911693636328">
              <ele>47</ele>
              <time>2026-08-15T07:24:25Z</time>
              <extensions>
                <gpxtpx:TrackPointExtension>
                  <gpxtpx:hr>147</gpxtpx:hr>
                </gpxtpx:TrackPointExtension>
              </extensions>
      </trkpt>
      <trkpt lat="22.68398973159492" lon="113.89143968001008">
              <ele>50.8</ele>
              <time>2026-08-15T07:24:41Z</time>
              <extensions>
                <gpxtpx:TrackPointExtension>
                  <gpxtpx:hr>150</gpxtpx:hr>
                </gpxtpx:TrackPointExtension>
              </extensions>
      </trkpt>
      <trkpt lat="22.684313524514437" lon="113.89148410409689">
              <ele>52.8</ele>
              <time>2026-08-15T07:24:54Z</time>
              <extensions>
                <gpxtpx:TrackPointExtension>
                  <gpxtpx:hr>146</gpxtpx:hr>
                </gpxtpx:TrackPointExtension>
              </extensions>
      </trkpt>
      <trkpt lat="22.684708731248975" lon="113.8913543522358">
              <ele>54.4</ele>
              <time>2026-08-15T07:25:09Z</time>
              <extensions>
                <gpxtpx:TrackPointExtension>
                  <gpxtpx:hr>144</gpxtpx:hr>
                </gpxtpx:TrackPointExtension>
              </extensions>
      </trkpt>
      <trkpt lat="22.68518876284361" lon="113.89123482629657">
              <ele>55.2</ele>
              <time>2026-08-15T07:25:24Z</time>
              <extensions>
                <gpxtpx:TrackPointExtension>
                  <gpxtpx:hr>143</gpxtpx:hr>
                </gpxtpx:TrackPointExtension>
              </extensions>
      </trkpt>
      <trkpt lat="22.68573509529233" lon="113.89119291678071">
              <ele>56.4</ele>
              <time>2026-08-15T07:25:39Z</time>
              <extensions>
                <gpxtpx:TrackPointExtension>
                  <gpxtpx:hr>142</gpxtpx:hr>
                </gpxtpx:TrackPointExtension>
              </extensions>
      </trkpt>
      <trkpt lat="22.686355272307992" lon="113.89132652431726">
              <ele>57.8</ele>
              <time>2026-08-15T07:25:55Z</time>
              <extensions>
                <gpxtpx:TrackPointExtension>
                  <gpxtpx:hr>144</gpxtpx:hr>
                </gpxtpx:TrackPointExtension>
              </extensions>
      </trkpt>
      <trkpt lat="22.686960697174072" lon="113.89146792702377">
              <ele>57.8</ele>
              <time>2026-08-15T07:26:10Z</time>
              <extensions>
                <gpxtpx:TrackPointExtension>
                  <gpxtpx:hr>140</gpxtpx:hr>
                </gpxtpx:TrackPointExtension>
              </extensions>
      </trkpt>
      <trkpt lat="22.687614234164357" lon="113.8916514068842">
              <ele>57.4</ele>
              <time>2026-08-15T07:26:24Z</time>
              <extensions>
                <gpxtpx:TrackPointExtension>
                  <gpxtpx:hr>140</gpxtpx:hr>
                </gpxtpx:TrackPointExtension>
              </extensions>
      </trkpt>
      <trkpt lat="22.688500117510557" lon="113.89193555340171">
              <ele>57</ele>
              <time>2026-08-15T07:26:38Z</time>
              <extensions>
                <gpxtpx:TrackPointExtension>
                  <gpxtpx:hr>140</gpxtpx:hr>
                </gpxtpx:TrackPointExtension>
              </extensions>
      </trkpt>
      <trkpt lat="22.689424976706505" lon="113.89189817011356">
              <ele>54.8</ele>
              <time>2026-08-15T07:26:54Z</time>
              <extensions>
                <gpxtpx:TrackPointExtension>
                  <gpxtpx:hr>145</gpxtpx:hr>
                </gpxtpx:TrackPointExtension>
              </extensions>
      </trkpt>
      <trkpt lat="22.690443629398942" lon="113.89194862917066">
              <ele>52.8</ele>
              <time>2026-08-15T07:27:09Z</time>
              <extensions>
                <gpxtpx:TrackPointExtension>
                  <gpxtpx:hr>143</gpxtpx:hr>
                </gpxtpx:TrackPointExtension>
              </extensions>
      </trkpt>
      <trkpt lat="22.691370332613587" lon="113.89191979542375">
              <ele>51</ele>
              <time>2026-08-15T07:27:22Z</time>
              <extensions>
                <gpxtpx:TrackPointExtension>
                  <gpxtpx:hr>145</gpxtpx:hr>
                </gpxtpx:TrackPointExtension>
              </extensions>
      </trkpt>
      <trkpt lat="22.692399378865957" lon="113.89184511266649">
              <ele>48.2</ele>
              <time>2026-08-15T07:27:37Z</time>
              <extensions>
                <gpxtpx:TrackPointExtension>
                  <gpxtpx:hr>146</gpxtpx:hr>
                </gpxtpx:TrackPointExtension>
              </extensions>
      </trkpt>
      <trkpt lat="22.69279718399048" lon="113.8916580285877">
              <ele>47.2</ele>
              <time>2026-08-15T07:27:42Z</time>
              <extensions>
                <gpxtpx:TrackPointExtension>
                  <gpxtpx:hr>144</gpxtpx:hr>
                </gpxtpx:TrackPointExtension>
              </extensions>
      </trkpt>
      <trkpt lat="22.69293012097478" lon="113.89149156399071">
              <ele>46.6</ele>
              <time>2026-08-15T07:27:45Z</time>
              <extensions>
                <gpxtpx:TrackPointExtension>
                  <gpxtpx:hr>144</gpxtpx:hr>
                </gpxtpx:TrackPointExtension>
              </extensions>
      </trkpt>
      <trkpt lat="22.692828280851245" lon="113.89109040610492">
              <ele>46.6</ele>
              <time>2026-08-15T07:27:52Z</time>
              <extensions>
                <gpxtpx:TrackPointExtension>
                  <gpxtpx:hr>144</gpxtpx:hr>
                </gpxtpx:TrackPointExtension>
              </extensions>
      </trkpt>
      <trkpt lat="22.69256751984358" lon="113.89075898565352">
              <ele>48</ele>
              <time>2026-08-15T07:28:05Z</time>
              <extensions>
                <gpxtpx:TrackPointExtension>
                  <gpxtpx:hr>147</gpxtpx:hr>
                </gpxtpx:TrackPointExtension>
              </extensions>
      </trkpt>
      <trkpt lat="22.69224272109568" lon="113.89042966067791">
              <ele>49.2</ele>
              <time>2026-08-15T07:28:20Z</time>
              <extensions>
                <gpxtpx:TrackPointExtension>
                  <gpxtpx:hr>145</gpxtpx:hr>
                </gpxtpx:TrackPointExtension>
              </extensions>
      </trkpt>
      <trkpt lat="22.691866792738438" lon="113.8900831528008">
              <ele>49.8</ele>
              <time>2026-08-15T07:28:33Z</time>
              <extensions>
                <gpxtpx:TrackPointExtension>
                  <gpxtpx:hr>143</gpxtpx:hr>
                </gpxtpx:TrackPointExtension>
              </extensions>
      </trkpt>
      <trkpt lat="22.691392712295055" lon="113.88984016142786">
              <ele>51.4</ele>
              <time>2026-08-15T07:28:50Z</time>
              <extensions>
                <gpxtpx:TrackPointExtension>
                  <gpxtpx:hr>144</gpxtpx:hr>
                </gpxtpx:TrackPointExtension>
              </extensions>
      </trkpt>
      <trkpt lat="22.69111049361527" lon="113.88950387947261">
              <ele>50.4</ele>
              <time>2026-08-15T07:29:00Z</time>
              <extensions>
                <gpxtpx:TrackPointExtension>
                  <gpxtpx:hr>140</gpxtpx:hr>
                </gpxtpx:TrackPointExtension>
              </extensions>
      </trkpt>
      <trkpt lat="22.690784772858024" lon="113.88944671489298">
              <ele>51.8</ele>
              <time>2026-08-15T07:29:10Z</time>
              <extensions>
                <gpxtpx:TrackPointExtension>
                  <gpxtpx:hr>139</gpxtpx:hr>
                </gpxtpx:TrackPointExtension>
              </extensions>
      </trkpt>
      <trkpt lat="22.69081779755652" lon="113.88913566246629">
              <ele>52.6</ele>
              <time>2026-08-15T07:29:20Z</time>
              <extensions>
                <gpxtpx:TrackPointExtension>
                  <gpxtpx:hr>138</gpxtpx:hr>
                </gpxtpx:TrackPointExtension>
              </extensions>
      </trkpt>
      <trkpt lat="22.691028099507093" lon="113.8885740749538">
              <ele>53.2</ele>
              <time>2026-08-15T07:29:35Z</time>
              <extensions>
                <gpxtpx:TrackPointExtension>
                  <gpxtpx:hr>137</gpxtpx:hr>
                </gpxtpx:TrackPointExtension>
              </extensions>
      </trkpt>
      <trkpt lat="22.69111351110041" lon="113.88804358430207">
              <ele>54.8</ele>
              <time>2026-08-15T07:29:52Z</time>
              <extensions>
                <gpxtpx:TrackPointExtension>
                  <gpxtpx:hr>139</gpxtpx:hr>
                </gpxtpx:TrackPointExtension>
              </extensions>
      </trkpt>
      <trkpt lat="22.691124826669693" lon="113.88766455464065">
              <ele>57.4</ele>
              <time>2026-08-15T07:30:07Z</time>
              <extensions>
                <gpxtpx:TrackPointExtension>
                  <gpxtpx:hr>136</gpxtpx:hr>
                </gpxtpx:TrackPointExtension>
              </extensions>
      </trkpt>
      <trkpt lat="22.691052993759513" lon="113.8875137642026">
              <ele>58.4</ele>
              <time>2026-08-15T07:30:21Z</time>
              <extensions>
                <gpxtpx:TrackPointExtension>
                  <gpxtpx:hr>135</gpxtpx:hr>
                </gpxtpx:TrackPointExtension>
              </extensions>
      </trkpt>
      <trkpt lat="22.6908515766263" lon="113.88742625713348">
              <ele>60.4</ele>
              <time>2026-08-15T07:30:38Z</time>
              <extensions>
                <gpxtpx:TrackPointExtension>
                  <gpxtpx:hr>138</gpxtpx:hr>
                </gpxtpx:TrackPointExtension>
              </extensions>
      </trkpt>
      <trkpt lat="22.690687123686075" lon="113.88736909255385">
              <ele>62.6</ele>
              <time>2026-08-15T07:30:53Z</time>
              <extensions>
                <gpxtpx:TrackPointExtension>
                  <gpxtpx:hr>134</gpxtpx:hr>
                </gpxtpx:TrackPointExtension>
              </extensions>
      </trkpt>
      <trkpt lat="22.690605400130153" lon="113.88723305426538">
              <ele>63.8</ele>
              <time>2026-08-15T07:31:09Z</time>
              <extensions>
                <gpxtpx:TrackPointExtension>
                  <gpxtpx:hr>137</gpxtpx:hr>
                </gpxtpx:TrackPointExtension>
              </extensions>
      </trkpt>
      <trkpt lat="22.690754011273384" lon="113.88709810562432">
              <ele>64.8</ele>
              <time>2026-08-15T07:31:25Z</time>
              <extensions>
                <gpxtpx:TrackPointExtension>
                  <gpxtpx:hr>136</gpxtpx:hr>
                </gpxtpx:TrackPointExtension>
              </extensions>
      </trkpt>
      <trkpt lat="22.691209567710757" lon="113.88710506260395">
              <ele>64.8</ele>
              <time>2026-08-15T07:31:45Z</time>
              <extensions>
                <gpxtpx:TrackPointExtension>
                  <gpxtpx:hr>135</gpxtpx:hr>
                </gpxtpx:TrackPointExtension>
              </extensions>
      </trkpt>
      <trkpt lat="22.69176629371941" lon="113.88727705925703">
              <ele>64.8</ele>
              <time>2026-08-15T07:32:00Z</time>
              <extensions>
                <gpxtpx:TrackPointExtension>
                  <gpxtpx:hr>132</gpxtpx:hr>
                </gpxtpx:TrackPointExtension>
              </extensions>
      </trkpt>
      <trkpt lat="22.692226711660624" lon="113.88755232095718">
              <ele>65</ele>
              <time>2026-08-15T07:32:17Z</time>
              <extensions>
                <gpxtpx:TrackPointExtension>
                  <gpxtpx:hr>134</gpxtpx:hr>
                </gpxtpx:TrackPointExtension>
              </extensions>
      </trkpt>
      <trkpt lat="22.692505661398172" lon="113.88780796900392">
              <ele>65.4</ele>
              <time>2026-08-15T07:32:31Z</time>
              <extensions>
                <gpxtpx:TrackPointExtension>
                  <gpxtpx:hr>132</gpxtpx:hr>
                </gpxtpx:TrackPointExtension>
              </extensions>
      </trkpt>
      <trkpt lat="22.692981082946062" lon="113.88801399618387">
              <ele>66.4</ele>
              <time>2026-08-15T07:32:45Z</time>
              <extensions>
                <gpxtpx:TrackPointExtension>
                  <gpxtpx:hr>132</gpxtpx:hr>
                </gpxtpx:TrackPointExtension>
              </extensions>
      </trkpt>
      <trkpt lat="22.693483913317323" lon="113.88816897757351">
              <ele>67</ele>
              <time>2026-08-15T07:33:00Z</time>
              <extensions>
                <gpxtpx:TrackPointExtension>
                  <gpxtpx:hr>133</gpxtpx:hr>
                </gpxtpx:TrackPointExtension>
              </extensions>
      </trkpt>
      <trkpt lat="22.694097300991416" lon="113.88833343051374">
              <ele>68.2</ele>
              <time>2026-08-15T07:33:15Z</time>
              <extensions>
                <gpxtpx:TrackPointExtension>
                  <gpxtpx:hr>133</gpxtpx:hr>
                </gpxtpx:TrackPointExtension>
              </extensions>
      </trkpt>
      <trkpt lat="22.69467758014798" lon="113.88840182684362">
              <ele>68.8</ele>
              <time>2026-08-15T07:33:32Z</time>
              <extensions>
                <gpxtpx:TrackPointExtension>
                  <gpxtpx:hr>137</gpxtpx:hr>
                </gpxtpx:TrackPointExtension>
              </extensions>
      </trkpt>
      <trkpt lat="22.69502107053995" lon="113.88837181963027">
              <ele>68.8</ele>
              <time>2026-08-15T07:33:44Z</time>
              <extensions>
                <gpxtpx:TrackPointExtension>
                  <gpxtpx:hr>134</gpxtpx:hr>
                </gpxtpx:TrackPointExtension>
              </extensions>
      </trkpt>
      <trkpt lat="22.69517538137734" lon="113.88845982961357">
              <ele>68</ele>
              <time>2026-08-15T07:33:48Z</time>
              <extensions>
                <gpxtpx:TrackPointExtension>
                  <gpxtpx:hr>131</gpxtpx:hr>
                </gpxtpx:TrackPointExtension>
              </extensions>
      </trkpt>
      <trkpt lat="22.69567041657865" lon="113.88935602270067">
              <ele>64.6</ele>
              <time>2026-08-15T07:34:04Z</time>
              <extensions>
                <gpxtpx:TrackPointExtension>
                  <gpxtpx:hr>135</gpxtpx:hr>
                </gpxtpx:TrackPointExtension>
              </extensions>
      </trkpt>
      <trkpt lat="22.696195878088474" lon="113.89035766012967">
              <ele>57.8</ele>
              <time>2026-08-15T07:34:20Z</time>
              <extensions>
                <gpxtpx:TrackPointExtension>
                  <gpxtpx:hr>137</gpxtpx:hr>
                </gpxtpx:TrackPointExtension>
              </extensions>
      </trkpt>
      <trkpt lat="22.69680256024003" lon="113.89139768667519">
              <ele>51.8</ele>
              <time>2026-08-15T07:34:37Z</time>
              <extensions>
                <gpxtpx:TrackPointExtension>
                  <gpxtpx:hr>143</gpxtpx:hr>
                </gpxtpx:TrackPointExtension>
              </extensions>
      </trkpt>
      <trkpt lat="22.697505969554186" lon="113.89246545732021">
              <ele>48</ele>
              <time>2026-08-15T07:34:54Z</time>
              <extensions>
                <gpxtpx:TrackPointExtension>
                  <gpxtpx:hr>145</gpxtpx:hr>
                </gpxtpx:TrackPointExtension>
              </extensions>
      </trkpt>
      <trkpt lat="22.698062611743808" lon="113.89320130459964">
              <ele>47.4</ele>
              <time>2026-08-15T07:35:09Z</time>
              <extensions>
                <gpxtpx:TrackPointExtension>
                  <gpxtpx:hr>144</gpxtpx:hr>
                </gpxtpx:TrackPointExtension>
              </extensions>
      </trkpt>
      <trkpt lat="22.698563933372498" lon="113.89381377026439">
              <ele>48</ele>
              <time>2026-08-15T07:35:26Z</time>
              <extensions>
                <gpxtpx:TrackPointExtension>
                  <gpxtpx:hr>147</gpxtpx:hr>
                </gpxtpx:TrackPointExtension>
              </extensions>
      </trkpt>
      <trkpt lat="22.69905896857381" lon="113.89436680823565">
              <ele>48.8</ele>
              <time>2026-08-15T07:35:41Z</time>
              <extensions>
                <gpxtpx:TrackPointExtension>
                  <gpxtpx:hr>144</gpxtpx:hr>
                </gpxtpx:TrackPointExtension>
              </extensions>
      </trkpt>
      <trkpt lat="22.69951586611569" lon="113.89483720064163">
              <ele>49.4</ele>
              <time>2026-08-15T07:35:58Z</time>
              <extensions>
                <gpxtpx:TrackPointExtension>
                  <gpxtpx:hr>146</gpxtpx:hr>
                </gpxtpx:TrackPointExtension>
              </extensions>
      </trkpt>
      <trkpt lat="22.70003621466458" lon="113.89542535878718">
              <ele>50</ele>
              <time>2026-08-15T07:36:13Z</time>
              <extensions>
                <gpxtpx:TrackPointExtension>
                  <gpxtpx:hr>143</gpxtpx:hr>
                </gpxtpx:TrackPointExtension>
              </extensions>
      </trkpt>
      <trkpt lat="22.700214497745037" lon="113.89579801820219">
              <ele>49.4</ele>
              <time>2026-08-15T07:36:22Z</time>
              <extensions>
                <gpxtpx:TrackPointExtension>
                  <gpxtpx:hr>143</gpxtpx:hr>
                </gpxtpx:TrackPointExtension>
              </extensions>
      </trkpt>
      <trkpt lat="22.70063233561814" lon="113.89620102010667">
              <ele>48.4</ele>
              <time>2026-08-15T07:36:34Z</time>
              <extensions>
                <gpxtpx:TrackPointExtension>
                  <gpxtpx:hr>143</gpxtpx:hr>
                </gpxtpx:TrackPointExtension>
              </extensions>
      </trkpt>
      <trkpt lat="22.70125058479607" lon="113.89676369726658">
              <ele>47.4</ele>
              <time>2026-08-15T07:36:48Z</time>
              <extensions>
                <gpxtpx:TrackPointExtension>
                  <gpxtpx:hr>143</gpxtpx:hr>
                </gpxtpx:TrackPointExtension>
              </extensions>
      </trkpt>
      <trkpt lat="22.70179683342576" lon="113.89758772216737">
              <ele>47.2</ele>
              <time>2026-08-15T07:37:05Z</time>
              <extensions>
                <gpxtpx:TrackPointExtension>
                  <gpxtpx:hr>147</gpxtpx:hr>
                </gpxtpx:TrackPointExtension>
              </extensions>
      </trkpt>
      <trkpt lat="22.70224099047482" lon="113.89816590584815">
              <ele>46.4</ele>
              <time>2026-08-15T07:37:17Z</time>
              <extensions>
                <gpxtpx:TrackPointExtension>
                  <gpxtpx:hr>145</gpxtpx:hr>
                </gpxtpx:TrackPointExtension>
              </extensions>
      </trkpt>
      <trkpt lat="22.703107092529535" lon="113.89885975979269">
              <ele>44.4</ele>
              <time>2026-08-15T07:37:31Z</time>
              <extensions>
                <gpxtpx:TrackPointExtension>
                  <gpxtpx:hr>145</gpxtpx:hr>
                </gpxtpx:TrackPointExtension>
              </extensions>
      </trkpt>
      <trkpt lat="22.70363800227642" lon="113.89898917637765">
              <ele>44.2</ele>
              <time>2026-08-15T07:37:41Z</time>
              <extensions>
                <gpxtpx:TrackPointExtension>
                  <gpxtpx:hr>146</gpxtpx:hr>
                </gpxtpx:TrackPointExtension>
              </extensions>
      </trkpt>
      <trkpt lat="22.70425063557923" lon="113.89884349890053">
              <ele>45.4</ele>
              <time>2026-08-15T07:37:53Z</time>
              <extensions>
                <gpxtpx:TrackPointExtension>
                  <gpxtpx:hr>146</gpxtpx:hr>
                </gpxtpx:TrackPointExtension>
              </extensions>
      </trkpt>
      <trkpt lat="22.704570656642318" lon="113.89885732904077">
              <ele>45.2</ele>
              <time>2026-08-15T07:37:59Z</time>
              <extensions>
                <gpxtpx:TrackPointExtension>
                  <gpxtpx:hr>144</gpxtpx:hr>
                </gpxtpx:TrackPointExtension>
              </extensions>
      </trkpt>
      <trkpt lat="22.7052934281528" lon="113.89927885495126">
              <ele>45.2</ele>
              <time>2026-08-15T07:38:15Z</time>
              <extensions>
                <gpxtpx:TrackPointExtension>
                  <gpxtpx:hr>150</gpxtpx:hr>
                </gpxtpx:TrackPointExtension>
              </extensions>
      </trkpt>
      <trkpt lat="22.705798018723726" lon="113.89944666065276">
              <ele>45.2</ele>
              <time>2026-08-15T07:38:27Z</time>
              <extensions>
                <gpxtpx:TrackPointExtension>
                  <gpxtpx:hr>146</gpxtpx:hr>
                </gpxtpx:TrackPointExtension>
              </extensions>
      </trkpt>
      <trkpt lat="22.70622960291803" lon="113.89936217106879">
              <ele>45.6</ele>
              <time>2026-08-15T07:38:37Z</time>
              <extensions>
                <gpxtpx:TrackPointExtension>
                  <gpxtpx:hr>146</gpxtpx:hr>
                </gpxtpx:TrackPointExtension>
              </extensions>
      </trkpt>
      <trkpt lat="22.70655306056142" lon="113.89927550219">
              <ele>46</ele>
              <time>2026-08-15T07:38:48Z</time>
              <extensions>
                <gpxtpx:TrackPointExtension>
                  <gpxtpx:hr>145</gpxtpx:hr>
                </gpxtpx:TrackPointExtension>
              </extensions>
      </trkpt>
      <trkpt lat="22.707259068265557" lon="113.89908372424543">
              <ele>46</ele>
              <time>2026-08-15T07:39:05Z</time>
              <extensions>
                <gpxtpx:TrackPointExtension>
                  <gpxtpx:hr>147</gpxtpx:hr>
                </gpxtpx:TrackPointExtension>
              </extensions>
      </trkpt>
      <trkpt lat="22.707712529227138" lon="113.8990543037653">
              <ele>46.4</ele>
              <time>2026-08-15T07:39:14Z</time>
              <extensions>
                <gpxtpx:TrackPointExtension>
                  <gpxtpx:hr>144</gpxtpx:hr>
                </gpxtpx:TrackPointExtension>
              </extensions>
      </trkpt>
      <trkpt lat="22.708397582173347" lon="113.89923837035894">
              <ele>46.4</ele>
              <time>2026-08-15T07:39:31Z</time>
              <extensions>
                <gpxtpx:TrackPointExtension>
                  <gpxtpx:hr>146</gpxtpx:hr>
                </gpxtpx:TrackPointExtension>
              </extensions>
      </trkpt>
      <trkpt lat="22.708918265998363" lon="113.8994428049773">
              <ele>46</ele>
              <time>2026-08-15T07:39:42Z</time>
              <extensions>
                <gpxtpx:TrackPointExtension>
                  <gpxtpx:hr>143</gpxtpx:hr>
                </gpxtpx:TrackPointExtension>
              </extensions>
      </trkpt>
      <trkpt lat="22.709375666454434" lon="113.90004253014922">
              <ele>42.6</ele>
              <time>2026-08-15T07:39:54Z</time>
              <extensions>
                <gpxtpx:TrackPointExtension>
                  <gpxtpx:hr>143</gpxtpx:hr>
                </gpxtpx:TrackPointExtension>
              </extensions>
      </trkpt>
      <trkpt lat="22.70982359535992" lon="113.9007311873138">
              <ele>37.8</ele>
              <time>2026-08-15T07:40:11Z</time>
              <extensions>
                <gpxtpx:TrackPointExtension>
                  <gpxtpx:hr>147</gpxtpx:hr>
                </gpxtpx:TrackPointExtension>
              </extensions>
      </trkpt>
      <trkpt lat="22.710095839574933" lon="113.90137860551476">
              <ele>35.4</ele>
              <time>2026-08-15T07:40:22Z</time>
              <extensions>
                <gpxtpx:TrackPointExtension>
                  <gpxtpx:hr>143</gpxtpx:hr>
                </gpxtpx:TrackPointExtension>
              </extensions>
      </trkpt>
      <trkpt lat="22.71010749042034" lon="113.90187431126833">
              <ele>34.2</ele>
              <time>2026-08-15T07:40:32Z</time>
              <extensions>
                <gpxtpx:TrackPointExtension>
                  <gpxtpx:hr>143</gpxtpx:hr>
                </gpxtpx:TrackPointExtension>
              </extensions>
      </trkpt>
      <trkpt lat="22.710209162905812" lon="113.90258895233274">
              <ele>33</ele>
              <time>2026-08-15T07:40:47Z</time>
              <extensions>
                <gpxtpx:TrackPointExtension>
                  <gpxtpx:hr>143</gpxtpx:hr>
                </gpxtpx:TrackPointExtension>
              </extensions>
      </trkpt>
      <trkpt lat="22.71032332442701" lon="113.9034456666559">
              <ele>32.4</ele>
              <time>2026-08-15T07:41:02Z</time>
              <extensions>
                <gpxtpx:TrackPointExtension>
                  <gpxtpx:hr>142</gpxtpx:hr>
                </gpxtpx:TrackPointExtension>
              </extensions>
      </trkpt>
      <trkpt lat="22.710444694384933" lon="113.90428151004016">
              <ele>32.4</ele>
              <time>2026-08-15T07:41:19Z</time>
              <extensions>
                <gpxtpx:TrackPointExtension>
                  <gpxtpx:hr>145</gpxtpx:hr>
                </gpxtpx:TrackPointExtension>
              </extensions>
      </trkpt>
      <trkpt lat="22.710452070459723" lon="113.90484502539039">
              <ele>34.4</ele>
              <time>2026-08-15T07:41:32Z</time>
              <extensions>
                <gpxtpx:TrackPointExtension>
                  <gpxtpx:hr>142</gpxtpx:hr>
                </gpxtpx:TrackPointExtension>
              </extensions>
      </trkpt>
      <trkpt lat="22.710265070199966" lon="113.90507334843278">
              <ele>35.8</ele>
              <time>2026-08-15T07:41:44Z</time>
              <extensions>
                <gpxtpx:TrackPointExtension>
                  <gpxtpx:hr>142</gpxtpx:hr>
                </gpxtpx:TrackPointExtension>
              </extensions>
      </trkpt>
      <trkpt lat="22.70995493978262" lon="113.90534819103777">
              <ele>37.6</ele>
              <time>2026-08-15T07:42:00Z</time>
              <extensions>
                <gpxtpx:TrackPointExtension>
                  <gpxtpx:hr>141</gpxtpx:hr>
                </gpxtpx:TrackPointExtension>
              </extensions>
      </trkpt>
      <trkpt lat="22.709650173783302" lon="113.90565941110253">
              <ele>39.4</ele>
              <time>2026-08-15T07:42:15Z</time>
              <extensions>
                <gpxtpx:TrackPointExtension>
                  <gpxtpx:hr>140</gpxtpx:hr>
                </gpxtpx:TrackPointExtension>
              </extensions>
      </trkpt>
      <trkpt lat="22.709405422210693" lon="113.9059183280915">
              <ele>41.2</ele>
              <time>2026-08-15T07:42:32Z</time>
              <extensions>
                <gpxtpx:TrackPointExtension>
                  <gpxtpx:hr>142</gpxtpx:hr>
                </gpxtpx:TrackPointExtension>
              </extensions>
      </trkpt>
      <trkpt lat="22.709176680073142" lon="113.90614497475326">
              <ele>42.6</ele>
              <time>2026-08-15T07:42:47Z</time>
              <extensions>
                <gpxtpx:TrackPointExtension>
                  <gpxtpx:hr>138</gpxtpx:hr>
                </gpxtpx:TrackPointExtension>
              </extensions>
      </trkpt>
      <trkpt lat="22.70893083885312" lon="113.9064281154424">
              <ele>44</ele>
              <time>2026-08-15T07:43:04Z</time>
              <extensions>
                <gpxtpx:TrackPointExtension>
                  <gpxtpx:hr>140</gpxtpx:hr>
                </gpxtpx:TrackPointExtension>
              </extensions>
      </trkpt>
      <trkpt lat="22.7087143342942" lon="113.90670807100832">
              <ele>45</ele>
              <time>2026-08-15T07:43:19Z</time>
              <extensions>
                <gpxtpx:TrackPointExtension>
                  <gpxtpx:hr>136</gpxtpx:hr>
                </gpxtpx:TrackPointExtension>
              </extensions>
      </trkpt>
      <trkpt lat="22.708536386489868" lon="113.90708073042333">
              <ele>45.6</ele>
              <time>2026-08-15T07:43:33Z</time>
              <extensions>
                <gpxtpx:TrackPointExtension>
                  <gpxtpx:hr>135</gpxtpx:hr>
                </gpxtpx:TrackPointExtension>
              </extensions>
      </trkpt>
      <trkpt lat="22.708308063447475" lon="113.9074781164527">
              <ele>46.4</ele>
              <time>2026-08-15T07:43:49Z</time>
              <extensions>
                <gpxtpx:TrackPointExtension>
                  <gpxtpx:hr>135</gpxtpx:hr>
                </gpxtpx:TrackPointExtension>
              </extensions>
      </trkpt>
      <trkpt lat="22.708093486726284" lon="113.90797885134816">
              <ele>47</ele>
              <time>2026-08-15T07:44:03Z</time>
              <extensions>
                <gpxtpx:TrackPointExtension>
                  <gpxtpx:hr>135</gpxtpx:hr>
                </gpxtpx:TrackPointExtension>
              </extensions>
      </trkpt>
      <trkpt lat="22.707874132320285" lon="113.90862895175815">
              <ele>47.2</ele>
              <time>2026-08-15T07:44:20Z</time>
              <extensions>
                <gpxtpx:TrackPointExtension>
                  <gpxtpx:hr>138</gpxtpx:hr>
                </gpxtpx:TrackPointExtension>
              </extensions>
      </trkpt>
      <trkpt lat="22.707663159817457" lon="113.90928693115711">
              <ele>47.2</ele>
              <time>2026-08-15T07:44:35Z</time>
              <extensions>
                <gpxtpx:TrackPointExtension>
                  <gpxtpx:hr>136</gpxtpx:hr>
                </gpxtpx:TrackPointExtension>
              </extensions>
      </trkpt>
      <trkpt lat="22.707409020513296" lon="113.91002705320716">
              <ele>47.4</ele>
              <time>2026-08-15T07:44:52Z</time>
              <extensions>
                <gpxtpx:TrackPointExtension>
                  <gpxtpx:hr>140</gpxtpx:hr>
                </gpxtpx:TrackPointExtension>
              </extensions>
      </trkpt>
      <trkpt lat="22.70714197307825" lon="113.91077010892332">
              <ele>47.4</ele>
              <time>2026-08-15T07:45:07Z</time>
              <extensions>
                <gpxtpx:TrackPointExtension>
                  <gpxtpx:hr>138</gpxtpx:hr>
                </gpxtpx:TrackPointExtension>
              </extensions>
      </trkpt>
      <trkpt lat="22.706815833225846" lon="113.91144066117704">
              <ele>47.4</ele>
              <time>2026-08-15T07:45:24Z</time>
              <extensions>
                <gpxtpx:TrackPointExtension>
                  <gpxtpx:hr>141</gpxtpx:hr>
                </gpxtpx:TrackPointExtension>
              </extensions>
      </trkpt>
      <trkpt lat="22.706418531015515" lon="113.91203116625547">
              <ele>47.6</ele>
              <time>2026-08-15T07:45:39Z</time>
              <extensions>
                <gpxtpx:TrackPointExtension>
                  <gpxtpx:hr>139</gpxtpx:hr>
                </gpxtpx:TrackPointExtension>
              </extensions>
      </trkpt>
      <trkpt lat="22.705900697037578" lon="113.91256777569652">
              <ele>48</ele>
              <time>2026-08-15T07:45:55Z</time>
              <extensions>
                <gpxtpx:TrackPointExtension>
                  <gpxtpx:hr>142</gpxtpx:hr>
                </gpxtpx:TrackPointExtension>
              </extensions>
      </trkpt>
      <trkpt lat="22.70534028299153" lon="113.91297983005643">
              <ele>48.4</ele>
              <time>2026-08-15T07:46:12Z</time>
              <extensions>
                <gpxtpx:TrackPointExtension>
                  <gpxtpx:hr>143</gpxtpx:hr>
                </gpxtpx:TrackPointExtension>
              </extensions>
      </trkpt>
      <trkpt lat="22.704752879217267" lon="113.91329037956893">
              <ele>49</ele>
              <time>2026-08-15T07:46:27Z</time>
              <extensions>
                <gpxtpx:TrackPointExtension>
                  <gpxtpx:hr>139</gpxtpx:hr>
                </gpxtpx:TrackPointExtension>
              </extensions>
      </trkpt>
      <trkpt lat="22.704184418544173" lon="113.91348710283637">
              <ele>49.6</ele>
              <time>2026-08-15T07:46:44Z</time>
              <extensions>
                <gpxtpx:TrackPointExtension>
                  <gpxtpx:hr>142</gpxtpx:hr>
                </gpxtpx:TrackPointExtension>
              </extensions>
      </trkpt>
      <trkpt lat="22.703619226813316" lon="113.91361408866942">
              <ele>50.4</ele>
              <time>2026-08-15T07:46:59Z</time>
              <extensions>
                <gpxtpx:TrackPointExtension>
                  <gpxtpx:hr>139</gpxtpx:hr>
                </gpxtpx:TrackPointExtension>
              </extensions>
      </trkpt>
      <trkpt lat="22.703067865222692" lon="113.91363671980798">
              <ele>50.8</ele>
              <time>2026-08-15T07:47:16Z</time>
              <extensions>
                <gpxtpx:TrackPointExtension>
                  <gpxtpx:hr>141</gpxtpx:hr>
                </gpxtpx:TrackPointExtension>
              </extensions>
      </trkpt>
      <trkpt lat="22.7025961317122" lon="113.9136705826968">
              <ele>51.6</ele>
              <time>2026-08-15T07:47:31Z</time>
              <extensions>
                <gpxtpx:TrackPointExtension>
                  <gpxtpx:hr>137</gpxtpx:hr>
                </gpxtpx:TrackPointExtension>
              </extensions>
      </trkpt>
      <trkpt lat="22.702147364616394" lon="113.9137062896043">
              <ele>51.8</ele>
              <time>2026-08-15T07:47:48Z</time>
              <extensions>
                <gpxtpx:TrackPointExtension>
                  <gpxtpx:hr>139</gpxtpx:hr>
                </gpxtpx:TrackPointExtension>
              </extensions>
      </trkpt>
      <trkpt lat="22.701698429882526" lon="113.91374568454921">
              <ele>52.6</ele>
              <time>2026-08-15T07:48:03Z</time>
              <extensions>
                <gpxtpx:TrackPointExtension>
                  <gpxtpx:hr>135</gpxtpx:hr>
                </gpxtpx:TrackPointExtension>
              </extensions>
      </trkpt>
      <trkpt lat="22.70160128362477" lon="113.91374895349145">
              <ele>52.8</ele>
              <time>2026-08-15T07:48:14Z</time>
              <extensions>
                <gpxtpx:TrackPointExtension>
                  <gpxtpx:hr>134</gpxtpx:hr>
                </gpxtpx:TrackPointExtension>
              </extensions>
      </trkpt>
      <trkpt lat="22.702062875032425" lon="113.91372615471482">
              <ele>52.4</ele>
              <time>2026-08-15T07:50:03Z</time>
              <extensions>
                <gpxtpx:TrackPointExtension>
                  <gpxtpx:hr>131</gpxtpx:hr>
                </gpxtpx:TrackPointExtension>
              </extensions>
      </trkpt>
      <trkpt lat="22.70256645977497" lon="113.91368474811316">
              <ele>51.8</ele>
              <time>2026-08-15T07:50:20Z</time>
              <extensions>
                <gpxtpx:TrackPointExtension>
                  <gpxtpx:hr>131</gpxtpx:hr>
                </gpxtpx:TrackPointExtension>
              </extensions>
      </trkpt>
      <trkpt lat="22.703124275431037" lon="113.91363462433219">
              <ele>51.2</ele>
              <time>2026-08-15T07:50:35Z</time>
              <extensions>
                <gpxtpx:TrackPointExtension>
                  <gpxtpx:hr>128</gpxtpx:hr>
                </gpxtpx:TrackPointExtension>
              </extensions>
      </trkpt>
      <trkpt lat="22.703811256214976" lon="113.91358718276024">
              <ele>50.4</ele>
              <time>2026-08-15T07:50:52Z</time>
              <extensions>
                <gpxtpx:TrackPointExtension>
                  <gpxtpx:hr>133</gpxtpx:hr>
                </gpxtpx:TrackPointExtension>
              </extensions>
      </trkpt>
      <trkpt lat="22.704437468200922" lon="113.91341828741133">
              <ele>49.6</ele>
              <time>2026-08-15T07:51:04Z</time>
              <extensions>
                <gpxtpx:TrackPointExtension>
                  <gpxtpx:hr>131</gpxtpx:hr>
                </gpxtpx:TrackPointExtension>
              </extensions>
      </trkpt>
      <trkpt lat="22.704459512606263" lon="113.91309415921569">
              <ele>49.2</ele>
              <time>2026-08-15T07:51:14Z</time>
              <extensions>
                <gpxtpx:TrackPointExtension>
                  <gpxtpx:hr>131</gpxtpx:hr>
                </gpxtpx:TrackPointExtension>
              </extensions>
      </trkpt>
      <trkpt lat="22.704372005537152" lon="113.9124319050461">
              <ele>49.6</ele>
              <time>2026-08-15T07:51:31Z</time>
              <extensions>
                <gpxtpx:TrackPointExtension>
                  <gpxtpx:hr>136</gpxtpx:hr>
                </gpxtpx:TrackPointExtension>
              </extensions>
      </trkpt>
      <trkpt lat="22.704405365511775" lon="113.91210827976465">
              <ele>49.2</ele>
              <time>2026-08-15T07:51:37Z</time>
              <extensions>
                <gpxtpx:TrackPointExtension>
                  <gpxtpx:hr>131</gpxtpx:hr>
                </gpxtpx:TrackPointExtension>
              </extensions>
      </trkpt>
      <trkpt lat="22.70460342988372" lon="113.91161215491593">
              <ele>47.6</ele>
              <time>2026-08-15T07:51:45Z</time>
              <extensions>
                <gpxtpx:TrackPointExtension>
                  <gpxtpx:hr>133</gpxtpx:hr>
                </gpxtpx:TrackPointExtension>
              </extensions>
      </trkpt>
      <trkpt lat="22.704523215070367" lon="113.91122591681778">
              <ele>46.2</ele>
              <time>2026-08-15T07:51:50Z</time>
              <extensions>
                <gpxtpx:TrackPointExtension>
                  <gpxtpx:hr>134</gpxtpx:hr>
                </gpxtpx:TrackPointExtension>
              </extensions>
      </trkpt>
      <trkpt lat="22.703984258696437" lon="113.91064940951765">
              <ele>45.8</ele>
              <time>2026-08-15T07:52:03Z</time>
              <extensions>
                <gpxtpx:TrackPointExtension>
                  <gpxtpx:hr>139</gpxtpx:hr>
                </gpxtpx:TrackPointExtension>
              </extensions>
      </trkpt>
      <trkpt lat="22.703645629808307" lon="113.91031346283853">
              <ele>46.2</ele>
              <time>2026-08-15T07:52:11Z</time>
              <extensions>
                <gpxtpx:TrackPointExtension>
                  <gpxtpx:hr>137</gpxtpx:hr>
                </gpxtpx:TrackPointExtension>
              </extensions>
      </trkpt>
      <trkpt lat="22.70329250022769" lon="113.9103942643851">
              <ele>48.2</ele>
              <time>2026-08-15T07:52:21Z</time>
              <extensions>
                <gpxtpx:TrackPointExtension>
                  <gpxtpx:hr>141</gpxtpx:hr>
                </gpxtpx:TrackPointExtension>
              </extensions>
      </trkpt>
      <trkpt lat="22.702950183302164" lon="113.9105134550482">
              <ele>49.6</ele>
              <time>2026-08-15T07:52:36Z</time>
              <extensions>
                <gpxtpx:TrackPointExtension>
                  <gpxtpx:hr>141</gpxtpx:hr>
                </gpxtpx:TrackPointExtension>
              </extensions>
      </trkpt>
      <trkpt lat="22.702519772574306" lon="113.91018035821617">
              <ele>47.4</ele>
              <time>2026-08-15T07:52:48Z</time>
              <extensions>
                <gpxtpx:TrackPointExtension>
                  <gpxtpx:hr>141</gpxtpx:hr>
                </gpxtpx:TrackPointExtension>
              </extensions>
      </trkpt>
      <trkpt lat="22.702130768448114" lon="113.90998950228095">
              <ele>47</ele>
              <time>2026-08-15T07:52:57Z</time>
              <extensions>
                <gpxtpx:TrackPointExtension>
                  <gpxtpx:hr>138</gpxtpx:hr>
                </gpxtpx:TrackPointExtension>
              </extensions>
      </trkpt>
      <trkpt lat="22.701668674126267" lon="113.91001682728529">
              <ele>47</ele>
              <time>2026-08-15T07:53:11Z</time>
              <extensions>
                <gpxtpx:TrackPointExtension>
                  <gpxtpx:hr>141</gpxtpx:hr>
                </gpxtpx:TrackPointExtension>
              </extensions>
      </trkpt>
      <trkpt lat="22.70104732364416" lon="113.91010039485991">
              <ele>46.2</ele>
              <time>2026-08-15T07:53:25Z</time>
              <extensions>
                <gpxtpx:TrackPointExtension>
                  <gpxtpx:hr>140</gpxtpx:hr>
                </gpxtpx:TrackPointExtension>
              </extensions>
      </trkpt>
      <trkpt lat="22.70042672753334" lon="113.91014389693737">
              <ele>47</ele>
              <time>2026-08-15T07:53:40Z</time>
              <extensions>
                <gpxtpx:TrackPointExtension>
                  <gpxtpx:hr>140</gpxtpx:hr>
                </gpxtpx:TrackPointExtension>
              </extensions>
      </trkpt>
      <trkpt lat="22.700064461678267" lon="113.9101751614362">
              <ele>46.8</ele>
              <time>2026-08-15T07:53:50Z</time>
              <extensions>
                <gpxtpx:TrackPointExtension>
                  <gpxtpx:hr>140</gpxtpx:hr>
                </gpxtpx:TrackPointExtension>
              </extensions>
      </trkpt>
      <trkpt lat="22.700018612667918" lon="113.90976897440851">
              <ele>46.8</ele>
              <time>2026-08-15T07:53:58Z</time>
              <extensions>
                <gpxtpx:TrackPointExtension>
                  <gpxtpx:hr>137</gpxtpx:hr>
                </gpxtpx:TrackPointExtension>
              </extensions>
      </trkpt>
      <trkpt lat="22.69987553358078" lon="113.90929170884192">
              <ele>46.8</ele>
              <time>2026-08-15T07:54:08Z</time>
              <extensions>
                <gpxtpx:TrackPointExtension>
                  <gpxtpx:hr>140</gpxtpx:hr>
                </gpxtpx:TrackPointExtension>
              </extensions>
      </trkpt>
      <trkpt lat="22.699987683445215" lon="113.90907528810203">
              <ele>46.8</ele>
              <time>2026-08-15T07:54:13Z</time>
              <extensions>
                <gpxtpx:TrackPointExtension>
                  <gpxtpx:hr>137</gpxtpx:hr>
                </gpxtpx:TrackPointExtension>
              </extensions>
      </trkpt>
      <trkpt lat="22.700653122738004" lon="113.9085141196847">
              <ele>46.6</ele>
              <time>2026-08-15T07:54:30Z</time>
              <extensions>
                <gpxtpx:TrackPointExtension>
                  <gpxtpx:hr>143</gpxtpx:hr>
                </gpxtpx:TrackPointExtension>
              </extensions>
      </trkpt>
      <trkpt lat="22.7007810305804" lon="113.9083082601428">
              <ele>46.8</ele>
              <time>2026-08-15T07:54:34Z</time>
              <extensions>
                <gpxtpx:TrackPointExtension>
                  <gpxtpx:hr>137</gpxtpx:hr>
                </gpxtpx:TrackPointExtension>
              </extensions>
      </trkpt>
      <trkpt lat="22.70040317438543" lon="113.90789679251611">
              <ele>47</ele>
              <time>2026-08-15T07:54:44Z</time>
              <extensions>
                <gpxtpx:TrackPointExtension>
                  <gpxtpx:hr>141</gpxtpx:hr>
                </gpxtpx:TrackPointExtension>
              </extensions>
      </trkpt>
      <trkpt lat="22.69988978281617" lon="113.9073689840734">
              <ele>47.2</ele>
              <time>2026-08-15T07:55:01Z</time>
              <extensions>
                <gpxtpx:TrackPointExtension>
                  <gpxtpx:hr>144</gpxtpx:hr>
                </gpxtpx:TrackPointExtension>
              </extensions>
      </trkpt>
      <trkpt lat="22.699326938018203" lon="113.90678468160331">
              <ele>47.2</ele>
              <time>2026-08-15T07:55:16Z</time>
              <extensions>
                <gpxtpx:TrackPointExtension>
                  <gpxtpx:hr>141</gpxtpx:hr>
                </gpxtpx:TrackPointExtension>
              </extensions>
      </trkpt>
      <trkpt lat="22.698961570858955" lon="113.90642878599465">
              <ele>47.2</ele>
              <time>2026-08-15T07:55:27Z</time>
              <extensions>
                <gpxtpx:TrackPointExtension>
                  <gpxtpx:hr>141</gpxtpx:hr>
                </gpxtpx:TrackPointExtension>
              </extensions>
      </trkpt>
      <trkpt lat="22.69876979291439" lon="113.90649860724807">
              <ele>47.2</ele>
              <time>2026-08-15T07:55:33Z</time>
              <extensions>
                <gpxtpx:TrackPointExtension>
                  <gpxtpx:hr>139</gpxtpx:hr>
                </gpxtpx:TrackPointExtension>
              </extensions>
      </trkpt>
      <trkpt lat="22.698204182088375" lon="113.90692918561399">
              <ele>46.6</ele>
              <time>2026-08-15T07:55:46Z</time>
              <extensions>
                <gpxtpx:TrackPointExtension>
                  <gpxtpx:hr>142</gpxtpx:hr>
                </gpxtpx:TrackPointExtension>
              </extensions>
      </trkpt>
      <trkpt lat="22.69759699702263" lon="113.90739069320261">
              <ele>46.2</ele>
              <time>2026-08-15T07:56:01Z</time>
              <extensions>
                <gpxtpx:TrackPointExtension>
                  <gpxtpx:hr>142</gpxtpx:hr>
                </gpxtpx:TrackPointExtension>
              </extensions>
      </trkpt>
      <trkpt lat="22.697131633758545" lon="113.90793794766068">
              <ele>46</ele>
              <time>2026-08-15T07:56:18Z</time>
              <extensions>
                <gpxtpx:TrackPointExtension>
                  <gpxtpx:hr>145</gpxtpx:hr>
                </gpxtpx:TrackPointExtension>
              </extensions>
      </trkpt>
      <trkpt lat="22.696572728455067" lon="113.90849257819355">
              <ele>45.4</ele>
              <time>2026-08-15T07:56:32Z</time>
              <extensions>
                <gpxtpx:TrackPointExtension>
                  <gpxtpx:hr>142</gpxtpx:hr>
                </gpxtpx:TrackPointExtension>
              </extensions>
      </trkpt>
      <trkpt lat="22.696086410433054" lon="113.90878778882325">
              <ele>45.4</ele>
              <time>2026-08-15T07:56:45Z</time>
              <extensions>
                <gpxtpx:TrackPointExtension>
                  <gpxtpx:hr>142</gpxtpx:hr>
                </gpxtpx:TrackPointExtension>
              </extensions>
      </trkpt>
      <trkpt lat="22.69532642327249" lon="113.90897101722658">
              <ele>45.6</ele>
              <time>2026-08-15T07:57:00Z</time>
              <extensions>
                <gpxtpx:TrackPointExtension>
                  <gpxtpx:hr>142</gpxtpx:hr>
                </gpxtpx:TrackPointExtension>
              </extensions>
      </trkpt>
      <trkpt lat="22.694744719192386" lon="113.90919900499284">
              <ele>46</ele>
              <time>2026-08-15T07:57:14Z</time>
              <extensions>
                <gpxtpx:TrackPointExtension>
                  <gpxtpx:hr>143</gpxtpx:hr>
                </gpxtpx:TrackPointExtension>
              </extensions>
      </trkpt>
      <trkpt lat="22.694069305434823" lon="113.90949077904224">
              <ele>46.2</ele>
              <time>2026-08-15T07:57:30Z</time>
              <extensions>
                <gpxtpx:TrackPointExtension>
                  <gpxtpx:hr>146</gpxtpx:hr>
                </gpxtpx:TrackPointExtension>
              </extensions>
      </trkpt>
      <trkpt lat="22.693425491452217" lon="113.90966495499015">
              <ele>47.2</ele>
              <time>2026-08-15T07:57:46Z</time>
              <extensions>
                <gpxtpx:TrackPointExtension>
                  <gpxtpx:hr>146</gpxtpx:hr>
                </gpxtpx:TrackPointExtension>
              </extensions>
      </trkpt>
      <trkpt lat="22.693269168958068" lon="113.9099092874676">
              <ele>47.4</ele>
              <time>2026-08-15T07:57:54Z</time>
              <extensions>
                <gpxtpx:TrackPointExtension>
                  <gpxtpx:hr>140</gpxtpx:hr>
                </gpxtpx:TrackPointExtension>
              </extensions>
      </trkpt>
      <trkpt lat="22.693247376009822" lon="113.91054865904152">
              <ele>47.4</ele>
              <time>2026-08-15T07:58:06Z</time>
              <extensions>
                <gpxtpx:TrackPointExtension>
                  <gpxtpx:hr>142</gpxtpx:hr>
                </gpxtpx:TrackPointExtension>
              </extensions>
      </trkpt>
      <trkpt lat="22.693199682980776" lon="113.91115768812597">
              <ele>47.6</ele>
              <time>2026-08-15T07:58:20Z</time>
              <extensions>
                <gpxtpx:TrackPointExtension>
                  <gpxtpx:hr>142</gpxtpx:hr>
                </gpxtpx:TrackPointExtension>
              </extensions>
      </trkpt>
      <trkpt lat="22.69304151646793" lon="113.91197240911424">
              <ele>46</ele>
              <time>2026-08-15T07:58:37Z</time>
              <extensions>
                <gpxtpx:TrackPointExtension>
                  <gpxtpx:hr>146</gpxtpx:hr>
                </gpxtpx:TrackPointExtension>
              </extensions>
      </trkpt>
      <trkpt lat="22.692924924194813" lon="113.91220307908952">
              <ele>45.4</ele>
              <time>2026-08-15T07:58:42Z</time>
              <extensions>
                <gpxtpx:TrackPointExtension>
                  <gpxtpx:hr>140</gpxtpx:hr>
                </gpxtpx:TrackPointExtension>
              </extensions>
      </trkpt>
      <trkpt lat="22.692236434668303" lon="113.91247825697064">
              <ele>45</ele>
              <time>2026-08-15T07:58:57Z</time>
              <extensions>
                <gpxtpx:TrackPointExtension>
                  <gpxtpx:hr>143</gpxtpx:hr>
                </gpxtpx:TrackPointExtension>
              </extensions>
      </trkpt>
      <trkpt lat="22.691562781110406" lon="113.91248546540737">
              <ele>45.8</ele>
              <time>2026-08-15T07:59:14Z</time>
              <extensions>
                <gpxtpx:TrackPointExtension>
                  <gpxtpx:hr>146</gpxtpx:hr>
                </gpxtpx:TrackPointExtension>
              </extensions>
      </trkpt>
      <trkpt lat="22.691148715093732" lon="113.91233819536865">
              <ele>46</ele>
              <time>2026-08-15T07:59:24Z</time>
              <extensions>
                <gpxtpx:TrackPointExtension>
                  <gpxtpx:hr>143</gpxtpx:hr>
                </gpxtpx:TrackPointExtension>
              </extensions>
      </trkpt>
      <trkpt lat="22.690708581358194" lon="113.91221531666815">
              <ele>46.8</ele>
              <time>2026-08-15T07:59:37Z</time>
              <extensions>
                <gpxtpx:TrackPointExtension>
                  <gpxtpx:hr>142</gpxtpx:hr>
                </gpxtpx:TrackPointExtension>
              </extensions>
      </trkpt>
      <trkpt lat="22.690575560554862" lon="113.91239988617599">
              <ele>47</ele>
              <time>2026-08-15T07:59:44Z</time>
              <extensions>
                <gpxtpx:TrackPointExtension>
                  <gpxtpx:hr>139</gpxtpx:hr>
                </gpxtpx:TrackPointExtension>
              </extensions>
      </trkpt>
      <trkpt lat="22.690427117049694" lon="113.91296817921102">
              <ele>47.2</ele>
              <time>2026-08-15T07:59:56Z</time>
              <extensions>
                <gpxtpx:TrackPointExtension>
                  <gpxtpx:hr>141</gpxtpx:hr>
                </gpxtpx:TrackPointExtension>
              </extensions>
      </trkpt>
      <trkpt lat="22.69002973102033" lon="113.91288125887513">
              <ele>47.6</ele>
              <time>2026-08-15T08:00:06Z</time>
              <extensions>
                <gpxtpx:TrackPointExtension>
                  <gpxtpx:hr>141</gpxtpx:hr>
                </gpxtpx:TrackPointExtension>
              </extensions>
      </trkpt>
      <trkpt lat="22.68940033391118" lon="113.9126877207309">
              <ele>47.2</ele>
              <time>2026-08-15T08:00:23Z</time>
              <extensions>
                <gpxtpx:TrackPointExtension>
                  <gpxtpx:hr>143</gpxtpx:hr>
                </gpxtpx:TrackPointExtension>
              </extensions>
      </trkpt>
      <trkpt lat="22.688998421654105" lon="113.9126655086875">
              <ele>46</ele>
              <time>2026-08-15T08:00:31Z</time>
              <extensions>
                <gpxtpx:TrackPointExtension>
                  <gpxtpx:hr>137</gpxtpx:hr>
                </gpxtpx:TrackPointExtension>
              </extensions>
      </trkpt>
      <trkpt lat="22.68861562013626" lon="113.91298301517963">
              <ele>45.6</ele>
              <time>2026-08-15T08:00:44Z</time>
              <extensions>
                <gpxtpx:TrackPointExtension>
                  <gpxtpx:hr>139</gpxtpx:hr>
                </gpxtpx:TrackPointExtension>
              </extensions>
      </trkpt>
      <trkpt lat="22.688224269077182" lon="113.91356396488845">
              <ele>44.8</ele>
              <time>2026-08-15T08:01:01Z</time>
              <extensions>
                <gpxtpx:TrackPointExtension>
                  <gpxtpx:hr>142</gpxtpx:hr>
                </gpxtpx:TrackPointExtension>
              </extensions>
      </trkpt>
      <trkpt lat="22.687833420932293" lon="113.91422429122031">
              <ele>45.4</ele>
              <time>2026-08-15T08:01:16Z</time>
              <extensions>
                <gpxtpx:TrackPointExtension>
                  <gpxtpx:hr>139</gpxtpx:hr>
                </gpxtpx:TrackPointExtension>
              </extensions>
      </trkpt>
      <trkpt lat="22.687591016292572" lon="113.91473676078022">
              <ele>45.8</ele>
              <time>2026-08-15T08:01:30Z</time>
              <extensions>
                <gpxtpx:TrackPointExtension>
                  <gpxtpx:hr>139</gpxtpx:hr>
                </gpxtpx:TrackPointExtension>
              </extensions>
      </trkpt>
      <trkpt lat="22.68758120946586" lon="113.91531427390873">
              <ele>46</ele>
              <time>2026-08-15T08:01:43Z</time>
              <extensions>
                <gpxtpx:TrackPointExtension>
                  <gpxtpx:hr>138</gpxtpx:hr>
                </gpxtpx:TrackPointExtension>
              </extensions>
      </trkpt>
      <trkpt lat="22.687657987698913" lon="113.915856750682">
              <ele>48.4</ele>
              <time>2026-08-15T08:01:59Z</time>
              <extensions>
                <gpxtpx:TrackPointExtension>
                  <gpxtpx:hr>138</gpxtpx:hr>
                </gpxtpx:TrackPointExtension>
              </extensions>
      </trkpt>
      <trkpt lat="22.687512058764696" lon="113.91616822220385">
              <ele>50.6</ele>
              <time>2026-08-15T08:02:14Z</time>
              <extensions>
                <gpxtpx:TrackPointExtension>
                  <gpxtpx:hr>138</gpxtpx:hr>
                </gpxtpx:TrackPointExtension>
              </extensions>
      </trkpt>
      <trkpt lat="22.687224559485912" lon="113.91651204787195">
              <ele>51.2</ele>
              <time>2026-08-15T08:02:29Z</time>
              <extensions>
                <gpxtpx:TrackPointExtension>
                  <gpxtpx:hr>137</gpxtpx:hr>
                </gpxtpx:TrackPointExtension>
              </extensions>
      </trkpt>
      <trkpt lat="22.68701819702983" lon="113.91684195958078">
              <ele>51.6</ele>
              <time>2026-08-15T08:02:42Z</time>
              <extensions>
                <gpxtpx:TrackPointExtension>
                  <gpxtpx:hr>137</gpxtpx:hr>
                </gpxtpx:TrackPointExtension>
              </extensions>
      </trkpt>
      <trkpt lat="22.687114169821143" lon="113.917096266523">
              <ele>51.6</ele>
              <time>2026-08-15T08:02:49Z</time>
              <extensions>
                <gpxtpx:TrackPointExtension>
                  <gpxtpx:hr>134</gpxtpx:hr>
                </gpxtpx:TrackPointExtension>
              </extensions>
      </trkpt>
      <trkpt lat="22.68723570741713" lon="113.9173161238432">
              <ele>52</ele>
              <time>2026-08-15T08:02:55Z</time>
              <extensions>
                <gpxtpx:TrackPointExtension>
                  <gpxtpx:hr>134</gpxtpx:hr>
                </gpxtpx:TrackPointExtension>
              </extensions>
      </trkpt>
      <trkpt lat="22.687033116817474" lon="113.91767520457506">
              <ele>52.4</ele>
              <time>2026-08-15T08:03:04Z</time>
              <extensions>
                <gpxtpx:TrackPointExtension>
                  <gpxtpx:hr>134</gpxtpx:hr>
                </gpxtpx:TrackPointExtension>
              </extensions>
      </trkpt>
      <trkpt lat="22.686777468770742" lon="113.9183262269944">
              <ele>52.2</ele>
              <time>2026-08-15T08:03:19Z</time>
              <extensions>
                <gpxtpx:TrackPointExtension>
                  <gpxtpx:hr>138</gpxtpx:hr>
                </gpxtpx:TrackPointExtension>
              </extensions>
      </trkpt>
      <trkpt lat="22.686255192384124" lon="113.91860324889421">
              <ele>50.6</ele>
              <time>2026-08-15T08:03:30Z</time>
              <extensions>
                <gpxtpx:TrackPointExtension>
                  <gpxtpx:hr>139</gpxtpx:hr>
                </gpxtpx:TrackPointExtension>
              </extensions>
      </trkpt>
      <trkpt lat="22.685491517186165" lon="113.91927832737565">
              <ele>46.2</ele>
              <time>2026-08-15T08:03:46Z</time>
              <extensions>
                <gpxtpx:TrackPointExtension>
                  <gpxtpx:hr>140</gpxtpx:hr>
                </gpxtpx:TrackPointExtension>
              </extensions>
      </trkpt>
      <trkpt lat="22.684810403734446" lon="113.91978501342237">
              <ele>45.6</ele>
              <time>2026-08-15T08:04:03Z</time>
              <extensions>
                <gpxtpx:TrackPointExtension>
                  <gpxtpx:hr>144</gpxtpx:hr>
                </gpxtpx:TrackPointExtension>
              </extensions>
      </trkpt>
      <trkpt lat="22.68448610790074" lon="113.91994007863104">
              <ele>45.4</ele>
              <time>2026-08-15T08:04:14Z</time>
              <extensions>
                <gpxtpx:TrackPointExtension>
                  <gpxtpx:hr>141</gpxtpx:hr>
                </gpxtpx:TrackPointExtension>
              </extensions>
      </trkpt>
      <trkpt lat="22.6841479819268" lon="113.9196954946965">
              <ele>46</ele>
              <time>2026-08-15T08:04:26Z</time>
              <extensions>
                <gpxtpx:TrackPointExtension>
                  <gpxtpx:hr>140</gpxtpx:hr>
                </gpxtpx:TrackPointExtension>
              </extensions>
      </trkpt>
      <trkpt lat="22.683682031929493" lon="113.91938536427915">
              <ele>46.6</ele>
              <time>2026-08-15T08:04:41Z</time>
              <extensions>
                <gpxtpx:TrackPointExtension>
                  <gpxtpx:hr>140</gpxtpx:hr>
                </gpxtpx:TrackPointExtension>
              </extensions>
      </trkpt>
      <trkpt lat="22.68353576771915" lon="113.91924907453358">
              <ele>46.6</ele>
              <time>2026-08-15T08:04:48Z</time>
              <extensions>
                <gpxtpx:TrackPointExtension>
                  <gpxtpx:hr>136</gpxtpx:hr>
                </gpxtpx:TrackPointExtension>
              </extensions>
      </trkpt>
      <trkpt lat="22.683791164308786" lon="113.91890181228518">
              <ele>45.2</ele>
              <time>2026-08-15T08:04:57Z</time>
              <extensions>
                <gpxtpx:TrackPointExtension>
                  <gpxtpx:hr>136</gpxtpx:hr>
                </gpxtpx:TrackPointExtension>
              </extensions>
      </trkpt>
      <trkpt lat="22.684086123481393" lon="113.91836277209222">
              <ele>45</ele>
              <time>2026-08-15T08:05:11Z</time>
              <extensions>
                <gpxtpx:TrackPointExtension>
                  <gpxtpx:hr>139</gpxtpx:hr>
                </gpxtpx:TrackPointExtension>
              </extensions>
      </trkpt>
      <trkpt lat="22.684153513982892" lon="113.9177788887173">
              <ele>44.8</ele>
              <time>2026-08-15T08:05:22Z</time>
              <extensions>
                <gpxtpx:TrackPointExtension>
                  <gpxtpx:hr>139</gpxtpx:hr>
                </gpxtpx:TrackPointExtension>
              </extensions>
      </trkpt>
      <trkpt lat="22.6842981018126" lon="113.91702451743186">
              <ele>45</ele>
              <time>2026-08-15T08:05:39Z</time>
              <extensions>
                <gpxtpx:TrackPointExtension>
                  <gpxtpx:hr>142</gpxtpx:hr>
                </gpxtpx:TrackPointExtension>
              </extensions>
      </trkpt>
      <trkpt lat="22.684437995776534" lon="113.91625438816845">
              <ele>45</ele>
              <time>2026-08-15T08:05:54Z</time>
              <extensions>
                <gpxtpx:TrackPointExtension>
                  <gpxtpx:hr>139</gpxtpx:hr>
                </gpxtpx:TrackPointExtension>
              </extensions>
      </trkpt>
      <trkpt lat="22.68466606736183" lon="113.91544662415981">
              <ele>43.8</ele>
              <time>2026-08-15T08:06:10Z</time>
              <extensions>
                <gpxtpx:TrackPointExtension>
                  <gpxtpx:hr>139</gpxtpx:hr>
                </gpxtpx:TrackPointExtension>
              </extensions>
      </trkpt>
      <trkpt lat="22.684609657153487" lon="113.9152121823281">
              <ele>43.4</ele>
              <time>2026-08-15T08:06:16Z</time>
              <extensions>
                <gpxtpx:TrackPointExtension>
                  <gpxtpx:hr>136</gpxtpx:hr>
                </gpxtpx:TrackPointExtension>
              </extensions>
      </trkpt>
      <trkpt lat="22.68434101715684" lon="113.91516306437552">
              <ele>43.6</ele>
              <time>2026-08-15T08:06:22Z</time>
              <extensions>
                <gpxtpx:TrackPointExtension>
                  <gpxtpx:hr>136</gpxtpx:hr>
                </gpxtpx:TrackPointExtension>
              </extensions>
      </trkpt>
      <trkpt lat="22.683878084644675" lon="113.91516054980457">
              <ele>44</ele>
              <time>2026-08-15T08:06:33Z</time>
              <extensions>
                <gpxtpx:TrackPointExtension>
                  <gpxtpx:hr>139</gpxtpx:hr>
                </gpxtpx:TrackPointExtension>
              </extensions>
      </trkpt>
      <trkpt lat="22.683313312008977" lon="113.91503817401826">
              <ele>44.2</ele>
              <time>2026-08-15T08:06:48Z</time>
              <extensions>
                <gpxtpx:TrackPointExtension>
                  <gpxtpx:hr>138</gpxtpx:hr>
                </gpxtpx:TrackPointExtension>
              </extensions>
      </trkpt>
      <trkpt lat="22.682697409763932" lon="113.91496952623129">
              <ele>44.6</ele>
              <time>2026-08-15T08:07:04Z</time>
              <extensions>
                <gpxtpx:TrackPointExtension>
                  <gpxtpx:hr>138</gpxtpx:hr>
                </gpxtpx:TrackPointExtension>
              </extensions>
      </trkpt>
      <trkpt lat="22.682060468941927" lon="113.91481085680425">
              <ele>44.4</ele>
              <time>2026-08-15T08:07:20Z</time>
              <extensions>
                <gpxtpx:TrackPointExtension>
                  <gpxtpx:hr>140</gpxtpx:hr>
                </gpxtpx:TrackPointExtension>
              </extensions>
      </trkpt>
      <trkpt lat="22.68163500353694" lon="113.91466467641294">
              <ele>44.6</ele>
              <time>2026-08-15T08:07:33Z</time>
              <extensions>
                <gpxtpx:TrackPointExtension>
                  <gpxtpx:hr>137</gpxtpx:hr>
                </gpxtpx:TrackPointExtension>
              </extensions>
      </trkpt>
      <trkpt lat="22.681471472606063" lon="113.91488830558956">
              <ele>44.8</ele>
              <time>2026-08-15T08:07:40Z</time>
              <extensions>
                <gpxtpx:TrackPointExtension>
                  <gpxtpx:hr>134</gpxtpx:hr>
                </gpxtpx:TrackPointExtension>
              </extensions>
      </trkpt>
      <trkpt lat="22.68141120672226" lon="113.9149827696383">
              <ele>45.4</ele>
              <time>2026-08-15T08:14:41Z</time>
              <extensions>
                <gpxtpx:TrackPointExtension>
                  <gpxtpx:hr>133</gpxtpx:hr>
                </gpxtpx:TrackPointExtension>
              </extensions>
      </trkpt>
      <trkpt lat="22.681324537843466" lon="113.9152935706079">
              <ele>45.4</ele>
              <time>2026-08-15T08:14:58Z</time>
              <extensions>
                <gpxtpx:TrackPointExtension>
                  <gpxtpx:hr>132</gpxtpx:hr>
                </gpxtpx:TrackPointExtension>
              </extensions>
      </trkpt>
      <trkpt lat="22.68108431249857" lon="113.91556556336582">
              <ele>45.4</ele>
              <time>2026-08-15T08:15:10Z</time>
              <extensions>
                <gpxtpx:TrackPointExtension>
                  <gpxtpx:hr>129</gpxtpx:hr>
                </gpxtpx:TrackPointExtension>
              </extensions>
      </trkpt>
      <trkpt lat="22.680956572294235" lon="113.9161757659167">
              <ele>45.4</ele>
              <time>2026-08-15T08:15:27Z</time>
              <extensions>
                <gpxtpx:TrackPointExtension>
                  <gpxtpx:hr>133</gpxtpx:hr>
                </gpxtpx:TrackPointExtension>
              </extensions>
      </trkpt>
      <trkpt lat="22.680799830704927" lon="113.91655119135976">
              <ele>45.4</ele>
              <time>2026-08-15T08:15:37Z</time>
              <extensions>
                <gpxtpx:TrackPointExtension>
                  <gpxtpx:hr>130</gpxtpx:hr>
                </gpxtpx:TrackPointExtension>
              </extensions>
      </trkpt>
      <trkpt lat="22.68040127120912" lon="113.91656175255775">
              <ele>46</ele>
              <time>2026-08-15T08:15:48Z</time>
              <extensions>
                <gpxtpx:TrackPointExtension>
                  <gpxtpx:hr>131</gpxtpx:hr>
                </gpxtpx:TrackPointExtension>
              </extensions>
      </trkpt>
      <trkpt lat="22.67991595901549" lon="113.91648195683956">
              <ele>46.6</ele>
              <time>2026-08-15T08:16:02Z</time>
              <extensions>
                <gpxtpx:TrackPointExtension>
                  <gpxtpx:hr>132</gpxtpx:hr>
                </gpxtpx:TrackPointExtension>
              </extensions>
      </trkpt>
      <trkpt lat="22.679517902433872" lon="113.91665135510266">
              <ele>47</ele>
              <time>2026-08-15T08:16:11Z</time>
              <extensions>
                <gpxtpx:TrackPointExtension>
                  <gpxtpx:hr>130</gpxtpx:hr>
                </gpxtpx:TrackPointExtension>
              </extensions>
      </trkpt>
      <trkpt lat="22.679443638771772" lon="113.91656560823321">
              <ele>47.8</ele>
              <time>2026-08-15T08:16:15Z</time>
              <extensions>
                <gpxtpx:TrackPointExtension>
                  <gpxtpx:hr>130</gpxtpx:hr>
                </gpxtpx:TrackPointExtension>
              </extensions>
      </trkpt>
      <trkpt lat="22.679624604061246" lon="113.91636016778648">
              <ele>49</ele>
              <time>2026-08-15T08:16:23Z</time>
              <extensions>
                <gpxtpx:TrackPointExtension>
                  <gpxtpx:hr>130</gpxtpx:hr>
                </gpxtpx:TrackPointExtension>
              </extensions>
      </trkpt>
      <trkpt lat="22.67985929735005" lon="113.91595020890236">
              <ele>51.6</ele>
              <time>2026-08-15T08:16:39Z</time>
              <extensions>
                <gpxtpx:TrackPointExtension>
                  <gpxtpx:hr>134</gpxtpx:hr>
                </gpxtpx:TrackPointExtension>
              </extensions>
      </trkpt>
      <trkpt lat="22.6799395121634" lon="113.91575222834945">
              <ele>53.6</ele>
              <time>2026-08-15T08:16:59Z</time>
              <extensions>
                <gpxtpx:TrackPointExtension>
                  <gpxtpx:hr>137</gpxtpx:hr>
                </gpxtpx:TrackPointExtension>
              </extensions>
      </trkpt>
      <trkpt lat="22.679803390055895" lon="113.91563362441957">
              <ele>55.4</ele>
              <time>2026-08-15T08:17:12Z</time>
              <extensions>
                <gpxtpx:TrackPointExtension>
                  <gpxtpx:hr>135</gpxtpx:hr>
                </gpxtpx:TrackPointExtension>
              </extensions>
      </trkpt>
      <trkpt lat="22.67964966595173" lon="113.91554930247366">
              <ele>57</ele>
              <time>2026-08-15T08:17:23Z</time>
              <extensions>
                <gpxtpx:TrackPointExtension>
                  <gpxtpx:hr>135</gpxtpx:hr>
                </gpxtpx:TrackPointExtension>
              </extensions>
      </trkpt>
      <trkpt lat="22.679648576304317" lon="113.91537462361157">
              <ele>59</ele>
              <time>2026-08-15T08:17:38Z</time>
              <extensions>
                <gpxtpx:TrackPointExtension>
                  <gpxtpx:hr>135</gpxtpx:hr>
                </gpxtpx:TrackPointExtension>
              </extensions>
      </trkpt>
      <trkpt lat="22.67981152050197" lon="113.91529759392142">
              <ele>60.6</ele>
              <time>2026-08-15T08:17:51Z</time>
              <extensions>
                <gpxtpx:TrackPointExtension>
                  <gpxtpx:hr>135</gpxtpx:hr>
                </gpxtpx:TrackPointExtension>
              </extensions>
      </trkpt>
      <trkpt lat="22.680069180205464" lon="113.91526297666132">
              <ele>62.2</ele>
              <time>2026-08-15T08:18:07Z</time>
              <extensions>
                <gpxtpx:TrackPointExtension>
                  <gpxtpx:hr>139</gpxtpx:hr>
                </gpxtpx:TrackPointExtension>
              </extensions>
      </trkpt>
      <trkpt lat="22.68026338890195" lon="113.91512266360223">
              <ele>62.8</ele>
              <time>2026-08-15T08:18:17Z</time>
              <extensions>
                <gpxtpx:TrackPointExtension>
                  <gpxtpx:hr>135</gpxtpx:hr>
                </gpxtpx:TrackPointExtension>
              </extensions>
      </trkpt>
      <trkpt lat="22.680220725014806" lon="113.91475846990943">
              <ele>63.2</ele>
              <time>2026-08-15T08:18:27Z</time>
              <extensions>
                <gpxtpx:TrackPointExtension>
                  <gpxtpx:hr>135</gpxtpx:hr>
                </gpxtpx:TrackPointExtension>
              </extensions>
      </trkpt>
      <trkpt lat="22.67993758432567" lon="113.91436150297523">
              <ele>63</ele>
              <time>2026-08-15T08:18:40Z</time>
              <extensions>
                <gpxtpx:TrackPointExtension>
                  <gpxtpx:hr>134</gpxtpx:hr>
                </gpxtpx:TrackPointExtension>
              </extensions>
      </trkpt>
      <trkpt lat="22.67962820827961" lon="113.91412932425737">
              <ele>61.2</ele>
              <time>2026-08-15T08:18:50Z</time>
              <extensions>
                <gpxtpx:TrackPointExtension>
                  <gpxtpx:hr>134</gpxtpx:hr>
                </gpxtpx:TrackPointExtension>
              </extensions>
      </trkpt>
      <trkpt lat="22.679661735892296" lon="113.91398582607508">
              <ele>59.8</ele>
              <time>2026-08-15T08:18:54Z</time>
              <extensions>
                <gpxtpx:TrackPointExtension>
                  <gpxtpx:hr>131</gpxtpx:hr>
                </gpxtpx:TrackPointExtension>
              </extensions>
      </trkpt>
      <trkpt lat="22.680161464959383" lon="113.91386856324971">
              <ele>55.8</ele>
              <time>2026-08-15T08:19:04Z</time>
              <extensions>
                <gpxtpx:TrackPointExtension>
                  <gpxtpx:hr>134</gpxtpx:hr>
                </gpxtpx:TrackPointExtension>
              </extensions>
      </trkpt>
      <trkpt lat="22.680410407483578" lon="113.91378181055188">
              <ele>53.6</ele>
              <time>2026-08-15T08:19:10Z</time>
              <extensions>
                <gpxtpx:TrackPointExtension>
                  <gpxtpx:hr>131</gpxtpx:hr>
                </gpxtpx:TrackPointExtension>
              </extensions>
      </trkpt>
      <trkpt lat="22.68042230978608" lon="113.91359916888177">
              <ele>52.2</ele>
              <time>2026-08-15T08:19:14Z</time>
              <extensions>
                <gpxtpx:TrackPointExtension>
                  <gpxtpx:hr>131</gpxtpx:hr>
                </gpxtpx:TrackPointExtension>
              </extensions>
      </trkpt>
      <trkpt lat="22.680094158276916" lon="113.9129263535142">
              <ele>48</ele>
              <time>2026-08-15T08:19:25Z</time>
              <extensions>
                <gpxtpx:TrackPointExtension>
                  <gpxtpx:hr>135</gpxtpx:hr>
                </gpxtpx:TrackPointExtension>
              </extensions>
      </trkpt>
      <trkpt lat="22.68009047023952" lon="113.91211959533393">
              <ele>49.2</ele>
              <time>2026-08-15T08:19:37Z</time>
              <extensions>
                <gpxtpx:TrackPointExtension>
                  <gpxtpx:hr>137</gpxtpx:hr>
                </gpxtpx:TrackPointExtension>
              </extensions>
      </trkpt>
      <trkpt lat="22.6801813300699" lon="113.91194340772927">
              <ele>52.8</ele>
              <time>2026-08-15T08:19:47Z</time>
              <extensions>
                <gpxtpx:TrackPointExtension>
                  <gpxtpx:hr>138</gpxtpx:hr>
                </gpxtpx:TrackPointExtension>
              </extensions>
      </trkpt>
      <trkpt lat="22.680566227063537" lon="113.9117585029453">
              <ele>53.8</ele>
              <time>2026-08-15T08:20:04Z</time>
              <extensions>
                <gpxtpx:TrackPointExtension>
                  <gpxtpx:hr>141</gpxtpx:hr>
                </gpxtpx:TrackPointExtension>
              </extensions>
      </trkpt>
      <trkpt lat="22.680836794897914" lon="113.91140269115567">
              <ele>54</ele>
              <time>2026-08-15T08:20:15Z</time>
              <extensions>
                <gpxtpx:TrackPointExtension>
                  <gpxtpx:hr>138</gpxtpx:hr>
                </gpxtpx:TrackPointExtension>
              </extensions>
      </trkpt>
      <trkpt lat="22.680792286992073" lon="113.91096230596304">
              <ele>53.8</ele>
              <time>2026-08-15T08:20:26Z</time>
              <extensions>
                <gpxtpx:TrackPointExtension>
                  <gpxtpx:hr>138</gpxtpx:hr>
                </gpxtpx:TrackPointExtension>
              </extensions>
      </trkpt>
      <trkpt lat="22.68053663894534" lon="113.91053834930062">
              <ele>54</ele>
              <time>2026-08-15T08:20:39Z</time>
              <extensions>
                <gpxtpx:TrackPointExtension>
                  <gpxtpx:hr>138</gpxtpx:hr>
                </gpxtpx:TrackPointExtension>
              </extensions>
      </trkpt>
      <trkpt lat="22.680319463834167" lon="113.9102340862155">
              <ele>54.2</ele>
              <time>2026-08-15T08:20:48Z</time>
              <extensions>
                <gpxtpx:TrackPointExtension>
                  <gpxtpx:hr>135</gpxtpx:hr>
                </gpxtpx:TrackPointExtension>
              </extensions>
      </trkpt>
      <trkpt lat="22.680072197690606" lon="113.91007541678846">
              <ele>54</ele>
              <time>2026-08-15T08:20:55Z</time>
              <extensions>
                <gpxtpx:TrackPointExtension>
                  <gpxtpx:hr>135</gpxtpx:hr>
                </gpxtpx:TrackPointExtension>
              </extensions>
      </trkpt>
      <trkpt lat="22.6801070664078" lon="113.90987961553037">
              <ele>53.6</ele>
              <time>2026-08-15T08:21:00Z</time>
              <extensions>
                <gpxtpx:TrackPointExtension>
                  <gpxtpx:hr>136</gpxtpx:hr>
                </gpxtpx:TrackPointExtension>
              </extensions>
      </trkpt>
      <trkpt lat="22.680381489917636" lon="113.90966948121786">
              <ele>53.4</ele>
              <time>2026-08-15T08:21:09Z</time>
              <extensions>
                <gpxtpx:TrackPointExtension>
                  <gpxtpx:hr>136</gpxtpx:hr>
                </gpxtpx:TrackPointExtension>
              </extensions>
      </trkpt>
      <trkpt lat="22.680839728564024" lon="113.9098347723484">
              <ele>54.2</ele>
              <time>2026-08-15T08:21:22Z</time>
              <extensions>
                <gpxtpx:TrackPointExtension>
                  <gpxtpx:hr>139</gpxtpx:hr>
                </gpxtpx:TrackPointExtension>
              </extensions>
      </trkpt>
      <trkpt lat="22.68156903795898" lon="113.90988112427294">
              <ele>54</ele>
              <time>2026-08-15T08:21:37Z</time>
              <extensions>
                <gpxtpx:TrackPointExtension>
                  <gpxtpx:hr>139</gpxtpx:hr>
                </gpxtpx:TrackPointExtension>
              </extensions>
      </trkpt>
      <trkpt lat="22.6821896340698" lon="113.90972832217813">
              <ele>53.6</ele>
              <time>2026-08-15T08:21:50Z</time>
              <extensions>
                <gpxtpx:TrackPointExtension>
                  <gpxtpx:hr>140</gpxtpx:hr>
                </gpxtpx:TrackPointExtension>
              </extensions>
      </trkpt>
      <trkpt lat="22.682828586548567" lon="113.90961986035109">
              <ele>53.8</ele>
              <time>2026-08-15T08:22:03Z</time>
              <extensions>
                <gpxtpx:TrackPointExtension>
                  <gpxtpx:hr>141</gpxtpx:hr>
                </gpxtpx:TrackPointExtension>
              </extensions>
      </trkpt>
      <trkpt lat="22.68334181047976" lon="113.90927670523524">
              <ele>54</ele>
              <time>2026-08-15T08:22:15Z</time>
              <extensions>
                <gpxtpx:TrackPointExtension>
                  <gpxtpx:hr>142</gpxtpx:hr>
                </gpxtpx:TrackPointExtension>
              </extensions>
      </trkpt>
      <trkpt lat="22.68376342020929" lon="113.9086983539164">
              <ele>53.4</ele>
              <time>2026-08-15T08:22:29Z</time>
              <extensions>
                <gpxtpx:TrackPointExtension>
                  <gpxtpx:hr>143</gpxtpx:hr>
                </gpxtpx:TrackPointExtension>
              </extensions>
      </trkpt>
      <trkpt lat="22.684174301102757" lon="113.90803718939424">
              <ele>52.8</ele>
              <time>2026-08-15T08:22:42Z</time>
              <extensions>
                <gpxtpx:TrackPointExtension>
                  <gpxtpx:hr>144</gpxtpx:hr>
                </gpxtpx:TrackPointExtension>
              </extensions>
      </trkpt>
      <trkpt lat="22.684203386306763" lon="113.90748431906104">
              <ele>52.8</ele>
              <time>2026-08-15T08:22:52Z</time>
              <extensions>
                <gpxtpx:TrackPointExtension>
                  <gpxtpx:hr>144</gpxtpx:hr>
                </gpxtpx:TrackPointExtension>
              </extensions>
      </trkpt>
      <trkpt lat="22.68435761332512" lon="113.90699188224971">
              <ele>52.2</ele>
              <time>2026-08-15T08:23:02Z</time>
              <extensions>
                <gpxtpx:TrackPointExtension>
                  <gpxtpx:hr>145</gpxtpx:hr>
                </gpxtpx:TrackPointExtension>
              </extensions>
      </trkpt>
      <trkpt lat="22.684387201443315" lon="113.90647714957595">
              <ele>52</ele>
              <time>2026-08-15T08:23:10Z</time>
              <extensions>
                <gpxtpx:TrackPointExtension>
                  <gpxtpx:hr>142</gpxtpx:hr>
                </gpxtpx:TrackPointExtension>
              </extensions>
      </trkpt>
      <trkpt lat="22.68416508100927" lon="113.90610205940902">
              <ele>51.8</ele>
              <time>2026-08-15T08:23:18Z</time>
              <extensions>
                <gpxtpx:TrackPointExtension>
                  <gpxtpx:hr>142</gpxtpx:hr>
                </gpxtpx:TrackPointExtension>
              </extensions>
      </trkpt>
      <trkpt lat="22.683670967817307" lon="113.9057351835072">
              <ele>52</ele>
              <time>2026-08-15T08:23:30Z</time>
              <extensions>
                <gpxtpx:TrackPointExtension>
                  <gpxtpx:hr>145</gpxtpx:hr>
                </gpxtpx:TrackPointExtension>
              </extensions>
      </trkpt>
      <trkpt lat="22.683117678388953" lon="113.90569218434393">
              <ele>52.4</ele>
              <time>2026-08-15T08:23:43Z</time>
              <extensions>
                <gpxtpx:TrackPointExtension>
                  <gpxtpx:hr>145</gpxtpx:hr>
                </gpxtpx:TrackPointExtension>
              </extensions>
      </trkpt>
      <trkpt lat="22.682427428662777" lon="113.90587625093758">
              <ele>52.8</ele>
              <time>2026-08-15T08:23:58Z</time>
              <extensions>
                <gpxtpx:TrackPointExtension>
                  <gpxtpx:hr>145</gpxtpx:hr>
                </gpxtpx:TrackPointExtension>
              </extensions>
      </trkpt>
      <trkpt lat="22.681773891672492" lon="113.90608730725944">
              <ele>53</ele>
              <time>2026-08-15T08:24:15Z</time>
              <extensions>
                <gpxtpx:TrackPointExtension>
                  <gpxtpx:hr>147</gpxtpx:hr>
                </gpxtpx:TrackPointExtension>
              </extensions>
      </trkpt>
      <trkpt lat="22.681097136810422" lon="113.90630062669516">
              <ele>53.2</ele>
              <time>2026-08-15T08:24:29Z</time>
              <extensions>
                <gpxtpx:TrackPointExtension>
                  <gpxtpx:hr>144</gpxtpx:hr>
                </gpxtpx:TrackPointExtension>
              </extensions>
      </trkpt>
      <trkpt lat="22.680469416081905" lon="113.90673045068979">
              <ele>53.2</ele>
              <time>2026-08-15T08:24:46Z</time>
              <extensions>
                <gpxtpx:TrackPointExtension>
                  <gpxtpx:hr>147</gpxtpx:hr>
                </gpxtpx:TrackPointExtension>
              </extensions>
      </trkpt>
      <trkpt lat="22.68000539392233" lon="113.90712909400463">
              <ele>53.2</ele>
              <time>2026-08-15T08:24:57Z</time>
              <extensions>
                <gpxtpx:TrackPointExtension>
                  <gpxtpx:hr>143</gpxtpx:hr>
                </gpxtpx:TrackPointExtension>
              </extensions>
      </trkpt>
      <trkpt lat="22.679770700633526" lon="113.90758682973683">
              <ele>53.2</ele>
              <time>2026-08-15T08:25:07Z</time>
              <extensions>
                <gpxtpx:TrackPointExtension>
                  <gpxtpx:hr>143</gpxtpx:hr>
                </gpxtpx:TrackPointExtension>
              </extensions>
      </trkpt>
      <trkpt lat="22.679587807506323" lon="113.90758381225169">
              <ele>52</ele>
              <time>2026-08-15T08:25:12Z</time>
              <extensions>
                <gpxtpx:TrackPointExtension>
                  <gpxtpx:hr>140</gpxtpx:hr>
                </gpxtpx:TrackPointExtension>
              </extensions>
      </trkpt>
      <trkpt lat="22.678781803697348" lon="113.90717645175755">
              <ele>49.2</ele>
              <time>2026-08-15T08:25:27Z</time>
              <extensions>
                <gpxtpx:TrackPointExtension>
                  <gpxtpx:hr>144</gpxtpx:hr>
                </gpxtpx:TrackPointExtension>
              </extensions>
      </trkpt>
      <trkpt lat="22.67865339294076" lon="113.90700026415288">
              <ele>48.8</ele>
              <time>2026-08-15T08:25:31Z</time>
              <extensions>
                <gpxtpx:TrackPointExtension>
                  <gpxtpx:hr>141</gpxtpx:hr>
                </gpxtpx:TrackPointExtension>
              </extensions>
      </trkpt>
      <trkpt lat="22.67873109318316" lon="113.90646482817829">
              <ele>48.6</ele>
              <time>2026-08-15T08:25:39Z</time>
              <extensions>
                <gpxtpx:TrackPointExtension>
                  <gpxtpx:hr>141</gpxtpx:hr>
                </gpxtpx:TrackPointExtension>
              </extensions>
      </trkpt>
      <trkpt lat="22.678486928343773" lon="113.90587306581438">
              <ele>50</ele>
              <time>2026-08-15T08:25:50Z</time>
              <extensions>
                <gpxtpx:TrackPointExtension>
                  <gpxtpx:hr>145</gpxtpx:hr>
                </gpxtpx:TrackPointExtension>
              </extensions>
      </trkpt>
      <trkpt lat="22.67822348512709" lon="113.90553778968751">
              <ele>52.8</ele>
              <time>2026-08-15T08:26:06Z</time>
              <extensions>
                <gpxtpx:TrackPointExtension>
                  <gpxtpx:hr>144</gpxtpx:hr>
                </gpxtpx:TrackPointExtension>
              </extensions>
      </trkpt>
      <trkpt lat="22.677913270890713" lon="113.90541885048151">
              <ele>55.2</ele>
              <time>2026-08-15T08:26:21Z</time>
              <extensions>
                <gpxtpx:TrackPointExtension>
                  <gpxtpx:hr>143</gpxtpx:hr>
                </gpxtpx:TrackPointExtension>
              </extensions>
      </trkpt>
      <trkpt lat="22.677634237334132" lon="113.90542295761406">
              <ele>57.4</ele>
              <time>2026-08-15T08:26:38Z</time>
              <extensions>
                <gpxtpx:TrackPointExtension>
                  <gpxtpx:hr>145</gpxtpx:hr>
                </gpxtpx:TrackPointExtension>
              </extensions>
      </trkpt>
      <trkpt lat="22.677312707528472" lon="113.9054074510932">
              <ele>58</ele>
              <time>2026-08-15T08:26:53Z</time>
              <extensions>
                <gpxtpx:TrackPointExtension>
                  <gpxtpx:hr>140</gpxtpx:hr>
                </gpxtpx:TrackPointExtension>
              </extensions>
      </trkpt>
      <trkpt lat="22.67715227790177" lon="113.90510302037">
              <ele>56.8</ele>
              <time>2026-08-15T08:27:03Z</time>
              <extensions>
                <gpxtpx:TrackPointExtension>
                  <gpxtpx:hr>139</gpxtpx:hr>
                </gpxtpx:TrackPointExtension>
              </extensions>
      </trkpt>
      <trkpt lat="22.67693107947707" lon="113.90487662516534">
              <ele>55.2</ele>
              <time>2026-08-15T08:27:09Z</time>
              <extensions>
                <gpxtpx:TrackPointExtension>
                  <gpxtpx:hr>136</gpxtpx:hr>
                </gpxtpx:TrackPointExtension>
              </extensions>
      </trkpt>
      <trkpt lat="22.676358595490456" lon="113.90481225214899">
              <ele>54.4</ele>
              <time>2026-08-15T08:27:20Z</time>
              <extensions>
                <gpxtpx:TrackPointExtension>
                  <gpxtpx:hr>139</gpxtpx:hr>
                </gpxtpx:TrackPointExtension>
              </extensions>
      </trkpt>
      <trkpt lat="22.675697430968285" lon="113.90474368818104">
              <ele>53.8</ele>
              <time>2026-08-15T08:27:32Z</time>
              <extensions>
                <gpxtpx:TrackPointExtension>
                  <gpxtpx:hr>140</gpxtpx:hr>
                </gpxtpx:TrackPointExtension>
              </extensions>
      </trkpt>
      <trkpt lat="22.675003493204713" lon="113.90476439148188">
              <ele>51.4</ele>
              <time>2026-08-15T08:27:46Z</time>
              <extensions>
                <gpxtpx:TrackPointExtension>
                  <gpxtpx:hr>141</gpxtpx:hr>
                </gpxtpx:TrackPointExtension>
              </extensions>
      </trkpt>
      <trkpt lat="22.674492364749312" lon="113.90489866957068">
              <ele>49.8</ele>
              <time>2026-08-15T08:27:55Z</time>
              <extensions>
                <gpxtpx:TrackPointExtension>
                  <gpxtpx:hr>141</gpxtpx:hr>
                </gpxtpx:TrackPointExtension>
              </extensions>
      </trkpt>
      <trkpt lat="22.674343585968018" lon="113.90462567098439">
              <ele>49</ele>
              <time>2026-08-15T08:28:04Z</time>
              <extensions>
                <gpxtpx:TrackPointExtension>
                  <gpxtpx:hr>142</gpxtpx:hr>
                </gpxtpx:TrackPointExtension>
              </extensions>
      </trkpt>
      <trkpt lat="22.674039490520954" lon="113.90397045761347">
              <ele>50</ele>
              <time>2026-08-15T08:28:21Z</time>
              <extensions>
                <gpxtpx:TrackPointExtension>
                  <gpxtpx:hr>144</gpxtpx:hr>
                </gpxtpx:TrackPointExtension>
              </extensions>
      </trkpt>
      <trkpt lat="22.673877216875553" lon="113.90351951122284">
              <ele>51</ele>
              <time>2026-08-15T08:28:33Z</time>
              <extensions>
                <gpxtpx:TrackPointExtension>
                  <gpxtpx:hr>141</gpxtpx:hr>
                </gpxtpx:TrackPointExtension>
              </extensions>
      </trkpt>
      <trkpt lat="22.674066396430135" lon="113.90345404855907">
              <ele>50.8</ele>
              <time>2026-08-15T08:28:38Z</time>
              <extensions>
                <gpxtpx:TrackPointExtension>
                  <gpxtpx:hr>138</gpxtpx:hr>
                </gpxtpx:TrackPointExtension>
              </extensions>
      </trkpt>
      <trkpt lat="22.67419899813831" lon="113.90328708104789">
              <ele>50</ele>
              <time>2026-08-15T08:28:42Z</time>
              <extensions>
                <gpxtpx:TrackPointExtension>
                  <gpxtpx:hr>137</gpxtpx:hr>
                </gpxtpx:TrackPointExtension>
              </extensions>
      </trkpt>
      <trkpt lat="22.674360517412424" lon="113.90266246162355">
              <ele>52</ele>
              <time>2026-08-15T08:28:59Z</time>
              <extensions>
                <gpxtpx:TrackPointExtension>
                  <gpxtpx:hr>143</gpxtpx:hr>
                </gpxtpx:TrackPointExtension>
              </extensions>
      </trkpt>
      <trkpt lat="22.67443846911192" lon="113.90219776891172">
              <ele>54</ele>
              <time>2026-08-15T08:29:14Z</time>
              <extensions>
                <gpxtpx:TrackPointExtension>
                  <gpxtpx:hr>139</gpxtpx:hr>
                </gpxtpx:TrackPointExtension>
              </extensions>
      </trkpt>
      <trkpt lat="22.674494879320264" lon="113.90183039009571">
              <ele>55.6</ele>
              <time>2026-08-15T08:29:31Z</time>
              <extensions>
                <gpxtpx:TrackPointExtension>
                  <gpxtpx:hr>141</gpxtpx:hr>
                </gpxtpx:TrackPointExtension>
              </extensions>
      </trkpt>
      <trkpt lat="22.67456168308854" lon="113.90144725330174">
              <ele>57</ele>
              <time>2026-08-15T08:29:46Z</time>
              <extensions>
                <gpxtpx:TrackPointExtension>
                  <gpxtpx:hr>137</gpxtpx:hr>
                </gpxtpx:TrackPointExtension>
              </extensions>
      </trkpt>
      <trkpt lat="22.674648016691208" lon="113.90103092417121">
              <ele>58.8</ele>
              <time>2026-08-15T08:30:02Z</time>
              <extensions>
                <gpxtpx:TrackPointExtension>
                  <gpxtpx:hr>139</gpxtpx:hr>
                </gpxtpx:TrackPointExtension>
              </extensions>
      </trkpt>
      <trkpt lat="22.67473367974162" lon="113.9008601848036">
              <ele>59.4</ele>
              <time>2026-08-15T08:30:12Z</time>
              <extensions>
                <gpxtpx:TrackPointExtension>
                  <gpxtpx:hr>135</gpxtpx:hr>
                </gpxtpx:TrackPointExtension>
              </extensions>
      </trkpt>
      <trkpt lat="22.674956219270825" lon="113.90091810375452">
              <ele>59</ele>
              <time>2026-08-15T08:30:19Z</time>
              <extensions>
                <gpxtpx:TrackPointExtension>
                  <gpxtpx:hr>132</gpxtpx:hr>
                </gpxtpx:TrackPointExtension>
              </extensions>
      </trkpt>
      <trkpt lat="22.675474137067795" lon="113.90137357637286">
              <ele>59</ele>
              <time>2026-08-15T08:30:34Z</time>
              <extensions>
                <gpxtpx:TrackPointExtension>
                  <gpxtpx:hr>134</gpxtpx:hr>
                </gpxtpx:TrackPointExtension>
              </extensions>
      </trkpt>
      <trkpt lat="22.675665579736233" lon="113.90154481865466">
              <ele>59</ele>
              <time>2026-08-15T08:30:48Z</time>
              <extensions>
                <gpxtpx:TrackPointExtension>
                  <gpxtpx:hr>133</gpxtpx:hr>
                </gpxtpx:TrackPointExtension>
              </extensions>
      </trkpt>
      <trkpt lat="22.67605382949114" lon="113.90191135928035">
              <ele>59.4</ele>
              <time>2026-08-15T08:33:05Z</time>
              <extensions>
                <gpxtpx:TrackPointExtension>
                  <gpxtpx:hr>133</gpxtpx:hr>
                </gpxtpx:TrackPointExtension>
              </extensions>
      </trkpt>
      <trkpt lat="22.67660996876657" lon="113.90226557850838">
              <ele>58.8</ele>
              <time>2026-08-15T08:33:20Z</time>
              <extensions>
                <gpxtpx:TrackPointExtension>
                  <gpxtpx:hr>131</gpxtpx:hr>
                </gpxtpx:TrackPointExtension>
              </extensions>
      </trkpt>
      <trkpt lat="22.67747783102095" lon="113.90261091291904">
              <ele>56.4</ele>
              <time>2026-08-15T08:33:36Z</time>
              <extensions>
                <gpxtpx:TrackPointExtension>
                  <gpxtpx:hr>136</gpxtpx:hr>
                </gpxtpx:TrackPointExtension>
              </extensions>
      </trkpt>
      <trkpt lat="22.678422471508384" lon="113.90301366336644">
              <ele>54.2</ele>
              <time>2026-08-15T08:33:53Z</time>
              <extensions>
                <gpxtpx:TrackPointExtension>
                  <gpxtpx:hr>139</gpxtpx:hr>
                </gpxtpx:TrackPointExtension>
              </extensions>
      </trkpt>
      <trkpt lat="22.679289495572448" lon="113.90339420177042">
              <ele>52.4</ele>
              <time>2026-08-15T08:34:08Z</time>
              <extensions>
                <gpxtpx:TrackPointExtension>
                  <gpxtpx:hr>138</gpxtpx:hr>
                </gpxtpx:TrackPointExtension>
              </extensions>
      </trkpt>
      <trkpt lat="22.679825769737363" lon="113.90354859642684">
              <ele>51.2</ele>
              <time>2026-08-15T08:34:17Z</time>
              <extensions>
                <gpxtpx:TrackPointExtension>
                  <gpxtpx:hr>140</gpxtpx:hr>
                </gpxtpx:TrackPointExtension>
              </extensions>
      </trkpt>
      <trkpt lat="22.680733697488904" lon="113.90347047708929">
              <ele>50.6</ele>
              <time>2026-08-15T08:34:33Z</time>
              <extensions>
                <gpxtpx:TrackPointExtension>
                  <gpxtpx:hr>145</gpxtpx:hr>
                </gpxtpx:TrackPointExtension>
              </extensions>
      </trkpt>
      <trkpt lat="22.6817562058568" lon="113.903424795717">
              <ele>49.6</ele>
              <time>2026-08-15T08:34:49Z</time>
              <extensions>
                <gpxtpx:TrackPointExtension>
                  <gpxtpx:hr>147</gpxtpx:hr>
                </gpxtpx:TrackPointExtension>
              </extensions>
      </trkpt>
      <trkpt lat="22.68276513554156" lon="113.90335061587393">
              <ele>48.4</ele>
              <time>2026-08-15T08:35:06Z</time>
              <extensions>
                <gpxtpx:TrackPointExtension>
                  <gpxtpx:hr>148</gpxtpx:hr>
                </gpxtpx:TrackPointExtension>
              </extensions>
      </trkpt>
      <trkpt lat="22.683714469894767" lon="113.90326059423387">
              <ele>46.8</ele>
              <time>2026-08-15T08:35:19Z</time>
              <extensions>
                <gpxtpx:TrackPointExtension>
                  <gpxtpx:hr>146</gpxtpx:hr>
                </gpxtpx:TrackPointExtension>
              </extensions>
      </trkpt>
      <trkpt lat="22.683856124058366" lon="113.9031678903848">
              <ele>46.6</ele>
              <time>2026-08-15T08:35:22Z</time>
              <extensions>
                <gpxtpx:TrackPointExtension>
                  <gpxtpx:hr>144</gpxtpx:hr>
                </gpxtpx:TrackPointExtension>
              </extensions>
      </trkpt>
      <trkpt lat="22.683779429644346" lon="113.9027669839561">
              <ele>48.2</ele>
              <time>2026-08-15T08:35:33Z</time>
              <extensions>
                <gpxtpx:TrackPointExtension>
                  <gpxtpx:hr>147</gpxtpx:hr>
                </gpxtpx:TrackPointExtension>
              </extensions>
      </trkpt>
      <trkpt lat="22.683725534006953" lon="113.90240689739585">
              <ele>51</ele>
              <time>2026-08-15T08:35:48Z</time>
              <extensions>
                <gpxtpx:TrackPointExtension>
                  <gpxtpx:hr>145</gpxtpx:hr>
                </gpxtpx:TrackPointExtension>
              </extensions>
      </trkpt>
      <trkpt lat="22.68366040661931" lon="113.90203289687634">
              <ele>53.4</ele>
              <time>2026-08-15T08:36:03Z</time>
              <extensions>
                <gpxtpx:TrackPointExtension>
                  <gpxtpx:hr>143</gpxtpx:hr>
                </gpxtpx:TrackPointExtension>
              </extensions>
      </trkpt>
      <trkpt lat="22.68356468528509" lon="113.90176291577518">
              <ele>55.8</ele>
              <time>2026-08-15T08:36:19Z</time>
              <extensions>
                <gpxtpx:TrackPointExtension>
                  <gpxtpx:hr>145</gpxtpx:hr>
                </gpxtpx:TrackPointExtension>
              </extensions>
      </trkpt>
      <trkpt lat="22.683471562340856" lon="113.90151908621192">
              <ele>57.8</ele>
              <time>2026-08-15T08:36:35Z</time>
              <extensions>
                <gpxtpx:TrackPointExtension>
                  <gpxtpx:hr>144</gpxtpx:hr>
                </gpxtpx:TrackPointExtension>
              </extensions>
      </trkpt>
      <trkpt lat="22.683333596214652" lon="113.90128606930375">
              <ele>59.4</ele>
              <time>2026-08-15T08:36:52Z</time>
              <extensions>
                <gpxtpx:TrackPointExtension>
                  <gpxtpx:hr>141</gpxtpx:hr>
                </gpxtpx:TrackPointExtension>
              </extensions>
      </trkpt>
      <trkpt lat="22.68295138143003" lon="113.9007658045739">
              <ele>57.6</ele>
              <time>2026-08-15T08:37:07Z</time>
              <extensions>
                <gpxtpx:TrackPointExtension>
                  <gpxtpx:hr>137</gpxtpx:hr>
                </gpxtpx:TrackPointExtension>
              </extensions>
      </trkpt>
      <trkpt lat="22.68244410865009" lon="113.90013221651316">
              <ele>56.2</ele>
              <time>2026-08-15T08:37:23Z</time>
              <extensions>
                <gpxtpx:TrackPointExtension>
                  <gpxtpx:hr>140</gpxtpx:hr>
                </gpxtpx:TrackPointExtension>
              </extensions>
      </trkpt>
      <trkpt lat="22.681741872802377" lon="113.89960499480367">
              <ele>55.2</ele>
              <time>2026-08-15T08:37:38Z</time>
              <extensions>
                <gpxtpx:TrackPointExtension>
                  <gpxtpx:hr>138</gpxtpx:hr>
                </gpxtpx:TrackPointExtension>
              </extensions>
      </trkpt>
      <trkpt lat="22.68127692863345" lon="113.89923459850252">
              <ele>55</ele>
              <time>2026-08-15T08:37:50Z</time>
              <extensions>
                <gpxtpx:TrackPointExtension>
                  <gpxtpx:hr>138</gpxtpx:hr>
                </gpxtpx:TrackPointExtension>
              </extensions>
      </trkpt>
      <trkpt lat="22.68126896582544" lon="113.89911607839167">
              <ele>55.2</ele>
              <time>2026-08-15T08:37:57Z</time>
              <extensions>
                <gpxtpx:TrackPointExtension>
                  <gpxtpx:hr>136</gpxtpx:hr>
                </gpxtpx:TrackPointExtension>
              </extensions>
      </trkpt>
      <trkpt lat="22.68113083206117" lon="113.8991335965693">
              <ele>56.2</ele>
              <time>2026-08-15T08:43:08Z</time>
              <extensions>
                <gpxtpx:TrackPointExtension>
                  <gpxtpx:hr>140</gpxtpx:hr>
                </gpxtpx:TrackPointExtension>
              </extensions>
      </trkpt>
      <trkpt lat="22.680720705538988" lon="113.89880200847983">
              <ele>56.4</ele>
              <time>2026-08-15T08:43:25Z</time>
              <extensions>
                <gpxtpx:TrackPointExtension>
                  <gpxtpx:hr>140</gpxtpx:hr>
                </gpxtpx:TrackPointExtension>
              </extensions>
      </trkpt>
      <trkpt lat="22.680198680609465" lon="113.89840085059404">
              <ele>56.2</ele>
              <time>2026-08-15T08:43:40Z</time>
              <extensions>
                <gpxtpx:TrackPointExtension>
                  <gpxtpx:hr>137</gpxtpx:hr>
                </gpxtpx:TrackPointExtension>
              </extensions>
      </trkpt>
      <trkpt lat="22.67963499762118" lon="113.8979781512171">
              <ele>56.8</ele>
              <time>2026-08-15T08:43:57Z</time>
              <extensions>
                <gpxtpx:TrackPointExtension>
                  <gpxtpx:hr>140</gpxtpx:hr>
                </gpxtpx:TrackPointExtension>
              </extensions>
      </trkpt>
      <trkpt lat="22.67911221832037" lon="113.89774798415601">
              <ele>57.6</ele>
              <time>2026-08-15T08:44:12Z</time>
              <extensions>
                <gpxtpx:TrackPointExtension>
                  <gpxtpx:hr>137</gpxtpx:hr>
                </gpxtpx:TrackPointExtension>
              </extensions>
      </trkpt>
      <trkpt lat="22.6787652913481" lon="113.89762510545552">
              <ele>57.8</ele>
              <time>2026-08-15T08:44:22Z</time>
              <extensions>
                <gpxtpx:TrackPointExtension>
                  <gpxtpx:hr>137</gpxtpx:hr>
                </gpxtpx:TrackPointExtension>
              </extensions>
      </trkpt>
      <trkpt lat="22.678834861144423" lon="113.8971337582916">
              <ele>57.8</ele>
              <time>2026-08-15T08:44:34Z</time>
              <extensions>
                <gpxtpx:TrackPointExtension>
                  <gpxtpx:hr>137</gpxtpx:hr>
                </gpxtpx:TrackPointExtension>
              </extensions>
      </trkpt>
      <trkpt lat="22.678999481722713" lon="113.89689621515572">
              <ele>57.6</ele>
              <time>2026-08-15T08:44:40Z</time>
              <extensions>
                <gpxtpx:TrackPointExtension>
                  <gpxtpx:hr>135</gpxtpx:hr>
                </gpxtpx:TrackPointExtension>
              </extensions>
      </trkpt>
      <trkpt lat="22.679597195237875" lon="113.89670871198177">
              <ele>57.6</ele>
              <time>2026-08-15T08:44:51Z</time>
              <extensions>
                <gpxtpx:TrackPointExtension>
                  <gpxtpx:hr>138</gpxtpx:hr>
                </gpxtpx:TrackPointExtension>
              </extensions>
      </trkpt>
      <trkpt lat="22.680019307881594" lon="113.89651022851467">
              <ele>57.6</ele>
              <time>2026-08-15T08:45:00Z</time>
              <extensions>
                <gpxtpx:TrackPointExtension>
                  <gpxtpx:hr>139</gpxtpx:hr>
                </gpxtpx:TrackPointExtension>
              </extensions>
      </trkpt>
      <trkpt lat="22.67998058348894" lon="113.89628659933805">
              <ele>58.6</ele>
              <time>2026-08-15T08:45:06Z</time>
              <extensions>
                <gpxtpx:TrackPointExtension>
                  <gpxtpx:hr>137</gpxtpx:hr>
                </gpxtpx:TrackPointExtension>
              </extensions>
      </trkpt>
      <trkpt lat="22.679739519953728" lon="113.89581939205527">
              <ele>59</ele>
              <time>2026-08-15T08:45:17Z</time>
              <extensions>
                <gpxtpx:TrackPointExtension>
                  <gpxtpx:hr>140</gpxtpx:hr>
                </gpxtpx:TrackPointExtension>
              </extensions>
      </trkpt>
      <trkpt lat="22.679815208539367" lon="113.89561152085662">
              <ele>58.6</ele>
              <time>2026-08-15T08:45:22Z</time>
              <extensions>
                <gpxtpx:TrackPointExtension>
                  <gpxtpx:hr>138</gpxtpx:hr>
                </gpxtpx:TrackPointExtension>
              </extensions>
      </trkpt>
      <trkpt lat="22.680683908984065" lon="113.89498480595648">
              <ele>52.8</ele>
              <time>2026-08-15T08:45:36Z</time>
              <extensions>
                <gpxtpx:TrackPointExtension>
                  <gpxtpx:hr>142</gpxtpx:hr>
                </gpxtpx:TrackPointExtension>
              </extensions>
      </trkpt>
      <trkpt lat="22.680759178474545" lon="113.89482135884464">
              <ele>51.8</ele>
              <time>2026-08-15T08:45:39Z</time>
              <extensions>
                <gpxtpx:TrackPointExtension>
                  <gpxtpx:hr>139</gpxtpx:hr>
                </gpxtpx:TrackPointExtension>
              </extensions>
      </trkpt>
      <trkpt lat="22.680518869310617" lon="113.89446462504566">
              <ele>50.8</ele>
              <time>2026-08-15T08:45:48Z</time>
              <extensions>
                <gpxtpx:TrackPointExtension>
                  <gpxtpx:hr>143</gpxtpx:hr>
                </gpxtpx:TrackPointExtension>
              </extensions>
      </trkpt>
      <trkpt lat="22.68016959540546" lon="113.89392592012882">
              <ele>50.6</ele>
              <time>2026-08-15T08:45:59Z</time>
              <extensions>
                <gpxtpx:TrackPointExtension>
                  <gpxtpx:hr>144</gpxtpx:hr>
                </gpxtpx:TrackPointExtension>
              </extensions>
      </trkpt>
      <trkpt lat="22.680000783875585" lon="113.89391217380762">
              <ele>50.6</ele>
              <time>2026-08-15T08:46:03Z</time>
              <extensions>
                <gpxtpx:TrackPointExtension>
                  <gpxtpx:hr>141</gpxtpx:hr>
                </gpxtpx:TrackPointExtension>
              </extensions>
      </trkpt>
      <trkpt lat="22.679568277671933" lon="113.89424962922931">
              <ele>53.6</ele>
              <time>2026-08-15T08:46:20Z</time>
              <extensions>
                <gpxtpx:TrackPointExtension>
                  <gpxtpx:hr>147</gpxtpx:hr>
                </gpxtpx:TrackPointExtension>
              </extensions>
      </trkpt>
      <trkpt lat="22.679322687909007" lon="113.89436479657888">
              <ele>56.2</ele>
              <time>2026-08-15T08:46:32Z</time>
              <extensions>
                <gpxtpx:TrackPointExtension>
                  <gpxtpx:hr>143</gpxtpx:hr>
                </gpxtpx:TrackPointExtension>
              </extensions>
      </trkpt>
      <trkpt lat="22.678940892219543" lon="113.89430318959057">
              <ele>57</ele>
              <time>2026-08-15T08:46:48Z</time>
              <extensions>
                <gpxtpx:TrackPointExtension>
                  <gpxtpx:hr>144</gpxtpx:hr>
                </gpxtpx:TrackPointExtension>
              </extensions>
      </trkpt>
      <trkpt lat="22.67857426777482" lon="113.89423211105168">
              <ele>57.2</ele>
              <time>2026-08-15T08:47:00Z</time>
              <extensions>
                <gpxtpx:TrackPointExtension>
                  <gpxtpx:hr>140</gpxtpx:hr>
                </gpxtpx:TrackPointExtension>
              </extensions>
      </trkpt>
      <trkpt lat="22.678250558674335" lon="113.89413991011679">
              <ele>56.4</ele>
              <time>2026-08-15T08:47:09Z</time>
              <extensions>
                <gpxtpx:TrackPointExtension>
                  <gpxtpx:hr>140</gpxtpx:hr>
                </gpxtpx:TrackPointExtension>
              </extensions>
      </trkpt>
      <trkpt lat="22.67806121148169" lon="113.89407469891012">
              <ele>55</ele>
              <time>2026-08-15T08:47:14Z</time>
              <extensions>
                <gpxtpx:TrackPointExtension>
                  <gpxtpx:hr>137</gpxtpx:hr>
                </gpxtpx:TrackPointExtension>
              </extensions>
      </trkpt>
      <trkpt lat="22.677941266447306" lon="113.8933885563165">
              <ele>51</ele>
              <time>2026-08-15T08:47:23Z</time>
              <extensions>
                <gpxtpx:TrackPointExtension>
                  <gpxtpx:hr>140</gpxtpx:hr>
                </gpxtpx:TrackPointExtension>
              </extensions>
      </trkpt>
      <trkpt lat="22.67800983041525" lon="113.89293962158263">
              <ele>50.6</ele>
              <time>2026-08-15T08:47:30Z</time>
              <extensions>
                <gpxtpx:TrackPointExtension>
                  <gpxtpx:hr>137</gpxtpx:hr>
                </gpxtpx:TrackPointExtension>
              </extensions>
      </trkpt>
      <trkpt lat="22.678466895595193" lon="113.89243218116462">
              <ele>52.6</ele>
              <time>2026-08-15T08:47:45Z</time>
              <extensions>
                <gpxtpx:TrackPointExtension>
                  <gpxtpx:hr>141</gpxtpx:hr>
                </gpxtpx:TrackPointExtension>
              </extensions>
      </trkpt>
      <trkpt lat="22.678719526156783" lon="113.89204518869519">
              <ele>53.4</ele>
              <time>2026-08-15T08:47:56Z</time>
              <extensions>
                <gpxtpx:TrackPointExtension>
                  <gpxtpx:hr>141</gpxtpx:hr>
                </gpxtpx:TrackPointExtension>
              </extensions>
      </trkpt>
      <trkpt lat="22.678732182830572" lon="113.89128805138171">
              <ele>53</ele>
              <time>2026-08-15T08:48:12Z</time>
              <extensions>
                <gpxtpx:TrackPointExtension>
                  <gpxtpx:hr>144</gpxtpx:hr>
                </gpxtpx:TrackPointExtension>
              </extensions>
      </trkpt>
      <trkpt lat="22.67867292277515" lon="113.89075789600611">
              <ele>52.4</ele>
              <time>2026-08-15T08:48:21Z</time>
              <extensions>
                <gpxtpx:TrackPointExtension>
                  <gpxtpx:hr>142</gpxtpx:hr>
                </gpxtpx:TrackPointExtension>
              </extensions>
      </trkpt>
      <trkpt lat="22.678841231390834" lon="113.89010000042617">
              <ele>52.8</ele>
              <time>2026-08-15T08:48:33Z</time>
              <extensions>
                <gpxtpx:TrackPointExtension>
                  <gpxtpx:hr>142</gpxtpx:hr>
                </gpxtpx:TrackPointExtension>
              </extensions>
      </trkpt>
      <trkpt lat="22.678968217223883" lon="113.89004442840815">
              <ele>53.2</ele>
              <time>2026-08-15T08:48:40Z</time>
              <extensions>
                <gpxtpx:TrackPointExtension>
                  <gpxtpx:hr>139</gpxtpx:hr>
                </gpxtpx:TrackPointExtension>
              </extensions>
      </trkpt>
      <trkpt lat="22.67955645918846" lon="113.89010787941515">
              <ele>52.2</ele>
              <time>2026-08-15T08:48:52Z</time>
              <extensions>
                <gpxtpx:TrackPointExtension>
                  <gpxtpx:hr>143</gpxtpx:hr>
                </gpxtpx:TrackPointExtension>
              </extensions>
      </trkpt>
      <trkpt lat="22.68041878938675" lon="113.89017686247826">
              <ele>50.8</ele>
              <time>2026-08-15T08:49:07Z</time>
              <extensions>
                <gpxtpx:TrackPointExtension>
                  <gpxtpx:hr>143</gpxtpx:hr>
                </gpxtpx:TrackPointExtension>
              </extensions>
      </trkpt>
      <trkpt lat="22.68102278932929" lon="113.89008725993335">
              <ele>50</ele>
              <time>2026-08-15T08:49:19Z</time>
              <extensions>
                <gpxtpx:TrackPointExtension>
                  <gpxtpx:hr>144</gpxtpx:hr>
                </gpxtpx:TrackPointExtension>
              </extensions>
      </trkpt>
      <trkpt lat="22.6818944234401" lon="113.89039688743651">
              <ele>49.2</ele>
              <time>2026-08-15T08:49:34Z</time>
              <extensions>
                <gpxtpx:TrackPointExtension>
                  <gpxtpx:hr>145</gpxtpx:hr>
                </gpxtpx:TrackPointExtension>
              </extensions>
      </trkpt>
      <trkpt lat="22.68264066427946" lon="113.89071254990995">
              <ele>47.8</ele>
              <time>2026-08-15T08:49:48Z</time>
              <extensions>
                <gpxtpx:TrackPointExtension>
                  <gpxtpx:hr>146</gpxtpx:hr>
                </gpxtpx:TrackPointExtension>
              </extensions>
      </trkpt>
      <trkpt lat="22.683352790772915" lon="113.89113256707788">
              <ele>47.8</ele>
              <time>2026-08-15T08:50:04Z</time>
              <extensions>
                <gpxtpx:TrackPointExtension>
                  <gpxtpx:hr>149</gpxtpx:hr>
                </gpxtpx:TrackPointExtension>
              </extensions>
      </trkpt>
      <trkpt lat="22.68384112045169" lon="113.8913490716368">
              <ele>50.6</ele>
              <time>2026-08-15T08:50:18Z</time>
              <extensions>
                <gpxtpx:TrackPointExtension>
                  <gpxtpx:hr>146</gpxtpx:hr>
                </gpxtpx:TrackPointExtension>
              </extensions>
      </trkpt>
      <trkpt lat="22.684141527861357" lon="113.89149541966617">
              <ele>53.2</ele>
              <time>2026-08-15T08:50:35Z</time>
              <extensions>
                <gpxtpx:TrackPointExtension>
                  <gpxtpx:hr>148</gpxtpx:hr>
                </gpxtpx:TrackPointExtension>
              </extensions>
      </trkpt>
      <trkpt lat="22.684425925835967" lon="113.89144269749522">
              <ele>54.6</ele>
              <time>2026-08-15T08:50:49Z</time>
              <extensions>
                <gpxtpx:TrackPointExtension>
                  <gpxtpx:hr>143</gpxtpx:hr>
                </gpxtpx:TrackPointExtension>
              </extensions>
      </trkpt>
      <trkpt lat="22.684798669070005" lon="113.89132216572762">
              <ele>55.6</ele>
              <time>2026-08-15T08:51:06Z</time>
              <extensions>
                <gpxtpx:TrackPointExtension>
                  <gpxtpx:hr>144</gpxtpx:hr>
                </gpxtpx:TrackPointExtension>
              </extensions>
      </trkpt>
      <trkpt lat="22.685248525813222" lon="113.89121890068054">
              <ele>56</ele>
              <time>2026-08-15T08:51:21Z</time>
              <extensions>
                <gpxtpx:TrackPointExtension>
                  <gpxtpx:hr>140</gpxtpx:hr>
                </gpxtpx:TrackPointExtension>
              </extensions>
      </trkpt>
      <trkpt lat="22.68569997511804" lon="113.8912071660161">
              <ele>57</ele>
              <time>2026-08-15T08:51:37Z</time>
              <extensions>
                <gpxtpx:TrackPointExtension>
                  <gpxtpx:hr>142</gpxtpx:hr>
                </gpxtpx:TrackPointExtension>
              </extensions>
      </trkpt>
      <trkpt lat="22.686177659779787" lon="113.89129685238004">
              <ele>58</ele>
              <time>2026-08-15T08:51:52Z</time>
              <extensions>
                <gpxtpx:TrackPointExtension>
                  <gpxtpx:hr>139</gpxtpx:hr>
                </gpxtpx:TrackPointExtension>
              </extensions>
      </trkpt>
      <trkpt lat="22.686748132109642" lon="113.8913990277797">
              <ele>58.6</ele>
              <time>2026-08-15T08:52:08Z</time>
              <extensions>
                <gpxtpx:TrackPointExtension>
                  <gpxtpx:hr>141</gpxtpx:hr>
                </gpxtpx:TrackPointExtension>
              </extensions>
      </trkpt>
      <trkpt lat="22.68743452616036" lon="113.89158921316266">
              <ele>57.8</ele>
              <time>2026-08-15T08:52:22Z</time>
              <extensions>
                <gpxtpx:TrackPointExtension>
                  <gpxtpx:hr>139</gpxtpx:hr>
                </gpxtpx:TrackPointExtension>
              </extensions>
      </trkpt>
      <trkpt lat="22.68799938261509" lon="113.89180756174028">
              <ele>57.4</ele>
              <time>2026-08-15T08:52:34Z</time>
              <extensions>
                <gpxtpx:TrackPointExtension>
                  <gpxtpx:hr>139</gpxtpx:hr>
                </gpxtpx:TrackPointExtension>
              </extensions>
      </trkpt>
      <trkpt lat="22.68819677643478" lon="113.8918446097523">
              <ele>57.2</ele>
              <time>2026-08-15T08:52:57Z</time>
              <extensions>
                <gpxtpx:TrackPointExtension>
                  <gpxtpx:hr>142</gpxtpx:hr>
                </gpxtpx:TrackPointExtension>
              </extensions>
      </trkpt>
      <trkpt lat="22.688956428319216" lon="113.89195214956999">
              <ele>56.4</ele>
              <time>2026-08-15T08:53:10Z</time>
              <extensions>
                <gpxtpx:TrackPointExtension>
                  <gpxtpx:hr>140</gpxtpx:hr>
                </gpxtpx:TrackPointExtension>
              </extensions>
      </trkpt>
      <trkpt lat="22.690032916143537" lon="113.89190630055964">
              <ele>53.8</ele>
              <time>2026-08-15T08:53:27Z</time>
              <extensions>
                <gpxtpx:TrackPointExtension>
                  <gpxtpx:hr>145</gpxtpx:hr>
                </gpxtpx:TrackPointExtension>
              </extensions>
      </trkpt>
      <trkpt lat="22.691084425896406" lon="113.8919461145997">
              <ele>51.8</ele>
              <time>2026-08-15T08:53:40Z</time>
              <extensions>
                <gpxtpx:TrackPointExtension>
                  <gpxtpx:hr>144</gpxtpx:hr>
                </gpxtpx:TrackPointExtension>
              </extensions>
      </trkpt>
      <trkpt lat="22.692156974226236" lon="113.89188853092492">
              <ele>49.4</ele>
              <time>2026-08-15T08:53:54Z</time>
              <extensions>
                <gpxtpx:TrackPointExtension>
                  <gpxtpx:hr>145</gpxtpx:hr>
                </gpxtpx:TrackPointExtension>
              </extensions>
      </trkpt>
      <trkpt lat="22.692677322775126" lon="113.89174712821841">
              <ele>48</ele>
              <time>2026-08-15T08:54:02Z</time>
              <extensions>
                <gpxtpx:TrackPointExtension>
                  <gpxtpx:hr>143</gpxtpx:hr>
                </gpxtpx:TrackPointExtension>
              </extensions>
      </trkpt>
      <trkpt lat="22.69295065663755" lon="113.89149516820908">
              <ele>46.8</ele>
              <time>2026-08-15T08:54:08Z</time>
              <extensions>
                <gpxtpx:TrackPointExtension>
                  <gpxtpx:hr>144</gpxtpx:hr>
                </gpxtpx:TrackPointExtension>
              </extensions>
      </trkpt>
      <trkpt lat="22.692806823179126" lon="113.89103081077337">
              <ele>47.2</ele>
              <time>2026-08-15T08:54:16Z</time>
              <extensions>
                <gpxtpx:TrackPointExtension>
                  <gpxtpx:hr>144</gpxtpx:hr>
                </gpxtpx:TrackPointExtension>
              </extensions>
      </trkpt>
      <trkpt lat="22.69232528284192" lon="113.89050266705453">
              <ele>49</ele>
              <time>2026-08-15T08:54:31Z</time>
              <extensions>
                <gpxtpx:TrackPointExtension>
                  <gpxtpx:hr>147</gpxtpx:hr>
                </gpxtpx:TrackPointExtension>
              </extensions>
      </trkpt>
      <trkpt lat="22.691836701706052" lon="113.89005121774971">
              <ele>50.2</ele>
              <time>2026-08-15T08:54:47Z</time>
              <extensions>
                <gpxtpx:TrackPointExtension>
                  <gpxtpx:hr>149</gpxtpx:hr>
                </gpxtpx:TrackPointExtension>
              </extensions>
      </trkpt>
      <trkpt lat="22.691425317898393" lon="113.88984720222652">
              <ele>51.6</ele>
              <time>2026-08-15T08:55:02Z</time>
              <extensions>
                <gpxtpx:TrackPointExtension>
                  <gpxtpx:hr>145</gpxtpx:hr>
                </gpxtpx:TrackPointExtension>
              </extensions>
      </trkpt>
      <trkpt lat="22.691179728135467" lon="113.88952081091702">
              <ele>50.6</ele>
              <time>2026-08-15T08:55:13Z</time>
              <extensions>
                <gpxtpx:TrackPointExtension>
                  <gpxtpx:hr>144</gpxtpx:hr>
                </gpxtpx:TrackPointExtension>
              </extensions>
      </trkpt>
      <trkpt lat="22.690878733992577" lon="113.88949600048363">
              <ele>51.6</ele>
              <time>2026-08-15T08:55:21Z</time>
              <extensions>
                <gpxtpx:TrackPointExtension>
                  <gpxtpx:hr>140</gpxtpx:hr>
                </gpxtpx:TrackPointExtension>
              </extensions>
      </trkpt>
      <trkpt lat="22.690760800614953" lon="113.88933875598013">
              <ele>52.6</ele>
              <time>2026-08-15T08:55:26Z</time>
              <extensions>
                <gpxtpx:TrackPointExtension>
                  <gpxtpx:hr>139</gpxtpx:hr>
                </gpxtpx:TrackPointExtension>
              </extensions>
      </trkpt>
      <trkpt lat="22.690972024574876" lon="113.88889510184526">
              <ele>53.2</ele>
              <time>2026-08-15T08:55:39Z</time>
              <extensions>
                <gpxtpx:TrackPointExtension>
                  <gpxtpx:hr>141</gpxtpx:hr>
                </gpxtpx:TrackPointExtension>
              </extensions>
      </trkpt>
      <trkpt lat="22.69106363877654" lon="113.88838632032275">
              <ele>54.2</ele>
              <time>2026-08-15T08:55:53Z</time>
              <extensions>
                <gpxtpx:TrackPointExtension>
                  <gpxtpx:hr>140</gpxtpx:hr>
                </gpxtpx:TrackPointExtension>
              </extensions>
      </trkpt>
      <trkpt lat="22.691137483343482" lon="113.88794241473079">
              <ele>56</ele>
              <time>2026-08-15T08:56:07Z</time>
              <extensions>
                <gpxtpx:TrackPointExtension>
                  <gpxtpx:hr>140</gpxtpx:hr>
                </gpxtpx:TrackPointExtension>
              </extensions>
      </trkpt>
      <trkpt lat="22.691157096996903" lon="113.88765122741461">
              <ele>58</ele>
              <time>2026-08-15T08:56:24Z</time>
              <extensions>
                <gpxtpx:TrackPointExtension>
                  <gpxtpx:hr>142</gpxtpx:hr>
                </gpxtpx:TrackPointExtension>
              </extensions>
      </trkpt>
      <trkpt lat="22.69104260019958" lon="113.88746565207839">
              <ele>59.2</ele>
              <time>2026-08-15T08:56:35Z</time>
              <extensions>
                <gpxtpx:TrackPointExtension>
                  <gpxtpx:hr>138</gpxtpx:hr>
                </gpxtpx:TrackPointExtension>
              </extensions>
      </trkpt>
      <trkpt lat="22.690865993499756" lon="113.88738317415118">
              <ele>61.4</ele>
              <time>2026-08-15T08:56:52Z</time>
              <extensions>
                <gpxtpx:TrackPointExtension>
                  <gpxtpx:hr>140</gpxtpx:hr>
                </gpxtpx:TrackPointExtension>
              </extensions>
      </trkpt>
      <trkpt lat="22.690693996846676" lon="113.88728820718825">
              <ele>63.4</ele>
              <time>2026-08-15T08:57:09Z</time>
              <extensions>
                <gpxtpx:TrackPointExtension>
                  <gpxtpx:hr>139</gpxtpx:hr>
                </gpxtpx:TrackPointExtension>
              </extensions>
      </trkpt>
      <trkpt lat="22.690644124522805" lon="113.88723297044635">
              <ele>64.2</ele>
              <time>2026-08-15T08:57:19Z</time>
              <extensions>
                <gpxtpx:TrackPointExtension>
                  <gpxtpx:hr>136</gpxtpx:hr>
                </gpxtpx:TrackPointExtension>
              </extensions>
      </trkpt>
      <trkpt lat="22.690728027373552" lon="113.88709860853851">
              <ele>65.2</ele>
              <time>2026-08-15T08:57:30Z</time>
              <extensions>
                <gpxtpx:TrackPointExtension>
                  <gpxtpx:hr>135</gpxtpx:hr>
                </gpxtpx:TrackPointExtension>
              </extensions>
      </trkpt>
      <trkpt lat="22.690813606604934" lon="113.88709609396756">
              <ele>65.6</ele>
              <time>2026-08-15T08:58:01Z</time>
              <extensions>
                <gpxtpx:TrackPointExtension>
                  <gpxtpx:hr>137</gpxtpx:hr>
                </gpxtpx:TrackPointExtension>
              </extensions>
      </trkpt>
      <trkpt lat="22.691274862736464" lon="113.8872167095542">
              <ele>65.4</ele>
              <time>2026-08-15T08:58:18Z</time>
              <extensions>
                <gpxtpx:TrackPointExtension>
                  <gpxtpx:hr>137</gpxtpx:hr>
                </gpxtpx:TrackPointExtension>
              </extensions>
      </trkpt>
      <trkpt lat="22.691711224615574" lon="113.88739231042564">
              <ele>65.6</ele>
              <time>2026-08-15T08:58:33Z</time>
              <extensions>
                <gpxtpx:TrackPointExtension>
                  <gpxtpx:hr>134</gpxtpx:hr>
                </gpxtpx:TrackPointExtension>
              </extensions>
      </trkpt>
      <trkpt lat="22.69218689762056" lon="113.88757185079157">
              <ele>65.6</ele>
              <time>2026-08-15T08:58:50Z</time>
              <extensions>
                <gpxtpx:TrackPointExtension>
                  <gpxtpx:hr>137</gpxtpx:hr>
                </gpxtpx:TrackPointExtension>
              </extensions>
      </trkpt>
      <trkpt lat="22.69256508909166" lon="113.88779380358756">
              <ele>66.4</ele>
              <time>2026-08-15T08:59:03Z</time>
              <extensions>
                <gpxtpx:TrackPointExtension>
                  <gpxtpx:hr>134</gpxtpx:hr>
                </gpxtpx:TrackPointExtension>
              </extensions>
      </trkpt>
      <trkpt lat="22.692944621667266" lon="113.8880455121398">
              <ele>67</ele>
              <time>2026-08-15T08:59:16Z</time>
              <extensions>
                <gpxtpx:TrackPointExtension>
                  <gpxtpx:hr>135</gpxtpx:hr>
                </gpxtpx:TrackPointExtension>
              </extensions>
      </trkpt>
      <trkpt lat="22.693434795364738" lon="113.88814098201692">
              <ele>67.8</ele>
              <time>2026-08-15T08:59:32Z</time>
              <extensions>
                <gpxtpx:TrackPointExtension>
                  <gpxtpx:hr>138</gpxtpx:hr>
                </gpxtpx:TrackPointExtension>
              </extensions>
      </trkpt>
      <trkpt lat="22.69389378838241" lon="113.8882994838059">
              <ele>68.6</ele>
              <time>2026-08-15T08:59:47Z</time>
              <extensions>
                <gpxtpx:TrackPointExtension>
                  <gpxtpx:hr>135</gpxtpx:hr>
                </gpxtpx:TrackPointExtension>
              </extensions>
      </trkpt>
      <trkpt lat="22.694348003715277" lon="113.88840182684362">
              <ele>69.6</ele>
              <time>2026-08-15T09:00:04Z</time>
              <extensions>
                <gpxtpx:TrackPointExtension>
                  <gpxtpx:hr>139</gpxtpx:hr>
                </gpxtpx:TrackPointExtension>
              </extensions>
      </trkpt>
      <trkpt lat="22.694843038916588" lon="113.88842638581991">
              <ele>70</ele>
              <time>2026-08-15T09:00:19Z</time>
              <extensions>
                <gpxtpx:TrackPointExtension>
                  <gpxtpx:hr>136</gpxtpx:hr>
                </gpxtpx:TrackPointExtension>
              </extensions>
      </trkpt>
      <trkpt lat="22.695135064423084" lon="113.88840920291841">
              <ele>69.2</ele>
              <time>2026-08-15T09:00:26Z</time>
              <extensions>
                <gpxtpx:TrackPointExtension>
                  <gpxtpx:hr>133</gpxtpx:hr>
                </gpxtpx:TrackPointExtension>
              </extensions>
      </trkpt>
      <trkpt lat="22.69546279683709" lon="113.88896710239351">
              <ele>67</ele>
              <time>2026-08-15T09:00:37Z</time>
              <extensions>
                <gpxtpx:TrackPointExtension>
                  <gpxtpx:hr>137</gpxtpx:hr>
                </gpxtpx:TrackPointExtension>
              </extensions>
      </trkpt>
      <trkpt lat="22.696025473996997" lon="113.89005071483552">
              <ele>61</ele>
              <time>2026-08-15T09:00:52Z</time>
              <extensions>
                <gpxtpx:TrackPointExtension>
                  <gpxtpx:hr>139</gpxtpx:hr>
                </gpxtpx:TrackPointExtension>
              </extensions>
      </trkpt>
      <trkpt lat="22.69639461301267" lon="113.89071816578507">
              <ele>56.8</ele>
              <time>2026-08-15T09:01:02Z</time>
              <extensions>
                <gpxtpx:TrackPointExtension>
                  <gpxtpx:hr>141</gpxtpx:hr>
                </gpxtpx:TrackPointExtension>
              </extensions>
      </trkpt>
      <trkpt lat="22.696533417329192" lon="113.89095394872129">
              <ele>55.4</ele>
              <time>2026-08-15T09:01:05Z</time>
              <extensions>
                <gpxtpx:TrackPointExtension>
                  <gpxtpx:hr>139</gpxtpx:hr>
                </gpxtpx:TrackPointExtension>
              </extensions>
      </trkpt>
      <trkpt lat="22.69663047976792" lon="113.89111421070993">
              <ele>54.6</ele>
              <time>2026-08-15T09:01:08Z</time>
              <extensions>
                <gpxtpx:TrackPointExtension>
                  <gpxtpx:hr>140</gpxtpx:hr>
                </gpxtpx:TrackPointExtension>
              </extensions>
      </trkpt>
      <trkpt lat="22.697400776669383" lon="113.89230150729418">
              <ele>49.2</ele>
              <time>2026-08-15T09:01:23Z</time>
              <extensions>
                <gpxtpx:TrackPointExtension>
                  <gpxtpx:hr>147</gpxtpx:hr>
                </gpxtpx:TrackPointExtension>
              </extensions>
      </trkpt>
      <trkpt lat="22.698034113273025" lon="113.89315822161734">
              <ele>48.4</ele>
              <time>2026-08-15T09:01:39Z</time>
              <extensions>
                <gpxtpx:TrackPointExtension>
                  <gpxtpx:hr>149</gpxtpx:hr>
                </gpxtpx:TrackPointExtension>
              </extensions>
      </trkpt>
      <trkpt lat="22.69853719510138" lon="113.89378770254552">
              <ele>49</ele>
              <time>2026-08-15T09:01:55Z</time>
              <extensions>
                <gpxtpx:TrackPointExtension>
                  <gpxtpx:hr>153</gpxtpx:hr>
                </gpxtpx:TrackPointExtension>
              </extensions>
      </trkpt>
      <trkpt lat="22.699025021865964" lon="113.89435549266636">
              <ele>49.8</ele>
              <time>2026-08-15T09:02:11Z</time>
              <extensions>
                <gpxtpx:TrackPointExtension>
                  <gpxtpx:hr>152</gpxtpx:hr>
                </gpxtpx:TrackPointExtension>
              </extensions>
      </trkpt>
      <trkpt lat="22.699373876675963" lon="113.89468666166067">
              <ele>50.2</ele>
              <time>2026-08-15T09:02:28Z</time>
              <extensions>
                <gpxtpx:TrackPointExtension>
                  <gpxtpx:hr>151</gpxtpx:hr>
                </gpxtpx:TrackPointExtension>
              </extensions>
      </trkpt>
      <trkpt lat="22.69976899959147" lon="113.8951357640326">
              <ele>50.8</ele>
              <time>2026-08-15T09:02:43Z</time>
              <extensions>
                <gpxtpx:TrackPointExtension>
                  <gpxtpx:hr>146</gpxtpx:hr>
                </gpxtpx:TrackPointExtension>
              </extensions>
      </trkpt>
      <trkpt lat="22.700118524953723" lon="113.89553876593709">
              <ele>51</ele>
              <time>2026-08-15T09:02:59Z</time>
              <extensions>
                <gpxtpx:TrackPointExtension>
                  <gpxtpx:hr>147</gpxtpx:hr>
                </gpxtpx:TrackPointExtension>
              </extensions>
      </trkpt>
      <trkpt lat="22.700325222685933" lon="113.8959182985127">
              <ele>50</ele>
              <time>2026-08-15T09:03:07Z</time>
              <extensions>
                <gpxtpx:TrackPointExtension>
                  <gpxtpx:hr>141</gpxtpx:hr>
                </gpxtpx:TrackPointExtension>
              </extensions>
      </trkpt>
      <trkpt lat="22.70097741857171" lon="113.89650092460215">
              <ele>48.8</ele>
              <time>2026-08-15T09:03:23Z</time>
              <extensions>
                <gpxtpx:TrackPointExtension>
                  <gpxtpx:hr>145</gpxtpx:hr>
                </gpxtpx:TrackPointExtension>
              </extensions>
      </trkpt>
      <trkpt lat="22.701453510671854" lon="113.89695840887725">
              <ele>48</ele>
              <time>2026-08-15T09:03:34Z</time>
              <extensions>
                <gpxtpx:TrackPointExtension>
                  <gpxtpx:hr>145</gpxtpx:hr>
                </gpxtpx:TrackPointExtension>
              </extensions>
      </trkpt>
      <trkpt lat="22.701935721561313" lon="113.89773859642446">
              <ele>48</ele>
              <time>2026-08-15T09:03:49Z</time>
              <extensions>
                <gpxtpx:TrackPointExtension>
                  <gpxtpx:hr>146</gpxtpx:hr>
                </gpxtpx:TrackPointExtension>
              </extensions>
      </trkpt>
      <trkpt lat="22.702684812247753" lon="113.89857309870422">
              <ele>46.2</ele>
              <time>2026-08-15T09:04:06Z</time>
              <extensions>
                <gpxtpx:TrackPointExtension>
                  <gpxtpx:hr>150</gpxtpx:hr>
                </gpxtpx:TrackPointExtension>
              </extensions>
      </trkpt>
      <trkpt lat="22.703288225457072" lon="113.89897031709552">
              <ele>45.2</ele>
              <time>2026-08-15T09:04:16Z</time>
              <extensions>
                <gpxtpx:TrackPointExtension>
                  <gpxtpx:hr>148</gpxtpx:hr>
                </gpxtpx:TrackPointExtension>
              </extensions>
      </trkpt>
      <trkpt lat="22.70382416434586" lon="113.89900350943208">
              <ele>45.2</ele>
              <time>2026-08-15T09:04:26Z</time>
              <extensions>
                <gpxtpx:TrackPointExtension>
                  <gpxtpx:hr>148</gpxtpx:hr>
                </gpxtpx:TrackPointExtension>
              </extensions>
      </trkpt>
      <trkpt lat="22.704285085201263" lon="113.89886210672557">
              <ele>46.2</ele>
              <time>2026-08-15T09:04:38Z</time>
              <extensions>
                <gpxtpx:TrackPointExtension>
                  <gpxtpx:hr>148</gpxtpx:hr>
                </gpxtpx:TrackPointExtension>
              </extensions>
      </trkpt>
      <trkpt lat="22.70454970188439" lon="113.89888775534928">
              <ele>46.2</ele>
              <time>2026-08-15T09:04:45Z</time>
              <extensions>
                <gpxtpx:TrackPointExtension>
                  <gpxtpx:hr>145</gpxtpx:hr>
                </gpxtpx:TrackPointExtension>
              </extensions>
      </trkpt>
      <trkpt lat="22.705166274681687" lon="113.89922546222806">
              <ele>45.8</ele>
              <time>2026-08-15T09:05:00Z</time>
              <extensions>
                <gpxtpx:TrackPointExtension>
                  <gpxtpx:hr>147</gpxtpx:hr>
                </gpxtpx:TrackPointExtension>
              </extensions>
      </trkpt>
      <trkpt lat="22.70562811754644" lon="113.8994409609586">
              <ele>45.8</ele>
              <time>2026-08-15T09:05:12Z</time>
              <extensions>
                <gpxtpx:TrackPointExtension>
                  <gpxtpx:hr>147</gpxtpx:hr>
                </gpxtpx:TrackPointExtension>
              </extensions>
      </trkpt>
      <trkpt lat="22.7062242385" lon="113.89937072061002">
              <ele>46.2</ele>
              <time>2026-08-15T09:05:26Z</time>
              <extensions>
                <gpxtpx:TrackPointExtension>
                  <gpxtpx:hr>146</gpxtpx:hr>
                </gpxtpx:TrackPointExtension>
              </extensions>
      </trkpt>
      <trkpt lat="22.706563705578446" lon="113.89927675947547">
              <ele>46.8</ele>
              <time>2026-08-15T09:05:37Z</time>
              <extensions>
                <gpxtpx:TrackPointExtension>
                  <gpxtpx:hr>145</gpxtpx:hr>
                </gpxtpx:TrackPointExtension>
              </extensions>
      </trkpt>
      <trkpt lat="22.707194359973073" lon="113.89911180362105">
              <ele>46.6</ele>
              <time>2026-08-15T09:05:54Z</time>
              <extensions>
                <gpxtpx:TrackPointExtension>
                  <gpxtpx:hr>147</gpxtpx:hr>
                </gpxtpx:TrackPointExtension>
              </extensions>
      </trkpt>
      <trkpt lat="22.70782266743481" lon="113.89909009449184">
              <ele>46.8</ele>
              <time>2026-08-15T09:06:09Z</time>
              <extensions>
                <gpxtpx:TrackPointExtension>
                  <gpxtpx:hr>143</gpxtpx:hr>
                </gpxtpx:TrackPointExtension>
              </extensions>
      </trkpt>
      <trkpt lat="22.70846857689321" lon="113.89926049858332">
              <ele>46.8</ele>
              <time>2026-08-15T09:06:25Z</time>
              <extensions>
                <gpxtpx:TrackPointExtension>
                  <gpxtpx:hr>146</gpxtpx:hr>
                </gpxtpx:TrackPointExtension>
              </extensions>
      </trkpt>
      <trkpt lat="22.708990518003702" lon="113.8994837924838">
              <ele>46.2</ele>
              <time>2026-08-15T09:06:38Z</time>
              <extensions>
                <gpxtpx:TrackPointExtension>
                  <gpxtpx:hr>142</gpxtpx:hr>
                </gpxtpx:TrackPointExtension>
              </extensions>
      </trkpt>
      <trkpt lat="22.709405086934566" lon="113.90000539831817">
              <ele>42.6</ele>
              <time>2026-08-15T09:06:50Z</time>
              <extensions>
                <gpxtpx:TrackPointExtension>
                  <gpxtpx:hr>142</gpxtpx:hr>
                </gpxtpx:TrackPointExtension>
              </extensions>
      </trkpt>
      <trkpt lat="22.709664506837726" lon="113.90056698583066">
              <ele>38.8</ele>
              <time>2026-08-15T09:07:02Z</time>
              <extensions>
                <gpxtpx:TrackPointExtension>
                  <gpxtpx:hr>143</gpxtpx:hr>
                </gpxtpx:TrackPointExtension>
              </extensions>
      </trkpt>
      <trkpt lat="22.709987880662084" lon="113.90129051171243">
              <ele>35.4</ele>
              <time>2026-08-15T09:07:16Z</time>
              <extensions>
                <gpxtpx:TrackPointExtension>
                  <gpxtpx:hr>143</gpxtpx:hr>
                </gpxtpx:TrackPointExtension>
              </extensions>
      </trkpt>
      <trkpt lat="22.710079662501812" lon="113.90202820301056">
              <ele>33.8</ele>
              <time>2026-08-15T09:07:31Z</time>
              <extensions>
                <gpxtpx:TrackPointExtension>
                  <gpxtpx:hr>143</gpxtpx:hr>
                </gpxtpx:TrackPointExtension>
              </extensions>
      </trkpt>
      <trkpt lat="22.710159961134195" lon="113.9025373198092">
              <ele>32.8</ele>
              <time>2026-08-15T09:07:48Z</time>
              <extensions>
                <gpxtpx:TrackPointExtension>
                  <gpxtpx:hr>145</gpxtpx:hr>
                </gpxtpx:TrackPointExtension>
              </extensions>
      </trkpt>
      <trkpt lat="22.710235062986612" lon="113.90309580601752">
              <ele>32.2</ele>
              <time>2026-08-15T09:08:03Z</time>
              <extensions>
                <gpxtpx:TrackPointExtension>
                  <gpxtpx:hr>141</gpxtpx:hr>
                </gpxtpx:TrackPointExtension>
              </extensions>
      </trkpt>
      <trkpt lat="22.710310416296124" lon="113.90363006852567">
              <ele>32</ele>
              <time>2026-08-15T09:08:20Z</time>
              <extensions>
                <gpxtpx:TrackPointExtension>
                  <gpxtpx:hr>142</gpxtpx:hr>
                </gpxtpx:TrackPointExtension>
              </extensions>
      </trkpt>
      <trkpt lat="22.71036012098193" lon="113.90406416729093">
              <ele>32</ele>
              <time>2026-08-15T09:08:35Z</time>
              <extensions>
                <gpxtpx:TrackPointExtension>
                  <gpxtpx:hr>138</gpxtpx:hr>
                </gpxtpx:TrackPointExtension>
              </extensions>
      </trkpt>
      <trkpt lat="22.710417872294784" lon="113.90454445034266">
              <ele>32.2</ele>
              <time>2026-08-15T09:08:51Z</time>
              <extensions>
                <gpxtpx:TrackPointExtension>
                  <gpxtpx:hr>137</gpxtpx:hr>
                </gpxtpx:TrackPointExtension>
              </extensions>
      </trkpt>
      <trkpt lat="22.71028962917626" lon="113.9050067961216">
              <ele>35</ele>
              <time>2026-08-15T09:09:07Z</time>
              <extensions>
                <gpxtpx:TrackPointExtension>
                  <gpxtpx:hr>137</gpxtpx:hr>
                </gpxtpx:TrackPointExtension>
              </extensions>
      </trkpt>
      <trkpt lat="22.710058707743883" lon="113.90523470006883">
              <ele>36.4</ele>
              <time>2026-08-15T09:09:19Z</time>
              <extensions>
                <gpxtpx:TrackPointExtension>
                  <gpxtpx:hr>137</gpxtpx:hr>
                </gpxtpx:TrackPointExtension>
              </extensions>
      </trkpt>
      <trkpt lat="22.70981370471418" lon="113.90545992180705">
              <ele>37.8</ele>
              <time>2026-08-15T09:09:36Z</time>
              <extensions>
                <gpxtpx:TrackPointExtension>
                  <gpxtpx:hr>140</gpxtpx:hr>
                </gpxtpx:TrackPointExtension>
              </extensions>
      </trkpt>
      <trkpt lat="22.709560319781303" lon="113.90572470612824">
              <ele>39.4</ele>
              <time>2026-08-15T09:09:51Z</time>
              <extensions>
                <gpxtpx:TrackPointExtension>
                  <gpxtpx:hr>136</gpxtpx:hr>
                </gpxtpx:TrackPointExtension>
              </extensions>
      </trkpt>
      <trkpt lat="22.709360495209694" lon="113.90595906414092">
              <ele>40.8</ele>
              <time>2026-08-15T09:10:08Z</time>
              <extensions>
                <gpxtpx:TrackPointExtension>
                  <gpxtpx:hr>139</gpxtpx:hr>
                </gpxtpx:TrackPointExtension>
              </extensions>
      </trkpt>
      <trkpt lat="22.709159832447767" lon="113.90617372468114">
              <ele>42</ele>
              <time>2026-08-15T09:10:23Z</time>
              <extensions>
                <gpxtpx:TrackPointExtension>
                  <gpxtpx:hr>136</gpxtpx:hr>
                </gpxtpx:TrackPointExtension>
              </extensions>
      </trkpt>
      <trkpt lat="22.708900664001703" lon="113.90647379681468">
              <ele>43.2</ele>
              <time>2026-08-15T09:10:39Z</time>
              <extensions>
                <gpxtpx:TrackPointExtension>
                  <gpxtpx:hr>135</gpxtpx:hr>
                </gpxtpx:TrackPointExtension>
              </extensions>
      </trkpt>
      <trkpt lat="22.70869178697467" lon="113.9068094920367">
              <ele>44.2</ele>
              <time>2026-08-15T09:10:55Z</time>
              <extensions>
                <gpxtpx:TrackPointExtension>
                  <gpxtpx:hr>135</gpxtpx:hr>
                </gpxtpx:TrackPointExtension>
              </extensions>
      </trkpt>
      <trkpt lat="22.708469331264496" lon="113.90719681978226">
              <ele>44.8</ele>
              <time>2026-08-15T09:11:09Z</time>
              <extensions>
                <gpxtpx:TrackPointExtension>
                  <gpxtpx:hr>135</gpxtpx:hr>
                </gpxtpx:TrackPointExtension>
              </extensions>
      </trkpt>
      <trkpt lat="22.708258274942636" lon="113.90766385942698">
              <ele>45.4</ele>
              <time>2026-08-15T09:11:26Z</time>
              <extensions>
                <gpxtpx:TrackPointExtension>
                  <gpxtpx:hr>138</gpxtpx:hr>
                </gpxtpx:TrackPointExtension>
              </extensions>
      </trkpt>
      <trkpt lat="22.70802098326385" lon="113.90822075307369">
              <ele>46</ele>
              <time>2026-08-15T09:11:41Z</time>
              <extensions>
                <gpxtpx:TrackPointExtension>
                  <gpxtpx:hr>135</gpxtpx:hr>
                </gpxtpx:TrackPointExtension>
              </extensions>
      </trkpt>
      <trkpt lat="22.70780162885785" lon="113.90882290899754">
              <ele>46</ele>
              <time>2026-08-15T09:11:58Z</time>
              <extensions>
                <gpxtpx:TrackPointExtension>
                  <gpxtpx:hr>139</gpxtpx:hr>
                </gpxtpx:TrackPointExtension>
              </extensions>
      </trkpt>
      <trkpt lat="22.707566181197762" lon="113.90946437604725">
              <ele>46.2</ele>
              <time>2026-08-15T09:12:13Z</time>
              <extensions>
                <gpxtpx:TrackPointExtension>
                  <gpxtpx:hr>137</gpxtpx:hr>
                </gpxtpx:TrackPointExtension>
              </extensions>
      </trkpt>
      <trkpt lat="22.70735797472298" lon="113.91014490276575">
              <ele>46.2</ele>
              <time>2026-08-15T09:12:29Z</time>
              <extensions>
                <gpxtpx:TrackPointExtension>
                  <gpxtpx:hr>137</gpxtpx:hr>
                </gpxtpx:TrackPointExtension>
              </extensions>
      </trkpt>
      <trkpt lat="22.707103164866567" lon="113.91084177419543">
              <ele>46.4</ele>
              <time>2026-08-15T09:12:44Z</time>
              <extensions>
                <gpxtpx:TrackPointExtension>
                  <gpxtpx:hr>138</gpxtpx:hr>
                </gpxtpx:TrackPointExtension>
              </extensions>
      </trkpt>
      <trkpt lat="22.706755818799138" lon="113.91153931617737">
              <ele>46.6</ele>
              <time>2026-08-15T09:12:59Z</time>
              <extensions>
                <gpxtpx:TrackPointExtension>
                  <gpxtpx:hr>139</gpxtpx:hr>
                </gpxtpx:TrackPointExtension>
              </extensions>
      </trkpt>
      <trkpt lat="22.7063225582242" lon="113.91212470829487">
              <ele>46.8</ele>
              <time>2026-08-15T09:13:15Z</time>
              <extensions>
                <gpxtpx:TrackPointExtension>
                  <gpxtpx:hr>140</gpxtpx:hr>
                </gpxtpx:TrackPointExtension>
              </extensions>
      </trkpt>
      <trkpt lat="22.705796929076314" lon="113.91263340599835">
              <ele>47.2</ele>
              <time>2026-08-15T09:13:31Z</time>
              <extensions>
                <gpxtpx:TrackPointExtension>
                  <gpxtpx:hr>140</gpxtpx:hr>
                </gpxtpx:TrackPointExtension>
              </extensions>
      </trkpt>
      <trkpt lat="22.7052588108927" lon="113.91300732269883">
              <ele>47.6</ele>
              <time>2026-08-15T09:13:48Z</time>
              <extensions>
                <gpxtpx:TrackPointExtension>
                  <gpxtpx:hr>143</gpxtpx:hr>
                </gpxtpx:TrackPointExtension>
              </extensions>
      </trkpt>
      <trkpt lat="22.704721866175532" lon="113.91330052167177">
              <ele>48.2</ele>
              <time>2026-08-15T09:14:03Z</time>
              <extensions>
                <gpxtpx:TrackPointExtension>
                  <gpxtpx:hr>140</gpxtpx:hr>
                </gpxtpx:TrackPointExtension>
              </extensions>
      </trkpt>
      <trkpt lat="22.70455121062696" lon="113.91330806538463">
              <ele>48.2</ele>
              <time>2026-08-15T09:14:10Z</time>
              <extensions>
                <gpxtpx:TrackPointExtension>
                  <gpxtpx:hr>136</gpxtpx:hr>
                </gpxtpx:TrackPointExtension>
              </extensions>
      </trkpt>
      <trkpt lat="22.704442078247666" lon="113.91271781176329">
              <ele>48.4</ele>
              <time>2026-08-15T09:14:25Z</time>
              <extensions>
                <gpxtpx:TrackPointExtension>
                  <gpxtpx:hr>139</gpxtpx:hr>
                </gpxtpx:TrackPointExtension>
              </extensions>
      </trkpt>
      <trkpt lat="22.704408885911107" lon="113.91223140992224">
              <ele>48.6</ele>
              <time>2026-08-15T09:14:37Z</time>
              <extensions>
                <gpxtpx:TrackPointExtension>
                  <gpxtpx:hr>138</gpxtpx:hr>
                </gpxtpx:TrackPointExtension>
              </extensions>
      </trkpt>
      <trkpt lat="22.70460007712245" lon="113.9117447566241">
              <ele>47.2</ele>
              <time>2026-08-15T09:14:47Z</time>
              <extensions>
                <gpxtpx:TrackPointExtension>
                  <gpxtpx:hr>138</gpxtpx:hr>
                </gpxtpx:TrackPointExtension>
              </extensions>
      </trkpt>
      <trkpt lat="22.704591192305088" lon="113.91132767312229">
              <ele>45.6</ele>
              <time>2026-08-15T09:14:54Z</time>
              <extensions>
                <gpxtpx:TrackPointExtension>
                  <gpxtpx:hr>136</gpxtpx:hr>
                </gpxtpx:TrackPointExtension>
              </extensions>
      </trkpt>
      <trkpt lat="22.704209480434656" lon="113.91086960211396">
              <ele>44.8</ele>
              <time>2026-08-15T09:15:03Z</time>
              <extensions>
                <gpxtpx:TrackPointExtension>
                  <gpxtpx:hr>136</gpxtpx:hr>
                </gpxtpx:TrackPointExtension>
              </extensions>
      </trkpt>
      <trkpt lat="22.70375769585371" lon="113.91037154942751">
              <ele>45.4</ele>
              <time>2026-08-15T09:15:17Z</time>
              <extensions>
                <gpxtpx:TrackPointExtension>
                  <gpxtpx:hr>139</gpxtpx:hr>
                </gpxtpx:TrackPointExtension>
              </extensions>
      </trkpt>
      <trkpt lat="22.703398866578937" lon="113.91035000793636">
              <ele>47</ele>
              <time>2026-08-15T09:15:29Z</time>
              <extensions>
                <gpxtpx:TrackPointExtension>
                  <gpxtpx:hr>139</gpxtpx:hr>
                </gpxtpx:TrackPointExtension>
              </extensions>
      </trkpt>
      <trkpt lat="22.70311815664172" lon="113.9104846213013">
              <ele>48.6</ele>
              <time>2026-08-15T09:15:39Z</time>
              <extensions>
                <gpxtpx:TrackPointExtension>
                  <gpxtpx:hr>138</gpxtpx:hr>
                </gpxtpx:TrackPointExtension>
              </extensions>
      </trkpt>
      <trkpt lat="22.702772403135896" lon="113.91034388914704">
              <ele>48</ele>
              <time>2026-08-15T09:15:55Z</time>
              <extensions>
                <gpxtpx:TrackPointExtension>
                  <gpxtpx:hr>141</gpxtpx:hr>
                </gpxtpx:TrackPointExtension>
              </extensions>
      </trkpt>
      <trkpt lat="22.702399995177984" lon="113.91008228994906">
              <ele>46.4</ele>
              <time>2026-08-15T09:16:05Z</time>
              <extensions>
                <gpxtpx:TrackPointExtension>
                  <gpxtpx:hr>138</gpxtpx:hr>
                </gpxtpx:TrackPointExtension>
              </extensions>
      </trkpt>
      <trkpt lat="22.701894734054804" lon="113.90996536239982">
              <ele>46.2</ele>
              <time>2026-08-15T09:16:16Z</time>
              <extensions>
                <gpxtpx:TrackPointExtension>
                  <gpxtpx:hr>138</gpxtpx:hr>
                </gpxtpx:TrackPointExtension>
              </extensions>
      </trkpt>
      <trkpt lat="22.701292410492897" lon="113.91004339791834">
              <ele>46</ele>
              <time>2026-08-15T09:16:30Z</time>
              <extensions>
                <gpxtpx:TrackPointExtension>
                  <gpxtpx:hr>139</gpxtpx:hr>
                </gpxtpx:TrackPointExtension>
              </extensions>
      </trkpt>
      <trkpt lat="22.70071498118341" lon="113.91008069738746">
              <ele>45.8</ele>
              <time>2026-08-15T09:16:43Z</time>
              <extensions>
                <gpxtpx:TrackPointExtension>
                  <gpxtpx:hr>139</gpxtpx:hr>
                </gpxtpx:TrackPointExtension>
              </extensions>
      </trkpt>
      <trkpt lat="22.700149789452553" lon="113.91018128022552">
              <ele>46.2</ele>
              <time>2026-08-15T09:16:57Z</time>
              <extensions>
                <gpxtpx:TrackPointExtension>
                  <gpxtpx:hr>139</gpxtpx:hr>
                </gpxtpx:TrackPointExtension>
              </extensions>
      </trkpt>
      <trkpt lat="22.700037388131022" lon="113.91009226441383">
              <ele>46</ele>
              <time>2026-08-15T09:17:01Z</time>
              <extensions>
                <gpxtpx:TrackPointExtension>
                  <gpxtpx:hr>136</gpxtpx:hr>
                </gpxtpx:TrackPointExtension>
              </extensions>
      </trkpt>
      <trkpt lat="22.6999625377357" lon="113.90952682122588">
              <ele>46.2</ele>
              <time>2026-08-15T09:17:16Z</time>
              <extensions>
                <gpxtpx:TrackPointExtension>
                  <gpxtpx:hr>139</gpxtpx:hr>
                </gpxtpx:TrackPointExtension>
              </extensions>
      </trkpt>
      <trkpt lat="22.69989657215774" lon="113.90920001082122">
              <ele>46</ele>
              <time>2026-08-15T09:17:23Z</time>
              <extensions>
                <gpxtpx:TrackPointExtension>
                  <gpxtpx:hr>137</gpxtpx:hr>
                </gpxtpx:TrackPointExtension>
              </extensions>
      </trkpt>
      <trkpt lat="22.700217934325337" lon="113.9088627230376">
              <ele>46</ele>
              <time>2026-08-15T09:17:32Z</time>
              <extensions>
                <gpxtpx:TrackPointExtension>
                  <gpxtpx:hr>140</gpxtpx:hr>
                </gpxtpx:TrackPointExtension>
              </extensions>
      </trkpt>
      <trkpt lat="22.7007551304996" lon="113.90843625180423">
              <ele>46</ele>
              <time>2026-08-15T09:17:47Z</time>
              <extensions>
                <gpxtpx:TrackPointExtension>
                  <gpxtpx:hr>140</gpxtpx:hr>
                </gpxtpx:TrackPointExtension>
              </extensions>
      </trkpt>
      <trkpt lat="22.70078882575035" lon="113.90827515162528">
              <ele>46.2</ele>
              <time>2026-08-15T09:17:52Z</time>
              <extensions>
                <gpxtpx:TrackPointExtension>
                  <gpxtpx:hr>138</gpxtpx:hr>
                </gpxtpx:TrackPointExtension>
              </extensions>
      </trkpt>
      <trkpt lat="22.700425889343023" lon="113.90791598707438">
              <ele>46.2</ele>
              <time>2026-08-15T09:18:02Z</time>
              <extensions>
                <gpxtpx:TrackPointExtension>
                  <gpxtpx:hr>141</gpxtpx:hr>
                </gpxtpx:TrackPointExtension>
              </extensions>
      </trkpt>
      <trkpt lat="22.699909899383783" lon="113.90737376175821">
              <ele>46.4</ele>
              <time>2026-08-15T09:18:18Z</time>
              <extensions>
                <gpxtpx:TrackPointExtension>
                  <gpxtpx:hr>144</gpxtpx:hr>
                </gpxtpx:TrackPointExtension>
              </extensions>
      </trkpt>
      <trkpt lat="22.699405308812857" lon="113.90685567632318">
              <ele>46.4</ele>
              <time>2026-08-15T09:18:35Z</time>
              <extensions>
                <gpxtpx:TrackPointExtension>
                  <gpxtpx:hr>145</gpxtpx:hr>
                </gpxtpx:TrackPointExtension>
              </extensions>
      </trkpt>
      <trkpt lat="22.698961403220892" lon="113.90641679987311">
              <ele>46.4</ele>
              <time>2026-08-15T09:18:48Z</time>
              <extensions>
                <gpxtpx:TrackPointExtension>
                  <gpxtpx:hr>141</gpxtpx:hr>
                </gpxtpx:TrackPointExtension>
              </extensions>
      </trkpt>
      <trkpt lat="22.698787562549114" lon="113.90648460946977">
              <ele>46.4</ele>
              <time>2026-08-15T09:18:54Z</time>
              <extensions>
                <gpxtpx:TrackPointExtension>
                  <gpxtpx:hr>138</gpxtpx:hr>
                </gpxtpx:TrackPointExtension>
              </extensions>
      </trkpt>
      <trkpt lat="22.698305938392878" lon="113.90685651451349">
              <ele>45.8</ele>
              <time>2026-08-15T09:19:10Z</time>
              <extensions>
                <gpxtpx:TrackPointExtension>
                  <gpxtpx:hr>144</gpxtpx:hr>
                </gpxtpx:TrackPointExtension>
              </extensions>
      </trkpt>
      <trkpt lat="22.697699004784226" lon="113.90729539096355">
              <ele>45.4</ele>
              <time>2026-08-15T09:19:25Z</time>
              <extensions>
                <gpxtpx:TrackPointExtension>
                  <gpxtpx:hr>141</gpxtpx:hr>
                </gpxtpx:TrackPointExtension>
              </extensions>
      </trkpt>
      <trkpt lat="22.697196006774902" lon="113.90783325769007">
              <ele>45.2</ele>
              <time>2026-08-15T09:19:41Z</time>
              <extensions>
                <gpxtpx:TrackPointExtension>
                  <gpxtpx:hr>144</gpxtpx:hr>
                </gpxtpx:TrackPointExtension>
              </extensions>
      </trkpt>
      <trkpt lat="22.696656798943877" lon="113.90838227234781">
              <ele>44.8</ele>
              <time>2026-08-15T09:19:56Z</time>
              <extensions>
                <gpxtpx:TrackPointExtension>
                  <gpxtpx:hr>141</gpxtpx:hr>
                </gpxtpx:TrackPointExtension>
              </extensions>
      </trkpt>
      <trkpt lat="22.69614877179265" lon="113.90873657539487">
              <ele>44.6</ele>
              <time>2026-08-15T09:20:10Z</time>
              <extensions>
                <gpxtpx:TrackPointExtension>
                  <gpxtpx:hr>141</gpxtpx:hr>
                </gpxtpx:TrackPointExtension>
              </extensions>
      </trkpt>
      <trkpt lat="22.69550621509552" lon="113.90890387818217">
              <ele>45</ele>
              <time>2026-08-15T09:20:26Z</time>
              <extensions>
                <gpxtpx:TrackPointExtension>
                  <gpxtpx:hr>144</gpxtpx:hr>
                </gpxtpx:TrackPointExtension>
              </extensions>
      </trkpt>
      <trkpt lat="22.694873800501227" lon="113.90909976325929">
              <ele>45.4</ele>
              <time>2026-08-15T09:20:41Z</time>
              <extensions>
                <gpxtpx:TrackPointExtension>
                  <gpxtpx:hr>141</gpxtpx:hr>
                </gpxtpx:TrackPointExtension>
              </extensions>
      </trkpt>
      <trkpt lat="22.694203332066536" lon="113.90941961668432">
              <ele>45.8</ele>
              <time>2026-08-15T09:20:58Z</time>
              <extensions>
                <gpxtpx:TrackPointExtension>
                  <gpxtpx:hr>145</gpxtpx:hr>
                </gpxtpx:TrackPointExtension>
              </extensions>
      </trkpt>
      <trkpt lat="22.693573934957385" lon="113.90958432108164">
              <ele>46.4</ele>
              <time>2026-08-15T09:21:13Z</time>
              <extensions>
                <gpxtpx:TrackPointExtension>
                  <gpxtpx:hr>142</gpxtpx:hr>
                </gpxtpx:TrackPointExtension>
              </extensions>
      </trkpt>
      <trkpt lat="22.693308731541038" lon="113.90976930968463">
              <ele>47.2</ele>
              <time>2026-08-15T09:21:22Z</time>
              <extensions>
                <gpxtpx:TrackPointExtension>
                  <gpxtpx:hr>139</gpxtpx:hr>
                </gpxtpx:TrackPointExtension>
              </extensions>
      </trkpt>
      <trkpt lat="22.693242179229856" lon="113.9103527739644">
              <ele>47.2</ele>
              <time>2026-08-15T09:21:36Z</time>
              <extensions>
                <gpxtpx:TrackPointExtension>
                  <gpxtpx:hr>142</gpxtpx:hr>
                </gpxtpx:TrackPointExtension>
              </extensions>
      </trkpt>
      <trkpt lat="22.693181661888957" lon="113.9109902177006">
              <ele>47.6</ele>
              <time>2026-08-15T09:21:51Z</time>
              <extensions>
                <gpxtpx:TrackPointExtension>
                  <gpxtpx:hr>141</gpxtpx:hr>
                </gpxtpx:TrackPointExtension>
              </extensions>
      </trkpt>
      <trkpt lat="22.693016370758414" lon="113.91175766475499">
              <ele>46.4</ele>
              <time>2026-08-15T09:22:08Z</time>
              <extensions>
                <gpxtpx:TrackPointExtension>
                  <gpxtpx:hr>144</gpxtpx:hr>
                </gpxtpx:TrackPointExtension>
              </extensions>
      </trkpt>
      <trkpt lat="22.692918218672276" lon="113.91216410323977">
              <ele>45.4</ele>
              <time>2026-08-15T09:22:15Z</time>
              <extensions>
                <gpxtpx:TrackPointExtension>
                  <gpxtpx:hr>138</gpxtpx:hr>
                </gpxtpx:TrackPointExtension>
              </extensions>
      </trkpt>
      <trkpt lat="22.69244145601988" lon="113.91236761584878">
              <ele>45.2</ele>
              <time>2026-08-15T09:22:27Z</time>
              <extensions>
                <gpxtpx:TrackPointExtension>
                  <gpxtpx:hr>142</gpxtpx:hr>
                </gpxtpx:TrackPointExtension>
              </extensions>
      </trkpt>
      <trkpt lat="22.691849023103714" lon="113.91248806379735">
              <ele>45.6</ele>
              <time>2026-08-15T09:22:43Z</time>
              <extensions>
                <gpxtpx:TrackPointExtension>
                  <gpxtpx:hr>142</gpxtpx:hr>
                </gpxtpx:TrackPointExtension>
              </extensions>
      </trkpt>
      <trkpt lat="22.691205125302076" lon="113.91235328279436">
              <ele>46.2</ele>
              <time>2026-08-15T09:22:58Z</time>
              <extensions>
                <gpxtpx:TrackPointExtension>
                  <gpxtpx:hr>142</gpxtpx:hr>
                </gpxtpx:TrackPointExtension>
              </extensions>
      </trkpt>
      <trkpt lat="22.690666923299432" lon="113.91219788230956">
              <ele>47.2</ele>
              <time>2026-08-15T09:23:14Z</time>
              <extensions>
                <gpxtpx:TrackPointExtension>
                  <gpxtpx:hr>145</gpxtpx:hr>
                </gpxtpx:TrackPointExtension>
              </extensions>
      </trkpt>
      <trkpt lat="22.690555527806282" lon="113.91231833025813">
              <ele>47.4</ele>
              <time>2026-08-15T09:23:19Z</time>
              <extensions>
                <gpxtpx:TrackPointExtension>
                  <gpxtpx:hr>139</gpxtpx:hr>
                </gpxtpx:TrackPointExtension>
              </extensions>
      </trkpt>
      <trkpt lat="22.69043139182031" lon="113.91289408318698">
              <ele>47.8</ele>
              <time>2026-08-15T09:23:34Z</time>
              <extensions>
                <gpxtpx:TrackPointExtension>
                  <gpxtpx:hr>141</gpxtpx:hr>
                </gpxtpx:TrackPointExtension>
              </extensions>
      </trkpt>
      <trkpt lat="22.69034832715988" lon="113.91299022361636">
              <ele>47.8</ele>
              <time>2026-08-15T09:23:38Z</time>
              <extensions>
                <gpxtpx:TrackPointExtension>
                  <gpxtpx:hr>138</gpxtpx:hr>
                </gpxtpx:TrackPointExtension>
              </extensions>
      </trkpt>
      <trkpt lat="22.689735861495137" lon="113.9127709530294">
              <ele>48.2</ele>
              <time>2026-08-15T09:23:55Z</time>
              <extensions>
                <gpxtpx:TrackPointExtension>
                  <gpxtpx:hr>144</gpxtpx:hr>
                </gpxtpx:TrackPointExtension>
              </extensions>
      </trkpt>
      <trkpt lat="22.68913638778031" lon="113.91263835132122">
              <ele>47</ele>
              <time>2026-08-15T09:24:08Z</time>
              <extensions>
                <gpxtpx:TrackPointExtension>
                  <gpxtpx:hr>141</gpxtpx:hr>
                </gpxtpx:TrackPointExtension>
              </extensions>
      </trkpt>
      <trkpt lat="22.688697259873152" lon="113.91285116784275">
              <ele>46.2</ele>
              <time>2026-08-15T09:24:19Z</time>
              <extensions>
                <gpxtpx:TrackPointExtension>
                  <gpxtpx:hr>141</gpxtpx:hr>
                </gpxtpx:TrackPointExtension>
              </extensions>
      </trkpt>
      <trkpt lat="22.68830683082342" lon="113.91340395435691">
              <ele>45.8</ele>
              <time>2026-08-15T09:24:34Z</time>
              <extensions>
                <gpxtpx:TrackPointExtension>
                  <gpxtpx:hr>142</gpxtpx:hr>
                </gpxtpx:TrackPointExtension>
              </extensions>
      </trkpt>
      <trkpt lat="22.687840294092894" lon="113.91417592763901">
              <ele>46</ele>
              <time>2026-08-15T09:24:49Z</time>
              <extensions>
                <gpxtpx:TrackPointExtension>
                  <gpxtpx:hr>142</gpxtpx:hr>
                </gpxtpx:TrackPointExtension>
              </extensions>
      </trkpt>
      <trkpt lat="22.687579784542322" lon="113.91476416960359">
              <ele>46.6</ele>
              <time>2026-08-15T09:25:03Z</time>
              <extensions>
                <gpxtpx:TrackPointExtension>
                  <gpxtpx:hr>143</gpxtpx:hr>
                </gpxtpx:TrackPointExtension>
              </extensions>
      </trkpt>
      <trkpt lat="22.68757827579975" lon="113.91534235328436">
              <ele>46.4</ele>
              <time>2026-08-15T09:25:14Z</time>
              <extensions>
                <gpxtpx:TrackPointExtension>
                  <gpxtpx:hr>143</gpxtpx:hr>
                </gpxtpx:TrackPointExtension>
              </extensions>
      </trkpt>
      <trkpt lat="22.687663100659847" lon="113.91583981923759">
              <ele>49</ele>
              <time>2026-08-15T09:25:30Z</time>
              <extensions>
                <gpxtpx:TrackPointExtension>
                  <gpxtpx:hr>146</gpxtpx:hr>
                </gpxtpx:TrackPointExtension>
              </extensions>
      </trkpt>
      <trkpt lat="22.6875361148268" lon="113.91611591912806">
              <ele>50.8</ele>
              <time>2026-08-15T09:25:47Z</time>
              <extensions>
                <gpxtpx:TrackPointExtension>
                  <gpxtpx:hr>145</gpxtpx:hr>
                </gpxtpx:TrackPointExtension>
              </extensions>
      </trkpt>
      <trkpt lat="22.687262697145343" lon="113.91643392853439">
              <ele>51.4</ele>
              <time>2026-08-15T09:26:02Z</time>
              <extensions>
                <gpxtpx:TrackPointExtension>
                  <gpxtpx:hr>141</gpxtpx:hr>
                </gpxtpx:TrackPointExtension>
              </extensions>
      </trkpt>
      <trkpt lat="22.6869903691113" lon="113.91685939393938">
              <ele>52</ele>
              <time>2026-08-15T09:26:18Z</time>
              <extensions>
                <gpxtpx:TrackPointExtension>
                  <gpxtpx:hr>143</gpxtpx:hr>
                </gpxtpx:TrackPointExtension>
              </extensions>
      </trkpt>
      <trkpt lat="22.68708231858909" lon="113.91706676222384">
              <ele>52</ele>
              <time>2026-08-15T09:26:23Z</time>
              <extensions>
                <gpxtpx:TrackPointExtension>
                  <gpxtpx:hr>137</gpxtpx:hr>
                </gpxtpx:TrackPointExtension>
              </extensions>
      </trkpt>
      <trkpt lat="22.687214920297265" lon="113.91729491762817">
              <ele>52.6</ele>
              <time>2026-08-15T09:26:30Z</time>
              <extensions>
                <gpxtpx:TrackPointExtension>
                  <gpxtpx:hr>136</gpxtpx:hr>
                </gpxtpx:TrackPointExtension>
              </extensions>
      </trkpt>
      <trkpt lat="22.686991123482585" lon="113.91788852401078">
              <ele>52.8</ele>
              <time>2026-08-15T09:26:46Z</time>
              <extensions>
                <gpxtpx:TrackPointExtension>
                  <gpxtpx:hr>142</gpxtpx:hr>
                </gpxtpx:TrackPointExtension>
              </extensions>
      </trkpt>
      <trkpt lat="22.686747880652547" lon="113.91833578236401">
              <ele>52.4</ele>
              <time>2026-08-15T09:26:59Z</time>
              <extensions>
                <gpxtpx:TrackPointExtension>
                  <gpxtpx:hr>139</gpxtpx:hr>
                </gpxtpx:TrackPointExtension>
              </extensions>
      </trkpt>
      <trkpt lat="22.686315709725022" lon="113.91854088753462">
              <ele>51</ele>
              <time>2026-08-15T09:27:08Z</time>
              <extensions>
                <gpxtpx:TrackPointExtension>
                  <gpxtpx:hr>139</gpxtpx:hr>
                </gpxtpx:TrackPointExtension>
              </extensions>
      </trkpt>
      <trkpt lat="22.685666112229228" lon="113.9190807659179">
              <ele>47</ele>
              <time>2026-08-15T09:27:22Z</time>
              <extensions>
                <gpxtpx:TrackPointExtension>
                  <gpxtpx:hr>139</gpxtpx:hr>
                </gpxtpx:TrackPointExtension>
              </extensions>
      </trkpt>
      <trkpt lat="22.685161689296365" lon="113.91953548416495">
              <ele>45.6</ele>
              <time>2026-08-15T09:27:35Z</time>
              <extensions>
                <gpxtpx:TrackPointExtension>
                  <gpxtpx:hr>140</gpxtpx:hr>
                </gpxtpx:TrackPointExtension>
              </extensions>
      </trkpt>
      <trkpt lat="22.684673024341464" lon="113.91981828957796">
              <ele>45.2</ele>
              <time>2026-08-15T09:27:49Z</time>
              <extensions>
                <gpxtpx:TrackPointExtension>
                  <gpxtpx:hr>141</gpxtpx:hr>
                </gpxtpx:TrackPointExtension>
              </extensions>
      </trkpt>
      <trkpt lat="22.68436649814248" lon="113.9198419265449">
              <ele>45</ele>
              <time>2026-08-15T09:28:03Z</time>
              <extensions>
                <gpxtpx:TrackPointExtension>
                  <gpxtpx:hr>140</gpxtpx:hr>
                </gpxtpx:TrackPointExtension>
              </extensions>
      </trkpt>
      <trkpt lat="22.68398629501462" lon="113.91956850886345">
              <ele>45.8</ele>
              <time>2026-08-15T09:28:18Z</time>
              <extensions>
                <gpxtpx:TrackPointExtension>
                  <gpxtpx:hr>140</gpxtpx:hr>
                </gpxtpx:TrackPointExtension>
              </extensions>
      </trkpt>
      <trkpt lat="22.683538366109133" lon="113.91929215751588">
              <ele>45.8</ele>
              <time>2026-08-15T09:28:33Z</time>
              <extensions>
                <gpxtpx:TrackPointExtension>
                  <gpxtpx:hr>139</gpxtpx:hr>
                </gpxtpx:TrackPointExtension>
              </extensions>
      </trkpt>
      <trkpt lat="22.683415319770575" lon="113.91943356022239">
              <ele>45.2</ele>
              <time>2026-08-15T09:28:39Z</time>
              <extensions>
                <gpxtpx:TrackPointExtension>
                  <gpxtpx:hr>135</gpxtpx:hr>
                </gpxtpx:TrackPointExtension>
              </extensions>
      </trkpt>
      <trkpt lat="22.68327919766307" lon="113.9200197905302">
              <ele>45</ele>
              <time>2026-08-15T09:28:52Z</time>
              <extensions>
                <gpxtpx:TrackPointExtension>
                  <gpxtpx:hr>138</gpxtpx:hr>
                </gpxtpx:TrackPointExtension>
              </extensions>
      </trkpt>
      <trkpt lat="22.683335272595286" lon="113.9205176755786">
              <ele>44.8</ele>
              <time>2026-08-15T09:29:04Z</time>
              <extensions>
                <gpxtpx:TrackPointExtension>
                  <gpxtpx:hr>138</gpxtpx:hr>
                </gpxtpx:TrackPointExtension>
              </extensions>
      </trkpt>
      <trkpt lat="22.68354549072683" lon="113.92113148234785">
              <ele>45</ele>
              <time>2026-08-15T09:29:21Z</time>
              <extensions>
                <gpxtpx:TrackPointExtension>
                  <gpxtpx:hr>141</gpxtpx:hr>
                </gpxtpx:TrackPointExtension>
              </extensions>
      </trkpt>
      <trkpt lat="22.683678260073066" lon="113.92167186364532">
              <ele>44.8</ele>
              <time>2026-08-15T09:29:34Z</time>
              <extensions>
                <gpxtpx:TrackPointExtension>
                  <gpxtpx:hr>138</gpxtpx:hr>
                </gpxtpx:TrackPointExtension>
              </extensions>
      </trkpt>
      <trkpt lat="22.683755457401276" lon="113.92217377200723">
              <ele>44.4</ele>
              <time>2026-08-15T09:29:49Z</time>
              <extensions>
                <gpxtpx:TrackPointExtension>
                  <gpxtpx:hr>138</gpxtpx:hr>
                </gpxtpx:TrackPointExtension>
              </extensions>
      </trkpt>
      <trkpt lat="22.683874061331153" lon="113.9225947111845">
              <ele>45</ele>
              <time>2026-08-15T09:30:04Z</time>
              <extensions>
                <gpxtpx:TrackPointExtension>
                  <gpxtpx:hr>137</gpxtpx:hr>
                </gpxtpx:TrackPointExtension>
              </extensions>
      </trkpt>
      <trkpt lat="22.68383089452982" lon="113.92324657179415">
              <ele>45.2</ele>
              <time>2026-08-15T09:30:20Z</time>
              <extensions>
                <gpxtpx:TrackPointExtension>
                  <gpxtpx:hr>137</gpxtpx:hr>
                </gpxtpx:TrackPointExtension>
              </extensions>
      </trkpt>
      <trkpt lat="22.683562086895108" lon="113.92380631528795">
              <ele>45.2</ele>
              <time>2026-08-15T09:30:37Z</time>
              <extensions>
                <gpxtpx:TrackPointExtension>
                  <gpxtpx:hr>140</gpxtpx:hr>
                </gpxtpx:TrackPointExtension>
              </extensions>
      </trkpt>
      <trkpt lat="22.683185236528516" lon="113.92416522838175">
              <ele>45.4</ele>
              <time>2026-08-15T09:30:50Z</time>
              <extensions>
                <gpxtpx:TrackPointExtension>
                  <gpxtpx:hr>137</gpxtpx:hr>
                </gpxtpx:TrackPointExtension>
              </extensions>
      </trkpt>
      <trkpt lat="22.683019526302814" lon="113.92417537048459">
              <ele>45.4</ele>
              <time>2026-08-15T09:30:55Z</time>
              <extensions>
                <gpxtpx:TrackPointExtension>
                  <gpxtpx:hr>134</gpxtpx:hr>
                </gpxtpx:TrackPointExtension>
              </extensions>
      </trkpt>
      <trkpt lat="22.683037631213665" lon="113.92398610711098">
              <ele>46.6</ele>
              <time>2026-08-15T09:31:05Z</time>
              <extensions>
                <gpxtpx:TrackPointExtension>
                  <gpxtpx:hr>137</gpxtpx:hr>
                </gpxtpx:TrackPointExtension>
              </extensions>
      </trkpt>
      <trkpt lat="22.683056574314833" lon="113.92355779185891">
              <ele>47.6</ele>
              <time>2026-08-15T09:31:20Z</time>
              <extensions>
                <gpxtpx:TrackPointExtension>
                  <gpxtpx:hr>136</gpxtpx:hr>
                </gpxtpx:TrackPointExtension>
              </extensions>
      </trkpt>
      <trkpt lat="22.683040061965585" lon="113.92329476773739">
              <ele>47.4</ele>
              <time>2026-08-15T09:31:29Z</time>
              <extensions>
                <gpxtpx:TrackPointExtension>
                  <gpxtpx:hr>136</gpxtpx:hr>
                </gpxtpx:TrackPointExtension>
              </extensions>
      </trkpt>
      <trkpt lat="22.68274426460266" lon="113.92310961149633">
              <ele>48.4</ele>
              <time>2026-08-15T09:31:44Z</time>
              <extensions>
                <gpxtpx:TrackPointExtension>
                  <gpxtpx:hr>135</gpxtpx:hr>
                </gpxtpx:TrackPointExtension>
              </extensions>
      </trkpt>
      <trkpt lat="22.68266170285642" lon="113.92309536226094">
              <ele>48.4</ele>
              <time>2026-08-15T09:31:51Z</time>
              <extensions>
                <gpxtpx:TrackPointExtension>
                  <gpxtpx:hr>131</gpxtpx:hr>
                </gpxtpx:TrackPointExtension>
              </extensions>
      </trkpt>
      <trkpt lat="22.682840824127197" lon="113.92312277108431">
              <ele>49</ele>
              <time>2026-08-15T09:35:45Z</time>
              <extensions>
                <gpxtpx:TrackPointExtension>
                  <gpxtpx:hr>135</gpxtpx:hr>
                </gpxtpx:TrackPointExtension>
              </extensions>
      </trkpt>
      <trkpt lat="22.683025896549225" lon="113.92330097034574">
              <ele>48.6</ele>
              <time>2026-08-15T09:35:54Z</time>
              <extensions>
                <gpxtpx:TrackPointExtension>
                  <gpxtpx:hr>132</gpxtpx:hr>
                </gpxtpx:TrackPointExtension>
              </extensions>
      </trkpt>
      <trkpt lat="22.683015167713165" lon="113.92378075048327">
              <ele>48</ele>
              <time>2026-08-15T09:36:03Z</time>
              <extensions>
                <gpxtpx:TrackPointExtension>
                  <gpxtpx:hr>133</gpxtpx:hr>
                </gpxtpx:TrackPointExtension>
              </extensions>
      </trkpt>
      <trkpt lat="22.68303201533854" lon="113.92417159862816">
              <ele>47.2</ele>
              <time>2026-08-15T09:36:11Z</time>
              <extensions>
                <gpxtpx:TrackPointExtension>
                  <gpxtpx:hr>130</gpxtpx:hr>
                </gpxtpx:TrackPointExtension>
              </extensions>
      </trkpt>
      <trkpt lat="22.6831429079175" lon="113.92420210875571">
              <ele>46.4</ele>
              <time>2026-08-15T09:36:14Z</time>
              <extensions>
                <gpxtpx:TrackPointExtension>
                  <gpxtpx:hr>130</gpxtpx:hr>
                </gpxtpx:TrackPointExtension>
              </extensions>
      </trkpt>
      <trkpt lat="22.683542389422655" lon="113.92385752871633">
              <ele>45.6</ele>
              <time>2026-08-15T09:36:27Z</time>
              <extensions>
                <gpxtpx:TrackPointExtension>
                  <gpxtpx:hr>134</gpxtpx:hr>
                </gpxtpx:TrackPointExtension>
              </extensions>
      </trkpt>
      <trkpt lat="22.683815890923142" lon="113.92331312410533">
              <ele>45.2</ele>
              <time>2026-08-15T09:36:40Z</time>
              <extensions>
                <gpxtpx:TrackPointExtension>
                  <gpxtpx:hr>135</gpxtpx:hr>
                </gpxtpx:TrackPointExtension>
              </extensions>
      </trkpt>
      <trkpt lat="22.68387640826404" lon="113.92256587743759">
              <ele>45</ele>
              <time>2026-08-15T09:36:56Z</time>
              <extensions>
                <gpxtpx:TrackPointExtension>
                  <gpxtpx:hr>136</gpxtpx:hr>
                </gpxtpx:TrackPointExtension>
              </extensions>
      </trkpt>
      <trkpt lat="22.68375026062131" lon="113.92216857522726">
              <ele>44.4</ele>
              <time>2026-08-15T09:37:12Z</time>
              <extensions>
                <gpxtpx:TrackPointExtension>
                  <gpxtpx:hr>136</gpxtpx:hr>
                </gpxtpx:TrackPointExtension>
              </extensions>
      </trkpt>
      <trkpt lat="22.683664010837674" lon="113.92193170264363">
              <ele>44.4</ele>
              <time>2026-08-15T09:37:27Z</time>
              <extensions>
                <gpxtpx:TrackPointExtension>
                  <gpxtpx:hr>135</gpxtpx:hr>
                </gpxtpx:TrackPointExtension>
              </extensions>
      </trkpt>
      <trkpt lat="22.68360718153417" lon="113.92139760777354">
              <ele>44.8</ele>
              <time>2026-08-15T09:37:42Z</time>
              <extensions>
                <gpxtpx:TrackPointExtension>
                  <gpxtpx:hr>135</gpxtpx:hr>
                </gpxtpx:TrackPointExtension>
              </extensions>
      </trkpt>
      <trkpt lat="22.6834433991462" lon="113.92088170163333">
              <ele>44.8</ele>
              <time>2026-08-15T09:37:55Z</time>
              <extensions>
                <gpxtpx:TrackPointExtension>
                  <gpxtpx:hr>135</gpxtpx:hr>
                </gpxtpx:TrackPointExtension>
              </extensions>
      </trkpt>
      <trkpt lat="22.68327542580664" lon="113.92020679078996">
              <ele>44.6</ele>
              <time>2026-08-15T09:38:08Z</time>
              <extensions>
                <gpxtpx:TrackPointExtension>
                  <gpxtpx:hr>136</gpxtpx:hr>
                </gpxtpx:TrackPointExtension>
              </extensions>
      </trkpt>
      <trkpt lat="22.683381205424666" lon="113.91959147527814">
              <ele>44.4</ele>
              <time>2026-08-15T09:38:20Z</time>
              <extensions>
                <gpxtpx:TrackPointExtension>
                  <gpxtpx:hr>137</gpxtpx:hr>
                </gpxtpx:TrackPointExtension>
              </extensions>
      </trkpt>
      <trkpt lat="22.683653365820646" lon="113.91905402764678">
              <ele>44.6</ele>
              <time>2026-08-15T09:38:31Z</time>
              <extensions>
                <gpxtpx:TrackPointExtension>
                  <gpxtpx:hr>139</gpxtpx:hr>
                </gpxtpx:TrackPointExtension>
              </extensions>
      </trkpt>
      <trkpt lat="22.684056535363197" lon="113.91847928054631">
              <ele>43.8</ele>
              <time>2026-08-15T09:38:44Z</time>
              <extensions>
                <gpxtpx:TrackPointExtension>
                  <gpxtpx:hr>140</gpxtpx:hr>
                </gpxtpx:TrackPointExtension>
              </extensions>
      </trkpt>
      <trkpt lat="22.683899123221636" lon="113.91868430189788">
              <ele>43.8</ele>
              <time>2026-08-15T09:38:55Z</time>
              <extensions>
                <gpxtpx:TrackPointExtension>
                  <gpxtpx:hr>141</gpxtpx:hr>
                </gpxtpx:TrackPointExtension>
              </extensions>
      </trkpt>
      <trkpt lat="22.683523194864392" lon="113.9192081708461">
              <ele>44.2</ele>
              <time>2026-08-15T09:39:09Z</time>
              <extensions>
                <gpxtpx:TrackPointExtension>
                  <gpxtpx:hr>141</gpxtpx:hr>
                </gpxtpx:TrackPointExtension>
              </extensions>
      </trkpt>
      <trkpt lat="22.683353628963232" lon="113.91972768120468">
              <ele>44.6</ele>
              <time>2026-08-15T09:39:25Z</time>
              <extensions>
                <gpxtpx:TrackPointExtension>
                  <gpxtpx:hr>141</gpxtpx:hr>
                </gpxtpx:TrackPointExtension>
              </extensions>
      </trkpt>
      <trkpt lat="22.68328162841499" lon="113.92022481188178">
              <ele>44.6</ele>
              <time>2026-08-15T09:39:38Z</time>
              <extensions>
                <gpxtpx:TrackPointExtension>
                  <gpxtpx:hr>140</gpxtpx:hr>
                </gpxtpx:TrackPointExtension>
              </extensions>
      </trkpt>
      <trkpt lat="22.683356311172247" lon="113.92062881961465">
              <ele>44.6</ele>
              <time>2026-08-15T09:39:50Z</time>
              <extensions>
                <gpxtpx:TrackPointExtension>
                  <gpxtpx:hr>140</gpxtpx:hr>
                </gpxtpx:TrackPointExtension>
              </extensions>
      </trkpt>
      <trkpt lat="22.683159671723843" lon="113.9207003172487">
              <ele>44.2</ele>
              <time>2026-08-15T09:40:00Z</time>
              <extensions>
                <gpxtpx:TrackPointExtension>
                  <gpxtpx:hr>138</gpxtpx:hr>
                </gpxtpx:TrackPointExtension>
              </extensions>
      </trkpt>
      <trkpt lat="22.683041905984282" lon="113.92080500721931">
              <ele>43.6</ele>
              <time>2026-08-15T09:40:09Z</time>
              <extensions>
                <gpxtpx:TrackPointExtension>
                  <gpxtpx:hr>134</gpxtpx:hr>
                </gpxtpx:TrackPointExtension>
              </extensions>
      </trkpt>
      <trkpt lat="22.683115415275097" lon="113.92103240825236">
              <ele>43.6</ele>
              <time>2026-08-15T09:40:18Z</time>
              <extensions>
                <gpxtpx:TrackPointExtension>
                  <gpxtpx:hr>133</gpxtpx:hr>
                </gpxtpx:TrackPointExtension>
              </extensions>
      </trkpt>
      <trkpt lat="22.683010390028358" lon="113.92114682123065">
              <ele>43.8</ele>
              <time>2026-08-15T09:40:25Z</time>
              <extensions>
                <gpxtpx:TrackPointExtension>
                  <gpxtpx:hr>132</gpxtpx:hr>
                </gpxtpx:TrackPointExtension>
              </extensions>
      </trkpt>
      <trkpt lat="22.68265139311552" lon="113.92110901884735">
              <ele>43.4</ele>
              <time>2026-08-15T09:40:42Z</time>
              <extensions>
                <gpxtpx:TrackPointExtension>
                  <gpxtpx:hr>137</gpxtpx:hr>
                </gpxtpx:TrackPointExtension>
              </extensions>
      </trkpt>
      <trkpt lat="22.68264058046043" lon="113.92088622786105">
              <ele>43.2</ele>
              <time>2026-08-15T09:40:59Z</time>
              <extensions>
                <gpxtpx:TrackPointExtension>
                  <gpxtpx:hr>135</gpxtpx:hr>
                </gpxtpx:TrackPointExtension>
              </extensions>
      </trkpt>
      <trkpt lat="22.68260881304741" lon="113.92087524756789">
              <ele>43.2</ele>
              <time>2026-08-15T09:41:05Z</time>
              <extensions>
                <gpxtpx:TrackPointExtension>
                  <gpxtpx:hr>128</gpxtpx:hr>
                </gpxtpx:TrackPointExtension>
              </extensions>
      </trkpt>
    </trkseg>
  </trk>
</gpx>
