<?xml version="1.0" encoding="UTF-8"?>
<gpx xmlns="http://www.topografix.com/GPX/1/1" xmlns:gpxtpx="http://www.garmin.com/xmlschemas/TrackPointExtension/v1" xmlns:xsi="http://www.w3.org/2001/XMLSchema-instance" xsi:schemaLocation="http://www.topografix.com/GPX/1/1 http://www.topografix.com/GPX/1/1/gpx.xsd" version="1.1" creator="gpx.py -- https://github.com/tkrajina/gpxpy">
  <trk>
    <name>gpx from keep</name>
    <type>Run</type>
    <trkseg>
      <trkpt lat="22.54950184890501" lon="114.10512432675837">
        <ele>12.766083774156868</ele>
        <time>7635-05-30T03:43:10.799988Z</time>
      </trkpt>
      <trkpt lat="22.549500494715197" lon="114.10513061327883">
        <ele>12.744451181963086</ele>
        <time>1970-01-01T00:00:01Z</time>
        <extensions>
          <gpxtpx:TrackPointExtension>
            <gpxtpx:hr>98</gpxtpx:hr>
          </gpxtpx:TrackPointExtension>
        </extensions>
      </trkpt>
      <trkpt lat="22.549499539699724" lon="114.10513519961924">
        <ele>12.73133883997798</ele>
        <time>1970-01-01T00:00:01.500000Z</time>
        <extensions>
          <gpxtpx:TrackPointExtension>
            <gpxtpx:hr>98</gpxtpx:hr>
          </gpxtpx:TrackPointExtension>
        </extensions>
      </trkpt>
      <trkpt lat="22.54949728620648" lon="114.10514625428887">
        <ele>12.707323925569654</ele>
        <time>1970-01-01T00:00:02.500000Z</time>
        <extensions>
          <gpxtpx:TrackPointExtension>
            <gpxtpx:hr>98</gpxtpx:hr>
          </gpxtpx:TrackPointExtension>
        </extensions>
      </trkpt>
      <trkpt lat="22.549494323645423" lon="114.10516106077684">
        <ele>12.683958751149476</ele>
        <time>1970-01-01T00:00:03.500000Z</time>
        <extensions>
          <gpxtpx:TrackPointExtension>
            <gpxtpx:hr>97</gpxtpx:hr>
          </gpxtpx:TrackPointExtension>
        </extensions>
      </trkpt>
      <trkpt lat="22.549490282170186" lon="114.10517632886005">
        <ele>12.659271040000021</ele>
        <time>1970-01-01T00:00:04.500000Z</time>
        <extensions>
          <gpxtpx:TrackPointExtension>
            <gpxtpx:hr>97</gpxtpx:hr>
          </gpxtpx:TrackPointExtension>
        </extensions>
      </trkpt>
      <trkpt lat="22.549481168871285" lon="114.10518630134598">
        <ele>12.632021150551736</ele>
        <time>1970-01-01T00:00:05.500000Z</time>
        <extensions>
          <gpxtpx:TrackPointExtension>
            <gpxtpx:hr>97</gpxtpx:hr>
          </gpxtpx:TrackPointExtension>
        </extensions>
      </trkpt>
      <trkpt lat="22.549466090394333" lon="114.10519091012175">
        <ele>12.607483224011958</ele>
        <time>1970-01-01T00:00:06.500000Z</time>
        <extensions>
          <gpxtpx:TrackPointExtension>
            <gpxtpx:hr>97</gpxtpx:hr>
          </gpxtpx:TrackPointExtension>
        </extensions>
      </trkpt>
      <trkpt lat="22.549448276040025" lon="114.10519287017532">
        <ele>12.582557235844433</ele>
        <time>1970-01-01T00:00:07.500000Z</time>
        <extensions>
          <gpxtpx:TrackPointExtension>
            <gpxtpx:hr>97</gpxtpx:hr>
          </gpxtpx:TrackPointExtension>
        </extensions>
      </trkpt>
      <trkpt lat="22.549429002202007" lon="114.1051936523269">
        <ele>12.55778313241899</ele>
        <time>1970-01-01T00:00:08.500000Z</time>
        <extensions>
          <gpxtpx:TrackPointExtension>
            <gpxtpx:hr>97</gpxtpx:hr>
          </gpxtpx:TrackPointExtension>
        </extensions>
      </trkpt>
      <trkpt lat="22.549409528008038" lon="114.10519544392763">
        <ele>12.536631310358644</ele>
        <time>1970-01-01T00:00:09.500000Z</time>
        <extensions>
          <gpxtpx:TrackPointExtension>
            <gpxtpx:hr>97</gpxtpx:hr>
          </gpxtpx:TrackPointExtension>
        </extensions>
      </trkpt>
      <trkpt lat="22.54939042499894" lon="114.10519782423914">
        <ele>12.519788967445493</ele>
        <time>1970-01-01T00:00:10.500000Z</time>
        <extensions>
          <gpxtpx:TrackPointExtension>
            <gpxtpx:hr>97</gpxtpx:hr>
          </gpxtpx:TrackPointExtension>
        </extensions>
      </trkpt>
      <trkpt lat="22.549371865962566" lon="114.1051993554792">
        <ele>12.507499814033508</ele>
        <time>1970-01-01T00:00:11.500000Z</time>
        <extensions>
          <gpxtpx:TrackPointExtension>
            <gpxtpx:hr>112</gpxtpx:hr>
          </gpxtpx:TrackPointExtension>
        </extensions>
      </trkpt>
      <trkpt lat="22.549354578740495" lon="114.1051965137133">
        <ele>12.499663018621504</ele>
        <time>1970-01-01T00:00:12.500000Z</time>
        <extensions>
          <gpxtpx:TrackPointExtension>
            <gpxtpx:hr>112</gpxtpx:hr>
          </gpxtpx:TrackPointExtension>
        </extensions>
      </trkpt>
      <trkpt lat="22.549337691489455" lon="114.1051900601588">
        <ele>12.494517066515982</ele>
        <time>1970-01-01T00:00:13.500000Z</time>
        <extensions>
          <gpxtpx:TrackPointExtension>
            <gpxtpx:hr>112</gpxtpx:hr>
          </gpxtpx:TrackPointExtension>
        </extensions>
      </trkpt>
      <trkpt lat="22.549320116674302" lon="114.10518381506539">
        <ele>12.49160292558372</ele>
        <time>1970-01-01T00:00:14.400000Z</time>
        <extensions>
          <gpxtpx:TrackPointExtension>
            <gpxtpx:hr>112</gpxtpx:hr>
          </gpxtpx:TrackPointExtension>
        </extensions>
      </trkpt>
      <trkpt lat="22.54930250542359" lon="114.1051779437708">
        <ele>12.487457916140556</ele>
        <time>1970-01-01T00:00:15.400000Z</time>
        <extensions>
          <gpxtpx:TrackPointExtension>
            <gpxtpx:hr>112</gpxtpx:hr>
          </gpxtpx:TrackPointExtension>
        </extensions>
      </trkpt>
      <trkpt lat="22.54928511603539" lon="114.10517281961201">
        <ele>12.479428050108254</ele>
        <time>1970-01-01T00:00:16.400000Z</time>
        <extensions>
          <gpxtpx:TrackPointExtension>
            <gpxtpx:hr>112</gpxtpx:hr>
          </gpxtpx:TrackPointExtension>
        </extensions>
      </trkpt>
      <trkpt lat="22.549267731083027" lon="114.10516888019161">
        <ele>12.465048520825803</ele>
        <time>1970-01-01T00:00:17.400000Z</time>
        <extensions>
          <gpxtpx:TrackPointExtension>
            <gpxtpx:hr>112</gpxtpx:hr>
          </gpxtpx:TrackPointExtension>
        </extensions>
      </trkpt>
      <trkpt lat="22.549249818872713" lon="114.1051665889852">
        <ele>12.44254333153367</ele>
        <time>1970-01-01T00:00:18.400000Z</time>
        <extensions>
          <gpxtpx:TrackPointExtension>
            <gpxtpx:hr>112</gpxtpx:hr>
          </gpxtpx:TrackPointExtension>
        </extensions>
      </trkpt>
      <trkpt lat="22.54923051099605" lon="114.10516634704179">
        <ele>12.409432894550264</ele>
        <time>1970-01-01T00:00:19.400000Z</time>
        <extensions>
          <gpxtpx:TrackPointExtension>
            <gpxtpx:hr>112</gpxtpx:hr>
          </gpxtpx:TrackPointExtension>
        </extensions>
      </trkpt>
      <trkpt lat="22.54920942445819" lon="114.10516787078808">
        <ele>12.361770717427135</ele>
        <time>1970-01-01T00:00:20.400000Z</time>
        <extensions>
          <gpxtpx:TrackPointExtension>
            <gpxtpx:hr>112</gpxtpx:hr>
          </gpxtpx:TrackPointExtension>
        </extensions>
      </trkpt>
      <trkpt lat="22.549186345035103" lon="114.10517099339548">
        <ele>12.300860963761806</ele>
        <time>1970-01-01T00:00:21.400000Z</time>
        <extensions>
          <gpxtpx:TrackPointExtension>
            <gpxtpx:hr>112</gpxtpx:hr>
          </gpxtpx:TrackPointExtension>
        </extensions>
      </trkpt>
      <trkpt lat="22.549161479646127" lon="114.10517585276628">
        <ele>12.22388390172273</ele>
        <time>1970-01-01T00:00:22.400000Z</time>
        <extensions>
          <gpxtpx:TrackPointExtension>
            <gpxtpx:hr>112</gpxtpx:hr>
          </gpxtpx:TrackPointExtension>
        </extensions>
      </trkpt>
      <trkpt lat="22.549135361692265" lon="114.10518143976323">
        <ele>12.129469195380807</ele>
        <time>1970-01-01T00:00:23.400000Z</time>
        <extensions>
          <gpxtpx:TrackPointExtension>
            <gpxtpx:hr>112</gpxtpx:hr>
          </gpxtpx:TrackPointExtension>
        </extensions>
      </trkpt>
      <trkpt lat="22.549108334325503" lon="114.10518662286775">
        <ele>12.017751459032297</ele>
        <time>1970-01-01T00:00:24.400000Z</time>
        <extensions>
          <gpxtpx:TrackPointExtension>
            <gpxtpx:hr>112</gpxtpx:hr>
          </gpxtpx:TrackPointExtension>
        </extensions>
      </trkpt>
      <trkpt lat="22.549080861367706" lon="114.10519089958015">
        <ele>11.887217476032674</ele>
        <time>1970-01-01T00:00:25.400000Z</time>
        <extensions>
          <gpxtpx:TrackPointExtension>
            <gpxtpx:hr>112</gpxtpx:hr>
          </gpxtpx:TrackPointExtension>
        </extensions>
      </trkpt>
      <trkpt lat="22.549053182450344" lon="114.10519388499804">
        <ele>11.736592170782387</ele>
        <time>1970-01-01T00:00:26.400000Z</time>
        <extensions>
          <gpxtpx:TrackPointExtension>
            <gpxtpx:hr>112</gpxtpx:hr>
          </gpxtpx:TrackPointExtension>
        </extensions>
      </trkpt>
      <trkpt lat="22.549025470337266" lon="114.10519557505675">
        <ele>11.565780816599727</ele>
        <time>1970-01-01T00:00:27.400000Z</time>
        <extensions>
          <gpxtpx:TrackPointExtension>
            <gpxtpx:hr>112</gpxtpx:hr>
          </gpxtpx:TrackPointExtension>
        </extensions>
      </trkpt>
      <trkpt lat="22.548997967298526" lon="114.10519655174619">
        <ele>11.374669965356588</ele>
        <time>1970-01-01T00:00:28.400000Z</time>
      </trkpt>
      <trkpt lat="22.54897106953093" lon="114.10519863785751">
        <ele>11.162828815169632</ele>
        <time>1970-01-01T00:00:29.400000Z</time>
      </trkpt>
      <trkpt lat="22.548944903983582" lon="114.1052039209964">
        <ele>10.93081484735012</ele>
        <time>1970-01-01T00:00:30.400000Z</time>
      </trkpt>
      <trkpt lat="22.548918975879534" lon="114.1052112529369">
        <ele>10.680055390112102</ele>
        <time>1970-01-01T00:00:31.400000Z</time>
      </trkpt>
      <trkpt lat="22.548892834508628" lon="114.10521873751033">
        <ele>10.412554356269538</ele>
        <time>1970-01-01T00:00:32.400000Z</time>
      </trkpt>
      <trkpt lat="22.548866342610324" lon="114.10522593966037">
        <ele>10.13142176438123</ele>
        <time>1970-01-01T00:00:33.400000Z</time>
      </trkpt>
      <trkpt lat="22.548839515204232" lon="114.10523268236696">
        <ele>9.841454861685634</ele>
        <time>1970-01-01T00:00:34.400000Z</time>
      </trkpt>
      <trkpt lat="22.548812628085916" lon="114.105239189007">
        <ele>9.548673559911549</ele>
        <time>1970-01-01T00:00:35.400000Z</time>
      </trkpt>
      <trkpt lat="22.548785793114263" lon="114.10524565092734">
        <ele>9.257707276381552</ele>
        <time>1970-01-01T00:00:36.400000Z</time>
      </trkpt>
      <trkpt lat="22.54875904108198" lon="114.10525247397344">
        <ele>8.97206080518663</ele>
        <time>1970-01-01T00:00:37.300000Z</time>
        <extensions>
          <gpxtpx:TrackPointExtension>
            <gpxtpx:hr>117</gpxtpx:hr>
          </gpxtpx:TrackPointExtension>
        </extensions>
      </trkpt>
      <trkpt lat="22.54873257218936" lon="114.10525981480663">
        <ele>8.693963575176895</ele>
        <time>1970-01-01T00:00:38.300000Z</time>
        <extensions>
          <gpxtpx:TrackPointExtension>
            <gpxtpx:hr>117</gpxtpx:hr>
          </gpxtpx:TrackPointExtension>
        </extensions>
      </trkpt>
      <trkpt lat="22.54870664476924" lon="114.10526742245621">
        <ele>8.42490854114294</ele>
        <time>1970-01-01T00:00:39.300000Z</time>
        <extensions>
          <gpxtpx:TrackPointExtension>
            <gpxtpx:hr>117</gpxtpx:hr>
          </gpxtpx:TrackPointExtension>
        </extensions>
      </trkpt>
      <trkpt lat="22.548681567953658" lon="114.1052751295301">
        <ele>8.165983903221786</ele>
        <time>1970-01-01T00:00:40.300000Z</time>
        <extensions>
          <gpxtpx:TrackPointExtension>
            <gpxtpx:hr>117</gpxtpx:hr>
          </gpxtpx:TrackPointExtension>
        </extensions>
      </trkpt>
      <trkpt lat="22.548657347523587" lon="114.10528315800572">
        <ele>7.917772916145623</ele>
        <time>1970-01-01T00:00:41.300000Z</time>
        <extensions>
          <gpxtpx:TrackPointExtension>
            <gpxtpx:hr>117</gpxtpx:hr>
          </gpxtpx:TrackPointExtension>
        </extensions>
      </trkpt>
      <trkpt lat="22.54863358679193" lon="114.10529190310153">
        <ele>7.680547792464495</ele>
        <time>1970-01-01T00:00:42.300000Z</time>
        <extensions>
          <gpxtpx:TrackPointExtension>
            <gpxtpx:hr>117</gpxtpx:hr>
          </gpxtpx:TrackPointExtension>
        </extensions>
      </trkpt>
      <trkpt lat="22.54860995109442" lon="114.10530118676928">
        <ele>7.4548206105828285</ele>
        <time>1970-01-01T00:00:43.300000Z</time>
        <extensions>
          <gpxtpx:TrackPointExtension>
            <gpxtpx:hr>117</gpxtpx:hr>
          </gpxtpx:TrackPointExtension>
        </extensions>
      </trkpt>
      <trkpt lat="22.548586421350866" lon="114.10531071181582">
        <ele>7.240777540020645</ele>
        <time>1970-01-01T00:00:44.300000Z</time>
        <extensions>
          <gpxtpx:TrackPointExtension>
            <gpxtpx:hr>117</gpxtpx:hr>
          </gpxtpx:TrackPointExtension>
        </extensions>
      </trkpt>
      <trkpt lat="22.548562902063768" lon="114.10532037708371">
        <ele>7.037045414559543</ele>
        <time>1970-01-01T00:00:45.300000Z</time>
        <extensions>
          <gpxtpx:TrackPointExtension>
            <gpxtpx:hr>117</gpxtpx:hr>
          </gpxtpx:TrackPointExtension>
        </extensions>
      </trkpt>
      <trkpt lat="22.548539249630707" lon="114.10533020486999">
        <ele>6.845767269842327</ele>
        <time>1970-01-01T00:00:46.300000Z</time>
        <extensions>
          <gpxtpx:TrackPointExtension>
            <gpxtpx:hr>117</gpxtpx:hr>
          </gpxtpx:TrackPointExtension>
        </extensions>
      </trkpt>
      <trkpt lat="22.548515447557982" lon="114.10534013713247">
        <ele>6.665790977887809</ele>
        <time>1970-01-01T00:00:47.300000Z</time>
        <extensions>
          <gpxtpx:TrackPointExtension>
            <gpxtpx:hr>117</gpxtpx:hr>
          </gpxtpx:TrackPointExtension>
        </extensions>
      </trkpt>
      <trkpt lat="22.54849146138952" lon="114.10535000920805">
        <ele>6.498089083470404</ele>
        <time>1970-01-01T00:00:48.300000Z</time>
        <extensions>
          <gpxtpx:TrackPointExtension>
            <gpxtpx:hr>117</gpxtpx:hr>
          </gpxtpx:TrackPointExtension>
        </extensions>
      </trkpt>
      <trkpt lat="22.54846732540575" lon="114.10535974965804">
        <ele>6.34206457529217</ele>
        <time>1970-01-01T00:00:49.300000Z</time>
        <extensions>
          <gpxtpx:TrackPointExtension>
            <gpxtpx:hr>120</gpxtpx:hr>
          </gpxtpx:TrackPointExtension>
        </extensions>
      </trkpt>
      <trkpt lat="22.548442999814906" lon="114.1053693023835">
        <ele>6.196924161165953</ele>
        <time>1970-01-01T00:00:50.300000Z</time>
        <extensions>
          <gpxtpx:TrackPointExtension>
            <gpxtpx:hr>120</gpxtpx:hr>
          </gpxtpx:TrackPointExtension>
        </extensions>
      </trkpt>
      <trkpt lat="22.548418140054793" lon="114.10537881032255">
        <ele>6.061224730685353</ele>
        <time>1970-01-01T00:00:51.300000Z</time>
        <extensions>
          <gpxtpx:TrackPointExtension>
            <gpxtpx:hr>120</gpxtpx:hr>
          </gpxtpx:TrackPointExtension>
        </extensions>
      </trkpt>
      <trkpt lat="22.548392479820276" lon="114.10538832805325">
        <ele>5.934441136196256</ele>
        <time>1970-01-01T00:00:52.300000Z</time>
        <extensions>
          <gpxtpx:TrackPointExtension>
            <gpxtpx:hr>120</gpxtpx:hr>
          </gpxtpx:TrackPointExtension>
        </extensions>
      </trkpt>
      <trkpt lat="22.548366222608372" lon="114.10539774481562">
        <ele>5.813123348169029</ele>
        <time>1970-01-01T00:00:53.300000Z</time>
        <extensions>
          <gpxtpx:TrackPointExtension>
            <gpxtpx:hr>120</gpxtpx:hr>
          </gpxtpx:TrackPointExtension>
        </extensions>
      </trkpt>
      <trkpt lat="22.548339516663045" lon="114.10540695071192">
        <ele>5.696926253847778</ele>
        <time>1970-01-01T00:00:54.300000Z</time>
        <extensions>
          <gpxtpx:TrackPointExtension>
            <gpxtpx:hr>120</gpxtpx:hr>
          </gpxtpx:TrackPointExtension>
        </extensions>
      </trkpt>
      <trkpt lat="22.548312394893188" lon="114.10541602336808">
        <ele>5.584763162769377</ele>
        <time>1970-01-01T00:00:55.300000Z</time>
        <extensions>
          <gpxtpx:TrackPointExtension>
            <gpxtpx:hr>120</gpxtpx:hr>
          </gpxtpx:TrackPointExtension>
        </extensions>
      </trkpt>
      <trkpt lat="22.548285192244766" lon="114.10542520990953">
        <ele>5.475982951931655</ele>
        <time>1970-01-01T00:00:56.300000Z</time>
        <extensions>
          <gpxtpx:TrackPointExtension>
            <gpxtpx:hr>120</gpxtpx:hr>
          </gpxtpx:TrackPointExtension>
        </extensions>
      </trkpt>
      <trkpt lat="22.548258445832282" lon="114.10543454980234">
        <ele>5.369103401899338</ele>
        <time>1970-01-01T00:00:57.300000Z</time>
        <extensions>
          <gpxtpx:TrackPointExtension>
            <gpxtpx:hr>120</gpxtpx:hr>
          </gpxtpx:TrackPointExtension>
        </extensions>
      </trkpt>
      <trkpt lat="22.54823217252888" lon="114.10544409962648">
        <ele>5.262214520946145</ele>
        <time>1970-01-01T00:00:58.300000Z</time>
        <extensions>
          <gpxtpx:TrackPointExtension>
            <gpxtpx:hr>120</gpxtpx:hr>
          </gpxtpx:TrackPointExtension>
        </extensions>
      </trkpt>
      <trkpt lat="22.548205618679187" lon="114.10545389103606">
        <ele>5.157621008343995</ele>
        <time>1970-01-01T00:00:59.300000Z</time>
        <extensions>
          <gpxtpx:TrackPointExtension>
            <gpxtpx:hr>122</gpxtpx:hr>
          </gpxtpx:TrackPointExtension>
        </extensions>
      </trkpt>
      <trkpt lat="22.54817807267775" lon="114.10546393668821">
        <ele>5.055198658257723</ele>
        <time>1970-01-01T00:01:00.300000Z</time>
        <extensions>
          <gpxtpx:TrackPointExtension>
            <gpxtpx:hr>122</gpxtpx:hr>
          </gpxtpx:TrackPointExtension>
        </extensions>
      </trkpt>
      <trkpt lat="22.548149299994105" lon="114.10547408235321">
        <ele>4.956076653674245</ele>
        <time>1970-01-01T00:01:01.200000Z</time>
        <extensions>
          <gpxtpx:TrackPointExtension>
            <gpxtpx:hr>122</gpxtpx:hr>
          </gpxtpx:TrackPointExtension>
        </extensions>
      </trkpt>
      <trkpt lat="22.548119411959497" lon="114.10548408910638">
        <ele>4.860800295136869</ele>
        <time>1970-01-01T00:01:02.200000Z</time>
        <extensions>
          <gpxtpx:TrackPointExtension>
            <gpxtpx:hr>122</gpxtpx:hr>
          </gpxtpx:TrackPointExtension>
        </extensions>
      </trkpt>
      <trkpt lat="22.548088691377643" lon="114.10549410890107">
        <ele>4.770564312115312</ele>
        <time>1970-01-01T00:01:03.200000Z</time>
        <extensions>
          <gpxtpx:TrackPointExtension>
            <gpxtpx:hr>123</gpxtpx:hr>
          </gpxtpx:TrackPointExtension>
        </extensions>
      </trkpt>
      <trkpt lat="22.54805745829061" lon="114.10550424427542">
        <ele>4.687345314770937</ele>
        <time>1970-01-01T00:01:04.200000Z</time>
        <extensions>
          <gpxtpx:TrackPointExtension>
            <gpxtpx:hr>123</gpxtpx:hr>
          </gpxtpx:TrackPointExtension>
        </extensions>
      </trkpt>
      <trkpt lat="22.548026249201087" lon="114.1055144035605">
        <ele>4.609568082727492</ele>
        <time>1970-01-01T00:01:05.200000Z</time>
        <extensions>
          <gpxtpx:TrackPointExtension>
            <gpxtpx:hr>123</gpxtpx:hr>
          </gpxtpx:TrackPointExtension>
        </extensions>
      </trkpt>
      <trkpt lat="22.54799553974022" lon="114.10552432909948">
        <ele>4.5388447577133775</ele>
        <time>1970-01-01T00:01:06.200000Z</time>
        <extensions>
          <gpxtpx:TrackPointExtension>
            <gpxtpx:hr>123</gpxtpx:hr>
          </gpxtpx:TrackPointExtension>
        </extensions>
      </trkpt>
      <trkpt lat="22.54796565582184" lon="114.10553398296533">
        <ele>4.478172020986676</ele>
        <time>1970-01-01T00:01:07.200000Z</time>
        <extensions>
          <gpxtpx:TrackPointExtension>
            <gpxtpx:hr>128</gpxtpx:hr>
          </gpxtpx:TrackPointExtension>
        </extensions>
      </trkpt>
      <trkpt lat="22.547936679865657" lon="114.10554356400421">
        <ele>4.425390779040754</ele>
        <time>1970-01-01T00:01:08.200000Z</time>
        <extensions>
          <gpxtpx:TrackPointExtension>
            <gpxtpx:hr>128</gpxtpx:hr>
          </gpxtpx:TrackPointExtension>
        </extensions>
      </trkpt>
      <trkpt lat="22.54790842037978" lon="114.10555314116016">
        <ele>4.381871995516121</ele>
        <time>1970-01-01T00:01:09.200000Z</time>
        <extensions>
          <gpxtpx:TrackPointExtension>
            <gpxtpx:hr>128</gpxtpx:hr>
          </gpxtpx:TrackPointExtension>
        </extensions>
      </trkpt>
      <trkpt lat="22.547880943919758" lon="114.10556277157428">
        <ele>4.344845508225262</ele>
        <time>1970-01-01T00:01:10.200000Z</time>
        <extensions>
          <gpxtpx:TrackPointExtension>
            <gpxtpx:hr>128</gpxtpx:hr>
          </gpxtpx:TrackPointExtension>
        </extensions>
      </trkpt>
      <trkpt lat="22.547854046061712" lon="114.10557257417905">
        <ele>4.315984278917313</ele>
        <time>1970-01-01T00:01:11.200000Z</time>
        <extensions>
          <gpxtpx:TrackPointExtension>
            <gpxtpx:hr>128</gpxtpx:hr>
          </gpxtpx:TrackPointExtension>
        </extensions>
      </trkpt>
      <trkpt lat="22.5478275243894" lon="114.10558265858738">
        <ele>4.294815078377724</ele>
        <time>1970-01-01T00:01:12.200000Z</time>
        <extensions>
          <gpxtpx:TrackPointExtension>
            <gpxtpx:hr>128</gpxtpx:hr>
          </gpxtpx:TrackPointExtension>
        </extensions>
      </trkpt>
      <trkpt lat="22.547801462810124" lon="114.10559287456647">
        <ele>4.280014118179679</ele>
        <time>1970-01-01T00:01:13.200000Z</time>
        <extensions>
          <gpxtpx:TrackPointExtension>
            <gpxtpx:hr>132</gpxtpx:hr>
          </gpxtpx:TrackPointExtension>
        </extensions>
      </trkpt>
      <trkpt lat="22.547775769524222" lon="114.10560319738073">
        <ele>4.270828468725085</ele>
        <time>1970-01-01T00:01:14.200000Z</time>
        <extensions>
          <gpxtpx:TrackPointExtension>
            <gpxtpx:hr>132</gpxtpx:hr>
          </gpxtpx:TrackPointExtension>
        </extensions>
      </trkpt>
      <trkpt lat="22.547750379341903" lon="114.10561355067638">
        <ele>4.265738951973617</ele>
        <time>1970-01-01T00:01:15.200000Z</time>
        <extensions>
          <gpxtpx:TrackPointExtension>
            <gpxtpx:hr>132</gpxtpx:hr>
          </gpxtpx:TrackPointExtension>
        </extensions>
      </trkpt>
      <trkpt lat="22.547725442487778" lon="114.10562365097971">
        <ele>4.263948678039014</ele>
        <time>1970-01-01T00:01:16.200000Z</time>
        <extensions>
          <gpxtpx:TrackPointExtension>
            <gpxtpx:hr>132</gpxtpx:hr>
          </gpxtpx:TrackPointExtension>
        </extensions>
      </trkpt>
      <trkpt lat="22.547700915964835" lon="114.10563370881036">
        <ele>4.265027808025479</ele>
        <time>1970-01-01T00:01:17.200000Z</time>
        <extensions>
          <gpxtpx:TrackPointExtension>
            <gpxtpx:hr>132</gpxtpx:hr>
          </gpxtpx:TrackPointExtension>
        </extensions>
      </trkpt>
      <trkpt lat="22.54767656898828" lon="114.10564415919292">
        <ele>4.2680071434006095</ele>
        <time>1970-01-01T00:01:18.200000Z</time>
        <extensions>
          <gpxtpx:TrackPointExtension>
            <gpxtpx:hr>132</gpxtpx:hr>
          </gpxtpx:TrackPointExtension>
        </extensions>
      </trkpt>
      <trkpt lat="22.547652656559652" lon="114.10565540693443">
        <ele>4.271807315759361</ele>
        <time>1970-01-01T00:01:19.200000Z</time>
        <extensions>
          <gpxtpx:TrackPointExtension>
            <gpxtpx:hr>135</gpxtpx:hr>
          </gpxtpx:TrackPointExtension>
        </extensions>
      </trkpt>
      <trkpt lat="22.5476295966019" lon="114.10566750728395">
        <ele>4.276328946463764</ele>
        <time>1970-01-01T00:01:20.200000Z</time>
        <extensions>
          <gpxtpx:TrackPointExtension>
            <gpxtpx:hr>135</gpxtpx:hr>
          </gpxtpx:TrackPointExtension>
        </extensions>
      </trkpt>
      <trkpt lat="22.54760737943906" lon="114.10567974846965">
        <ele>4.281447207555175</ele>
        <time>1970-01-01T00:01:21.200000Z</time>
        <extensions>
          <gpxtpx:TrackPointExtension>
            <gpxtpx:hr>135</gpxtpx:hr>
          </gpxtpx:TrackPointExtension>
        </extensions>
      </trkpt>
      <trkpt lat="22.547585713976968" lon="114.10569182951859">
        <ele>4.286907604895532</ele>
        <time>1970-01-01T00:01:22.200000Z</time>
        <extensions>
          <gpxtpx:TrackPointExtension>
            <gpxtpx:hr>135</gpxtpx:hr>
          </gpxtpx:TrackPointExtension>
        </extensions>
      </trkpt>
      <trkpt lat="22.547564884779316" lon="114.1057040310528">
        <ele>4.292588671669364</ele>
        <time>1970-01-01T00:01:23.200000Z</time>
        <extensions>
          <gpxtpx:TrackPointExtension>
            <gpxtpx:hr>135</gpxtpx:hr>
          </gpxtpx:TrackPointExtension>
        </extensions>
      </trkpt>
      <trkpt lat="22.547545791096333" lon="114.10571646570658">
        <ele>4.2986180586740375</ele>
        <time>1970-01-01T00:01:24.200000Z</time>
        <extensions>
          <gpxtpx:TrackPointExtension>
            <gpxtpx:hr>135</gpxtpx:hr>
          </gpxtpx:TrackPointExtension>
        </extensions>
      </trkpt>
      <trkpt lat="22.547529398867983" lon="114.105729164067">
        <ele>4.305488134734333</ele>
        <time>1970-01-01T00:01:25.100000Z</time>
        <extensions>
          <gpxtpx:TrackPointExtension>
            <gpxtpx:hr>135</gpxtpx:hr>
          </gpxtpx:TrackPointExtension>
        </extensions>
      </trkpt>
      <trkpt lat="22.547517240714875" lon="114.10574245514849">
        <ele>4.310887017287314</ele>
        <time>1970-01-01T00:01:26.100000Z</time>
        <extensions>
          <gpxtpx:TrackPointExtension>
            <gpxtpx:hr>135</gpxtpx:hr>
          </gpxtpx:TrackPointExtension>
        </extensions>
      </trkpt>
      <trkpt lat="22.547508878019396" lon="114.10575503683988">
        <ele>4.319525992497802</ele>
        <time>1970-01-01T00:01:27.100000Z</time>
        <extensions>
          <gpxtpx:TrackPointExtension>
            <gpxtpx:hr>135</gpxtpx:hr>
          </gpxtpx:TrackPointExtension>
        </extensions>
      </trkpt>
      <trkpt lat="22.547501835401388" lon="114.10576493771106">
        <ele>4.329998295754194</ele>
        <time>1970-01-01T00:01:28.100000Z</time>
        <extensions>
          <gpxtpx:TrackPointExtension>
            <gpxtpx:hr>139</gpxtpx:hr>
          </gpxtpx:TrackPointExtension>
        </extensions>
      </trkpt>
      <trkpt lat="22.547494638308063" lon="114.10577245272296">
        <ele>4.3423558650538325</ele>
        <time>1970-01-01T00:01:29.100000Z</time>
        <extensions>
          <gpxtpx:TrackPointExtension>
            <gpxtpx:hr>139</gpxtpx:hr>
          </gpxtpx:TrackPointExtension>
        </extensions>
      </trkpt>
      <trkpt lat="22.547486513911252" lon="114.10577877379345">
        <ele>4.356530096381903</ele>
        <time>1970-01-01T00:01:30.100000Z</time>
        <extensions>
          <gpxtpx:TrackPointExtension>
            <gpxtpx:hr>139</gpxtpx:hr>
          </gpxtpx:TrackPointExtension>
        </extensions>
      </trkpt>
      <trkpt lat="22.547476628431962" lon="114.10578483122148">
        <ele>4.372176254168153</ele>
        <time>1970-01-01T00:01:31.100000Z</time>
        <extensions>
          <gpxtpx:TrackPointExtension>
            <gpxtpx:hr>139</gpxtpx:hr>
          </gpxtpx:TrackPointExtension>
        </extensions>
      </trkpt>
      <trkpt lat="22.54746433196835" lon="114.10579129754295">
        <ele>4.38878284022212</ele>
        <time>1970-01-01T00:01:32.100000Z</time>
        <extensions>
          <gpxtpx:TrackPointExtension>
            <gpxtpx:hr>139</gpxtpx:hr>
          </gpxtpx:TrackPointExtension>
        </extensions>
      </trkpt>
      <trkpt lat="22.547449086678" lon="114.1057982098722">
        <ele>4.405663806013763</ele>
        <time>1970-01-01T00:01:33.100000Z</time>
        <extensions>
          <gpxtpx:TrackPointExtension>
            <gpxtpx:hr>139</gpxtpx:hr>
          </gpxtpx:TrackPointExtension>
        </extensions>
      </trkpt>
      <trkpt lat="22.547431174176875" lon="114.10580527628261">
        <ele>4.42196028213948</ele>
        <time>1970-01-01T00:01:34.100000Z</time>
        <extensions>
          <gpxtpx:TrackPointExtension>
            <gpxtpx:hr>136</gpxtpx:hr>
          </gpxtpx:TrackPointExtension>
        </extensions>
      </trkpt>
      <trkpt lat="22.547410802424398" lon="114.10581242086862">
        <ele>4.4368636859580874</ele>
        <time>1970-01-01T00:01:35.100000Z</time>
        <extensions>
          <gpxtpx:TrackPointExtension>
            <gpxtpx:hr>136</gpxtpx:hr>
          </gpxtpx:TrackPointExtension>
        </extensions>
      </trkpt>
      <trkpt lat="22.547387810689717" lon="114.10581966077498">
        <ele>4.449545758776367</ele>
        <time>1970-01-01T00:01:36.100000Z</time>
        <extensions>
          <gpxtpx:TrackPointExtension>
            <gpxtpx:hr>136</gpxtpx:hr>
          </gpxtpx:TrackPointExtension>
        </extensions>
      </trkpt>
      <trkpt lat="22.54736273268611" lon="114.10582719520903">
        <ele>4.45892649423331</ele>
        <time>1970-01-01T00:01:37.100000Z</time>
        <extensions>
          <gpxtpx:TrackPointExtension>
            <gpxtpx:hr>136</gpxtpx:hr>
          </gpxtpx:TrackPointExtension>
        </extensions>
      </trkpt>
      <trkpt lat="22.547336789071856" lon="114.1058349963187">
        <ele>4.46388450730592</ele>
        <time>1970-01-01T00:01:38.100000Z</time>
        <extensions>
          <gpxtpx:TrackPointExtension>
            <gpxtpx:hr>136</gpxtpx:hr>
          </gpxtpx:TrackPointExtension>
        </extensions>
      </trkpt>
      <trkpt lat="22.54731096191863" lon="114.1058429086774">
        <ele>4.4633071683347225</ele>
        <time>1970-01-01T00:01:39.100000Z</time>
        <extensions>
          <gpxtpx:TrackPointExtension>
            <gpxtpx:hr>136</gpxtpx:hr>
          </gpxtpx:TrackPointExtension>
        </extensions>
      </trkpt>
      <trkpt lat="22.547285335922542" lon="114.10585079918862">
        <ele>4.4562037996947765</ele>
        <time>1970-01-01T00:01:40.100000Z</time>
        <extensions>
          <gpxtpx:TrackPointExtension>
            <gpxtpx:hr>136</gpxtpx:hr>
          </gpxtpx:TrackPointExtension>
        </extensions>
      </trkpt>
      <trkpt lat="22.547259655835994" lon="114.10585870364025">
        <ele>4.441901774145663</ele>
        <time>1970-01-01T00:01:41.100000Z</time>
        <extensions>
          <gpxtpx:TrackPointExtension>
            <gpxtpx:hr>136</gpxtpx:hr>
          </gpxtpx:TrackPointExtension>
        </extensions>
      </trkpt>
      <trkpt lat="22.54723365293752" lon="114.1058666098138">
        <ele>4.4200624926015735</ele>
        <time>1970-01-01T00:01:42.100000Z</time>
        <extensions>
          <gpxtpx:TrackPointExtension>
            <gpxtpx:hr>136</gpxtpx:hr>
          </gpxtpx:TrackPointExtension>
        </extensions>
      </trkpt>
      <trkpt lat="22.547207385475392" lon="114.10587447922663">
        <ele>4.390957505442202</ele>
        <time>1970-01-01T00:01:43.100000Z</time>
        <extensions>
          <gpxtpx:TrackPointExtension>
            <gpxtpx:hr>136</gpxtpx:hr>
          </gpxtpx:TrackPointExtension>
        </extensions>
      </trkpt>
      <trkpt lat="22.547181275856637" lon="114.1058823357135">
        <ele>4.355193735100329</ele>
        <time>1970-01-01T00:01:44.100000Z</time>
        <extensions>
          <gpxtpx:TrackPointExtension>
            <gpxtpx:hr>136</gpxtpx:hr>
          </gpxtpx:TrackPointExtension>
        </extensions>
      </trkpt>
      <trkpt lat="22.547155698131338" lon="114.10589014887732">
        <ele>4.313351487740874</ele>
        <time>1970-01-01T00:01:45.100000Z</time>
        <extensions>
          <gpxtpx:TrackPointExtension>
            <gpxtpx:hr>136</gpxtpx:hr>
          </gpxtpx:TrackPointExtension>
        </extensions>
      </trkpt>
      <trkpt lat="22.547130800693967" lon="114.10589796662097">
        <ele>4.265765854157507</ele>
        <time>1970-01-01T00:01:46.100000Z</time>
        <extensions>
          <gpxtpx:TrackPointExtension>
            <gpxtpx:hr>136</gpxtpx:hr>
          </gpxtpx:TrackPointExtension>
        </extensions>
      </trkpt>
      <trkpt lat="22.547106536708934" lon="114.10590589121117">
        <ele>4.212704595178366</ele>
        <time>1970-01-01T00:01:47.100000Z</time>
        <extensions>
          <gpxtpx:TrackPointExtension>
            <gpxtpx:hr>136</gpxtpx:hr>
          </gpxtpx:TrackPointExtension>
        </extensions>
      </trkpt>
      <trkpt lat="22.547082837642094" lon="114.10591385919427">
        <ele>4.154893171042204</ele>
        <time>1970-01-01T00:01:48Z</time>
        <extensions>
          <gpxtpx:TrackPointExtension>
            <gpxtpx:hr>136</gpxtpx:hr>
          </gpxtpx:TrackPointExtension>
        </extensions>
      </trkpt>
      <trkpt lat="22.547059429107712" lon="114.10592184739197">
        <ele>4.093358140438795</ele>
        <time>1970-01-01T00:01:49Z</time>
        <extensions>
          <gpxtpx:TrackPointExtension>
            <gpxtpx:hr>136</gpxtpx:hr>
          </gpxtpx:TrackPointExtension>
        </extensions>
      </trkpt>
      <trkpt lat="22.54703606431673" lon="114.10592989938675">
        <ele>4.029075354337692</ele>
        <time>1970-01-01T00:01:50Z</time>
        <extensions>
          <gpxtpx:TrackPointExtension>
            <gpxtpx:hr>141</gpxtpx:hr>
          </gpxtpx:TrackPointExtension>
        </extensions>
      </trkpt>
      <trkpt lat="22.547012663200935" lon="114.1059380875057">
        <ele>3.963016739115119</ele>
        <time>1970-01-01T00:01:51Z</time>
        <extensions>
          <gpxtpx:TrackPointExtension>
            <gpxtpx:hr>141</gpxtpx:hr>
          </gpxtpx:TrackPointExtension>
        </extensions>
      </trkpt>
      <trkpt lat="22.54698911901339" lon="114.10594666166307">
        <ele>3.8962116232141852</ele>
        <time>1970-01-01T00:01:52Z</time>
        <extensions>
          <gpxtpx:TrackPointExtension>
            <gpxtpx:hr>141</gpxtpx:hr>
          </gpxtpx:TrackPointExtension>
        </extensions>
      </trkpt>
      <trkpt lat="22.546965222152828" lon="114.1059557967233">
        <ele>3.8300531581044197</ele>
        <time>1970-01-01T00:01:53Z</time>
        <extensions>
          <gpxtpx:TrackPointExtension>
            <gpxtpx:hr>142</gpxtpx:hr>
          </gpxtpx:TrackPointExtension>
        </extensions>
      </trkpt>
      <trkpt lat="22.54694098118894" lon="114.10596550688726">
        <ele>3.7658341778442264</ele>
        <time>1970-01-01T00:01:54Z</time>
        <extensions>
          <gpxtpx:TrackPointExtension>
            <gpxtpx:hr>142</gpxtpx:hr>
          </gpxtpx:TrackPointExtension>
        </extensions>
      </trkpt>
      <trkpt lat="22.546916878696653" lon="114.10597554487843">
        <ele>3.705204955302179</ele>
        <time>1970-01-01T00:01:55Z</time>
        <extensions>
          <gpxtpx:TrackPointExtension>
            <gpxtpx:hr>142</gpxtpx:hr>
          </gpxtpx:TrackPointExtension>
        </extensions>
      </trkpt>
      <trkpt lat="22.546893417051127" lon="114.10598556896002">
        <ele>3.649605861864984</ele>
        <time>1970-01-01T00:01:56Z</time>
        <extensions>
          <gpxtpx:TrackPointExtension>
            <gpxtpx:hr>142</gpxtpx:hr>
          </gpxtpx:TrackPointExtension>
        </extensions>
      </trkpt>
      <trkpt lat="22.54687055250848" lon="114.10599569949449">
        <ele>3.59921024274081</ele>
        <time>1970-01-01T00:01:57Z</time>
        <extensions>
          <gpxtpx:TrackPointExtension>
            <gpxtpx:hr>142</gpxtpx:hr>
          </gpxtpx:TrackPointExtension>
        </extensions>
      </trkpt>
      <trkpt lat="22.546848171346262" lon="114.10600619818119">
        <ele>3.5529028372839093</ele>
        <time>1970-01-01T00:01:58Z</time>
        <extensions>
          <gpxtpx:TrackPointExtension>
            <gpxtpx:hr>141</gpxtpx:hr>
          </gpxtpx:TrackPointExtension>
        </extensions>
      </trkpt>
      <trkpt lat="22.546826227534527" lon="114.10601714790576">
        <ele>3.509491673670709</ele>
        <time>1970-01-01T00:01:59Z</time>
        <extensions>
          <gpxtpx:TrackPointExtension>
            <gpxtpx:hr>141</gpxtpx:hr>
          </gpxtpx:TrackPointExtension>
        </extensions>
      </trkpt>
      <trkpt lat="22.54680458519356" lon="114.1060285789387">
        <ele>3.46767192799598</ele>
        <time>1970-01-01T00:02:00Z</time>
        <extensions>
          <gpxtpx:TrackPointExtension>
            <gpxtpx:hr>141</gpxtpx:hr>
          </gpxtpx:TrackPointExtension>
        </extensions>
      </trkpt>
      <trkpt lat="22.546783075354327" lon="114.10604046759829">
        <ele>3.426914954558015</ele>
        <time>1970-01-01T00:02:01Z</time>
        <extensions>
          <gpxtpx:TrackPointExtension>
            <gpxtpx:hr>141</gpxtpx:hr>
          </gpxtpx:TrackPointExtension>
        </extensions>
      </trkpt>
      <trkpt lat="22.546761622236634" lon="114.10605286816931">
        <ele>3.3867984768003225</ele>
        <time>1970-01-01T00:02:02Z</time>
        <extensions>
          <gpxtpx:TrackPointExtension>
            <gpxtpx:hr>141</gpxtpx:hr>
          </gpxtpx:TrackPointExtension>
        </extensions>
      </trkpt>
      <trkpt lat="22.546740683585984" lon="114.10606582063808">
        <ele>3.3464242592453957</ele>
        <time>1970-01-01T00:02:03Z</time>
        <extensions>
          <gpxtpx:TrackPointExtension>
            <gpxtpx:hr>141</gpxtpx:hr>
          </gpxtpx:TrackPointExtension>
        </extensions>
      </trkpt>
      <trkpt lat="22.546720631118003" lon="114.106079438237">
        <ele>3.3054435681551695</ele>
        <time>1970-01-01T00:02:04Z</time>
        <extensions>
          <gpxtpx:TrackPointExtension>
            <gpxtpx:hr>140</gpxtpx:hr>
          </gpxtpx:TrackPointExtension>
        </extensions>
      </trkpt>
      <trkpt lat="22.546701739759396" lon="114.10609397803049">
        <ele>3.263210091739893</ele>
        <time>1970-01-01T00:02:05Z</time>
        <extensions>
          <gpxtpx:TrackPointExtension>
            <gpxtpx:hr>140</gpxtpx:hr>
          </gpxtpx:TrackPointExtension>
        </extensions>
      </trkpt>
      <trkpt lat="22.546684144612247" lon="114.1061099792658">
        <ele>3.219919601455331</ele>
        <time>1970-01-01T00:02:06Z</time>
        <extensions>
          <gpxtpx:TrackPointExtension>
            <gpxtpx:hr>140</gpxtpx:hr>
          </gpxtpx:TrackPointExtension>
        </extensions>
      </trkpt>
      <trkpt lat="22.546667831458432" lon="114.10612792151422">
        <ele>3.1756359366700053</ele>
        <time>1970-01-01T00:02:07Z</time>
        <extensions>
          <gpxtpx:TrackPointExtension>
            <gpxtpx:hr>140</gpxtpx:hr>
          </gpxtpx:TrackPointExtension>
        </extensions>
      </trkpt>
      <trkpt lat="22.546653306638014" lon="114.10614759408462">
        <ele>3.1304795602336526</ele>
        <time>1970-01-01T00:02:08Z</time>
        <extensions>
          <gpxtpx:TrackPointExtension>
            <gpxtpx:hr>140</gpxtpx:hr>
          </gpxtpx:TrackPointExtension>
        </extensions>
      </trkpt>
      <trkpt lat="22.54664115377153" lon="114.10616860637668">
        <ele>3.085034776479006</ele>
        <time>1970-01-01T00:02:09Z</time>
        <extensions>
          <gpxtpx:TrackPointExtension>
            <gpxtpx:hr>140</gpxtpx:hr>
          </gpxtpx:TrackPointExtension>
        </extensions>
      </trkpt>
      <trkpt lat="22.546631754773728" lon="114.10619065840328">
        <ele>3.0398847088217735</ele>
        <time>1970-01-01T00:02:10Z</time>
        <extensions>
          <gpxtpx:TrackPointExtension>
            <gpxtpx:hr>139</gpxtpx:hr>
          </gpxtpx:TrackPointExtension>
        </extensions>
      </trkpt>
      <trkpt lat="22.546625349229295" lon="114.10621378704175">
        <ele>2.995991740375757</ele>
        <time>1970-01-01T00:02:11Z</time>
        <extensions>
          <gpxtpx:TrackPointExtension>
            <gpxtpx:hr>139</gpxtpx:hr>
          </gpxtpx:TrackPointExtension>
        </extensions>
      </trkpt>
      <trkpt lat="22.546622094417152" lon="114.10623799962843">
        <ele>2.9538504974916577</ele>
        <time>1970-01-01T00:02:11.900000Z</time>
        <extensions>
          <gpxtpx:TrackPointExtension>
            <gpxtpx:hr>139</gpxtpx:hr>
          </gpxtpx:TrackPointExtension>
        </extensions>
      </trkpt>
      <trkpt lat="22.546621845598175" lon="114.10626294621449">
        <ele>2.9143444346264005</ele>
        <time>1970-01-01T00:02:12.900000Z</time>
        <extensions>
          <gpxtpx:TrackPointExtension>
            <gpxtpx:hr>139</gpxtpx:hr>
          </gpxtpx:TrackPointExtension>
        </extensions>
      </trkpt>
      <trkpt lat="22.546624037337903" lon="114.10628823598688">
        <ele>2.878290243446827</ele>
        <time>1970-01-01T00:02:13.900000Z</time>
        <extensions>
          <gpxtpx:TrackPointExtension>
            <gpxtpx:hr>139</gpxtpx:hr>
          </gpxtpx:TrackPointExtension>
        </extensions>
      </trkpt>
      <trkpt lat="22.54662815256679" lon="114.10631370906628">
        <ele>2.8469802075996995</ele>
        <time>1970-01-01T00:02:14.900000Z</time>
        <extensions>
          <gpxtpx:TrackPointExtension>
            <gpxtpx:hr>138</gpxtpx:hr>
          </gpxtpx:TrackPointExtension>
        </extensions>
      </trkpt>
      <trkpt lat="22.546633858652026" lon="114.10633912483323">
        <ele>2.822729967534542</ele>
        <time>1970-01-01T00:02:15.900000Z</time>
        <extensions>
          <gpxtpx:TrackPointExtension>
            <gpxtpx:hr>138</gpxtpx:hr>
          </gpxtpx:TrackPointExtension>
        </extensions>
      </trkpt>
      <trkpt lat="22.54664085463368" lon="114.10636539845322">
        <ele>2.8067788695916533</ele>
        <time>1970-01-01T00:02:16.900000Z</time>
        <extensions>
          <gpxtpx:TrackPointExtension>
            <gpxtpx:hr>138</gpxtpx:hr>
          </gpxtpx:TrackPointExtension>
        </extensions>
      </trkpt>
      <trkpt lat="22.546648041479113" lon="114.10639161871899">
        <ele>2.8015456926077604</ele>
        <time>1970-01-01T00:02:17.900000Z</time>
        <extensions>
          <gpxtpx:TrackPointExtension>
            <gpxtpx:hr>138</gpxtpx:hr>
          </gpxtpx:TrackPointExtension>
        </extensions>
      </trkpt>
      <trkpt lat="22.546654746060312" lon="114.10641687809493">
        <ele>2.8078377172350883</ele>
        <time>1970-01-01T00:02:18.900000Z</time>
        <extensions>
          <gpxtpx:TrackPointExtension>
            <gpxtpx:hr>138</gpxtpx:hr>
          </gpxtpx:TrackPointExtension>
        </extensions>
      </trkpt>
      <trkpt lat="22.546659990694977" lon="114.10644039973917">
        <ele>2.8251662524417043</ele>
        <time>1970-01-01T00:02:19.900000Z</time>
        <extensions>
          <gpxtpx:TrackPointExtension>
            <gpxtpx:hr>138</gpxtpx:hr>
          </gpxtpx:TrackPointExtension>
        </extensions>
      </trkpt>
      <trkpt lat="22.54666225500413" lon="114.10646184270168">
        <ele>2.8512781839817762</ele>
        <time>1970-01-01T00:02:20.900000Z</time>
        <extensions>
          <gpxtpx:TrackPointExtension>
            <gpxtpx:hr>138</gpxtpx:hr>
          </gpxtpx:TrackPointExtension>
        </extensions>
      </trkpt>
      <trkpt lat="22.54666005790748" lon="114.10648050619488">
        <ele>2.882903764024377</ele>
        <time>1970-01-01T00:02:21.900000Z</time>
        <extensions>
          <gpxtpx:TrackPointExtension>
            <gpxtpx:hr>138</gpxtpx:hr>
          </gpxtpx:TrackPointExtension>
        </extensions>
      </trkpt>
      <trkpt lat="22.546653150552164" lon="114.10649464114749">
        <ele>2.9155297400429845</ele>
        <time>1970-01-01T00:02:22.900000Z</time>
        <extensions>
          <gpxtpx:TrackPointExtension>
            <gpxtpx:hr>137</gpxtpx:hr>
          </gpxtpx:TrackPointExtension>
        </extensions>
      </trkpt>
      <trkpt lat="22.546642597142107" lon="114.1065010784249">
        <ele>2.9473689645528793</ele>
        <time>1970-01-01T00:02:23.900000Z</time>
        <extensions>
          <gpxtpx:TrackPointExtension>
            <gpxtpx:hr>137</gpxtpx:hr>
          </gpxtpx:TrackPointExtension>
        </extensions>
      </trkpt>
      <trkpt lat="22.546630612847355" lon="114.10649793345813">
        <ele>2.975463501177728</ele>
        <time>1970-01-01T00:02:24.900000Z</time>
        <extensions>
          <gpxtpx:TrackPointExtension>
            <gpxtpx:hr>137</gpxtpx:hr>
          </gpxtpx:TrackPointExtension>
        </extensions>
      </trkpt>
      <trkpt lat="22.546619128610836" lon="114.10648702356791">
        <ele>2.999170166440308</ele>
        <time>1970-01-01T00:02:25.900000Z</time>
        <extensions>
          <gpxtpx:TrackPointExtension>
            <gpxtpx:hr>137</gpxtpx:hr>
          </gpxtpx:TrackPointExtension>
        </extensions>
      </trkpt>
      <trkpt lat="22.54660793333247" lon="114.10647099298238">
        <ele>3.0160104939714074</ele>
        <time>1970-01-01T00:02:26.900000Z</time>
        <extensions>
          <gpxtpx:TrackPointExtension>
            <gpxtpx:hr>137</gpxtpx:hr>
          </gpxtpx:TrackPointExtension>
        </extensions>
      </trkpt>
      <trkpt lat="22.54659655758307" lon="114.10645134498344">
        <ele>3.0249855602160096</ele>
        <time>1970-01-01T00:02:27.900000Z</time>
        <extensions>
          <gpxtpx:TrackPointExtension>
            <gpxtpx:hr>137</gpxtpx:hr>
          </gpxtpx:TrackPointExtension>
        </extensions>
      </trkpt>
      <trkpt lat="22.546585053193077" lon="114.10642912580097">
        <ele>3.0264698723331094</ele>
        <time>1970-01-01T00:02:28.900000Z</time>
        <extensions>
          <gpxtpx:TrackPointExtension>
            <gpxtpx:hr>137</gpxtpx:hr>
          </gpxtpx:TrackPointExtension>
        </extensions>
      </trkpt>
      <trkpt lat="22.546573415428973" lon="114.106405519839">
        <ele>3.019152108579874</ele>
        <time>1970-01-01T00:02:29.900000Z</time>
        <extensions>
          <gpxtpx:TrackPointExtension>
            <gpxtpx:hr>137</gpxtpx:hr>
          </gpxtpx:TrackPointExtension>
        </extensions>
      </trkpt>
      <trkpt lat="22.5465612589431" lon="114.10638172800908">
        <ele>3.0044816797599196</ele>
        <time>1970-01-01T00:02:30.900000Z</time>
        <extensions>
          <gpxtpx:TrackPointExtension>
            <gpxtpx:hr>138</gpxtpx:hr>
          </gpxtpx:TrackPointExtension>
        </extensions>
      </trkpt>
      <trkpt lat="22.546548108041176" lon="114.10635873012012">
        <ele>2.9809975307434797</ele>
        <time>1970-01-01T00:02:31.900000Z</time>
        <extensions>
          <gpxtpx:TrackPointExtension>
            <gpxtpx:hr>138</gpxtpx:hr>
          </gpxtpx:TrackPointExtension>
        </extensions>
      </trkpt>
      <trkpt lat="22.546533472026034" lon="114.10633731908703">
        <ele>2.949934563599527</ele>
        <time>1970-01-01T00:02:32.900000Z</time>
        <extensions>
          <gpxtpx:TrackPointExtension>
            <gpxtpx:hr>138</gpxtpx:hr>
          </gpxtpx:TrackPointExtension>
        </extensions>
      </trkpt>
      <trkpt lat="22.54651695761809" lon="114.1063184699508">
        <ele>2.9133499674499035</ele>
        <time>1970-01-01T00:02:33.900000Z</time>
        <extensions>
          <gpxtpx:TrackPointExtension>
            <gpxtpx:hr>138</gpxtpx:hr>
          </gpxtpx:TrackPointExtension>
        </extensions>
      </trkpt>
      <trkpt lat="22.54649841058012" lon="114.10630309128898">
        <ele>2.8724235584959388</ele>
        <time>1970-01-01T00:02:34.900000Z</time>
        <extensions>
          <gpxtpx:TrackPointExtension>
            <gpxtpx:hr>138</gpxtpx:hr>
          </gpxtpx:TrackPointExtension>
        </extensions>
      </trkpt>
      <trkpt lat="22.546478064767122" lon="114.10629173343224">
        <ele>2.8288741996511817</ele>
        <time>1970-01-01T00:02:35.800000Z</time>
        <extensions>
          <gpxtpx:TrackPointExtension>
            <gpxtpx:hr>140</gpxtpx:hr>
          </gpxtpx:TrackPointExtension>
        </extensions>
      </trkpt>
      <trkpt lat="22.546456339412014" lon="114.10628478712196">
        <ele>2.7843718761578202</ele>
        <time>1970-01-01T00:02:36.800000Z</time>
        <extensions>
          <gpxtpx:TrackPointExtension>
            <gpxtpx:hr>140</gpxtpx:hr>
          </gpxtpx:TrackPointExtension>
        </extensions>
      </trkpt>
      <trkpt lat="22.54643378483471" lon="114.10628229036853">
        <ele>2.7384074134752154</ele>
        <time>1970-01-01T00:02:37.800000Z</time>
        <extensions>
          <gpxtpx:TrackPointExtension>
            <gpxtpx:hr>140</gpxtpx:hr>
          </gpxtpx:TrackPointExtension>
        </extensions>
      </trkpt>
      <trkpt lat="22.546411124921338" lon="114.106283960251">
        <ele>2.69351211655885</ele>
        <time>1970-01-01T00:02:38.800000Z</time>
        <extensions>
          <gpxtpx:TrackPointExtension>
            <gpxtpx:hr>140</gpxtpx:hr>
          </gpxtpx:TrackPointExtension>
        </extensions>
      </trkpt>
      <trkpt lat="22.546389197136573" lon="114.10628933852499">
        <ele>2.6502240877598524</ele>
        <time>1970-01-01T00:02:39.800000Z</time>
        <extensions>
          <gpxtpx:TrackPointExtension>
            <gpxtpx:hr>140</gpxtpx:hr>
          </gpxtpx:TrackPointExtension>
        </extensions>
      </trkpt>
      <trkpt lat="22.54636882758738" lon="114.10629824566475">
        <ele>2.6070993319153786</ele>
        <time>1970-01-01T00:02:40.800000Z</time>
        <extensions>
          <gpxtpx:TrackPointExtension>
            <gpxtpx:hr>139</gpxtpx:hr>
          </gpxtpx:TrackPointExtension>
        </extensions>
      </trkpt>
      <trkpt lat="22.546350383545683" lon="114.10631051769938">
        <ele>2.5656060641631484</ele>
        <time>1970-01-01T00:02:41.800000Z</time>
        <extensions>
          <gpxtpx:TrackPointExtension>
            <gpxtpx:hr>139</gpxtpx:hr>
          </gpxtpx:TrackPointExtension>
        </extensions>
      </trkpt>
      <trkpt lat="22.546334502029165" lon="114.10632587908624">
        <ele>2.5255434438586235</ele>
        <time>1970-01-01T00:02:42.800000Z</time>
        <extensions>
          <gpxtpx:TrackPointExtension>
            <gpxtpx:hr>139</gpxtpx:hr>
          </gpxtpx:TrackPointExtension>
        </extensions>
      </trkpt>
      <trkpt lat="22.546322745231613" lon="114.10634422078917">
        <ele>2.486917871981859</ele>
        <time>1970-01-01T00:02:43.800000Z</time>
        <extensions>
          <gpxtpx:TrackPointExtension>
            <gpxtpx:hr>139</gpxtpx:hr>
          </gpxtpx:TrackPointExtension>
        </extensions>
      </trkpt>
      <trkpt lat="22.54631614048834" lon="114.10636515496441">
        <ele>2.449891951866448</ele>
        <time>1970-01-01T00:02:44.800000Z</time>
        <extensions>
          <gpxtpx:TrackPointExtension>
            <gpxtpx:hr>139</gpxtpx:hr>
          </gpxtpx:TrackPointExtension>
        </extensions>
      </trkpt>
      <trkpt lat="22.546313936833176" lon="114.1063885183033">
        <ele>2.414557290263474</ele>
        <time>1970-01-01T00:02:45.800000Z</time>
        <extensions>
          <gpxtpx:TrackPointExtension>
            <gpxtpx:hr>139</gpxtpx:hr>
          </gpxtpx:TrackPointExtension>
        </extensions>
      </trkpt>
      <trkpt lat="22.54631485773406" lon="114.1064142480165">
        <ele>2.3816951299086213</ele>
        <time>1970-01-01T00:02:46.800000Z</time>
        <extensions>
          <gpxtpx:TrackPointExtension>
            <gpxtpx:hr>139</gpxtpx:hr>
          </gpxtpx:TrackPointExtension>
        </extensions>
      </trkpt>
      <trkpt lat="22.546317939349972" lon="114.10644133596462">
        <ele>2.3497425885871053</ele>
        <time>1970-01-01T00:02:47.800000Z</time>
        <extensions>
          <gpxtpx:TrackPointExtension>
            <gpxtpx:hr>137</gpxtpx:hr>
          </gpxtpx:TrackPointExtension>
        </extensions>
      </trkpt>
      <trkpt lat="22.54632260380636" lon="114.10646852603081">
        <ele>2.3196717305108905</ele>
        <time>1970-01-01T00:02:48.800000Z</time>
        <extensions>
          <gpxtpx:TrackPointExtension>
            <gpxtpx:hr>137</gpxtpx:hr>
          </gpxtpx:TrackPointExtension>
        </extensions>
      </trkpt>
      <trkpt lat="22.54632848608692" lon="114.10649534919195">
        <ele>2.291302821598947</ele>
        <time>1970-01-01T00:02:49.800000Z</time>
        <extensions>
          <gpxtpx:TrackPointExtension>
            <gpxtpx:hr>137</gpxtpx:hr>
          </gpxtpx:TrackPointExtension>
        </extensions>
      </trkpt>
      <trkpt lat="22.546335139639204" lon="114.10652173454382">
        <ele>2.2646379498764873</ele>
        <time>1970-01-01T00:02:50.800000Z</time>
        <extensions>
          <gpxtpx:TrackPointExtension>
            <gpxtpx:hr>137</gpxtpx:hr>
          </gpxtpx:TrackPointExtension>
        </extensions>
      </trkpt>
      <trkpt lat="22.54634221787906" lon="114.10654793011823">
        <ele>2.240245413966477</ele>
        <time>1970-01-01T00:02:51.800000Z</time>
        <extensions>
          <gpxtpx:TrackPointExtension>
            <gpxtpx:hr>137</gpxtpx:hr>
          </gpxtpx:TrackPointExtension>
        </extensions>
      </trkpt>
      <trkpt lat="22.54634971344722" lon="114.10657440369717">
        <ele>2.2186093106865883</ele>
        <time>1970-01-01T00:02:52.800000Z</time>
        <extensions>
          <gpxtpx:TrackPointExtension>
            <gpxtpx:hr>137</gpxtpx:hr>
          </gpxtpx:TrackPointExtension>
        </extensions>
      </trkpt>
      <trkpt lat="22.546357691430927" lon="114.10660131661392">
        <ele>2.1998371556401253</ele>
        <time>1970-01-01T00:02:53.800000Z</time>
        <extensions>
          <gpxtpx:TrackPointExtension>
            <gpxtpx:hr>136</gpxtpx:hr>
          </gpxtpx:TrackPointExtension>
        </extensions>
      </trkpt>
      <trkpt lat="22.546366077514897" lon="114.1066283020476">
        <ele>2.183831688016653</ele>
        <time>1970-01-01T00:02:54.800000Z</time>
        <extensions>
          <gpxtpx:TrackPointExtension>
            <gpxtpx:hr>136</gpxtpx:hr>
          </gpxtpx:TrackPointExtension>
        </extensions>
      </trkpt>
      <trkpt lat="22.546374911029115" lon="114.10665488045221">
        <ele>2.1704772179946303</ele>
        <time>1970-01-01T00:02:55.800000Z</time>
        <extensions>
          <gpxtpx:TrackPointExtension>
            <gpxtpx:hr>136</gpxtpx:hr>
          </gpxtpx:TrackPointExtension>
        </extensions>
      </trkpt>
      <trkpt lat="22.54638415287198" lon="114.10668089107693">
        <ele>2.160099947825074</ele>
        <time>1970-01-01T00:02:56.800000Z</time>
        <extensions>
          <gpxtpx:TrackPointExtension>
            <gpxtpx:hr>136</gpxtpx:hr>
          </gpxtpx:TrackPointExtension>
        </extensions>
      </trkpt>
      <trkpt lat="22.546393767087388" lon="114.10670669805461">
        <ele>2.152813063003123</ele>
        <time>1970-01-01T00:02:57.800000Z</time>
        <extensions>
          <gpxtpx:TrackPointExtension>
            <gpxtpx:hr>136</gpxtpx:hr>
          </gpxtpx:TrackPointExtension>
        </extensions>
      </trkpt>
      <trkpt lat="22.546403724483742" lon="114.10673260399344">
        <ele>2.148639716207981</ele>
        <time>1970-01-01T00:02:58.700000Z</time>
        <extensions>
          <gpxtpx:TrackPointExtension>
            <gpxtpx:hr>141</gpxtpx:hr>
          </gpxtpx:TrackPointExtension>
        </extensions>
      </trkpt>
      <trkpt lat="22.546413996918222" lon="114.10675869956466">
        <ele>2.148287184536457</ele>
        <time>1970-01-01T00:02:59.700000Z</time>
        <extensions>
          <gpxtpx:TrackPointExtension>
            <gpxtpx:hr>141</gpxtpx:hr>
          </gpxtpx:TrackPointExtension>
        </extensions>
      </trkpt>
      <trkpt lat="22.5464245194008" lon="114.10678521881493">
        <ele>2.1517702909186482</ele>
        <time>1970-01-01T00:03:00.700000Z</time>
        <extensions>
          <gpxtpx:TrackPointExtension>
            <gpxtpx:hr>141</gpxtpx:hr>
          </gpxtpx:TrackPointExtension>
        </extensions>
      </trkpt>
      <trkpt lat="22.546435221656182" lon="114.10681215554355">
        <ele>2.1589281111955643</ele>
        <time>1970-01-01T00:03:01.700000Z</time>
        <extensions>
          <gpxtpx:TrackPointExtension>
            <gpxtpx:hr>141</gpxtpx:hr>
          </gpxtpx:TrackPointExtension>
        </extensions>
      </trkpt>
      <trkpt lat="22.54644608153998" lon="114.10683932015617">
        <ele>2.1699986895546317</ele>
        <time>1970-01-01T00:03:02.700000Z</time>
        <extensions>
          <gpxtpx:TrackPointExtension>
            <gpxtpx:hr>140</gpxtpx:hr>
          </gpxtpx:TrackPointExtension>
        </extensions>
      </trkpt>
      <trkpt lat="22.54645701765412" lon="114.10686658619105">
        <ele>2.184730160050094</ele>
        <time>1970-01-01T00:03:03.700000Z</time>
        <extensions>
          <gpxtpx:TrackPointExtension>
            <gpxtpx:hr>140</gpxtpx:hr>
          </gpxtpx:TrackPointExtension>
        </extensions>
      </trkpt>
      <trkpt lat="22.546467945397666" lon="114.10689393509618">
        <ele>2.2024945272132754</ele>
        <time>1970-01-01T00:03:04.700000Z</time>
        <extensions>
          <gpxtpx:TrackPointExtension>
            <gpxtpx:hr>140</gpxtpx:hr>
          </gpxtpx:TrackPointExtension>
        </extensions>
      </trkpt>
      <trkpt lat="22.546478897297632" lon="114.1069213074351">
        <ele>2.2224481916055083</ele>
        <time>1970-01-01T00:03:05.700000Z</time>
        <extensions>
          <gpxtpx:TrackPointExtension>
            <gpxtpx:hr>140</gpxtpx:hr>
          </gpxtpx:TrackPointExtension>
        </extensions>
      </trkpt>
      <trkpt lat="22.546489853961127" lon="114.10694869622805">
        <ele>2.2428837092593312</ele>
        <time>1970-01-01T00:03:06.700000Z</time>
        <extensions>
          <gpxtpx:TrackPointExtension>
            <gpxtpx:hr>140</gpxtpx:hr>
          </gpxtpx:TrackPointExtension>
        </extensions>
      </trkpt>
      <trkpt lat="22.546500723831272" lon="114.10697606737999">
        <ele>2.264388826675713</ele>
        <time>1970-01-01T00:03:07.700000Z</time>
        <extensions>
          <gpxtpx:TrackPointExtension>
            <gpxtpx:hr>141</gpxtpx:hr>
          </gpxtpx:TrackPointExtension>
        </extensions>
      </trkpt>
      <trkpt lat="22.54651152597491" lon="114.10700329618854">
        <ele>2.285683624446392</ele>
        <time>1970-01-01T00:03:08.700000Z</time>
        <extensions>
          <gpxtpx:TrackPointExtension>
            <gpxtpx:hr>141</gpxtpx:hr>
          </gpxtpx:TrackPointExtension>
        </extensions>
      </trkpt>
      <trkpt lat="22.546522169615425" lon="114.10703016785743">
        <ele>2.3061970826238394</ele>
        <time>1970-01-01T00:03:09.700000Z</time>
        <extensions>
          <gpxtpx:TrackPointExtension>
            <gpxtpx:hr>141</gpxtpx:hr>
          </gpxtpx:TrackPointExtension>
        </extensions>
      </trkpt>
      <trkpt lat="22.54653272820056" lon="114.1070566283363">
        <ele>2.325338958762586</ele>
        <time>1970-01-01T00:03:10.700000Z</time>
        <extensions>
          <gpxtpx:TrackPointExtension>
            <gpxtpx:hr>141</gpxtpx:hr>
          </gpxtpx:TrackPointExtension>
        </extensions>
      </trkpt>
      <trkpt lat="22.546543222637986" lon="114.10708303515516">
        <ele>2.34441386628896</ele>
        <time>1970-01-01T00:03:11.700000Z</time>
        <extensions>
          <gpxtpx:TrackPointExtension>
            <gpxtpx:hr>141</gpxtpx:hr>
          </gpxtpx:TrackPointExtension>
        </extensions>
      </trkpt>
      <trkpt lat="22.546553382435548" lon="114.10710945739805">
        <ele>2.361804813146591</ele>
        <time>1970-01-01T00:03:12.700000Z</time>
        <extensions>
          <gpxtpx:TrackPointExtension>
            <gpxtpx:hr>141</gpxtpx:hr>
          </gpxtpx:TrackPointExtension>
        </extensions>
      </trkpt>
      <trkpt lat="22.546562750497372" lon="114.10713577091674">
        <ele>2.378710084594786</ele>
        <time>1970-01-01T00:03:13.700000Z</time>
        <extensions>
          <gpxtpx:TrackPointExtension>
            <gpxtpx:hr>141</gpxtpx:hr>
          </gpxtpx:TrackPointExtension>
        </extensions>
      </trkpt>
      <trkpt lat="22.546570732932555" lon="114.10716190170525">
        <ele>2.3944597458466887</ele>
        <time>1970-01-01T00:03:14.700000Z</time>
        <extensions>
          <gpxtpx:TrackPointExtension>
            <gpxtpx:hr>141</gpxtpx:hr>
          </gpxtpx:TrackPointExtension>
        </extensions>
      </trkpt>
      <trkpt lat="22.546577631652063" lon="114.10718702732129">
        <ele>2.4081427520141006</ele>
        <time>1970-01-01T00:03:15.700000Z</time>
        <extensions>
          <gpxtpx:TrackPointExtension>
            <gpxtpx:hr>141</gpxtpx:hr>
          </gpxtpx:TrackPointExtension>
        </extensions>
      </trkpt>
      <trkpt lat="22.546585033603513" lon="114.1072103276549">
        <ele>2.420682336203754</ele>
        <time>1970-01-01T00:03:16.700000Z</time>
        <extensions>
          <gpxtpx:TrackPointExtension>
            <gpxtpx:hr>141</gpxtpx:hr>
          </gpxtpx:TrackPointExtension>
        </extensions>
      </trkpt>
      <trkpt lat="22.546593877918877" lon="114.10723271930608">
        <ele>2.4322966635227203</ele>
        <time>1970-01-01T00:03:17.700000Z</time>
        <extensions>
          <gpxtpx:TrackPointExtension>
            <gpxtpx:hr>143</gpxtpx:hr>
          </gpxtpx:TrackPointExtension>
        </extensions>
      </trkpt>
      <trkpt lat="22.546604108653188" lon="114.10725634369602">
        <ele>2.4430170645937324</ele>
        <time>1970-01-01T00:03:18.700000Z</time>
        <extensions>
          <gpxtpx:TrackPointExtension>
            <gpxtpx:hr>143</gpxtpx:hr>
          </gpxtpx:TrackPointExtension>
        </extensions>
      </trkpt>
      <trkpt lat="22.54661499621269" lon="114.10728207527897">
        <ele>2.452689412049949</ele>
        <time>1970-01-01T00:03:19.700000Z</time>
        <extensions>
          <gpxtpx:TrackPointExtension>
            <gpxtpx:hr>143</gpxtpx:hr>
          </gpxtpx:TrackPointExtension>
        </extensions>
      </trkpt>
      <trkpt lat="22.54662535971644" lon="114.10730908656373">
        <ele>2.461075983941555</ele>
        <time>1970-01-01T00:03:20.700000Z</time>
        <extensions>
          <gpxtpx:TrackPointExtension>
            <gpxtpx:hr>143</gpxtpx:hr>
          </gpxtpx:TrackPointExtension>
        </extensions>
      </trkpt>
      <trkpt lat="22.546634737250958" lon="114.10733643537237">
        <ele>2.4687602128833532</ele>
        <time>1970-01-01T00:03:21.700000Z</time>
        <extensions>
          <gpxtpx:TrackPointExtension>
            <gpxtpx:hr>143</gpxtpx:hr>
          </gpxtpx:TrackPointExtension>
        </extensions>
      </trkpt>
      <trkpt lat="22.54664374640192" lon="114.10736358861784">
        <ele>2.4754466032609344</ele>
        <time>1970-01-01T00:03:22.600000Z</time>
        <extensions>
          <gpxtpx:TrackPointExtension>
            <gpxtpx:hr>143</gpxtpx:hr>
          </gpxtpx:TrackPointExtension>
        </extensions>
      </trkpt>
      <trkpt lat="22.546653095271505" lon="114.10739068771811">
        <ele>2.4814131101593375</ele>
        <time>1970-01-01T00:03:23.600000Z</time>
        <extensions>
          <gpxtpx:TrackPointExtension>
            <gpxtpx:hr>143</gpxtpx:hr>
          </gpxtpx:TrackPointExtension>
        </extensions>
      </trkpt>
      <trkpt lat="22.5466628141754" lon="114.10741815110059">
        <ele>2.487611912190914</ele>
        <time>1970-01-01T00:03:24.600000Z</time>
        <extensions>
          <gpxtpx:TrackPointExtension>
            <gpxtpx:hr>143</gpxtpx:hr>
          </gpxtpx:TrackPointExtension>
        </extensions>
      </trkpt>
      <trkpt lat="22.546672949206403" lon="114.10744591499764">
        <ele>2.4940345119684935</ele>
        <time>1970-01-01T00:03:25.600000Z</time>
        <extensions>
          <gpxtpx:TrackPointExtension>
            <gpxtpx:hr>143</gpxtpx:hr>
          </gpxtpx:TrackPointExtension>
        </extensions>
      </trkpt>
      <trkpt lat="22.54668367194569" lon="114.10747340476361">
        <ele>2.499453630298376</ele>
        <time>1970-01-01T00:03:26.600000Z</time>
        <extensions>
          <gpxtpx:TrackPointExtension>
            <gpxtpx:hr>143</gpxtpx:hr>
          </gpxtpx:TrackPointExtension>
        </extensions>
      </trkpt>
      <trkpt lat="22.546695195835312" lon="114.10750002418872">
        <ele>2.5051233945414424</ele>
        <time>1970-01-01T00:03:27.600000Z</time>
        <extensions>
          <gpxtpx:TrackPointExtension>
            <gpxtpx:hr>143</gpxtpx:hr>
          </gpxtpx:TrackPointExtension>
        </extensions>
      </trkpt>
      <trkpt lat="22.5467074634031" lon="114.10752602186955">
        <ele>2.5121648283675313</ele>
        <time>1970-01-01T00:03:28.600000Z</time>
        <extensions>
          <gpxtpx:TrackPointExtension>
            <gpxtpx:hr>143</gpxtpx:hr>
          </gpxtpx:TrackPointExtension>
        </extensions>
      </trkpt>
      <trkpt lat="22.54671979394454" lon="114.10755197732774">
        <ele>2.5188161730766296</ele>
        <time>1970-01-01T00:03:29.600000Z</time>
        <extensions>
          <gpxtpx:TrackPointExtension>
            <gpxtpx:hr>145</gpxtpx:hr>
          </gpxtpx:TrackPointExtension>
        </extensions>
      </trkpt>
      <trkpt lat="22.546731314521534" lon="114.10757807146948">
        <ele>2.524904021061957</ele>
        <time>1970-01-01T00:03:30.600000Z</time>
        <extensions>
          <gpxtpx:TrackPointExtension>
            <gpxtpx:hr>145</gpxtpx:hr>
          </gpxtpx:TrackPointExtension>
        </extensions>
      </trkpt>
      <trkpt lat="22.54674158676964" lon="114.10760433604133">
        <ele>2.5317595982924104</ele>
        <time>1970-01-01T00:03:31.600000Z</time>
        <extensions>
          <gpxtpx:TrackPointExtension>
            <gpxtpx:hr>145</gpxtpx:hr>
          </gpxtpx:TrackPointExtension>
        </extensions>
      </trkpt>
      <trkpt lat="22.546750645134363" lon="114.10763090135208">
        <ele>2.539580777287483</ele>
        <time>1970-01-01T00:03:32.600000Z</time>
        <extensions>
          <gpxtpx:TrackPointExtension>
            <gpxtpx:hr>145</gpxtpx:hr>
          </gpxtpx:TrackPointExtension>
        </extensions>
      </trkpt>
      <trkpt lat="22.546758579578768" lon="114.1076578306088">
        <ele>2.547326250001788</ele>
        <time>1970-01-01T00:03:33.600000Z</time>
        <extensions>
          <gpxtpx:TrackPointExtension>
            <gpxtpx:hr>145</gpxtpx:hr>
          </gpxtpx:TrackPointExtension>
        </extensions>
      </trkpt>
      <trkpt lat="22.54676571275029" lon="114.10768495696212">
        <ele>2.5550516890361905</ele>
        <time>1970-01-01T00:03:34.600000Z</time>
        <extensions>
          <gpxtpx:TrackPointExtension>
            <gpxtpx:hr>146</gpxtpx:hr>
          </gpxtpx:TrackPointExtension>
        </extensions>
      </trkpt>
      <trkpt lat="22.54677230922677" lon="114.10771210369994">
        <ele>2.5612010173499584</ele>
        <time>1970-01-01T00:03:35.600000Z</time>
        <extensions>
          <gpxtpx:TrackPointExtension>
            <gpxtpx:hr>146</gpxtpx:hr>
          </gpxtpx:TrackPointExtension>
        </extensions>
      </trkpt>
      <trkpt lat="22.54677844654979" lon="114.10773908662765">
        <ele>2.5645819436758757</ele>
        <time>1970-01-01T00:03:36.600000Z</time>
        <extensions>
          <gpxtpx:TrackPointExtension>
            <gpxtpx:hr>146</gpxtpx:hr>
          </gpxtpx:TrackPointExtension>
        </extensions>
      </trkpt>
      <trkpt lat="22.54678418880451" lon="114.10776584321565">
        <ele>2.5653603430837393</ele>
        <time>1970-01-01T00:03:37.600000Z</time>
        <extensions>
          <gpxtpx:TrackPointExtension>
            <gpxtpx:hr>146</gpxtpx:hr>
          </gpxtpx:TrackPointExtension>
        </extensions>
      </trkpt>
      <trkpt lat="22.546789592271832" lon="114.10779245724405">
        <ele>2.563384661450982</ele>
        <time>1970-01-01T00:03:38.600000Z</time>
        <extensions>
          <gpxtpx:TrackPointExtension>
            <gpxtpx:hr>147</gpxtpx:hr>
          </gpxtpx:TrackPointExtension>
        </extensions>
      </trkpt>
      <trkpt lat="22.546794894110235" lon="114.10781898480963">
        <ele>2.558754079975188</ele>
        <time>1970-01-01T00:03:39.600000Z</time>
        <extensions>
          <gpxtpx:TrackPointExtension>
            <gpxtpx:hr>147</gpxtpx:hr>
          </gpxtpx:TrackPointExtension>
        </extensions>
      </trkpt>
      <trkpt lat="22.546800028276806" lon="114.10784524724883">
        <ele>2.5511512719094753</ele>
        <time>1970-01-01T00:03:40.600000Z</time>
        <extensions>
          <gpxtpx:TrackPointExtension>
            <gpxtpx:hr>147</gpxtpx:hr>
          </gpxtpx:TrackPointExtension>
        </extensions>
      </trkpt>
      <trkpt lat="22.546804842521762" lon="114.10787115655205">
        <ele>2.540282992646098</ele>
        <time>1970-01-01T00:03:41.600000Z</time>
        <extensions>
          <gpxtpx:TrackPointExtension>
            <gpxtpx:hr>147</gpxtpx:hr>
          </gpxtpx:TrackPointExtension>
        </extensions>
      </trkpt>
      <trkpt lat="22.54680920830286" lon="114.10789700025735">
        <ele>2.525528121739626</ele>
        <time>1970-01-01T00:03:42.600000Z</time>
        <extensions>
          <gpxtpx:TrackPointExtension>
            <gpxtpx:hr>147</gpxtpx:hr>
          </gpxtpx:TrackPointExtension>
        </extensions>
      </trkpt>
      <trkpt lat="22.54681280572289" lon="114.1079228271085">
        <ele>2.507743197493255</ele>
        <time>1970-01-01T00:03:43.600000Z</time>
        <extensions>
          <gpxtpx:TrackPointExtension>
            <gpxtpx:hr>148</gpxtpx:hr>
          </gpxtpx:TrackPointExtension>
        </extensions>
      </trkpt>
      <trkpt lat="22.54681500092037" lon="114.10794841635105">
        <ele>2.4857402741909027</ele>
        <time>1970-01-01T00:03:44.600000Z</time>
        <extensions>
          <gpxtpx:TrackPointExtension>
            <gpxtpx:hr>148</gpxtpx:hr>
          </gpxtpx:TrackPointExtension>
        </extensions>
      </trkpt>
      <trkpt lat="22.546815138299134" lon="114.10797351816157">
        <ele>2.4595646876841784</ele>
        <time>1970-01-01T00:03:45.600000Z</time>
        <extensions>
          <gpxtpx:TrackPointExtension>
            <gpxtpx:hr>148</gpxtpx:hr>
          </gpxtpx:TrackPointExtension>
        </extensions>
      </trkpt>
      <trkpt lat="22.54681302352922" lon="114.10799794055667">
        <ele>2.42968927975744</ele>
        <time>1970-01-01T00:03:46.500000Z</time>
        <extensions>
          <gpxtpx:TrackPointExtension>
            <gpxtpx:hr>148</gpxtpx:hr>
          </gpxtpx:TrackPointExtension>
        </extensions>
      </trkpt>
      <trkpt lat="22.54680857614218" lon="114.10802169073332">
        <ele>2.395573189482093</ele>
        <time>1970-01-01T00:03:47.500000Z</time>
        <extensions>
          <gpxtpx:TrackPointExtension>
            <gpxtpx:hr>148</gpxtpx:hr>
          </gpxtpx:TrackPointExtension>
        </extensions>
      </trkpt>
      <trkpt lat="22.54680165270415" lon="114.10804454574262">
        <ele>2.356845355592668</ele>
        <time>1970-01-01T00:03:48.500000Z</time>
        <extensions>
          <gpxtpx:TrackPointExtension>
            <gpxtpx:hr>148</gpxtpx:hr>
          </gpxtpx:TrackPointExtension>
        </extensions>
      </trkpt>
      <trkpt lat="22.546791893296255" lon="114.1080659646609">
        <ele>2.3137178579345345</ele>
        <time>1970-01-01T00:03:49.500000Z</time>
        <extensions>
          <gpxtpx:TrackPointExtension>
            <gpxtpx:hr>148</gpxtpx:hr>
          </gpxtpx:TrackPointExtension>
        </extensions>
      </trkpt>
      <trkpt lat="22.54677907505265" lon="114.10808516474596">
        <ele>2.2667483976110816</ele>
        <time>1970-01-01T00:03:50.500000Z</time>
        <extensions>
          <gpxtpx:TrackPointExtension>
            <gpxtpx:hr>148</gpxtpx:hr>
          </gpxtpx:TrackPointExtension>
        </extensions>
      </trkpt>
      <trkpt lat="22.546763115048226" lon="114.10810105441448">
        <ele>2.2154636727645993</ele>
        <time>1970-01-01T00:03:51.500000Z</time>
        <extensions>
          <gpxtpx:TrackPointExtension>
            <gpxtpx:hr>148</gpxtpx:hr>
          </gpxtpx:TrackPointExtension>
        </extensions>
      </trkpt>
      <trkpt lat="22.54674386457871" lon="114.10811247781886">
        <ele>2.1604210874065757</ele>
        <time>1970-01-01T00:03:52.500000Z</time>
        <extensions>
          <gpxtpx:TrackPointExtension>
            <gpxtpx:hr>148</gpxtpx:hr>
          </gpxtpx:TrackPointExtension>
        </extensions>
      </trkpt>
      <trkpt lat="22.546721555976173" lon="114.10811933002219">
        <ele>2.102215808816254</ele>
        <time>1970-01-01T00:03:53.500000Z</time>
        <extensions>
          <gpxtpx:TrackPointExtension>
            <gpxtpx:hr>148</gpxtpx:hr>
          </gpxtpx:TrackPointExtension>
        </extensions>
      </trkpt>
      <trkpt lat="22.546696952265282" lon="114.10812258232777">
        <ele>2.041175352409482</ele>
        <time>1970-01-01T00:03:54.500000Z</time>
        <extensions>
          <gpxtpx:TrackPointExtension>
            <gpxtpx:hr>148</gpxtpx:hr>
          </gpxtpx:TrackPointExtension>
        </extensions>
      </trkpt>
      <trkpt lat="22.54667132032948" lon="114.10812356487975">
        <ele>1.9782592980191112</ele>
        <time>1970-01-01T00:03:55.500000Z</time>
        <extensions>
          <gpxtpx:TrackPointExtension>
            <gpxtpx:hr>148</gpxtpx:hr>
          </gpxtpx:TrackPointExtension>
        </extensions>
      </trkpt>
      <trkpt lat="22.546645592451213" lon="114.10812341930908">
        <ele>1.9148629596456885</ele>
        <time>1970-01-01T00:03:56.500000Z</time>
        <extensions>
          <gpxtpx:TrackPointExtension>
            <gpxtpx:hr>148</gpxtpx:hr>
          </gpxtpx:TrackPointExtension>
        </extensions>
      </trkpt>
      <trkpt lat="22.54662005122545" lon="114.1081228041637">
        <ele>1.850188453681767</ele>
        <time>1970-01-01T00:03:57.500000Z</time>
        <extensions>
          <gpxtpx:TrackPointExtension>
            <gpxtpx:hr>148</gpxtpx:hr>
          </gpxtpx:TrackPointExtension>
        </extensions>
      </trkpt>
      <trkpt lat="22.546594678539122" lon="114.10812217066413">
        <ele>1.7856383165344596</ele>
        <time>1970-01-01T00:03:58.500000Z</time>
        <extensions>
          <gpxtpx:TrackPointExtension>
            <gpxtpx:hr>148</gpxtpx:hr>
          </gpxtpx:TrackPointExtension>
        </extensions>
      </trkpt>
      <trkpt lat="22.546569466551222" lon="114.10812185350504">
        <ele>1.7213755678385496</ele>
        <time>1970-01-01T00:03:59.500000Z</time>
        <extensions>
          <gpxtpx:TrackPointExtension>
            <gpxtpx:hr>148</gpxtpx:hr>
          </gpxtpx:TrackPointExtension>
        </extensions>
      </trkpt>
      <trkpt lat="22.546544448222704" lon="114.10812231408012">
        <ele>1.6577407252043486</ele>
        <time>1970-01-01T00:04:00.500000Z</time>
        <extensions>
          <gpxtpx:TrackPointExtension>
            <gpxtpx:hr>148</gpxtpx:hr>
          </gpxtpx:TrackPointExtension>
        </extensions>
      </trkpt>
      <trkpt lat="22.54651959535603" lon="114.10812405887967">
        <ele>1.5947339991107583</ele>
        <time>1970-01-01T00:04:01.500000Z</time>
        <extensions>
          <gpxtpx:TrackPointExtension>
            <gpxtpx:hr>148</gpxtpx:hr>
          </gpxtpx:TrackPointExtension>
        </extensions>
      </trkpt>
      <trkpt lat="22.54649508502804" lon="114.10812742832383">
        <ele>1.5328753301873803</ele>
        <time>1970-01-01T00:04:02.500000Z</time>
        <extensions>
          <gpxtpx:TrackPointExtension>
            <gpxtpx:hr>148</gpxtpx:hr>
          </gpxtpx:TrackPointExtension>
        </extensions>
      </trkpt>
      <trkpt lat="22.546470802346246" lon="114.10813233325197">
        <ele>1.4718539770692587</ele>
        <time>1970-01-01T00:04:03.500000Z</time>
        <extensions>
          <gpxtpx:TrackPointExtension>
            <gpxtpx:hr>149</gpxtpx:hr>
          </gpxtpx:TrackPointExtension>
        </extensions>
      </trkpt>
      <trkpt lat="22.546446529122758" lon="114.10813816892359">
        <ele>1.4115643687546253</ele>
        <time>1970-01-01T00:04:04.500000Z</time>
        <extensions>
          <gpxtpx:TrackPointExtension>
            <gpxtpx:hr>149</gpxtpx:hr>
          </gpxtpx:TrackPointExtension>
        </extensions>
      </trkpt>
      <trkpt lat="22.546422190156044" lon="114.10814412655488">
        <ele>1.3533394830301404</ele>
        <time>1970-01-01T00:04:05.500000Z</time>
        <extensions>
          <gpxtpx:TrackPointExtension>
            <gpxtpx:hr>149</gpxtpx:hr>
          </gpxtpx:TrackPointExtension>
        </extensions>
      </trkpt>
      <trkpt lat="22.546397796611366" lon="114.10814997871114">
        <ele>1.2942818133160472</ele>
        <time>1970-01-01T00:04:06.500000Z</time>
        <extensions>
          <gpxtpx:TrackPointExtension>
            <gpxtpx:hr>149</gpxtpx:hr>
          </gpxtpx:TrackPointExtension>
        </extensions>
      </trkpt>
      <trkpt lat="22.54637344106981" lon="114.1081555756792">
        <ele>1.2365894746035337</ele>
        <time>1970-01-01T00:04:07.500000Z</time>
        <extensions>
          <gpxtpx:TrackPointExtension>
            <gpxtpx:hr>149</gpxtpx:hr>
          </gpxtpx:TrackPointExtension>
        </extensions>
      </trkpt>
      <trkpt lat="22.546349136082185" lon="114.10816031238991">
        <ele>1.1783014182001352</ele>
        <time>1970-01-01T00:04:08.500000Z</time>
        <extensions>
          <gpxtpx:TrackPointExtension>
            <gpxtpx:hr>149</gpxtpx:hr>
          </gpxtpx:TrackPointExtension>
        </extensions>
      </trkpt>
      <trkpt lat="22.546324716258944" lon="114.10816359949183">
        <ele>1.118732270784676</ele>
        <time>1970-01-01T00:04:09.400000Z</time>
        <extensions>
          <gpxtpx:TrackPointExtension>
            <gpxtpx:hr>149</gpxtpx:hr>
          </gpxtpx:TrackPointExtension>
        </extensions>
      </trkpt>
      <trkpt lat="22.546299788395388" lon="114.10816535032382">
        <ele>1.0606204317882657</ele>
        <time>1970-01-01T00:04:10.400000Z</time>
        <extensions>
          <gpxtpx:TrackPointExtension>
            <gpxtpx:hr>149</gpxtpx:hr>
          </gpxtpx:TrackPointExtension>
        </extensions>
      </trkpt>
      <trkpt lat="22.546274336084167" lon="114.10816601230859">
        <ele>1.0017589926719666</ele>
        <time>1970-01-01T00:04:11.400000Z</time>
        <extensions>
          <gpxtpx:TrackPointExtension>
            <gpxtpx:hr>149</gpxtpx:hr>
          </gpxtpx:TrackPointExtension>
        </extensions>
      </trkpt>
      <trkpt lat="22.54624868186527" lon="114.10816572094673">
        <ele>0.9398651532828808</ele>
        <time>1970-01-01T00:04:12.400000Z</time>
        <extensions>
          <gpxtpx:TrackPointExtension>
            <gpxtpx:hr>149</gpxtpx:hr>
          </gpxtpx:TrackPointExtension>
        </extensions>
      </trkpt>
      <trkpt lat="22.546222899268763" lon="114.10816451159947">
        <ele>0.8807965815067291</ele>
        <time>1970-01-01T00:04:13.400000Z</time>
        <extensions>
          <gpxtpx:TrackPointExtension>
            <gpxtpx:hr>150</gpxtpx:hr>
          </gpxtpx:TrackPointExtension>
        </extensions>
      </trkpt>
      <trkpt lat="22.546196539596313" lon="114.10816264855535">
        <ele>0.8195323944091797</ele>
        <time>1970-01-01T00:04:14.400000Z</time>
        <extensions>
          <gpxtpx:TrackPointExtension>
            <gpxtpx:hr>150</gpxtpx:hr>
          </gpxtpx:TrackPointExtension>
        </extensions>
      </trkpt>
      <trkpt lat="22.546169427370927" lon="114.10816051272967">
        <ele>0.7543283626437187</ele>
        <time>1970-01-01T00:04:15.400000Z</time>
        <extensions>
          <gpxtpx:TrackPointExtension>
            <gpxtpx:hr>150</gpxtpx:hr>
          </gpxtpx:TrackPointExtension>
        </extensions>
      </trkpt>
      <trkpt lat="22.546141978576838" lon="114.10815832788367">
        <ele>0.6918472042307258</ele>
        <time>1970-01-01T00:04:16.400000Z</time>
        <extensions>
          <gpxtpx:TrackPointExtension>
            <gpxtpx:hr>150</gpxtpx:hr>
          </gpxtpx:TrackPointExtension>
        </extensions>
      </trkpt>
      <trkpt lat="22.546114447255107" lon="114.10815614969637">
        <ele>0.6313052037730813</ele>
        <time>1970-01-01T00:04:17.400000Z</time>
        <extensions>
          <gpxtpx:TrackPointExtension>
            <gpxtpx:hr>151</gpxtpx:hr>
          </gpxtpx:TrackPointExtension>
        </extensions>
      </trkpt>
      <trkpt lat="22.546086944524017" lon="114.10815405767949">
        <ele>0.5688387136906385</ele>
        <time>1970-01-01T00:04:18.400000Z</time>
        <extensions>
          <gpxtpx:TrackPointExtension>
            <gpxtpx:hr>151</gpxtpx:hr>
          </gpxtpx:TrackPointExtension>
        </extensions>
      </trkpt>
      <trkpt lat="22.54605989186721" lon="114.10815209035795">
        <ele>0.5105576664209366</ele>
        <time>1970-01-01T00:04:19.400000Z</time>
        <extensions>
          <gpxtpx:TrackPointExtension>
            <gpxtpx:hr>151</gpxtpx:hr>
          </gpxtpx:TrackPointExtension>
        </extensions>
      </trkpt>
      <trkpt lat="22.546033927197094" lon="114.1081504260079">
        <ele>0.45439104083925486</ele>
        <time>1970-01-01T00:04:20.400000Z</time>
        <extensions>
          <gpxtpx:TrackPointExtension>
            <gpxtpx:hr>151</gpxtpx:hr>
          </gpxtpx:TrackPointExtension>
        </extensions>
      </trkpt>
      <trkpt lat="22.546009011141038" lon="114.10814901069072">
        <ele>0.4011840345337987</ele>
        <time>1970-01-01T00:04:21.400000Z</time>
        <extensions>
          <gpxtpx:TrackPointExtension>
            <gpxtpx:hr>152</gpxtpx:hr>
          </gpxtpx:TrackPointExtension>
        </extensions>
      </trkpt>
      <trkpt lat="22.545984352130702" lon="114.10814765935089">
        <ele>0.35092650540173054</ele>
        <time>1970-01-01T00:04:22.400000Z</time>
        <extensions>
          <gpxtpx:TrackPointExtension>
            <gpxtpx:hr>152</gpxtpx:hr>
          </gpxtpx:TrackPointExtension>
        </extensions>
      </trkpt>
      <trkpt lat="22.54595945891154" lon="114.1081462049537">
        <ele>0.3042263239622116</ele>
        <time>1970-01-01T00:04:23.400000Z</time>
        <extensions>
          <gpxtpx:TrackPointExtension>
            <gpxtpx:hr>152</gpxtpx:hr>
          </gpxtpx:TrackPointExtension>
        </extensions>
      </trkpt>
      <trkpt lat="22.545934503257293" lon="114.10814467290511">
        <ele>0.2607791256159544</ele>
        <time>1970-01-01T00:04:24.400000Z</time>
        <extensions>
          <gpxtpx:TrackPointExtension>
            <gpxtpx:hr>152</gpxtpx:hr>
          </gpxtpx:TrackPointExtension>
        </extensions>
      </trkpt>
      <trkpt lat="22.54590978012118" lon="114.10814332286229">
        <ele>0.22071166429668665</ele>
        <time>1970-01-01T00:04:25.400000Z</time>
        <extensions>
          <gpxtpx:TrackPointExtension>
            <gpxtpx:hr>152</gpxtpx:hr>
          </gpxtpx:TrackPointExtension>
        </extensions>
      </trkpt>
      <trkpt lat="22.545885590166833" lon="114.10814218106378">
        <ele>0.1836275001987815</ele>
        <time>1970-01-01T00:04:26.400000Z</time>
        <extensions>
          <gpxtpx:TrackPointExtension>
            <gpxtpx:hr>152</gpxtpx:hr>
          </gpxtpx:TrackPointExtension>
        </extensions>
      </trkpt>
      <trkpt lat="22.545861731866996" lon="114.10814126111514">
        <ele>0.15164173766970634</ele>
        <time>1970-01-01T00:04:27.400000Z</time>
        <extensions>
          <gpxtpx:TrackPointExtension>
            <gpxtpx:hr>152</gpxtpx:hr>
          </gpxtpx:TrackPointExtension>
        </extensions>
      </trkpt>
      <trkpt lat="22.545837753706227" lon="114.1081405618314">
        <ele>0.12190546467900276</ele>
        <time>1970-01-01T00:04:28.400000Z</time>
        <extensions>
          <gpxtpx:TrackPointExtension>
            <gpxtpx:hr>154</gpxtpx:hr>
          </gpxtpx:TrackPointExtension>
        </extensions>
      </trkpt>
      <trkpt lat="22.545813791258144" lon="114.10814016036298">
        <ele>0.09417565073817966</ele>
        <time>1970-01-01T00:04:29.400000Z</time>
        <extensions>
          <gpxtpx:TrackPointExtension>
            <gpxtpx:hr>154</gpxtpx:hr>
          </gpxtpx:TrackPointExtension>
        </extensions>
      </trkpt>
      <trkpt lat="22.54579008005072" lon="114.10814023534925">
        <ele>0.06781387608498335</ele>
        <time>1970-01-01T00:04:30.400000Z</time>
        <extensions>
          <gpxtpx:TrackPointExtension>
            <gpxtpx:hr>154</gpxtpx:hr>
          </gpxtpx:TrackPointExtension>
        </extensions>
      </trkpt>
      <trkpt lat="22.545767168417836" lon="114.10814129822751">
        <ele>0.041625966317951665</ele>
        <time>1970-01-01T00:04:31.400000Z</time>
        <extensions>
          <gpxtpx:TrackPointExtension>
            <gpxtpx:hr>154</gpxtpx:hr>
          </gpxtpx:TrackPointExtension>
        </extensions>
      </trkpt>
      <trkpt lat="22.54574607016143" lon="114.10814409596384">
        <ele>0.014516923576593404</ele>
        <time>1970-01-01T00:04:32.400000Z</time>
        <extensions>
          <gpxtpx:TrackPointExtension>
            <gpxtpx:hr>154</gpxtpx:hr>
          </gpxtpx:TrackPointExtension>
        </extensions>
      </trkpt>
      <trkpt lat="22.54572802496906" lon="114.10814891043267">
        <ele>-0.014374801889061933</ele>
        <time>1970-01-01T00:04:33.300000Z</time>
        <extensions>
          <gpxtpx:TrackPointExtension>
            <gpxtpx:hr>154</gpxtpx:hr>
          </gpxtpx:TrackPointExtension>
        </extensions>
      </trkpt>
      <trkpt lat="22.545715006159185" lon="114.10815629605104">
        <ele>-0.04603453353047371</ele>
        <time>1970-01-01T00:04:34.300000Z</time>
        <extensions>
          <gpxtpx:TrackPointExtension>
            <gpxtpx:hr>154</gpxtpx:hr>
          </gpxtpx:TrackPointExtension>
        </extensions>
      </trkpt>
      <trkpt lat="22.545708906314125" lon="114.10816492074699">
        <ele>-0.08117532078176737</ele>
        <time>1970-01-01T00:04:35.300000Z</time>
        <extensions>
          <gpxtpx:TrackPointExtension>
            <gpxtpx:hr>154</gpxtpx:hr>
          </gpxtpx:TrackPointExtension>
        </extensions>
      </trkpt>
      <trkpt lat="22.545708044441703" lon="114.10817156492118">
        <ele>-0.12021482549607754</ele>
        <time>1970-01-01T00:04:36.300000Z</time>
        <extensions>
          <gpxtpx:TrackPointExtension>
            <gpxtpx:hr>154</gpxtpx:hr>
          </gpxtpx:TrackPointExtension>
        </extensions>
      </trkpt>
      <trkpt lat="22.545709110061452" lon="114.10817543340228">
        <ele>-0.1634799288585782</ele>
        <time>1970-01-01T00:04:37.300000Z</time>
        <extensions>
          <gpxtpx:TrackPointExtension>
            <gpxtpx:hr>153</gpxtpx:hr>
          </gpxtpx:TrackPointExtension>
        </extensions>
      </trkpt>
      <trkpt lat="22.54571051508601" lon="114.10817796322303">
        <ele>-0.21072070207446814</ele>
        <time>1970-01-01T00:04:38.300000Z</time>
        <extensions>
          <gpxtpx:TrackPointExtension>
            <gpxtpx:hr>153</gpxtpx:hr>
          </gpxtpx:TrackPointExtension>
        </extensions>
      </trkpt>
      <trkpt lat="22.54571136009681" lon="114.10818028423597">
        <ele>-0.26223284751176834</ele>
        <time>1970-01-01T00:04:39.300000Z</time>
        <extensions>
          <gpxtpx:TrackPointExtension>
            <gpxtpx:hr>153</gpxtpx:hr>
          </gpxtpx:TrackPointExtension>
        </extensions>
      </trkpt>
      <trkpt lat="22.545711116042828" lon="114.10818279748513">
        <ele>-0.31583034433424473</ele>
        <time>1970-01-01T00:04:40.300000Z</time>
        <extensions>
          <gpxtpx:TrackPointExtension>
            <gpxtpx:hr>153</gpxtpx:hr>
          </gpxtpx:TrackPointExtension>
        </extensions>
      </trkpt>
      <trkpt lat="22.545708933324033" lon="114.10818577154697">
        <ele>-0.3710697526112199</ele>
        <time>1970-01-01T00:04:41.300000Z</time>
        <extensions>
          <gpxtpx:TrackPointExtension>
            <gpxtpx:hr>153</gpxtpx:hr>
          </gpxtpx:TrackPointExtension>
        </extensions>
      </trkpt>
      <trkpt lat="22.545703615588977" lon="114.10818861337474">
        <ele>-0.42684507463127375</ele>
        <time>1970-01-01T00:04:42.300000Z</time>
        <extensions>
          <gpxtpx:TrackPointExtension>
            <gpxtpx:hr>154</gpxtpx:hr>
          </gpxtpx:TrackPointExtension>
        </extensions>
      </trkpt>
      <trkpt lat="22.545695124663602" lon="114.10819001962233">
        <ele>-0.48192346654832363</ele>
        <time>1970-01-01T00:04:43.300000Z</time>
        <extensions>
          <gpxtpx:TrackPointExtension>
            <gpxtpx:hr>154</gpxtpx:hr>
          </gpxtpx:TrackPointExtension>
        </extensions>
      </trkpt>
      <trkpt lat="22.54568390325965" lon="114.108189553348">
        <ele>-0.5351210981607437</ele>
        <time>1970-01-01T00:04:44.300000Z</time>
        <extensions>
          <gpxtpx:TrackPointExtension>
            <gpxtpx:hr>154</gpxtpx:hr>
          </gpxtpx:TrackPointExtension>
        </extensions>
      </trkpt>
      <trkpt lat="22.54566949865916" lon="114.10818745917884">
        <ele>-0.5854371534660459</ele>
        <time>1970-01-01T00:04:45.300000Z</time>
        <extensions>
          <gpxtpx:TrackPointExtension>
            <gpxtpx:hr>154</gpxtpx:hr>
          </gpxtpx:TrackPointExtension>
        </extensions>
      </trkpt>
      <trkpt lat="22.5456506501802" lon="114.10818399398227">
        <ele>-0.6321710171177983</ele>
        <time>1970-01-01T00:04:46.300000Z</time>
        <extensions>
          <gpxtpx:TrackPointExtension>
            <gpxtpx:hr>154</gpxtpx:hr>
          </gpxtpx:TrackPointExtension>
        </extensions>
      </trkpt>
      <trkpt lat="22.545627208243047" lon="114.10817958814398">
        <ele>-0.6748756179586053</ele>
        <time>1970-01-01T00:04:47.300000Z</time>
        <extensions>
          <gpxtpx:TrackPointExtension>
            <gpxtpx:hr>154</gpxtpx:hr>
          </gpxtpx:TrackPointExtension>
        </extensions>
      </trkpt>
      <trkpt lat="22.545601036788444" lon="114.10817491601325">
        <ele>-0.7132443813607097</ele>
        <time>1970-01-01T00:04:48.300000Z</time>
        <extensions>
          <gpxtpx:TrackPointExtension>
            <gpxtpx:hr>154</gpxtpx:hr>
          </gpxtpx:TrackPointExtension>
        </extensions>
      </trkpt>
      <trkpt lat="22.545573674264833" lon="114.10817064802701">
        <ele>-0.7471156809478998</ele>
        <time>1970-01-01T00:04:49.300000Z</time>
        <extensions>
          <gpxtpx:TrackPointExtension>
            <gpxtpx:hr>156</gpxtpx:hr>
          </gpxtpx:TrackPointExtension>
        </extensions>
      </trkpt>
      <trkpt lat="22.545545898038696" lon="114.10816739586862">
        <ele>-0.7764950599521399</ele>
        <time>1970-01-01T00:04:50.300000Z</time>
        <extensions>
          <gpxtpx:TrackPointExtension>
            <gpxtpx:hr>156</gpxtpx:hr>
          </gpxtpx:TrackPointExtension>
        </extensions>
      </trkpt>
      <trkpt lat="22.545518096392957" lon="114.10816562694792">
        <ele>-0.8015650631859899</ele>
        <time>1970-01-01T00:04:51.300000Z</time>
        <extensions>
          <gpxtpx:TrackPointExtension>
            <gpxtpx:hr>156</gpxtpx:hr>
          </gpxtpx:TrackPointExtension>
        </extensions>
      </trkpt>
      <trkpt lat="22.54549032594085" lon="114.10816507570227">
        <ele>-0.8227577498182654</ele>
        <time>1970-01-01T00:04:52.300000Z</time>
        <extensions>
          <gpxtpx:TrackPointExtension>
            <gpxtpx:hr>156</gpxtpx:hr>
          </gpxtpx:TrackPointExtension>
        </extensions>
      </trkpt>
      <trkpt lat="22.54546252164909" lon="114.1081645556624">
        <ele>-0.840806963853538</ele>
        <time>1970-01-01T00:04:53.300000Z</time>
        <extensions>
          <gpxtpx:TrackPointExtension>
            <gpxtpx:hr>156</gpxtpx:hr>
          </gpxtpx:TrackPointExtension>
        </extensions>
      </trkpt>
      <trkpt lat="22.545434533773" lon="114.10816334684827">
        <ele>-0.8567187283188105</ele>
        <time>1970-01-01T00:04:54.300000Z</time>
        <extensions>
          <gpxtpx:TrackPointExtension>
            <gpxtpx:hr>156</gpxtpx:hr>
          </gpxtpx:TrackPointExtension>
        </extensions>
      </trkpt>
      <trkpt lat="22.54540645595642" lon="114.10816169405815">
        <ele>-0.8717154581099749</ele>
        <time>1970-01-01T00:04:55.300000Z</time>
        <extensions>
          <gpxtpx:TrackPointExtension>
            <gpxtpx:hr>155</gpxtpx:hr>
          </gpxtpx:TrackPointExtension>
        </extensions>
      </trkpt>
      <trkpt lat="22.545378549688618" lon="114.10815967567358">
        <ele>-0.8870263705030084</ele>
        <time>1970-01-01T00:04:56.200000Z</time>
        <extensions>
          <gpxtpx:TrackPointExtension>
            <gpxtpx:hr>155</gpxtpx:hr>
          </gpxtpx:TrackPointExtension>
        </extensions>
      </trkpt>
      <trkpt lat="22.545351096877813" lon="114.10815733025603">
        <ele>-0.9036790002137423</ele>
        <time>1970-01-01T00:04:57.200000Z</time>
        <extensions>
          <gpxtpx:TrackPointExtension>
            <gpxtpx:hr>155</gpxtpx:hr>
          </gpxtpx:TrackPointExtension>
        </extensions>
      </trkpt>
      <trkpt lat="22.545324329289578" lon="114.10815461306467">
        <ele>-0.9225175511091948</ele>
        <time>1970-01-01T00:04:58.200000Z</time>
        <extensions>
          <gpxtpx:TrackPointExtension>
            <gpxtpx:hr>155</gpxtpx:hr>
          </gpxtpx:TrackPointExtension>
        </extensions>
      </trkpt>
      <trkpt lat="22.54529804341155" lon="114.10815140886439">
        <ele>-0.944200879894197</ele>
        <time>1970-01-01T00:04:59.200000Z</time>
        <extensions>
          <gpxtpx:TrackPointExtension>
            <gpxtpx:hr>154</gpxtpx:hr>
          </gpxtpx:TrackPointExtension>
        </extensions>
      </trkpt>
      <trkpt lat="22.545271662041195" lon="114.10814795801797">
        <ele>-0.9693749127909541</ele>
        <time>1970-01-01T00:05:00.200000Z</time>
        <extensions>
          <gpxtpx:TrackPointExtension>
            <gpxtpx:hr>154</gpxtpx:hr>
          </gpxtpx:TrackPointExtension>
        </extensions>
      </trkpt>
      <trkpt lat="22.545244839269834" lon="114.10814446394208">
        <ele>-0.9987917691469193</ele>
        <time>1970-01-01T00:05:01.200000Z</time>
        <extensions>
          <gpxtpx:TrackPointExtension>
            <gpxtpx:hr>154</gpxtpx:hr>
          </gpxtpx:TrackPointExtension>
        </extensions>
      </trkpt>
      <trkpt lat="22.545217695074566" lon="114.10814100538595">
        <ele>-1.0329975644126534</ele>
        <time>1970-01-01T00:05:02.200000Z</time>
        <extensions>
          <gpxtpx:TrackPointExtension>
            <gpxtpx:hr>154</gpxtpx:hr>
          </gpxtpx:TrackPointExtension>
        </extensions>
      </trkpt>
      <trkpt lat="22.545190400097102" lon="114.10813747803918">
        <ele>-1.0724088149145246</ele>
        <time>1970-01-01T00:05:03.200000Z</time>
        <extensions>
          <gpxtpx:TrackPointExtension>
            <gpxtpx:hr>154</gpxtpx:hr>
          </gpxtpx:TrackPointExtension>
        </extensions>
      </trkpt>
      <trkpt lat="22.54516310254897" lon="114.10813367015254">
        <ele>-1.117300276644528</ele>
        <time>1970-01-01T00:05:04.200000Z</time>
        <extensions>
          <gpxtpx:TrackPointExtension>
            <gpxtpx:hr>155</gpxtpx:hr>
          </gpxtpx:TrackPointExtension>
        </extensions>
      </trkpt>
      <trkpt lat="22.545135933307154" lon="114.1081295640614">
        <ele>-1.166991631500423</ele>
        <time>1970-01-01T00:05:05.200000Z</time>
        <extensions>
          <gpxtpx:TrackPointExtension>
            <gpxtpx:hr>155</gpxtpx:hr>
          </gpxtpx:TrackPointExtension>
        </extensions>
      </trkpt>
      <trkpt lat="22.545108797311382" lon="114.10812512976595">
        <ele>-1.220286081545055</ele>
        <time>1970-01-01T00:05:06.200000Z</time>
        <extensions>
          <gpxtpx:TrackPointExtension>
            <gpxtpx:hr>155</gpxtpx:hr>
          </gpxtpx:TrackPointExtension>
        </extensions>
      </trkpt>
      <trkpt lat="22.545081540535623" lon="114.10812030656628">
        <ele>-1.276549662463367</ele>
        <time>1970-01-01T00:05:07.200000Z</time>
        <extensions>
          <gpxtpx:TrackPointExtension>
            <gpxtpx:hr>155</gpxtpx:hr>
          </gpxtpx:TrackPointExtension>
        </extensions>
      </trkpt>
      <trkpt lat="22.54505404204722" lon="114.10811500425478">
        <ele>-1.3342821868136525</ele>
        <time>1970-01-01T00:05:08.200000Z</time>
        <extensions>
          <gpxtpx:TrackPointExtension>
            <gpxtpx:hr>155</gpxtpx:hr>
          </gpxtpx:TrackPointExtension>
        </extensions>
      </trkpt>
      <trkpt lat="22.545026137760352" lon="114.10810922558129">
        <ele>-1.391906863078475</ele>
        <time>1970-01-01T00:05:09.200000Z</time>
        <extensions>
          <gpxtpx:TrackPointExtension>
            <gpxtpx:hr>155</gpxtpx:hr>
          </gpxtpx:TrackPointExtension>
        </extensions>
      </trkpt>
      <trkpt lat="22.544997880921176" lon="114.10810315887058">
        <ele>-1.450345248915255</ele>
        <time>1970-01-01T00:05:10.200000Z</time>
        <extensions>
          <gpxtpx:TrackPointExtension>
            <gpxtpx:hr>155</gpxtpx:hr>
          </gpxtpx:TrackPointExtension>
        </extensions>
      </trkpt>
      <trkpt lat="22.544969452410147" lon="114.10809698575673">
        <ele>-1.5109144700691104</ele>
        <time>1970-01-01T00:05:11.200000Z</time>
        <extensions>
          <gpxtpx:TrackPointExtension>
            <gpxtpx:hr>155</gpxtpx:hr>
          </gpxtpx:TrackPointExtension>
        </extensions>
      </trkpt>
      <trkpt lat="22.544940972034937" lon="114.10809094822163">
        <ele>-1.5743314353749156</ele>
        <time>1970-01-01T00:05:12.200000Z</time>
        <extensions>
          <gpxtpx:TrackPointExtension>
            <gpxtpx:hr>155</gpxtpx:hr>
          </gpxtpx:TrackPointExtension>
        </extensions>
      </trkpt>
      <trkpt lat="22.544912635225824" lon="114.1080853042827">
        <ele>-1.6414818484336138</ele>
        <time>1970-01-01T00:05:13.200000Z</time>
        <extensions>
          <gpxtpx:TrackPointExtension>
            <gpxtpx:hr>155</gpxtpx:hr>
          </gpxtpx:TrackPointExtension>
        </extensions>
      </trkpt>
      <trkpt lat="22.54488469427737" lon="114.10808018002517">
        <ele>-1.7123039541766047</ele>
        <time>1970-01-01T00:05:14.200000Z</time>
        <extensions>
          <gpxtpx:TrackPointExtension>
            <gpxtpx:hr>155</gpxtpx:hr>
          </gpxtpx:TrackPointExtension>
        </extensions>
      </trkpt>
      <trkpt lat="22.54485731529255" lon="114.1080754699771">
        <ele>-1.7856264356523752</ele>
        <time>1970-01-01T00:05:15.200000Z</time>
        <extensions>
          <gpxtpx:TrackPointExtension>
            <gpxtpx:hr>155</gpxtpx:hr>
          </gpxtpx:TrackPointExtension>
        </extensions>
      </trkpt>
      <trkpt lat="22.544830552969056" lon="114.1080708883588">
        <ele>-1.859157256782055</ele>
        <time>1970-01-01T00:05:16.200000Z</time>
        <extensions>
          <gpxtpx:TrackPointExtension>
            <gpxtpx:hr>155</gpxtpx:hr>
          </gpxtpx:TrackPointExtension>
        </extensions>
      </trkpt>
      <trkpt lat="22.544804439417092" lon="114.10806618483478">
        <ele>-1.9273332236334682</ele>
        <time>1970-01-01T00:05:17.200000Z</time>
        <extensions>
          <gpxtpx:TrackPointExtension>
            <gpxtpx:hr>155</gpxtpx:hr>
          </gpxtpx:TrackPointExtension>
        </extensions>
      </trkpt>
      <trkpt lat="22.54477883435044" lon="114.10806113102441">
        <ele>-1.982404482550919</ele>
        <time>1970-01-01T00:05:18.200000Z</time>
        <extensions>
          <gpxtpx:TrackPointExtension>
            <gpxtpx:hr>155</gpxtpx:hr>
          </gpxtpx:TrackPointExtension>
        </extensions>
      </trkpt>
      <trkpt lat="22.544753436855434" lon="114.10805554028872">
        <ele>-2.0200712690129876</ele>
        <time>1970-01-01T00:05:19.200000Z</time>
        <extensions>
          <gpxtpx:TrackPointExtension>
            <gpxtpx:hr>155</gpxtpx:hr>
          </gpxtpx:TrackPointExtension>
        </extensions>
      </trkpt>
      <trkpt lat="22.544727994922795" lon="114.10804930019732">
        <ele>-2.039860961958766</ele>
        <time>1970-01-01T00:05:20.100000Z</time>
        <extensions>
          <gpxtpx:TrackPointExtension>
            <gpxtpx:hr>155</gpxtpx:hr>
          </gpxtpx:TrackPointExtension>
        </extensions>
      </trkpt>
      <trkpt lat="22.544702294461747" lon="114.10804244028589">
        <ele>-2.0421983432024717</ele>
        <time>1970-01-01T00:05:21.100000Z</time>
        <extensions>
          <gpxtpx:TrackPointExtension>
            <gpxtpx:hr>155</gpxtpx:hr>
          </gpxtpx:TrackPointExtension>
        </extensions>
      </trkpt>
      <trkpt lat="22.544676338034282" lon="114.10803505616278">
        <ele>-2.0281834146007895</ele>
        <time>1970-01-01T00:05:22.100000Z</time>
        <extensions>
          <gpxtpx:TrackPointExtension>
            <gpxtpx:hr>155</gpxtpx:hr>
          </gpxtpx:TrackPointExtension>
        </extensions>
      </trkpt>
      <trkpt lat="22.54465033273807" lon="114.1080273518832">
        <ele>-1.999651308171451</ele>
        <time>1970-01-01T00:05:23.100000Z</time>
        <extensions>
          <gpxtpx:TrackPointExtension>
            <gpxtpx:hr>155</gpxtpx:hr>
          </gpxtpx:TrackPointExtension>
        </extensions>
      </trkpt>
      <trkpt lat="22.544624369391855" lon="114.10801972810015">
        <ele>-1.9588291179388762</ele>
        <time>1970-01-01T00:05:24.100000Z</time>
        <extensions>
          <gpxtpx:TrackPointExtension>
            <gpxtpx:hr>155</gpxtpx:hr>
          </gpxtpx:TrackPointExtension>
        </extensions>
      </trkpt>
      <trkpt lat="22.544598331267938" lon="114.10801241603632">
        <ele>-1.908291063271463</ele>
        <time>1970-01-01T00:05:25.100000Z</time>
        <extensions>
          <gpxtpx:TrackPointExtension>
            <gpxtpx:hr>155</gpxtpx:hr>
          </gpxtpx:TrackPointExtension>
        </extensions>
      </trkpt>
      <trkpt lat="22.544572230139636" lon="114.10800561209884">
        <ele>-1.8509132862091064</ele>
        <time>1970-01-01T00:05:26.100000Z</time>
        <extensions>
          <gpxtpx:TrackPointExtension>
            <gpxtpx:hr>155</gpxtpx:hr>
          </gpxtpx:TrackPointExtension>
        </extensions>
      </trkpt>
      <trkpt lat="22.544546156826804" lon="114.10799941692572">
        <ele>-1.789977197535336</ele>
        <time>1970-01-01T00:05:27.100000Z</time>
        <extensions>
          <gpxtpx:TrackPointExtension>
            <gpxtpx:hr>155</gpxtpx:hr>
          </gpxtpx:TrackPointExtension>
        </extensions>
      </trkpt>
      <trkpt lat="22.544520102969326" lon="114.10799379187125">
        <ele>-1.7294576205313206</ele>
        <time>1970-01-01T00:05:28.100000Z</time>
        <extensions>
          <gpxtpx:TrackPointExtension>
            <gpxtpx:hr>156</gpxtpx:hr>
          </gpxtpx:TrackPointExtension>
        </extensions>
      </trkpt>
      <trkpt lat="22.544499116601767" lon="114.10798959269462">
        <ele>-1.6834724377840757</ele>
        <time>1970-01-01T00:05:28.900000Z</time>
        <extensions>
          <gpxtpx:TrackPointExtension>
            <gpxtpx:hr>156</gpxtpx:hr>
          </gpxtpx:TrackPointExtension>
        </extensions>
      </trkpt>
      <trkpt lat="22.544472994830652" lon="114.10798448549359">
        <ele>-1.6334343180060387</ele>
        <time>1970-01-01T00:05:29.900000Z</time>
        <extensions>
          <gpxtpx:TrackPointExtension>
            <gpxtpx:hr>156</gpxtpx:hr>
          </gpxtpx:TrackPointExtension>
        </extensions>
      </trkpt>
      <trkpt lat="22.544446932224954" lon="114.10797935492876">
        <ele>-1.593783687800169</ele>
        <time>1970-01-01T00:05:30.900000Z</time>
        <extensions>
          <gpxtpx:TrackPointExtension>
            <gpxtpx:hr>156</gpxtpx:hr>
          </gpxtpx:TrackPointExtension>
        </extensions>
      </trkpt>
      <trkpt lat="22.544420852040368" lon="114.1079739826755">
        <ele>-1.564659376628697</ele>
        <time>1970-01-01T00:05:31.900000Z</time>
        <extensions>
          <gpxtpx:TrackPointExtension>
            <gpxtpx:hr>157</gpxtpx:hr>
          </gpxtpx:TrackPointExtension>
        </extensions>
      </trkpt>
      <trkpt lat="22.54439458065594" lon="114.10796817650515">
        <ele>-1.5448840418830514</ele>
        <time>1970-01-01T00:05:32.900000Z</time>
        <extensions>
          <gpxtpx:TrackPointExtension>
            <gpxtpx:hr>157</gpxtpx:hr>
          </gpxtpx:TrackPointExtension>
        </extensions>
      </trkpt>
      <trkpt lat="22.544368179738225" lon="114.10796206645361">
        <ele>-1.5326306903734803</ele>
        <time>1970-01-01T00:05:33.900000Z</time>
        <extensions>
          <gpxtpx:TrackPointExtension>
            <gpxtpx:hr>157</gpxtpx:hr>
          </gpxtpx:TrackPointExtension>
        </extensions>
      </trkpt>
      <trkpt lat="22.54434157995427" lon="114.10795596539872">
        <ele>-1.5258713094517589</ele>
        <time>1970-01-01T00:05:34.900000Z</time>
        <extensions>
          <gpxtpx:TrackPointExtension>
            <gpxtpx:hr>157</gpxtpx:hr>
          </gpxtpx:TrackPointExtension>
        </extensions>
      </trkpt>
      <trkpt lat="22.544314929639054" lon="114.10794997711795">
        <ele>-1.5227472623810172</ele>
        <time>1970-01-01T00:05:35.900000Z</time>
        <extensions>
          <gpxtpx:TrackPointExtension>
            <gpxtpx:hr>157</gpxtpx:hr>
          </gpxtpx:TrackPointExtension>
        </extensions>
      </trkpt>
      <trkpt lat="22.54428866588758" lon="114.10794401808234">
        <ele>-1.521907776594162</ele>
        <time>1970-01-01T00:05:36.900000Z</time>
        <extensions>
          <gpxtpx:TrackPointExtension>
            <gpxtpx:hr>157</gpxtpx:hr>
          </gpxtpx:TrackPointExtension>
        </extensions>
      </trkpt>
      <trkpt lat="22.544263015828914" lon="114.10793834872807">
        <ele>-1.5226596528664231</ele>
        <time>1970-01-01T00:05:37.900000Z</time>
        <extensions>
          <gpxtpx:TrackPointExtension>
            <gpxtpx:hr>156</gpxtpx:hr>
          </gpxtpx:TrackPointExtension>
        </extensions>
      </trkpt>
      <trkpt lat="22.544233968222382" lon="114.10793236435558">
        <ele>-1.525378393009305</ele>
        <time>1970-01-01T00:05:39.100000Z</time>
        <extensions>
          <gpxtpx:TrackPointExtension>
            <gpxtpx:hr>156</gpxtpx:hr>
          </gpxtpx:TrackPointExtension>
        </extensions>
      </trkpt>
      <trkpt lat="22.54421240353413" lon="114.10792819230335">
        <ele>-1.5286435559391975</ele>
        <time>1970-01-01T00:05:39.900000Z</time>
        <extensions>
          <gpxtpx:TrackPointExtension>
            <gpxtpx:hr>156</gpxtpx:hr>
          </gpxtpx:TrackPointExtension>
        </extensions>
      </trkpt>
      <trkpt lat="22.54418682305257" lon="114.10792365825223">
        <ele>-1.5339340651407838</ele>
        <time>1970-01-01T00:05:40.900000Z</time>
        <extensions>
          <gpxtpx:TrackPointExtension>
            <gpxtpx:hr>156</gpxtpx:hr>
          </gpxtpx:TrackPointExtension>
        </extensions>
      </trkpt>
      <trkpt lat="22.54416120289005" lon="114.10791982574744">
        <ele>-1.5410032216459513</ele>
        <time>1970-01-01T00:05:41.900000Z</time>
        <extensions>
          <gpxtpx:TrackPointExtension>
            <gpxtpx:hr>156</gpxtpx:hr>
          </gpxtpx:TrackPointExtension>
        </extensions>
      </trkpt>
      <trkpt lat="22.544135586852544" lon="114.10791663935314">
        <ele>-1.549750774167478</ele>
        <time>1970-01-01T00:05:42.900000Z</time>
        <extensions>
          <gpxtpx:TrackPointExtension>
            <gpxtpx:hr>157</gpxtpx:hr>
          </gpxtpx:TrackPointExtension>
        </extensions>
      </trkpt>
      <trkpt lat="22.544109922590902" lon="114.10791346583929">
        <ele>-1.5598479323089123</ele>
        <time>1970-01-01T00:05:43.900000Z</time>
        <extensions>
          <gpxtpx:TrackPointExtension>
            <gpxtpx:hr>157</gpxtpx:hr>
          </gpxtpx:TrackPointExtension>
        </extensions>
      </trkpt>
      <trkpt lat="22.544084203112497" lon="114.10791039922903">
        <ele>-1.5707605201750994</ele>
        <time>1970-01-01T00:05:44.900000Z</time>
        <extensions>
          <gpxtpx:TrackPointExtension>
            <gpxtpx:hr>157</gpxtpx:hr>
          </gpxtpx:TrackPointExtension>
        </extensions>
      </trkpt>
      <trkpt lat="22.54405833603746" lon="114.10790771389159">
        <ele>-1.581802636384964</ele>
        <time>1970-01-01T00:05:45.900000Z</time>
        <extensions>
          <gpxtpx:TrackPointExtension>
            <gpxtpx:hr>157</gpxtpx:hr>
          </gpxtpx:TrackPointExtension>
        </extensions>
      </trkpt>
      <trkpt lat="22.544032155209205" lon="114.10790515169997">
        <ele>-1.5922649158164859</ele>
        <time>1970-01-01T00:05:46.900000Z</time>
        <extensions>
          <gpxtpx:TrackPointExtension>
            <gpxtpx:hr>157</gpxtpx:hr>
          </gpxtpx:TrackPointExtension>
        </extensions>
      </trkpt>
      <trkpt lat="22.54400570214173" lon="114.10790257011128">
        <ele>-1.6015485962852836</ele>
        <time>1970-01-01T00:05:47.900000Z</time>
        <extensions>
          <gpxtpx:TrackPointExtension>
            <gpxtpx:hr>157</gpxtpx:hr>
          </gpxtpx:TrackPointExtension>
        </extensions>
      </trkpt>
      <trkpt lat="22.543979334119985" lon="114.10789971681912">
        <ele>-1.6092747021466494</ele>
        <time>1970-01-01T00:05:48.900000Z</time>
        <extensions>
          <gpxtpx:TrackPointExtension>
            <gpxtpx:hr>158</gpxtpx:hr>
          </gpxtpx:TrackPointExtension>
        </extensions>
      </trkpt>
      <trkpt lat="22.543953419285128" lon="114.10789656868137">
        <ele>-1.6154037965461612</ele>
        <time>1970-01-01T00:05:49.900000Z</time>
        <extensions>
          <gpxtpx:TrackPointExtension>
            <gpxtpx:hr>158</gpxtpx:hr>
          </gpxtpx:TrackPointExtension>
        </extensions>
      </trkpt>
      <trkpt lat="22.5439279769522" lon="114.10789317936192">
        <ele>-1.6202812176197767</ele>
        <time>1970-01-01T00:05:50.900000Z</time>
        <extensions>
          <gpxtpx:TrackPointExtension>
            <gpxtpx:hr>158</gpxtpx:hr>
          </gpxtpx:TrackPointExtension>
        </extensions>
      </trkpt>
      <trkpt lat="22.543902843242797" lon="114.10788954769374">
        <ele>-1.6245924727991223</ele>
        <time>1970-01-01T00:05:51.900000Z</time>
        <extensions>
          <gpxtpx:TrackPointExtension>
            <gpxtpx:hr>158</gpxtpx:hr>
          </gpxtpx:TrackPointExtension>
        </extensions>
      </trkpt>
      <trkpt lat="22.54387799769153" lon="114.1078855275651">
        <ele>-1.62926990352571</ele>
        <time>1970-01-01T00:05:52.900000Z</time>
        <extensions>
          <gpxtpx:TrackPointExtension>
            <gpxtpx:hr>158</gpxtpx:hr>
          </gpxtpx:TrackPointExtension>
        </extensions>
      </trkpt>
      <trkpt lat="22.543853181834812" lon="114.10788101826641">
        <ele>-1.6353547852486372</ele>
        <time>1970-01-01T00:05:53.900000Z</time>
        <extensions>
          <gpxtpx:TrackPointExtension>
            <gpxtpx:hr>156</gpxtpx:hr>
          </gpxtpx:TrackPointExtension>
        </extensions>
      </trkpt>
      <trkpt lat="22.543828181641977" lon="114.10787630397962">
        <ele>-1.6438190843909979</ele>
        <time>1970-01-01T00:05:54.900000Z</time>
        <extensions>
          <gpxtpx:TrackPointExtension>
            <gpxtpx:hr>156</gpxtpx:hr>
          </gpxtpx:TrackPointExtension>
        </extensions>
      </trkpt>
      <trkpt lat="22.543802946005815" lon="114.10787164086996">
        <ele>-1.6554182590916753</ele>
        <time>1970-01-01T00:05:55.900000Z</time>
        <extensions>
          <gpxtpx:TrackPointExtension>
            <gpxtpx:hr>156</gpxtpx:hr>
          </gpxtpx:TrackPointExtension>
        </extensions>
      </trkpt>
      <trkpt lat="22.54377764982759" lon="114.1078672405161">
        <ele>-1.670662835240364</ele>
        <time>1970-01-01T00:05:56.900000Z</time>
        <extensions>
          <gpxtpx:TrackPointExtension>
            <gpxtpx:hr>156</gpxtpx:hr>
          </gpxtpx:TrackPointExtension>
        </extensions>
      </trkpt>
      <trkpt lat="22.543752635720306" lon="114.10786315794586">
        <ele>-1.689802821725607</ele>
        <time>1970-01-01T00:05:57.900000Z</time>
        <extensions>
          <gpxtpx:TrackPointExtension>
            <gpxtpx:hr>156</gpxtpx:hr>
          </gpxtpx:TrackPointExtension>
        </extensions>
      </trkpt>
      <trkpt lat="22.543727788501776" lon="114.10785953424885">
        <ele>-1.7127963015809655</ele>
        <time>1970-01-01T00:05:58.900000Z</time>
        <extensions>
          <gpxtpx:TrackPointExtension>
            <gpxtpx:hr>156</gpxtpx:hr>
          </gpxtpx:TrackPointExtension>
        </extensions>
      </trkpt>
      <trkpt lat="22.543702760415382" lon="114.10785659274619">
        <ele>-1.739274762570858</ele>
        <time>1970-01-01T00:05:59.900000Z</time>
        <extensions>
          <gpxtpx:TrackPointExtension>
            <gpxtpx:hr>156</gpxtpx:hr>
          </gpxtpx:TrackPointExtension>
        </extensions>
      </trkpt>
      <trkpt lat="22.543677481903" lon="114.10785501104704">
        <ele>-1.7683807192370296</ele>
        <time>1970-01-01T00:06:00.900000Z</time>
        <extensions>
          <gpxtpx:TrackPointExtension>
            <gpxtpx:hr>156</gpxtpx:hr>
          </gpxtpx:TrackPointExtension>
        </extensions>
      </trkpt>
      <trkpt lat="22.54365092132383" lon="114.10785592360335">
        <ele>-1.7998477267101407</ele>
        <time>1970-01-01T00:06:02Z</time>
        <extensions>
          <gpxtpx:TrackPointExtension>
            <gpxtpx:hr>156</gpxtpx:hr>
          </gpxtpx:TrackPointExtension>
        </extensions>
      </trkpt>
      <trkpt lat="22.543625408092993" lon="114.10785726845465">
        <ele>-1.8279338423162699</ele>
        <time>1970-01-01T00:06:03Z</time>
        <extensions>
          <gpxtpx:TrackPointExtension>
            <gpxtpx:hr>156</gpxtpx:hr>
          </gpxtpx:TrackPointExtension>
        </extensions>
      </trkpt>
      <trkpt lat="22.543598931719774" lon="114.10785662011027">
        <ele>-1.8521313183009624</ele>
        <time>1970-01-01T00:06:04Z</time>
        <extensions>
          <gpxtpx:TrackPointExtension>
            <gpxtpx:hr>157</gpxtpx:hr>
          </gpxtpx:TrackPointExtension>
        </extensions>
      </trkpt>
      <trkpt lat="22.543571711583756" lon="114.1078544033551">
        <ele>-1.8712827526032925</ele>
        <time>1970-01-01T00:06:05Z</time>
        <extensions>
          <gpxtpx:TrackPointExtension>
            <gpxtpx:hr>157</gpxtpx:hr>
          </gpxtpx:TrackPointExtension>
        </extensions>
      </trkpt>
      <trkpt lat="22.543544425452055" lon="114.10785146027486">
        <ele>-1.8850325904786587</ele>
        <time>1970-01-01T00:06:06Z</time>
        <extensions>
          <gpxtpx:TrackPointExtension>
            <gpxtpx:hr>157</gpxtpx:hr>
          </gpxtpx:TrackPointExtension>
        </extensions>
      </trkpt>
      <trkpt lat="22.54351770653854" lon="114.10784804976927">
        <ele>-1.8936950583010912</ele>
        <time>1970-01-01T00:06:06.900000Z</time>
        <extensions>
          <gpxtpx:TrackPointExtension>
            <gpxtpx:hr>157</gpxtpx:hr>
          </gpxtpx:TrackPointExtension>
        </extensions>
      </trkpt>
      <trkpt lat="22.54349152774764" lon="114.10784414881388">
        <ele>-1.8985132575035095</ele>
        <time>1970-01-01T00:06:07.900000Z</time>
        <extensions>
          <gpxtpx:TrackPointExtension>
            <gpxtpx:hr>157</gpxtpx:hr>
          </gpxtpx:TrackPointExtension>
        </extensions>
      </trkpt>
      <trkpt lat="22.543465476889715" lon="114.10783982461804">
        <ele>-1.9017984317615628</ele>
        <time>1970-01-01T00:06:08.900000Z</time>
        <extensions>
          <gpxtpx:TrackPointExtension>
            <gpxtpx:hr>160</gpxtpx:hr>
          </gpxtpx:TrackPointExtension>
        </extensions>
      </trkpt>
      <trkpt lat="22.543439325488766" lon="114.10783502984987">
        <ele>-1.907063734717667</ele>
        <time>1970-01-01T00:06:09.900000Z</time>
        <extensions>
          <gpxtpx:TrackPointExtension>
            <gpxtpx:hr>160</gpxtpx:hr>
          </gpxtpx:TrackPointExtension>
        </extensions>
      </trkpt>
      <trkpt lat="22.543413575809943" lon="114.10782988571792">
        <ele>-1.9189863679930568</ele>
        <time>1970-01-01T00:06:10.900000Z</time>
        <extensions>
          <gpxtpx:TrackPointExtension>
            <gpxtpx:hr>160</gpxtpx:hr>
          </gpxtpx:TrackPointExtension>
        </extensions>
      </trkpt>
      <trkpt lat="22.543387548440926" lon="114.10782424826634">
        <ele>-1.9435506192967296</ele>
        <time>1970-01-01T00:06:11.900000Z</time>
        <extensions>
          <gpxtpx:TrackPointExtension>
            <gpxtpx:hr>160</gpxtpx:hr>
          </gpxtpx:TrackPointExtension>
        </extensions>
      </trkpt>
      <trkpt lat="22.543361669183057" lon="114.10781812548045">
        <ele>-1.9846445573493838</ele>
        <time>1970-01-01T00:06:12.900000Z</time>
        <extensions>
          <gpxtpx:TrackPointExtension>
            <gpxtpx:hr>160</gpxtpx:hr>
          </gpxtpx:TrackPointExtension>
        </extensions>
      </trkpt>
      <trkpt lat="22.543336036945067" lon="114.10781178926172">
        <ele>-2.0430001951754093</ele>
        <time>1970-01-01T00:06:13.900000Z</time>
        <extensions>
          <gpxtpx:TrackPointExtension>
            <gpxtpx:hr>160</gpxtpx:hr>
          </gpxtpx:TrackPointExtension>
        </extensions>
      </trkpt>
      <trkpt lat="22.54331083681473" lon="114.1078057039145">
        <ele>-2.1158906957134604</ele>
        <time>1970-01-01T00:06:14.900000Z</time>
        <extensions>
          <gpxtpx:TrackPointExtension>
            <gpxtpx:hr>160</gpxtpx:hr>
          </gpxtpx:TrackPointExtension>
        </extensions>
      </trkpt>
      <trkpt lat="22.543285977422556" lon="114.10780013014657">
        <ele>-2.197524850256741</ele>
        <time>1970-01-01T00:06:15.900000Z</time>
        <extensions>
          <gpxtpx:TrackPointExtension>
            <gpxtpx:hr>160</gpxtpx:hr>
          </gpxtpx:TrackPointExtension>
        </extensions>
      </trkpt>
      <trkpt lat="22.54326132834392" lon="114.10779500311934">
        <ele>-2.2826454136520624</ele>
        <time>1970-01-01T00:06:16.900000Z</time>
        <extensions>
          <gpxtpx:TrackPointExtension>
            <gpxtpx:hr>160</gpxtpx:hr>
          </gpxtpx:TrackPointExtension>
        </extensions>
      </trkpt>
      <trkpt lat="22.54323681885415" lon="114.10779021816565">
        <ele>-2.368055410683155</ele>
        <time>1970-01-01T00:06:17.900000Z</time>
        <extensions>
          <gpxtpx:TrackPointExtension>
            <gpxtpx:hr>160</gpxtpx:hr>
          </gpxtpx:TrackPointExtension>
        </extensions>
      </trkpt>
      <trkpt lat="22.54321240756015" lon="114.10778572116816">
        <ele>-2.4512772308662534</ele>
        <time>1970-01-01T00:06:18.900000Z</time>
        <extensions>
          <gpxtpx:TrackPointExtension>
            <gpxtpx:hr>160</gpxtpx:hr>
          </gpxtpx:TrackPointExtension>
        </extensions>
      </trkpt>
      <trkpt lat="22.543187818838565" lon="114.10778143922963">
        <ele>-2.530978021211922</ele>
        <time>1970-01-01T00:06:19.900000Z</time>
        <extensions>
          <gpxtpx:TrackPointExtension>
            <gpxtpx:hr>160</gpxtpx:hr>
          </gpxtpx:TrackPointExtension>
        </extensions>
      </trkpt>
      <trkpt lat="22.543162962584482" lon="114.10777736246422">
        <ele>-2.6061613224446774</ele>
        <time>1970-01-01T00:06:20.900000Z</time>
        <extensions>
          <gpxtpx:TrackPointExtension>
            <gpxtpx:hr>160</gpxtpx:hr>
          </gpxtpx:TrackPointExtension>
        </extensions>
      </trkpt>
      <trkpt lat="22.543138021982056" lon="114.10777341131143">
        <ele>-2.676600404083729</ele>
        <time>1970-01-01T00:06:21.900000Z</time>
        <extensions>
          <gpxtpx:TrackPointExtension>
            <gpxtpx:hr>160</gpxtpx:hr>
          </gpxtpx:TrackPointExtension>
        </extensions>
      </trkpt>
      <trkpt lat="22.543113157511733" lon="114.10776937031945">
        <ele>-2.7422596206888556</ele>
        <time>1970-01-01T00:06:22.900000Z</time>
        <extensions>
          <gpxtpx:TrackPointExtension>
            <gpxtpx:hr>160</gpxtpx:hr>
          </gpxtpx:TrackPointExtension>
        </extensions>
      </trkpt>
      <trkpt lat="22.5430883614351" lon="114.1077652113055">
        <ele>-2.8033967036753893</ele>
        <time>1970-01-01T00:06:23.900000Z</time>
        <extensions>
          <gpxtpx:TrackPointExtension>
            <gpxtpx:hr>160</gpxtpx:hr>
          </gpxtpx:TrackPointExtension>
        </extensions>
      </trkpt>
      <trkpt lat="22.543063494002045" lon="114.10776092150924">
        <ele>-2.845328795723617</ele>
        <time>1970-01-01T00:06:24.900000Z</time>
        <extensions>
          <gpxtpx:TrackPointExtension>
            <gpxtpx:hr>160</gpxtpx:hr>
          </gpxtpx:TrackPointExtension>
        </extensions>
      </trkpt>
      <trkpt lat="22.54303827369033" lon="114.10775651243442">
        <ele>-2.894824992865324</ele>
        <time>1970-01-01T00:06:25.900000Z</time>
        <extensions>
          <gpxtpx:TrackPointExtension>
            <gpxtpx:hr>160</gpxtpx:hr>
          </gpxtpx:TrackPointExtension>
        </extensions>
      </trkpt>
      <trkpt lat="22.543012516179697" lon="114.10775217545857">
        <ele>-2.942731079645455</ele>
        <time>1970-01-01T00:06:26.900000Z</time>
        <extensions>
          <gpxtpx:TrackPointExtension>
            <gpxtpx:hr>160</gpxtpx:hr>
          </gpxtpx:TrackPointExtension>
        </extensions>
      </trkpt>
      <trkpt lat="22.54298642809291" lon="114.10774811283187">
        <ele>-2.9890622133389115</ele>
        <time>1970-01-01T00:06:27.900000Z</time>
        <extensions>
          <gpxtpx:TrackPointExtension>
            <gpxtpx:hr>160</gpxtpx:hr>
          </gpxtpx:TrackPointExtension>
        </extensions>
      </trkpt>
      <trkpt lat="22.542960451260516" lon="114.10774461095379">
        <ele>-3.0344064142555</ele>
        <time>1970-01-01T00:06:28.900000Z</time>
        <extensions>
          <gpxtpx:TrackPointExtension>
            <gpxtpx:hr>160</gpxtpx:hr>
          </gpxtpx:TrackPointExtension>
        </extensions>
      </trkpt>
      <trkpt lat="22.542934891506757" lon="114.10774172841026">
        <ele>-3.079269126057625</ele>
        <time>1970-01-01T00:06:29.800000Z</time>
        <extensions>
          <gpxtpx:TrackPointExtension>
            <gpxtpx:hr>160</gpxtpx:hr>
          </gpxtpx:TrackPointExtension>
        </extensions>
      </trkpt>
      <trkpt lat="22.542909398812995" lon="114.1077392566387">
        <ele>-3.1241326173767447</ele>
        <time>1970-01-01T00:06:30.800000Z</time>
        <extensions>
          <gpxtpx:TrackPointExtension>
            <gpxtpx:hr>160</gpxtpx:hr>
          </gpxtpx:TrackPointExtension>
        </extensions>
      </trkpt>
      <trkpt lat="22.542883672724958" lon="114.10773668050831">
        <ele>-3.169594102539122</ele>
        <time>1970-01-01T00:06:31.800000Z</time>
        <extensions>
          <gpxtpx:TrackPointExtension>
            <gpxtpx:hr>160</gpxtpx:hr>
          </gpxtpx:TrackPointExtension>
        </extensions>
      </trkpt>
      <trkpt lat="22.54285780620467" lon="114.10773376350775">
        <ele>-3.2161930287256837</ele>
        <time>1970-01-01T00:06:32.800000Z</time>
        <extensions>
          <gpxtpx:TrackPointExtension>
            <gpxtpx:hr>161</gpxtpx:hr>
          </gpxtpx:TrackPointExtension>
        </extensions>
      </trkpt>
      <trkpt lat="22.542831971972632" lon="114.10773061232956">
        <ele>-3.2642070055007935</ele>
        <time>1970-01-01T00:06:33.800000Z</time>
        <extensions>
          <gpxtpx:TrackPointExtension>
            <gpxtpx:hr>161</gpxtpx:hr>
          </gpxtpx:TrackPointExtension>
        </extensions>
      </trkpt>
      <trkpt lat="22.542806137517502" lon="114.1077271514829">
        <ele>-3.3136550914496183</ele>
        <time>1970-01-01T00:06:34.800000Z</time>
        <extensions>
          <gpxtpx:TrackPointExtension>
            <gpxtpx:hr>161</gpxtpx:hr>
          </gpxtpx:TrackPointExtension>
        </extensions>
      </trkpt>
      <trkpt lat="22.54278020928811" lon="114.10772312940901">
        <ele>-3.3643464809283614</ele>
        <time>1970-01-01T00:06:35.800000Z</time>
        <extensions>
          <gpxtpx:TrackPointExtension>
            <gpxtpx:hr>161</gpxtpx:hr>
          </gpxtpx:TrackPointExtension>
        </extensions>
      </trkpt>
      <trkpt lat="22.542754315595197" lon="114.10771875361702">
        <ele>-3.4159981794655323</ele>
        <time>1970-01-01T00:06:36.800000Z</time>
        <extensions>
          <gpxtpx:TrackPointExtension>
            <gpxtpx:hr>161</gpxtpx:hr>
          </gpxtpx:TrackPointExtension>
        </extensions>
      </trkpt>
      <trkpt lat="22.54272855734085" lon="114.10771464109594">
        <ele>-3.468017446808517</ele>
        <time>1970-01-01T00:06:37.800000Z</time>
        <extensions>
          <gpxtpx:TrackPointExtension>
            <gpxtpx:hr>161</gpxtpx:hr>
          </gpxtpx:TrackPointExtension>
        </extensions>
      </trkpt>
      <trkpt lat="22.54270291137802" lon="114.10771102165575">
        <ele>-3.5196013869717717</ele>
        <time>1970-01-01T00:06:38.800000Z</time>
        <extensions>
          <gpxtpx:TrackPointExtension>
            <gpxtpx:hr>161</gpxtpx:hr>
          </gpxtpx:TrackPointExtension>
        </extensions>
      </trkpt>
      <trkpt lat="22.54267731686818" lon="114.10770756874712">
        <ele>-3.570129131898284</ele>
        <time>1970-01-01T00:06:39.800000Z</time>
        <extensions>
          <gpxtpx:TrackPointExtension>
            <gpxtpx:hr>161</gpxtpx:hr>
          </gpxtpx:TrackPointExtension>
        </extensions>
      </trkpt>
      <trkpt lat="22.54265184257056" lon="114.10770398664914">
        <ele>-3.61897877138108</ele>
        <time>1970-01-01T00:06:40.800000Z</time>
        <extensions>
          <gpxtpx:TrackPointExtension>
            <gpxtpx:hr>161</gpxtpx:hr>
          </gpxtpx:TrackPointExtension>
        </extensions>
      </trkpt>
      <trkpt lat="22.54262639194385" lon="114.1077003425504">
        <ele>-3.6655788253992796</ele>
        <time>1970-01-01T00:06:41.800000Z</time>
        <extensions>
          <gpxtpx:TrackPointExtension>
            <gpxtpx:hr>161</gpxtpx:hr>
          </gpxtpx:TrackPointExtension>
        </extensions>
      </trkpt>
      <trkpt lat="22.542600773891365" lon="114.10769663879009">
        <ele>-3.7094245860353112</ele>
        <time>1970-01-01T00:06:42.800000Z</time>
        <extensions>
          <gpxtpx:TrackPointExtension>
            <gpxtpx:hr>161</gpxtpx:hr>
          </gpxtpx:TrackPointExtension>
        </extensions>
      </trkpt>
      <trkpt lat="22.542574910681413" lon="114.10769288205016">
        <ele>-3.750063369050622</ele>
        <time>1970-01-01T00:06:43.800000Z</time>
        <extensions>
          <gpxtpx:TrackPointExtension>
            <gpxtpx:hr>161</gpxtpx:hr>
          </gpxtpx:TrackPointExtension>
        </extensions>
      </trkpt>
      <trkpt lat="22.542548981960042" lon="114.10768908074648">
        <ele>-3.7871924843639135</ele>
        <time>1970-01-01T00:06:44.800000Z</time>
        <extensions>
          <gpxtpx:TrackPointExtension>
            <gpxtpx:hr>161</gpxtpx:hr>
          </gpxtpx:TrackPointExtension>
        </extensions>
      </trkpt>
      <trkpt lat="22.54252341145969" lon="114.10768530696058">
        <ele>-3.8204270731657743</ele>
        <time>1970-01-01T00:06:45.800000Z</time>
        <extensions>
          <gpxtpx:TrackPointExtension>
            <gpxtpx:hr>161</gpxtpx:hr>
          </gpxtpx:TrackPointExtension>
        </extensions>
      </trkpt>
      <trkpt lat="22.54249836663955" lon="114.10768160936209">
        <ele>-3.8494764156639576</ele>
        <time>1970-01-01T00:06:46.800000Z</time>
        <extensions>
          <gpxtpx:TrackPointExtension>
            <gpxtpx:hr>161</gpxtpx:hr>
          </gpxtpx:TrackPointExtension>
        </extensions>
      </trkpt>
      <trkpt lat="22.54247362770227" lon="114.10767783782296">
        <ele>-3.874311641789973</ele>
        <time>1970-01-01T00:06:47.800000Z</time>
        <extensions>
          <gpxtpx:TrackPointExtension>
            <gpxtpx:hr>161</gpxtpx:hr>
          </gpxtpx:TrackPointExtension>
        </extensions>
      </trkpt>
      <trkpt lat="22.54244865041073" lon="114.10767375825102">
        <ele>-3.8948798375204206</ele>
        <time>1970-01-01T00:06:48.800000Z</time>
        <extensions>
          <gpxtpx:TrackPointExtension>
            <gpxtpx:hr>161</gpxtpx:hr>
          </gpxtpx:TrackPointExtension>
        </extensions>
      </trkpt>
      <trkpt lat="22.542423317966296" lon="114.10766925693768">
        <ele>-3.9110741037875414</ele>
        <time>1970-01-01T00:06:49.800000Z</time>
        <extensions>
          <gpxtpx:TrackPointExtension>
            <gpxtpx:hr>161</gpxtpx:hr>
          </gpxtpx:TrackPointExtension>
        </extensions>
      </trkpt>
      <trkpt lat="22.54239801052004" lon="114.10766463330434">
        <ele>-3.922850833274424</ele>
        <time>1970-01-01T00:06:50.800000Z</time>
        <extensions>
          <gpxtpx:TrackPointExtension>
            <gpxtpx:hr>161</gpxtpx:hr>
          </gpxtpx:TrackPointExtension>
        </extensions>
      </trkpt>
      <trkpt lat="22.542373179458743" lon="114.10766017920919">
        <ele>-3.930131540633738</ele>
        <time>1970-01-01T00:06:51.800000Z</time>
        <extensions>
          <gpxtpx:TrackPointExtension>
            <gpxtpx:hr>161</gpxtpx:hr>
          </gpxtpx:TrackPointExtension>
        </extensions>
      </trkpt>
      <trkpt lat="22.542349310354645" lon="114.1076560568317">
        <ele>-3.9327925322577357</ele>
        <time>1970-01-01T00:06:52.800000Z</time>
        <extensions>
          <gpxtpx:TrackPointExtension>
            <gpxtpx:hr>161</gpxtpx:hr>
          </gpxtpx:TrackPointExtension>
        </extensions>
      </trkpt>
      <trkpt lat="22.54232663494349" lon="114.10765269513922">
        <ele>-3.9305461831390858</ele>
        <time>1970-01-01T00:06:53.700000Z</time>
        <extensions>
          <gpxtpx:TrackPointExtension>
            <gpxtpx:hr>161</gpxtpx:hr>
          </gpxtpx:TrackPointExtension>
        </extensions>
      </trkpt>
      <trkpt lat="22.54230532472258" lon="114.10765055325597">
        <ele>-3.9233216056600213</ele>
        <time>1970-01-01T00:06:54.700000Z</time>
        <extensions>
          <gpxtpx:TrackPointExtension>
            <gpxtpx:hr>161</gpxtpx:hr>
          </gpxtpx:TrackPointExtension>
        </extensions>
      </trkpt>
      <trkpt lat="22.542285733797087" lon="114.10765024589506">
        <ele>-3.9112510615959764</ele>
        <time>1970-01-01T00:06:55.700000Z</time>
        <extensions>
          <gpxtpx:TrackPointExtension>
            <gpxtpx:hr>161</gpxtpx:hr>
          </gpxtpx:TrackPointExtension>
        </extensions>
      </trkpt>
      <trkpt lat="22.54226922388986" lon="114.10765233112834">
        <ele>-3.8944197297096252</ele>
        <time>1970-01-01T00:06:56.700000Z</time>
        <extensions>
          <gpxtpx:TrackPointExtension>
            <gpxtpx:hr>161</gpxtpx:hr>
          </gpxtpx:TrackPointExtension>
        </extensions>
      </trkpt>
      <trkpt lat="22.542258354380813" lon="114.10765716370165">
        <ele>-3.8724928637966514</ele>
        <time>1970-01-01T00:06:57.700000Z</time>
        <extensions>
          <gpxtpx:TrackPointExtension>
            <gpxtpx:hr>161</gpxtpx:hr>
          </gpxtpx:TrackPointExtension>
        </extensions>
      </trkpt>
      <trkpt lat="22.54225602809546" lon="114.10766327381614">
        <ele>-3.844864619895816</ele>
        <time>1970-01-01T00:06:58.700000Z</time>
        <extensions>
          <gpxtpx:TrackPointExtension>
            <gpxtpx:hr>161</gpxtpx:hr>
          </gpxtpx:TrackPointExtension>
        </extensions>
      </trkpt>
      <trkpt lat="22.542261442260575" lon="114.10766844731394">
        <ele>-3.810946120880544</ele>
        <time>1970-01-01T00:06:59.700000Z</time>
        <extensions>
          <gpxtpx:TrackPointExtension>
            <gpxtpx:hr>160</gpxtpx:hr>
          </gpxtpx:TrackPointExtension>
        </extensions>
      </trkpt>
      <trkpt lat="22.542272628079555" lon="114.10767296486254">
        <ele>-3.769676934927702</ele>
        <time>1970-01-01T00:07:00.700000Z</time>
        <extensions>
          <gpxtpx:TrackPointExtension>
            <gpxtpx:hr>160</gpxtpx:hr>
          </gpxtpx:TrackPointExtension>
        </extensions>
      </trkpt>
      <trkpt lat="22.542289496130962" lon="114.10767786977898">
        <ele>-3.7203455939888954</ele>
        <time>1970-01-01T00:07:01.700000Z</time>
        <extensions>
          <gpxtpx:TrackPointExtension>
            <gpxtpx:hr>160</gpxtpx:hr>
          </gpxtpx:TrackPointExtension>
        </extensions>
      </trkpt>
      <trkpt lat="22.542310374395868" lon="114.10768313017297">
        <ele>-3.6620594169944525</ele>
        <time>1970-01-01T00:07:02.700000Z</time>
        <extensions>
          <gpxtpx:TrackPointExtension>
            <gpxtpx:hr>160</gpxtpx:hr>
          </gpxtpx:TrackPointExtension>
        </extensions>
      </trkpt>
      <trkpt lat="22.542333019435553" lon="114.10768796602555">
        <ele>-3.593945285305381</ele>
        <time>1970-01-01T00:07:03.700000Z</time>
        <extensions>
          <gpxtpx:TrackPointExtension>
            <gpxtpx:hr>160</gpxtpx:hr>
          </gpxtpx:TrackPointExtension>
        </extensions>
      </trkpt>
      <trkpt lat="22.542355858700518" lon="114.10769149497487">
        <ele>-3.5158398961648345</ele>
        <time>1970-01-01T00:07:04.700000Z</time>
        <extensions>
          <gpxtpx:TrackPointExtension>
            <gpxtpx:hr>160</gpxtpx:hr>
          </gpxtpx:TrackPointExtension>
        </extensions>
      </trkpt>
      <trkpt lat="22.54237797881229" lon="114.10769276795426">
        <ele>-3.4273687191307545</ele>
        <time>1970-01-01T00:07:05.700000Z</time>
        <extensions>
          <gpxtpx:TrackPointExtension>
            <gpxtpx:hr>160</gpxtpx:hr>
          </gpxtpx:TrackPointExtension>
        </extensions>
      </trkpt>
      <trkpt lat="22.54239863581184" lon="114.1076912374326">
        <ele>-3.3284825552254915</ele>
        <time>1970-01-01T00:07:06.700000Z</time>
        <extensions>
          <gpxtpx:TrackPointExtension>
            <gpxtpx:hr>160</gpxtpx:hr>
          </gpxtpx:TrackPointExtension>
        </extensions>
      </trkpt>
      <trkpt lat="22.542416751374603" lon="114.10768685968581">
        <ele>-3.219752677716315</ele>
        <time>1970-01-01T00:07:07.700000Z</time>
        <extensions>
          <gpxtpx:TrackPointExtension>
            <gpxtpx:hr>160</gpxtpx:hr>
          </gpxtpx:TrackPointExtension>
        </extensions>
      </trkpt>
      <trkpt lat="22.54243110658343" lon="114.10768048227669">
        <ele>-3.1019218116998672</ele>
        <time>1970-01-01T00:07:08.700000Z</time>
        <extensions>
          <gpxtpx:TrackPointExtension>
            <gpxtpx:hr>158</gpxtpx:hr>
          </gpxtpx:TrackPointExtension>
        </extensions>
      </trkpt>
      <trkpt lat="22.542440952186745" lon="114.10767383872373">
        <ele>-2.9759593149647117</ele>
        <time>1970-01-01T00:07:09.700000Z</time>
        <extensions>
          <gpxtpx:TrackPointExtension>
            <gpxtpx:hr>158</gpxtpx:hr>
          </gpxtpx:TrackPointExtension>
        </extensions>
      </trkpt>
      <trkpt lat="22.54244760578539" lon="114.10766844535935">
        <ele>-2.845064142718911</ele>
        <time>1970-01-01T00:07:10.700000Z</time>
        <extensions>
          <gpxtpx:TrackPointExtension>
            <gpxtpx:hr>158</gpxtpx:hr>
          </gpxtpx:TrackPointExtension>
        </extensions>
      </trkpt>
      <trkpt lat="22.542453387715998" lon="114.10766454745684">
        <ele>-2.7132209530100226</ele>
        <time>1970-01-01T00:07:11.700000Z</time>
        <extensions>
          <gpxtpx:TrackPointExtension>
            <gpxtpx:hr>158</gpxtpx:hr>
          </gpxtpx:TrackPointExtension>
        </extensions>
      </trkpt>
      <trkpt lat="22.54245941887194" lon="114.10766178019998">
        <ele>-2.586007039062679</ele>
        <time>1970-01-01T00:07:12.700000Z</time>
        <extensions>
          <gpxtpx:TrackPointExtension>
            <gpxtpx:hr>158</gpxtpx:hr>
          </gpxtpx:TrackPointExtension>
        </extensions>
      </trkpt>
      <trkpt lat="22.542466564175545" lon="114.10766018589315">
        <ele>-2.4706425489857793</ele>
        <time>1970-01-01T00:07:13.700000Z</time>
        <extensions>
          <gpxtpx:TrackPointExtension>
            <gpxtpx:hr>158</gpxtpx:hr>
          </gpxtpx:TrackPointExtension>
        </extensions>
      </trkpt>
      <trkpt lat="22.542468430834248" lon="114.10765996133537">
        <ele>-2.4457179363816977</ele>
        <time>1970-01-01T00:07:13.900000Z</time>
        <extensions>
          <gpxtpx:TrackPointExtension>
            <gpxtpx:hr>158</gpxtpx:hr>
          </gpxtpx:TrackPointExtension>
        </extensions>
      </trkpt>
      <trkpt lat="22.542478335348314" lon="114.10765965567722">
        <ele>-2.3489174069836736</ele>
        <time>1970-01-01T00:07:14.900000Z</time>
        <extensions>
          <gpxtpx:TrackPointExtension>
            <gpxtpx:hr>158</gpxtpx:hr>
          </gpxtpx:TrackPointExtension>
        </extensions>
      </trkpt>
      <trkpt lat="22.54249205437844" lon="114.10766056173313">
        <ele>-2.272613895125687</ele>
        <time>1970-01-01T00:07:15.900000Z</time>
        <extensions>
          <gpxtpx:TrackPointExtension>
            <gpxtpx:hr>158</gpxtpx:hr>
          </gpxtpx:TrackPointExtension>
        </extensions>
      </trkpt>
      <trkpt lat="22.542509852702935" lon="114.10766248175874">
        <ele>-2.2183152586221695</ele>
        <time>1970-01-01T00:07:16.900000Z</time>
        <extensions>
          <gpxtpx:TrackPointExtension>
            <gpxtpx:hr>158</gpxtpx:hr>
          </gpxtpx:TrackPointExtension>
        </extensions>
      </trkpt>
      <trkpt lat="22.54253121248632" lon="114.10766521189254">
        <ele>-2.1863472647964954</ele>
        <time>1970-01-01T00:07:17.900000Z</time>
        <extensions>
          <gpxtpx:TrackPointExtension>
            <gpxtpx:hr>155</gpxtpx:hr>
          </gpxtpx:TrackPointExtension>
        </extensions>
      </trkpt>
      <trkpt lat="22.54255453126966" lon="114.10766842833733">
        <ele>-2.1769017595797777</ele>
        <time>1970-01-01T00:07:18.900000Z</time>
        <extensions>
          <gpxtpx:TrackPointExtension>
            <gpxtpx:hr>155</gpxtpx:hr>
          </gpxtpx:TrackPointExtension>
        </extensions>
      </trkpt>
      <trkpt lat="22.542578734692707" lon="114.1076717516107">
        <ele>-2.1900050854310393</ele>
        <time>1970-01-01T00:07:19.900000Z</time>
        <extensions>
          <gpxtpx:TrackPointExtension>
            <gpxtpx:hr>155</gpxtpx:hr>
          </gpxtpx:TrackPointExtension>
        </extensions>
      </trkpt>
      <trkpt lat="22.54260361600959" lon="114.10767497684111">
        <ele>-2.2256839452311397</ele>
        <time>1970-01-01T00:07:20.900000Z</time>
        <extensions>
          <gpxtpx:TrackPointExtension>
            <gpxtpx:hr>155</gpxtpx:hr>
          </gpxtpx:TrackPointExtension>
        </extensions>
      </trkpt>
      <trkpt lat="22.542628802104666" lon="114.10767803523439">
        <ele>-2.282309123314917</ele>
        <time>1970-01-01T00:07:21.900000Z</time>
        <extensions>
          <gpxtpx:TrackPointExtension>
            <gpxtpx:hr>155</gpxtpx:hr>
          </gpxtpx:TrackPointExtension>
        </extensions>
      </trkpt>
      <trkpt lat="22.54264663038169" lon="114.10768011002304">
        <ele>-2.331620931625366</ele>
        <time>1970-01-01T00:07:22.600000Z</time>
        <extensions>
          <gpxtpx:TrackPointExtension>
            <gpxtpx:hr>155</gpxtpx:hr>
          </gpxtpx:TrackPointExtension>
        </extensions>
      </trkpt>
      <trkpt lat="22.54267173874747" lon="114.10768278599757">
        <ele>-2.4099556924775243</ele>
        <time>1970-01-01T00:07:23.600000Z</time>
        <extensions>
          <gpxtpx:TrackPointExtension>
            <gpxtpx:hr>155</gpxtpx:hr>
          </gpxtpx:TrackPointExtension>
        </extensions>
      </trkpt>
      <trkpt lat="22.542697002568996" lon="114.10768527617203">
        <ele>-2.494599890895188</ele>
        <time>1970-01-01T00:07:24.600000Z</time>
        <extensions>
          <gpxtpx:TrackPointExtension>
            <gpxtpx:hr>155</gpxtpx:hr>
          </gpxtpx:TrackPointExtension>
        </extensions>
      </trkpt>
      <trkpt lat="22.54272258244882" lon="114.10768773335157">
        <ele>-2.581142509356141</ele>
        <time>1970-01-01T00:07:25.600000Z</time>
        <extensions>
          <gpxtpx:TrackPointExtension>
            <gpxtpx:hr>155</gpxtpx:hr>
          </gpxtpx:TrackPointExtension>
        </extensions>
      </trkpt>
      <trkpt lat="22.542748324210777" lon="114.10769017443415">
        <ele>-2.665956923738122</ele>
        <time>1970-01-01T00:07:26.600000Z</time>
        <extensions>
          <gpxtpx:TrackPointExtension>
            <gpxtpx:hr>155</gpxtpx:hr>
          </gpxtpx:TrackPointExtension>
        </extensions>
      </trkpt>
      <trkpt lat="22.542773855665125" lon="114.10769283429508">
        <ele>-2.74687378667295</ele>
        <time>1970-01-01T00:07:27.600000Z</time>
        <extensions>
          <gpxtpx:TrackPointExtension>
            <gpxtpx:hr>155</gpxtpx:hr>
          </gpxtpx:TrackPointExtension>
        </extensions>
      </trkpt>
      <trkpt lat="22.542798820135985" lon="114.10769639472024">
        <ele>-2.823367697186768</ele>
        <time>1970-01-01T00:07:28.600000Z</time>
        <extensions>
          <gpxtpx:TrackPointExtension>
            <gpxtpx:hr>155</gpxtpx:hr>
          </gpxtpx:TrackPointExtension>
        </extensions>
      </trkpt>
      <trkpt lat="22.542823309247083" lon="114.10770059157278">
        <ele>-2.894436447881162</ele>
        <time>1970-01-01T00:07:29.600000Z</time>
        <extensions>
          <gpxtpx:TrackPointExtension>
            <gpxtpx:hr>154</gpxtpx:hr>
          </gpxtpx:TrackPointExtension>
        </extensions>
      </trkpt>
      <trkpt lat="22.54284751487694" lon="114.10770470330489">
        <ele>-2.9595016054809093</ele>
        <time>1970-01-01T00:07:30.600000Z</time>
        <extensions>
          <gpxtpx:TrackPointExtension>
            <gpxtpx:hr>154</gpxtpx:hr>
          </gpxtpx:TrackPointExtension>
        </extensions>
      </trkpt>
      <trkpt lat="22.542871435286514" lon="114.10770879215538">
        <ele>-3.018572760745883</ele>
        <time>1970-01-01T00:07:31.600000Z</time>
        <extensions>
          <gpxtpx:TrackPointExtension>
            <gpxtpx:hr>154</gpxtpx:hr>
          </gpxtpx:TrackPointExtension>
        </extensions>
      </trkpt>
      <trkpt lat="22.542895165274242" lon="114.10771268970757">
        <ele>-3.072958894073963</ele>
        <time>1970-01-01T00:07:32.600000Z</time>
        <extensions>
          <gpxtpx:TrackPointExtension>
            <gpxtpx:hr>154</gpxtpx:hr>
          </gpxtpx:TrackPointExtension>
        </extensions>
      </trkpt>
      <trkpt lat="22.54291900135365" lon="114.10771615723664">
        <ele>-3.120750527828932</ele>
        <time>1970-01-01T00:07:33.600000Z</time>
        <extensions>
          <gpxtpx:TrackPointExtension>
            <gpxtpx:hr>154</gpxtpx:hr>
          </gpxtpx:TrackPointExtension>
        </extensions>
      </trkpt>
      <trkpt lat="22.54294315084481" lon="114.1077190845558">
        <ele>-3.1645306730642915</ele>
        <time>1970-01-01T00:07:34.600000Z</time>
        <extensions>
          <gpxtpx:TrackPointExtension>
            <gpxtpx:hr>154</gpxtpx:hr>
          </gpxtpx:TrackPointExtension>
        </extensions>
      </trkpt>
      <trkpt lat="22.542967631809276" lon="114.10772126549858">
        <ele>-3.2021718407049775</ele>
        <time>1970-01-01T00:07:35.600000Z</time>
        <extensions>
          <gpxtpx:TrackPointExtension>
            <gpxtpx:hr>155</gpxtpx:hr>
          </gpxtpx:TrackPointExtension>
        </extensions>
      </trkpt>
      <trkpt lat="22.542992510011572" lon="114.10772269651204">
        <ele>-3.2344387201592326</ele>
        <time>1970-01-01T00:07:36.600000Z</time>
        <extensions>
          <gpxtpx:TrackPointExtension>
            <gpxtpx:hr>155</gpxtpx:hr>
          </gpxtpx:TrackPointExtension>
        </extensions>
      </trkpt>
      <trkpt lat="22.543017734990137" lon="114.10772332728342">
        <ele>-3.262269327417016</ele>
        <time>1970-01-01T00:07:37.600000Z</time>
        <extensions>
          <gpxtpx:TrackPointExtension>
            <gpxtpx:hr>155</gpxtpx:hr>
          </gpxtpx:TrackPointExtension>
        </extensions>
      </trkpt>
      <trkpt lat="22.543043191476144" lon="114.10772284892249">
        <ele>-3.284307610243559</ele>
        <time>1970-01-01T00:07:38.600000Z</time>
        <extensions>
          <gpxtpx:TrackPointExtension>
            <gpxtpx:hr>155</gpxtpx:hr>
          </gpxtpx:TrackPointExtension>
        </extensions>
      </trkpt>
      <trkpt lat="22.543068600744192" lon="114.10772079063412">
        <ele>-3.301667499355972</ele>
        <time>1970-01-01T00:07:39.600000Z</time>
        <extensions>
          <gpxtpx:TrackPointExtension>
            <gpxtpx:hr>155</gpxtpx:hr>
          </gpxtpx:TrackPointExtension>
        </extensions>
      </trkpt>
      <trkpt lat="22.543093823489535" lon="114.10771672295745">
        <ele>-3.3150178426876664</ele>
        <time>1970-01-01T00:07:40.500000Z</time>
        <extensions>
          <gpxtpx:TrackPointExtension>
            <gpxtpx:hr>155</gpxtpx:hr>
          </gpxtpx:TrackPointExtension>
        </extensions>
      </trkpt>
      <trkpt lat="22.543119405658423" lon="114.10771234998256">
        <ele>-3.3232590975239873</ele>
        <time>1970-01-01T00:07:41.500000Z</time>
        <extensions>
          <gpxtpx:TrackPointExtension>
            <gpxtpx:hr>155</gpxtpx:hr>
          </gpxtpx:TrackPointExtension>
        </extensions>
      </trkpt>
      <trkpt lat="22.543145702174403" lon="114.10771088488167">
        <ele>-3.3273836383596063</ele>
        <time>1970-01-01T00:07:42.500000Z</time>
        <extensions>
          <gpxtpx:TrackPointExtension>
            <gpxtpx:hr>155</gpxtpx:hr>
          </gpxtpx:TrackPointExtension>
        </extensions>
      </trkpt>
      <trkpt lat="22.54317240572313" lon="114.1077127765161">
        <ele>-3.327407249249518</ele>
        <time>1970-01-01T00:07:43.500000Z</time>
        <extensions>
          <gpxtpx:TrackPointExtension>
            <gpxtpx:hr>155</gpxtpx:hr>
          </gpxtpx:TrackPointExtension>
        </extensions>
      </trkpt>
      <trkpt lat="22.543199146780633" lon="114.10771646731642">
        <ele>-3.3236272633075714</ele>
        <time>1970-01-01T00:07:44.500000Z</time>
        <extensions>
          <gpxtpx:TrackPointExtension>
            <gpxtpx:hr>155</gpxtpx:hr>
          </gpxtpx:TrackPointExtension>
        </extensions>
      </trkpt>
      <trkpt lat="22.543225994832248" lon="114.10772115682418">
        <ele>-3.3142653312534094</ele>
        <time>1970-01-01T00:07:45.500000Z</time>
        <extensions>
          <gpxtpx:TrackPointExtension>
            <gpxtpx:hr>155</gpxtpx:hr>
          </gpxtpx:TrackPointExtension>
        </extensions>
      </trkpt>
      <trkpt lat="22.54325315092167" lon="114.10772637720065">
        <ele>-3.301098957657814</ele>
        <time>1970-01-01T00:07:46.500000Z</time>
        <extensions>
          <gpxtpx:TrackPointExtension>
            <gpxtpx:hr>156</gpxtpx:hr>
          </gpxtpx:TrackPointExtension>
        </extensions>
      </trkpt>
      <trkpt lat="22.543280466564802" lon="114.10773192931991">
        <ele>-3.2833683472126722</ele>
        <time>1970-01-01T00:07:47.500000Z</time>
        <extensions>
          <gpxtpx:TrackPointExtension>
            <gpxtpx:hr>156</gpxtpx:hr>
          </gpxtpx:TrackPointExtension>
        </extensions>
      </trkpt>
      <trkpt lat="22.543307607701006" lon="114.10773782036485">
        <ele>-3.2606716211885214</ele>
        <time>1970-01-01T00:07:48.500000Z</time>
        <extensions>
          <gpxtpx:TrackPointExtension>
            <gpxtpx:hr>156</gpxtpx:hr>
          </gpxtpx:TrackPointExtension>
        </extensions>
      </trkpt>
      <trkpt lat="22.543334397430097" lon="114.10774406474705">
        <ele>-3.2330128345638514</ele>
        <time>1970-01-01T00:07:49.500000Z</time>
        <extensions>
          <gpxtpx:TrackPointExtension>
            <gpxtpx:hr>156</gpxtpx:hr>
          </gpxtpx:TrackPointExtension>
        </extensions>
      </trkpt>
      <trkpt lat="22.543361025177198" lon="114.10775056779296">
        <ele>-3.200437610037625</ele>
        <time>1970-01-01T00:07:50.500000Z</time>
        <extensions>
          <gpxtpx:TrackPointExtension>
            <gpxtpx:hr>156</gpxtpx:hr>
          </gpxtpx:TrackPointExtension>
        </extensions>
      </trkpt>
      <trkpt lat="22.543387629815054" lon="114.10775721740305">
        <ele>-3.163793509826064</ele>
        <time>1970-01-01T00:07:51.500000Z</time>
        <extensions>
          <gpxtpx:TrackPointExtension>
            <gpxtpx:hr>158</gpxtpx:hr>
          </gpxtpx:TrackPointExtension>
        </extensions>
      </trkpt>
      <trkpt lat="22.54341434201212" lon="114.10776401266888">
        <ele>-3.123350522480905</ele>
        <time>1970-01-01T00:07:52.500000Z</time>
        <extensions>
          <gpxtpx:TrackPointExtension>
            <gpxtpx:hr>158</gpxtpx:hr>
          </gpxtpx:TrackPointExtension>
        </extensions>
      </trkpt>
      <trkpt lat="22.543441471768446" lon="114.10777097863716">
        <ele>-3.078677066601813</ele>
        <time>1970-01-01T00:07:53.500000Z</time>
        <extensions>
          <gpxtpx:TrackPointExtension>
            <gpxtpx:hr>158</gpxtpx:hr>
          </gpxtpx:TrackPointExtension>
        </extensions>
      </trkpt>
      <trkpt lat="22.543469114973366" lon="114.10777813172669">
        <ele>-3.030299261212349</ele>
        <time>1970-01-01T00:07:54.500000Z</time>
        <extensions>
          <gpxtpx:TrackPointExtension>
            <gpxtpx:hr>158</gpxtpx:hr>
          </gpxtpx:TrackPointExtension>
        </extensions>
      </trkpt>
      <trkpt lat="22.543496966515058" lon="114.1077852881683">
        <ele>-2.978652849793434</ele>
        <time>1970-01-01T00:07:55.500000Z</time>
        <extensions>
          <gpxtpx:TrackPointExtension>
            <gpxtpx:hr>158</gpxtpx:hr>
          </gpxtpx:TrackPointExtension>
        </extensions>
      </trkpt>
      <trkpt lat="22.543524693533975" lon="114.10779256289318">
        <ele>-2.923579522408545</ele>
        <time>1970-01-01T00:07:56.500000Z</time>
        <extensions>
          <gpxtpx:TrackPointExtension>
            <gpxtpx:hr>158</gpxtpx:hr>
          </gpxtpx:TrackPointExtension>
        </extensions>
      </trkpt>
      <trkpt lat="22.543552195580116" lon="114.10779995656145">
        <ele>-2.8652113070711493</ele>
        <time>1970-01-01T00:07:57.500000Z</time>
        <extensions>
          <gpxtpx:TrackPointExtension>
            <gpxtpx:hr>158</gpxtpx:hr>
          </gpxtpx:TrackPointExtension>
        </extensions>
      </trkpt>
      <trkpt lat="22.543579448315146" lon="114.10780724457157">
        <ele>-2.8033240754157305</ele>
        <time>1970-01-01T00:07:58.500000Z</time>
        <extensions>
          <gpxtpx:TrackPointExtension>
            <gpxtpx:hr>158</gpxtpx:hr>
          </gpxtpx:TrackPointExtension>
        </extensions>
      </trkpt>
      <trkpt lat="22.54360654974261" lon="114.10781422348823">
        <ele>-2.7401593951508403</ele>
        <time>1970-01-01T00:07:59.500000Z</time>
        <extensions>
          <gpxtpx:TrackPointExtension>
            <gpxtpx:hr>158</gpxtpx:hr>
          </gpxtpx:TrackPointExtension>
        </extensions>
      </trkpt>
      <trkpt lat="22.543633480224685" lon="114.10782054580898">
        <ele>-2.6743496283888817</ele>
        <time>1970-01-01T00:08:00.500000Z</time>
        <extensions>
          <gpxtpx:TrackPointExtension>
            <gpxtpx:hr>158</gpxtpx:hr>
          </gpxtpx:TrackPointExtension>
        </extensions>
      </trkpt>
      <trkpt lat="22.54366010938842" lon="114.10782612033252">
        <ele>-2.6104373950511217</ele>
        <time>1970-01-01T00:08:01.500000Z</time>
        <extensions>
          <gpxtpx:TrackPointExtension>
            <gpxtpx:hr>158</gpxtpx:hr>
          </gpxtpx:TrackPointExtension>
        </extensions>
      </trkpt>
      <trkpt lat="22.543686523725576" lon="114.10783100408142">
        <ele>-2.5444342279806733</ele>
        <time>1970-01-01T00:08:02.500000Z</time>
        <extensions>
          <gpxtpx:TrackPointExtension>
            <gpxtpx:hr>158</gpxtpx:hr>
          </gpxtpx:TrackPointExtension>
        </extensions>
      </trkpt>
      <trkpt lat="22.543713125474216" lon="114.1078353309588">
        <ele>-2.476408986374736</ele>
        <time>1970-01-01T00:08:03.400000Z</time>
        <extensions>
          <gpxtpx:TrackPointExtension>
            <gpxtpx:hr>158</gpxtpx:hr>
          </gpxtpx:TrackPointExtension>
        </extensions>
      </trkpt>
      <trkpt lat="22.543740254660573" lon="114.10783924470066">
        <ele>-2.4095371207222342</ele>
        <time>1970-01-01T00:08:04.400000Z</time>
        <extensions>
          <gpxtpx:TrackPointExtension>
            <gpxtpx:hr>158</gpxtpx:hr>
          </gpxtpx:TrackPointExtension>
        </extensions>
      </trkpt>
      <trkpt lat="22.5437677102848" lon="114.10784305068347">
        <ele>-2.342095115222037</ele>
        <time>1970-01-01T00:08:05.400000Z</time>
        <extensions>
          <gpxtpx:TrackPointExtension>
            <gpxtpx:hr>158</gpxtpx:hr>
          </gpxtpx:TrackPointExtension>
        </extensions>
      </trkpt>
      <trkpt lat="22.54379519385893" lon="114.10784698437658">
        <ele>-2.2776333121582866</ele>
        <time>1970-01-01T00:08:06.400000Z</time>
        <extensions>
          <gpxtpx:TrackPointExtension>
            <gpxtpx:hr>158</gpxtpx:hr>
          </gpxtpx:TrackPointExtension>
        </extensions>
      </trkpt>
      <trkpt lat="22.54382248849642" lon="114.10785098505637">
        <ele>-2.2134132673963904</ele>
        <time>1970-01-01T00:08:07.400000Z</time>
        <extensions>
          <gpxtpx:TrackPointExtension>
            <gpxtpx:hr>158</gpxtpx:hr>
          </gpxtpx:TrackPointExtension>
        </extensions>
      </trkpt>
      <trkpt lat="22.54384973462195" lon="114.10785516233679">
        <ele>-2.1494629122316837</ele>
        <time>1970-01-01T00:08:08.400000Z</time>
        <extensions>
          <gpxtpx:TrackPointExtension>
            <gpxtpx:hr>159</gpxtpx:hr>
          </gpxtpx:TrackPointExtension>
        </extensions>
      </trkpt>
      <trkpt lat="22.54387734052393" lon="114.10785959705653">
        <ele>-2.0715483175590634</ele>
        <time>1970-01-01T00:08:09.400000Z</time>
        <extensions>
          <gpxtpx:TrackPointExtension>
            <gpxtpx:hr>159</gpxtpx:hr>
          </gpxtpx:TrackPointExtension>
        </extensions>
      </trkpt>
      <trkpt lat="22.5439055827906" lon="114.1078642722071">
        <ele>-2.0104486029595137</ele>
        <time>1970-01-01T00:08:10.400000Z</time>
        <extensions>
          <gpxtpx:TrackPointExtension>
            <gpxtpx:hr>159</gpxtpx:hr>
          </gpxtpx:TrackPointExtension>
        </extensions>
      </trkpt>
      <trkpt lat="22.543934422121232" lon="114.10786916106406">
        <ele>-1.9483824176713824</ele>
        <time>1970-01-01T00:08:11.400000Z</time>
        <extensions>
          <gpxtpx:TrackPointExtension>
            <gpxtpx:hr>161</gpxtpx:hr>
          </gpxtpx:TrackPointExtension>
        </extensions>
      </trkpt>
      <trkpt lat="22.543963585965002" lon="114.10787412582484">
        <ele>-1.8848358308896422</ele>
        <time>1970-01-01T00:08:12.400000Z</time>
        <extensions>
          <gpxtpx:TrackPointExtension>
            <gpxtpx:hr>161</gpxtpx:hr>
          </gpxtpx:TrackPointExtension>
        </extensions>
      </trkpt>
      <trkpt lat="22.54399295518963" lon="114.10787900635">
        <ele>-1.8210470592603087</ele>
        <time>1970-01-01T00:08:13.400000Z</time>
        <extensions>
          <gpxtpx:TrackPointExtension>
            <gpxtpx:hr>161</gpxtpx:hr>
          </gpxtpx:TrackPointExtension>
        </extensions>
      </trkpt>
      <trkpt lat="22.54402232446759" lon="114.10788385687204">
        <ele>-1.7571099614724517</ele>
        <time>1970-01-01T00:08:14.400000Z</time>
        <extensions>
          <gpxtpx:TrackPointExtension>
            <gpxtpx:hr>161</gpxtpx:hr>
          </gpxtpx:TrackPointExtension>
        </extensions>
      </trkpt>
      <trkpt lat="22.544051234514136" lon="114.10788883868165">
        <ele>-1.69421580247581</ele>
        <time>1970-01-01T00:08:15.400000Z</time>
        <extensions>
          <gpxtpx:TrackPointExtension>
            <gpxtpx:hr>161</gpxtpx:hr>
          </gpxtpx:TrackPointExtension>
        </extensions>
      </trkpt>
      <trkpt lat="22.544079371979503" lon="114.10789389335321">
        <ele>-1.631521774455905</ele>
        <time>1970-01-01T00:08:16.400000Z</time>
        <extensions>
          <gpxtpx:TrackPointExtension>
            <gpxtpx:hr>161</gpxtpx:hr>
          </gpxtpx:TrackPointExtension>
        </extensions>
      </trkpt>
      <trkpt lat="22.54410664723537" lon="114.10789904657109">
        <ele>-1.5692061418667436</ele>
        <time>1970-01-01T00:08:17.400000Z</time>
        <extensions>
          <gpxtpx:TrackPointExtension>
            <gpxtpx:hr>162</gpxtpx:hr>
          </gpxtpx:TrackPointExtension>
        </extensions>
      </trkpt>
      <trkpt lat="22.54413347759343" lon="114.10790441204888">
        <ele>-1.5071939211338758</ele>
        <time>1970-01-01T00:08:18.400000Z</time>
        <extensions>
          <gpxtpx:TrackPointExtension>
            <gpxtpx:hr>162</gpxtpx:hr>
          </gpxtpx:TrackPointExtension>
        </extensions>
      </trkpt>
      <trkpt lat="22.544160241552" lon="114.10790999527235">
        <ele>-1.445258111692965</ele>
        <time>1970-01-01T00:08:19.400000Z</time>
        <extensions>
          <gpxtpx:TrackPointExtension>
            <gpxtpx:hr>162</gpxtpx:hr>
          </gpxtpx:TrackPointExtension>
        </extensions>
      </trkpt>
      <trkpt lat="22.544186740904596" lon="114.10791573042385">
        <ele>-1.3831756254658103</ele>
        <time>1970-01-01T00:08:20.400000Z</time>
        <extensions>
          <gpxtpx:TrackPointExtension>
            <gpxtpx:hr>162</gpxtpx:hr>
          </gpxtpx:TrackPointExtension>
        </extensions>
      </trkpt>
      <trkpt lat="22.544212813639245" lon="114.10792163169556">
        <ele>-1.320914527401328</ele>
        <time>1970-01-01T00:08:21.400000Z</time>
        <extensions>
          <gpxtpx:TrackPointExtension>
            <gpxtpx:hr>162</gpxtpx:hr>
          </gpxtpx:TrackPointExtension>
        </extensions>
      </trkpt>
      <trkpt lat="22.544238595345405" lon="114.1079277445455">
        <ele>-1.258284829556942</ele>
        <time>1970-01-01T00:08:22.400000Z</time>
        <extensions>
          <gpxtpx:TrackPointExtension>
            <gpxtpx:hr>161</gpxtpx:hr>
          </gpxtpx:TrackPointExtension>
        </extensions>
      </trkpt>
      <trkpt lat="22.54426451778279" lon="114.10793413965192">
        <ele>-1.1952027268707752</ele>
        <time>1970-01-01T00:08:23.400000Z</time>
        <extensions>
          <gpxtpx:TrackPointExtension>
            <gpxtpx:hr>161</gpxtpx:hr>
          </gpxtpx:TrackPointExtension>
        </extensions>
      </trkpt>
      <trkpt lat="22.544290809411727" lon="114.10794089133982">
        <ele>-1.1313210232183337</ele>
        <time>1970-01-01T00:08:24.400000Z</time>
        <extensions>
          <gpxtpx:TrackPointExtension>
            <gpxtpx:hr>161</gpxtpx:hr>
          </gpxtpx:TrackPointExtension>
        </extensions>
      </trkpt>
      <trkpt lat="22.544317404397606" lon="114.10794802012792">
        <ele>-1.066523621790111</ele>
        <time>1970-01-01T00:08:25.400000Z</time>
        <extensions>
          <gpxtpx:TrackPointExtension>
            <gpxtpx:hr>161</gpxtpx:hr>
          </gpxtpx:TrackPointExtension>
        </extensions>
      </trkpt>
      <trkpt lat="22.544344168387777" lon="114.10795559657072">
        <ele>-1.000839114189148</ele>
        <time>1970-01-01T00:08:26.400000Z</time>
        <extensions>
          <gpxtpx:TrackPointExtension>
            <gpxtpx:hr>161</gpxtpx:hr>
          </gpxtpx:TrackPointExtension>
        </extensions>
      </trkpt>
      <trkpt lat="22.544371027124523" lon="114.10796347451594">
        <ele>-0.9342911038547754</ele>
        <time>1970-01-01T00:08:27.300000Z</time>
        <extensions>
          <gpxtpx:TrackPointExtension>
            <gpxtpx:hr>161</gpxtpx:hr>
          </gpxtpx:TrackPointExtension>
        </extensions>
      </trkpt>
      <trkpt lat="22.54439794013831" lon="114.10797137420545">
        <ele>-0.8670186270028353</ele>
        <time>1970-01-01T00:08:28.300000Z</time>
        <extensions>
          <gpxtpx:TrackPointExtension>
            <gpxtpx:hr>161</gpxtpx:hr>
          </gpxtpx:TrackPointExtension>
        </extensions>
      </trkpt>
      <trkpt lat="22.544424590330692" lon="114.10797904174834">
        <ele>-0.7991406228393316</ele>
        <time>1970-01-01T00:08:29.300000Z</time>
        <extensions>
          <gpxtpx:TrackPointExtension>
            <gpxtpx:hr>161</gpxtpx:hr>
          </gpxtpx:TrackPointExtension>
        </extensions>
      </trkpt>
      <trkpt lat="22.54445079917788" lon="114.10798640864562">
        <ele>-0.7305599637329578</ele>
        <time>1970-01-01T00:08:30.300000Z</time>
        <extensions>
          <gpxtpx:TrackPointExtension>
            <gpxtpx:hr>161</gpxtpx:hr>
          </gpxtpx:TrackPointExtension>
        </extensions>
      </trkpt>
      <trkpt lat="22.544476721419418" lon="114.1079935521752">
        <ele>-0.6611724896356463</ele>
        <time>1970-01-01T00:08:31.300000Z</time>
        <extensions>
          <gpxtpx:TrackPointExtension>
            <gpxtpx:hr>161</gpxtpx:hr>
          </gpxtpx:TrackPointExtension>
        </extensions>
      </trkpt>
      <trkpt lat="22.544502761291497" lon="114.10800056680971">
        <ele>-0.5907471058890224</ele>
        <time>1970-01-01T00:08:32.300000Z</time>
        <extensions>
          <gpxtpx:TrackPointExtension>
            <gpxtpx:hr>161</gpxtpx:hr>
          </gpxtpx:TrackPointExtension>
        </extensions>
      </trkpt>
      <trkpt lat="22.54452915940979" lon="114.10800780343467">
        <ele>-0.5159156732261181</ele>
        <time>1970-01-01T00:08:33.300000Z</time>
        <extensions>
          <gpxtpx:TrackPointExtension>
            <gpxtpx:hr>161</gpxtpx:hr>
          </gpxtpx:TrackPointExtension>
        </extensions>
      </trkpt>
      <trkpt lat="22.544555584833624" lon="114.10801549189578">
        <ele>-0.4421955468133092</ele>
        <time>1970-01-01T00:08:34.300000Z</time>
        <extensions>
          <gpxtpx:TrackPointExtension>
            <gpxtpx:hr>161</gpxtpx:hr>
          </gpxtpx:TrackPointExtension>
        </extensions>
      </trkpt>
      <trkpt lat="22.544581727669623" lon="114.10802361189211">
        <ele>-0.36705672089010477</ele>
        <time>1970-01-01T00:08:35.300000Z</time>
        <extensions>
          <gpxtpx:TrackPointExtension>
            <gpxtpx:hr>161</gpxtpx:hr>
          </gpxtpx:TrackPointExtension>
        </extensions>
      </trkpt>
      <trkpt lat="22.544607553540917" lon="114.1080320268434">
        <ele>-0.290429275482893</ele>
        <time>1970-01-01T00:08:36.300000Z</time>
        <extensions>
          <gpxtpx:TrackPointExtension>
            <gpxtpx:hr>162</gpxtpx:hr>
          </gpxtpx:TrackPointExtension>
        </extensions>
      </trkpt>
      <trkpt lat="22.54463318508293" lon="114.10804063962387">
        <ele>-0.21246902737766504</ele>
        <time>1970-01-01T00:08:37.300000Z</time>
        <extensions>
          <gpxtpx:TrackPointExtension>
            <gpxtpx:hr>162</gpxtpx:hr>
          </gpxtpx:TrackPointExtension>
        </extensions>
      </trkpt>
      <trkpt lat="22.544658739671316" lon="114.1080492454304">
        <ele>-0.1334672961384058</ele>
        <time>1970-01-01T00:08:38.300000Z</time>
        <extensions>
          <gpxtpx:TrackPointExtension>
            <gpxtpx:hr>162</gpxtpx:hr>
          </gpxtpx:TrackPointExtension>
        </extensions>
      </trkpt>
      <trkpt lat="22.544684126492673" lon="114.10805749792094">
        <ele>-0.05384972970932722</ele>
        <time>1970-01-01T00:08:39.300000Z</time>
        <extensions>
          <gpxtpx:TrackPointExtension>
            <gpxtpx:hr>162</gpxtpx:hr>
          </gpxtpx:TrackPointExtension>
        </extensions>
      </trkpt>
      <trkpt lat="22.54470905080291" lon="114.10806524530584">
        <ele>0.025888956151902676</ele>
        <time>1970-01-01T00:08:40.300000Z</time>
        <extensions>
          <gpxtpx:TrackPointExtension>
            <gpxtpx:hr>162</gpxtpx:hr>
          </gpxtpx:TrackPointExtension>
        </extensions>
      </trkpt>
      <trkpt lat="22.54473355256214" lon="114.10807251622622">
        <ele>0.1052374392747879</ele>
        <time>1970-01-01T00:08:41.300000Z</time>
        <extensions>
          <gpxtpx:TrackPointExtension>
            <gpxtpx:hr>163</gpxtpx:hr>
          </gpxtpx:TrackPointExtension>
        </extensions>
      </trkpt>
      <trkpt lat="22.54475792680151" lon="114.10807933059746">
        <ele>0.18369892332702875</ele>
        <time>1970-01-01T00:08:42.300000Z</time>
        <extensions>
          <gpxtpx:TrackPointExtension>
            <gpxtpx:hr>163</gpxtpx:hr>
          </gpxtpx:TrackPointExtension>
        </extensions>
      </trkpt>
      <trkpt lat="22.544782088856625" lon="114.10808554800764">
        <ele>0.26074736192822456</ele>
        <time>1970-01-01T00:08:43.300000Z</time>
        <extensions>
          <gpxtpx:TrackPointExtension>
            <gpxtpx:hr>163</gpxtpx:hr>
          </gpxtpx:TrackPointExtension>
        </extensions>
      </trkpt>
      <trkpt lat="22.544805659823254" lon="114.1080911275241">
        <ele>0.3357825241982937</ele>
        <time>1970-01-01T00:08:44.300000Z</time>
        <extensions>
          <gpxtpx:TrackPointExtension>
            <gpxtpx:hr>163</gpxtpx:hr>
          </gpxtpx:TrackPointExtension>
        </extensions>
      </trkpt>
      <trkpt lat="22.544828758735367" lon="114.10809619605752">
        <ele>0.40816494822502136</ele>
        <time>1970-01-01T00:08:45.300000Z</time>
        <extensions>
          <gpxtpx:TrackPointExtension>
            <gpxtpx:hr>163</gpxtpx:hr>
          </gpxtpx:TrackPointExtension>
        </extensions>
      </trkpt>
      <trkpt lat="22.544851847732872" lon="114.10810105439779">
        <ele>0.4772493941709399</ele>
        <time>1970-01-01T00:08:46.300000Z</time>
        <extensions>
          <gpxtpx:TrackPointExtension>
            <gpxtpx:hr>163</gpxtpx:hr>
          </gpxtpx:TrackPointExtension>
        </extensions>
      </trkpt>
      <trkpt lat="22.54487526278957" lon="114.10810594571231">
        <ele>0.5423924708738923</ele>
        <time>1970-01-01T00:08:47.300000Z</time>
        <extensions>
          <gpxtpx:TrackPointExtension>
            <gpxtpx:hr>164</gpxtpx:hr>
          </gpxtpx:TrackPointExtension>
        </extensions>
      </trkpt>
      <trkpt lat="22.544899275158535" lon="114.1081108884619">
        <ele>0.602986884303391</ele>
        <time>1970-01-01T00:08:48.300000Z</time>
        <extensions>
          <gpxtpx:TrackPointExtension>
            <gpxtpx:hr>164</gpxtpx:hr>
          </gpxtpx:TrackPointExtension>
        </extensions>
      </trkpt>
      <trkpt lat="22.544923890290107" lon="114.10811562224953">
        <ele>0.6585612967610359</ele>
        <time>1970-01-01T00:08:49.300000Z</time>
        <extensions>
          <gpxtpx:TrackPointExtension>
            <gpxtpx:hr>164</gpxtpx:hr>
          </gpxtpx:TrackPointExtension>
        </extensions>
      </trkpt>
      <trkpt lat="22.544948864309255" lon="114.10812011197193">
        <ele>0.7088367603719234</ele>
        <time>1970-01-01T00:08:50.200000Z</time>
        <extensions>
          <gpxtpx:TrackPointExtension>
            <gpxtpx:hr>164</gpxtpx:hr>
          </gpxtpx:TrackPointExtension>
        </extensions>
      </trkpt>
      <trkpt lat="22.54497401990817" lon="114.10812473228086">
        <ele>0.7537085385993123</ele>
        <time>1970-01-01T00:08:51.200000Z</time>
        <extensions>
          <gpxtpx:TrackPointExtension>
            <gpxtpx:hr>164</gpxtpx:hr>
          </gpxtpx:TrackPointExtension>
        </extensions>
      </trkpt>
      <trkpt lat="22.54499936935088" lon="114.10812956426072">
        <ele>0.7930454108864069</ele>
        <time>1970-01-01T00:08:52.200000Z</time>
        <extensions>
          <gpxtpx:TrackPointExtension>
            <gpxtpx:hr>162</gpxtpx:hr>
          </gpxtpx:TrackPointExtension>
        </extensions>
      </trkpt>
      <trkpt lat="22.545024855386888" lon="114.10813441423845">
        <ele>0.8263325681909919</ele>
        <time>1970-01-01T00:08:53.200000Z</time>
        <extensions>
          <gpxtpx:TrackPointExtension>
            <gpxtpx:hr>162</gpxtpx:hr>
          </gpxtpx:TrackPointExtension>
        </extensions>
      </trkpt>
      <trkpt lat="22.545050372675306" lon="114.10813910728005">
        <ele>0.852771794423461</ele>
        <time>1970-01-01T00:08:54.200000Z</time>
        <extensions>
          <gpxtpx:TrackPointExtension>
            <gpxtpx:hr>162</gpxtpx:hr>
          </gpxtpx:TrackPointExtension>
        </extensions>
      </trkpt>
      <trkpt lat="22.54507590339649" lon="114.10814353497526">
        <ele>0.8716079881414771</ele>
        <time>1970-01-01T00:08:55.200000Z</time>
        <extensions>
          <gpxtpx:TrackPointExtension>
            <gpxtpx:hr>162</gpxtpx:hr>
          </gpxtpx:TrackPointExtension>
        </extensions>
      </trkpt>
      <trkpt lat="22.545101567272077" lon="114.10814765674512">
        <ele>0.8822377221658826</ele>
        <time>1970-01-01T00:08:56.200000Z</time>
        <extensions>
          <gpxtpx:TrackPointExtension>
            <gpxtpx:hr>162</gpxtpx:hr>
          </gpxtpx:TrackPointExtension>
        </extensions>
      </trkpt>
      <trkpt lat="22.54512756517658" lon="114.10815138653746">
        <ele>0.8839828008785844</ele>
        <time>1970-01-01T00:08:57.200000Z</time>
        <extensions>
          <gpxtpx:TrackPointExtension>
            <gpxtpx:hr>162</gpxtpx:hr>
          </gpxtpx:TrackPointExtension>
        </extensions>
      </trkpt>
      <trkpt lat="22.545154048724356" lon="114.10815466759838">
        <ele>0.8753210296854377</ele>
        <time>1970-01-01T00:08:58.200000Z</time>
        <extensions>
          <gpxtpx:TrackPointExtension>
            <gpxtpx:hr>162</gpxtpx:hr>
          </gpxtpx:TrackPointExtension>
        </extensions>
      </trkpt>
      <trkpt lat="22.545181149148586" lon="114.10815758944962">
        <ele>0.8531428324058652</ele>
        <time>1970-01-01T00:08:59.200000Z</time>
        <extensions>
          <gpxtpx:TrackPointExtension>
            <gpxtpx:hr>162</gpxtpx:hr>
          </gpxtpx:TrackPointExtension>
        </extensions>
      </trkpt>
      <trkpt lat="22.545208872405933" lon="114.10816029585688">
        <ele>0.8166132690384984</ele>
        <time>1970-01-01T00:09:00.200000Z</time>
        <extensions>
          <gpxtpx:TrackPointExtension>
            <gpxtpx:hr>162</gpxtpx:hr>
          </gpxtpx:TrackPointExtension>
        </extensions>
      </trkpt>
      <trkpt lat="22.54523696661561" lon="114.10816295339154">
        <ele>0.7706759497523308</ele>
        <time>1970-01-01T00:09:01.200000Z</time>
        <extensions>
          <gpxtpx:TrackPointExtension>
            <gpxtpx:hr>162</gpxtpx:hr>
          </gpxtpx:TrackPointExtension>
        </extensions>
      </trkpt>
      <trkpt lat="22.54526510546072" lon="114.10816578417622">
        <ele>0.7205257704481483</ele>
        <time>1970-01-01T00:09:02.200000Z</time>
        <extensions>
          <gpxtpx:TrackPointExtension>
            <gpxtpx:hr>162</gpxtpx:hr>
          </gpxtpx:TrackPointExtension>
        </extensions>
      </trkpt>
      <trkpt lat="22.545293135866732" lon="114.10816917361284">
        <ele>0.6673218104988337</ele>
        <time>1970-01-01T00:09:03.200000Z</time>
        <extensions>
          <gpxtpx:TrackPointExtension>
            <gpxtpx:hr>162</gpxtpx:hr>
          </gpxtpx:TrackPointExtension>
        </extensions>
      </trkpt>
      <trkpt lat="22.545321075549207" lon="114.10817322819402">
        <ele>0.6099125184118748</ele>
        <time>1970-01-01T00:09:04.200000Z</time>
        <extensions>
          <gpxtpx:TrackPointExtension>
            <gpxtpx:hr>164</gpxtpx:hr>
          </gpxtpx:TrackPointExtension>
        </extensions>
      </trkpt>
      <trkpt lat="22.54534895765317" lon="114.10817759674222">
        <ele>0.5471823308616877</ele>
        <time>1970-01-01T00:09:05.200000Z</time>
        <extensions>
          <gpxtpx:TrackPointExtension>
            <gpxtpx:hr>164</gpxtpx:hr>
          </gpxtpx:TrackPointExtension>
        </extensions>
      </trkpt>
      <trkpt lat="22.545376760333923" lon="114.10818182531484">
        <ele>0.47854210808873177</ele>
        <time>1970-01-01T00:09:06.200000Z</time>
        <extensions>
          <gpxtpx:TrackPointExtension>
            <gpxtpx:hr>164</gpxtpx:hr>
          </gpxtpx:TrackPointExtension>
        </extensions>
      </trkpt>
      <trkpt lat="22.545404555308583" lon="114.10818560582798">
        <ele>0.40260639414191246</ele>
        <time>1970-01-01T00:09:07.200000Z</time>
        <extensions>
          <gpxtpx:TrackPointExtension>
            <gpxtpx:hr>164</gpxtpx:hr>
          </gpxtpx:TrackPointExtension>
        </extensions>
      </trkpt>
      <trkpt lat="22.545432439202997" lon="114.10818871353678">
        <ele>0.31758437491953373</ele>
        <time>1970-01-01T00:09:08.200000Z</time>
        <extensions>
          <gpxtpx:TrackPointExtension>
            <gpxtpx:hr>164</gpxtpx:hr>
          </gpxtpx:TrackPointExtension>
        </extensions>
      </trkpt>
      <trkpt lat="22.545460276789882" lon="114.10819113477041">
        <ele>0.2221838692203164</ele>
        <time>1970-01-01T00:09:09.200000Z</time>
        <extensions>
          <gpxtpx:TrackPointExtension>
            <gpxtpx:hr>164</gpxtpx:hr>
          </gpxtpx:TrackPointExtension>
        </extensions>
      </trkpt>
      <trkpt lat="22.54548771820959" lon="114.10819301518035">
        <ele>0.11566904652863741</ele>
        <time>1970-01-01T00:09:10.200000Z</time>
        <extensions>
          <gpxtpx:TrackPointExtension>
            <gpxtpx:hr>164</gpxtpx:hr>
          </gpxtpx:TrackPointExtension>
        </extensions>
      </trkpt>
      <trkpt lat="22.545514677603066" lon="114.10819468400048">
        <ele>-0.0022286614403128624</ele>
        <time>1970-01-01T00:09:11.200000Z</time>
        <extensions>
          <gpxtpx:TrackPointExtension>
            <gpxtpx:hr>164</gpxtpx:hr>
          </gpxtpx:TrackPointExtension>
        </extensions>
      </trkpt>
      <trkpt lat="22.545541579211896" lon="114.10819660142126">
        <ele>-0.1316142724826932</ele>
        <time>1970-01-01T00:09:12.200000Z</time>
        <extensions>
          <gpxtpx:TrackPointExtension>
            <gpxtpx:hr>164</gpxtpx:hr>
          </gpxtpx:TrackPointExtension>
        </extensions>
      </trkpt>
      <trkpt lat="22.545568759017502" lon="114.10819909413289">
        <ele>-0.2725663771852851</ele>
        <time>1970-01-01T00:09:13.200000Z</time>
        <extensions>
          <gpxtpx:TrackPointExtension>
            <gpxtpx:hr>164</gpxtpx:hr>
          </gpxtpx:TrackPointExtension>
        </extensions>
      </trkpt>
      <trkpt lat="22.54559590836445" lon="114.1082022674121">
        <ele>-0.42501720041036606</ele>
        <time>1970-01-01T00:09:14.100000Z</time>
        <extensions>
          <gpxtpx:TrackPointExtension>
            <gpxtpx:hr>164</gpxtpx:hr>
          </gpxtpx:TrackPointExtension>
        </extensions>
      </trkpt>
      <trkpt lat="22.545622579860556" lon="114.10820590617664">
        <ele>-0.5884952945634723</ele>
        <time>1970-01-01T00:09:15.100000Z</time>
        <extensions>
          <gpxtpx:TrackPointExtension>
            <gpxtpx:hr>164</gpxtpx:hr>
          </gpxtpx:TrackPointExtension>
        </extensions>
      </trkpt>
      <trkpt lat="22.545648753630346" lon="114.10820953668518">
        <ele>-0.7620801785960793</ele>
        <time>1970-01-01T00:09:16.100000Z</time>
        <extensions>
          <gpxtpx:TrackPointExtension>
            <gpxtpx:hr>164</gpxtpx:hr>
          </gpxtpx:TrackPointExtension>
        </extensions>
      </trkpt>
      <trkpt lat="22.545674730487473" lon="114.10821272484277">
        <ele>-0.9443718921393156</ele>
        <time>1970-01-01T00:09:17.100000Z</time>
        <extensions>
          <gpxtpx:TrackPointExtension>
            <gpxtpx:hr>164</gpxtpx:hr>
          </gpxtpx:TrackPointExtension>
        </extensions>
      </trkpt>
      <trkpt lat="22.54570084986048" lon="114.10821524170264">
        <ele>-1.1333302995190024</ele>
        <time>1970-01-01T00:09:18.100000Z</time>
        <extensions>
          <gpxtpx:TrackPointExtension>
            <gpxtpx:hr>164</gpxtpx:hr>
          </gpxtpx:TrackPointExtension>
        </extensions>
      </trkpt>
      <trkpt lat="22.545727203873366" lon="114.10821689101317">
        <ele>-1.3261824576184154</ele>
        <time>1970-01-01T00:09:19.100000Z</time>
        <extensions>
          <gpxtpx:TrackPointExtension>
            <gpxtpx:hr>164</gpxtpx:hr>
          </gpxtpx:TrackPointExtension>
        </extensions>
      </trkpt>
      <trkpt lat="22.545753717354792" lon="114.10821781673415">
        <ele>-1.5192074440419674</ele>
        <time>1970-01-01T00:09:20.100000Z</time>
        <extensions>
          <gpxtpx:TrackPointExtension>
            <gpxtpx:hr>164</gpxtpx:hr>
          </gpxtpx:TrackPointExtension>
        </extensions>
      </trkpt>
      <trkpt lat="22.545780322008476" lon="114.10821831000305">
        <ele>-1.7074273647740483</ele>
        <time>1970-01-01T00:09:21.100000Z</time>
        <extensions>
          <gpxtpx:TrackPointExtension>
            <gpxtpx:hr>164</gpxtpx:hr>
          </gpxtpx:TrackPointExtension>
        </extensions>
      </trkpt>
      <trkpt lat="22.54580713703793" lon="114.10821862571629">
        <ele>-1.8843253450468183</ele>
        <time>1970-01-01T00:09:22.100000Z</time>
        <extensions>
          <gpxtpx:TrackPointExtension>
            <gpxtpx:hr>164</gpxtpx:hr>
          </gpxtpx:TrackPointExtension>
        </extensions>
      </trkpt>
      <trkpt lat="22.545828907373135" lon="114.10821880305112">
        <ele>-2.015105144120753</ele>
        <time>1970-01-01T00:09:22.900000Z</time>
        <extensions>
          <gpxtpx:TrackPointExtension>
            <gpxtpx:hr>164</gpxtpx:hr>
          </gpxtpx:TrackPointExtension>
        </extensions>
      </trkpt>
      <trkpt lat="22.545855721444696" lon="114.10821900324652">
        <ele>-2.1569968117401004</ele>
        <time>1970-01-01T00:09:23.900000Z</time>
        <extensions>
          <gpxtpx:TrackPointExtension>
            <gpxtpx:hr>164</gpxtpx:hr>
          </gpxtpx:TrackPointExtension>
        </extensions>
      </trkpt>
      <trkpt lat="22.545882225834113" lon="114.10821913785891">
        <ele>-2.271319553256035</ele>
        <time>1970-01-01T00:09:24.900000Z</time>
        <extensions>
          <gpxtpx:TrackPointExtension>
            <gpxtpx:hr>164</gpxtpx:hr>
          </gpxtpx:TrackPointExtension>
        </extensions>
      </trkpt>
      <trkpt lat="22.54590891109432" lon="114.1082191768066">
        <ele>-2.3588982494547963</ele>
        <time>1970-01-01T00:09:25.900000Z</time>
        <extensions>
          <gpxtpx:TrackPointExtension>
            <gpxtpx:hr>164</gpxtpx:hr>
          </gpxtpx:TrackPointExtension>
        </extensions>
      </trkpt>
      <trkpt lat="22.545935977354045" lon="114.10821929816136">
        <ele>-2.4229093492031097</ele>
        <time>1970-01-01T00:09:26.900000Z</time>
        <extensions>
          <gpxtpx:TrackPointExtension>
            <gpxtpx:hr>164</gpxtpx:hr>
          </gpxtpx:TrackPointExtension>
        </extensions>
      </trkpt>
      <trkpt lat="22.54596305428866" lon="114.10821928747411">
        <ele>-2.4674348114058375</ele>
        <time>1970-01-01T00:09:27.900000Z</time>
        <extensions>
          <gpxtpx:TrackPointExtension>
            <gpxtpx:hr>164</gpxtpx:hr>
          </gpxtpx:TrackPointExtension>
        </extensions>
      </trkpt>
      <trkpt lat="22.545989637815843" lon="114.10821869638747">
        <ele>-2.4965984290465713</ele>
        <time>1970-01-01T00:09:28.900000Z</time>
        <extensions>
          <gpxtpx:TrackPointExtension>
            <gpxtpx:hr>164</gpxtpx:hr>
          </gpxtpx:TrackPointExtension>
        </extensions>
      </trkpt>
      <trkpt lat="22.546015550733784" lon="114.10821714926617">
        <ele>-2.5141212232410908</ele>
        <time>1970-01-01T00:09:29.900000Z</time>
        <extensions>
          <gpxtpx:TrackPointExtension>
            <gpxtpx:hr>164</gpxtpx:hr>
          </gpxtpx:TrackPointExtension>
        </extensions>
      </trkpt>
      <trkpt lat="22.5460410632275" lon="114.10821464215272">
        <ele>-2.5231639286503196</ele>
        <time>1970-01-01T00:09:30.900000Z</time>
        <extensions>
          <gpxtpx:TrackPointExtension>
            <gpxtpx:hr>164</gpxtpx:hr>
          </gpxtpx:TrackPointExtension>
        </extensions>
      </trkpt>
      <trkpt lat="22.546066655047287" lon="114.10821154170311">
        <ele>-2.526328400708735</ele>
        <time>1970-01-01T00:09:31.900000Z</time>
        <extensions>
          <gpxtpx:TrackPointExtension>
            <gpxtpx:hr>164</gpxtpx:hr>
          </gpxtpx:TrackPointExtension>
        </extensions>
      </trkpt>
      <trkpt lat="22.546092520348182" lon="114.10820858612827">
        <ele>-2.525733915157616</ele>
        <time>1970-01-01T00:09:32.900000Z</time>
        <extensions>
          <gpxtpx:TrackPointExtension>
            <gpxtpx:hr>164</gpxtpx:hr>
          </gpxtpx:TrackPointExtension>
        </extensions>
      </trkpt>
      <trkpt lat="22.546118612821147" lon="114.10820662603714">
        <ele>-2.523110829293728</ele>
        <time>1970-01-01T00:09:33.900000Z</time>
        <extensions>
          <gpxtpx:TrackPointExtension>
            <gpxtpx:hr>164</gpxtpx:hr>
          </gpxtpx:TrackPointExtension>
        </extensions>
      </trkpt>
      <trkpt lat="22.546144922409493" lon="114.10820628818556">
        <ele>-2.51983748562634</ele>
        <time>1970-01-01T00:09:34.900000Z</time>
        <extensions>
          <gpxtpx:TrackPointExtension>
            <gpxtpx:hr>164</gpxtpx:hr>
          </gpxtpx:TrackPointExtension>
        </extensions>
      </trkpt>
      <trkpt lat="22.54617140569917" lon="114.10820795203108">
        <ele>-2.5169295128434896</ele>
        <time>1970-01-01T00:09:35.900000Z</time>
        <extensions>
          <gpxtpx:TrackPointExtension>
            <gpxtpx:hr>165</gpxtpx:hr>
          </gpxtpx:TrackPointExtension>
        </extensions>
      </trkpt>
      <trkpt lat="22.546197777141515" lon="114.1082115349785">
        <ele>-2.51505206245929</ele>
        <time>1970-01-01T00:09:36.900000Z</time>
        <extensions>
          <gpxtpx:TrackPointExtension>
            <gpxtpx:hr>165</gpxtpx:hr>
          </gpxtpx:TrackPointExtension>
        </extensions>
      </trkpt>
      <trkpt lat="22.546223792397" lon="114.10821630909946">
        <ele>-2.5145600624382496</ele>
        <time>1970-01-01T00:09:37.900000Z</time>
        <extensions>
          <gpxtpx:TrackPointExtension>
            <gpxtpx:hr>165</gpxtpx:hr>
          </gpxtpx:TrackPointExtension>
        </extensions>
      </trkpt>
      <trkpt lat="22.546249491103996" lon="114.10822108690164">
        <ele>-2.5155373960733414</ele>
        <time>1970-01-01T00:09:38.900000Z</time>
        <extensions>
          <gpxtpx:TrackPointExtension>
            <gpxtpx:hr>165</gpxtpx:hr>
          </gpxtpx:TrackPointExtension>
        </extensions>
      </trkpt>
      <trkpt lat="22.546275294206907" lon="114.1082251664459">
        <ele>-2.5178276607766747</ele>
        <time>1970-01-01T00:09:39.900000Z</time>
        <extensions>
          <gpxtpx:TrackPointExtension>
            <gpxtpx:hr>165</gpxtpx:hr>
          </gpxtpx:TrackPointExtension>
        </extensions>
      </trkpt>
      <trkpt lat="22.546301826250502" lon="114.10822827671278">
        <ele>-2.521053632721305</ele>
        <time>1970-01-01T00:09:40.900000Z</time>
        <extensions>
          <gpxtpx:TrackPointExtension>
            <gpxtpx:hr>165</gpxtpx:hr>
          </gpxtpx:TrackPointExtension>
        </extensions>
      </trkpt>
      <trkpt lat="22.546329085719815" lon="114.10823024058529">
        <ele>-2.5246695317327976</ele>
        <time>1970-01-01T00:09:41.900000Z</time>
        <extensions>
          <gpxtpx:TrackPointExtension>
            <gpxtpx:hr>165</gpxtpx:hr>
          </gpxtpx:TrackPointExtension>
        </extensions>
      </trkpt>
      <trkpt lat="22.546356659965365" lon="114.1082312626263">
        <ele>-2.5280965892598033</ele>
        <time>1970-01-01T00:09:42.900000Z</time>
        <extensions>
          <gpxtpx:TrackPointExtension>
            <gpxtpx:hr>165</gpxtpx:hr>
          </gpxtpx:TrackPointExtension>
        </extensions>
      </trkpt>
      <trkpt lat="22.546384274375395" lon="114.10823182286248">
        <ele>-2.530871900729835</ele>
        <time>1970-01-01T00:09:43.900000Z</time>
        <extensions>
          <gpxtpx:TrackPointExtension>
            <gpxtpx:hr>165</gpxtpx:hr>
          </gpxtpx:TrackPointExtension>
        </extensions>
      </trkpt>
      <trkpt lat="22.546411709370044" lon="114.10823242778869">
        <ele>-2.5327224330976605</ele>
        <time>1970-01-01T00:09:44.900000Z</time>
        <extensions>
          <gpxtpx:TrackPointExtension>
            <gpxtpx:hr>165</gpxtpx:hr>
          </gpxtpx:TrackPointExtension>
        </extensions>
      </trkpt>
      <trkpt lat="22.546438898589308" lon="114.1082331270706">
        <ele>-2.5335830906406045</ele>
        <time>1970-01-01T00:09:45.900000Z</time>
        <extensions>
          <gpxtpx:TrackPointExtension>
            <gpxtpx:hr>165</gpxtpx:hr>
          </gpxtpx:TrackPointExtension>
        </extensions>
      </trkpt>
      <trkpt lat="22.54646593906413" lon="114.10823384338967">
        <ele>-2.533556394279003</ele>
        <time>1970-01-01T00:09:46.900000Z</time>
        <extensions>
          <gpxtpx:TrackPointExtension>
            <gpxtpx:hr>165</gpxtpx:hr>
          </gpxtpx:TrackPointExtension>
        </extensions>
      </trkpt>
      <trkpt lat="22.54649287180666" lon="114.1082345374243">
        <ele>-2.5327704586088657</ele>
        <time>1970-01-01T00:09:47.900000Z</time>
        <extensions>
          <gpxtpx:TrackPointExtension>
            <gpxtpx:hr>165</gpxtpx:hr>
          </gpxtpx:TrackPointExtension>
        </extensions>
      </trkpt>
      <trkpt lat="22.546519652271847" lon="114.10823518474801">
        <ele>-2.5312203550711274</ele>
        <time>1970-01-01T00:09:48.900000Z</time>
        <extensions>
          <gpxtpx:TrackPointExtension>
            <gpxtpx:hr>166</gpxtpx:hr>
          </gpxtpx:TrackPointExtension>
        </extensions>
      </trkpt>
      <trkpt lat="22.546546334630396" lon="114.10823568473246">
        <ele>-2.528729544952512</ele>
        <time>1970-01-01T00:09:49.900000Z</time>
        <extensions>
          <gpxtpx:TrackPointExtension>
            <gpxtpx:hr>166</gpxtpx:hr>
          </gpxtpx:TrackPointExtension>
        </extensions>
      </trkpt>
      <trkpt lat="22.54657273559561" lon="114.10823577378144">
        <ele>-2.5250463858246803</ele>
        <time>1970-01-01T00:09:50.900000Z</time>
        <extensions>
          <gpxtpx:TrackPointExtension>
            <gpxtpx:hr>166</gpxtpx:hr>
          </gpxtpx:TrackPointExtension>
        </extensions>
      </trkpt>
      <trkpt lat="22.546598659833283" lon="114.10823502637882">
        <ele>-2.5199763607233763</ele>
        <time>1970-01-01T00:09:51.900000Z</time>
        <extensions>
          <gpxtpx:TrackPointExtension>
            <gpxtpx:hr>166</gpxtpx:hr>
          </gpxtpx:TrackPointExtension>
        </extensions>
      </trkpt>
      <trkpt lat="22.546624144862495" lon="114.10823309716763">
        <ele>-2.5134829049929976</ele>
        <time>1970-01-01T00:09:52.900000Z</time>
        <extensions>
          <gpxtpx:TrackPointExtension>
            <gpxtpx:hr>166</gpxtpx:hr>
          </gpxtpx:TrackPointExtension>
        </extensions>
      </trkpt>
      <trkpt lat="22.54664943656197" lon="114.1082300508608">
        <ele>-2.505764629691839</ele>
        <time>1970-01-01T00:09:53.900000Z</time>
        <extensions>
          <gpxtpx:TrackPointExtension>
            <gpxtpx:hr>166</gpxtpx:hr>
          </gpxtpx:TrackPointExtension>
        </extensions>
      </trkpt>
      <trkpt lat="22.546674865008402" lon="114.10822661074994">
        <ele>-2.4972711745649576</ele>
        <time>1970-01-01T00:09:54.900000Z</time>
        <extensions>
          <gpxtpx:TrackPointExtension>
            <gpxtpx:hr>166</gpxtpx:hr>
          </gpxtpx:TrackPointExtension>
        </extensions>
      </trkpt>
      <trkpt lat="22.546700516221314" lon="114.10822418300872">
        <ele>-2.4886081470176578</ele>
        <time>1970-01-01T00:09:55.900000Z</time>
        <extensions>
          <gpxtpx:TrackPointExtension>
            <gpxtpx:hr>166</gpxtpx:hr>
          </gpxtpx:TrackPointExtension>
        </extensions>
      </trkpt>
      <trkpt lat="22.546726145648073" lon="114.1082239709934">
        <ele>-2.4803981306031346</ele>
        <time>1970-01-01T00:09:56.900000Z</time>
        <extensions>
          <gpxtpx:TrackPointExtension>
            <gpxtpx:hr>166</gpxtpx:hr>
          </gpxtpx:TrackPointExtension>
        </extensions>
      </trkpt>
      <trkpt lat="22.546751278554044" lon="114.10822637582758">
        <ele>-2.473130992613733</ele>
        <time>1970-01-01T00:09:57.900000Z</time>
        <extensions>
          <gpxtpx:TrackPointExtension>
            <gpxtpx:hr>166</gpxtpx:hr>
          </gpxtpx:TrackPointExtension>
        </extensions>
      </trkpt>
      <trkpt lat="22.546775560801184" lon="114.10823103930653">
        <ele>-2.46695997659117</ele>
        <time>1970-01-01T00:09:58.900000Z</time>
        <extensions>
          <gpxtpx:TrackPointExtension>
            <gpxtpx:hr>166</gpxtpx:hr>
          </gpxtpx:TrackPointExtension>
        </extensions>
      </trkpt>
      <trkpt lat="22.546799209267842" lon="114.10823752463803">
        <ele>-2.4614949328824878</ele>
        <time>1970-01-01T00:09:59.900000Z</time>
        <extensions>
          <gpxtpx:TrackPointExtension>
            <gpxtpx:hr>166</gpxtpx:hr>
          </gpxtpx:TrackPointExtension>
        </extensions>
      </trkpt>
      <trkpt lat="22.54682247077069" lon="114.10824520993556">
        <ele>-2.455556289292872</ele>
        <time>1970-01-01T00:10:00.900000Z</time>
        <extensions>
          <gpxtpx:TrackPointExtension>
            <gpxtpx:hr>166</gpxtpx:hr>
          </gpxtpx:TrackPointExtension>
        </extensions>
      </trkpt>
      <trkpt lat="22.54684524142774" lon="114.10825301041557">
        <ele>-2.4469780111685395</ele>
        <time>1970-01-01T00:10:01.900000Z</time>
        <extensions>
          <gpxtpx:TrackPointExtension>
            <gpxtpx:hr>166</gpxtpx:hr>
          </gpxtpx:TrackPointExtension>
        </extensions>
      </trkpt>
      <trkpt lat="22.54686727785087" lon="114.10826063651376">
        <ele>-2.4326081378385425</ele>
        <time>1970-01-01T00:10:02.900000Z</time>
        <extensions>
          <gpxtpx:TrackPointExtension>
            <gpxtpx:hr>165</gpxtpx:hr>
          </gpxtpx:TrackPointExtension>
        </extensions>
      </trkpt>
      <trkpt lat="22.54688857530832" lon="114.10826878026337">
        <ele>-2.408535468392074</ele>
        <time>1970-01-01T00:10:03.900000Z</time>
        <extensions>
          <gpxtpx:TrackPointExtension>
            <gpxtpx:hr>165</gpxtpx:hr>
          </gpxtpx:TrackPointExtension>
        </extensions>
      </trkpt>
      <trkpt lat="22.546909525219696" lon="114.10827774814089">
        <ele>-2.370454514399171</ele>
        <time>1970-01-01T00:10:04.900000Z</time>
        <extensions>
          <gpxtpx:TrackPointExtension>
            <gpxtpx:hr>165</gpxtpx:hr>
          </gpxtpx:TrackPointExtension>
        </extensions>
      </trkpt>
      <trkpt lat="22.54693038712061" lon="114.10828732601396">
        <ele>-2.314193391241133</ele>
        <time>1970-01-01T00:10:05.900000Z</time>
        <extensions>
          <gpxtpx:TrackPointExtension>
            <gpxtpx:hr>165</gpxtpx:hr>
          </gpxtpx:TrackPointExtension>
        </extensions>
      </trkpt>
      <trkpt lat="22.54695132044915" lon="114.10829737306126">
        <ele>-2.2365727368742228</ele>
        <time>1970-01-01T00:10:06.900000Z</time>
        <extensions>
          <gpxtpx:TrackPointExtension>
            <gpxtpx:hr>165</gpxtpx:hr>
          </gpxtpx:TrackPointExtension>
        </extensions>
      </trkpt>
      <trkpt lat="22.54697263499933" lon="114.10830756545933">
        <ele>-2.136692065745592</ele>
        <time>1970-01-01T00:10:07.900000Z</time>
        <extensions>
          <gpxtpx:TrackPointExtension>
            <gpxtpx:hr>165</gpxtpx:hr>
          </gpxtpx:TrackPointExtension>
        </extensions>
      </trkpt>
      <trkpt lat="22.546994603397476" lon="114.10831757704155">
        <ele>-2.0182392317801714</ele>
        <time>1970-01-01T00:10:08.900000Z</time>
        <extensions>
          <gpxtpx:TrackPointExtension>
            <gpxtpx:hr>165</gpxtpx:hr>
          </gpxtpx:TrackPointExtension>
        </extensions>
      </trkpt>
      <trkpt lat="22.547017429741373" lon="114.10832729548079">
        <ele>-1.887959124520421</ele>
        <time>1970-01-01T00:10:09.900000Z</time>
        <extensions>
          <gpxtpx:TrackPointExtension>
            <gpxtpx:hr>165</gpxtpx:hr>
          </gpxtpx:TrackPointExtension>
        </extensions>
      </trkpt>
      <trkpt lat="22.547041222224962" lon="114.10833651257458">
        <ele>-1.7525849808007479</ele>
        <time>1970-01-01T00:10:10.900000Z</time>
        <extensions>
          <gpxtpx:TrackPointExtension>
            <gpxtpx:hr>165</gpxtpx:hr>
          </gpxtpx:TrackPointExtension>
        </extensions>
      </trkpt>
      <trkpt lat="22.547065819635414" lon="114.10834535354168">
        <ele>-1.6173509070649743</ele>
        <time>1970-01-01T00:10:11.900000Z</time>
        <extensions>
          <gpxtpx:TrackPointExtension>
            <gpxtpx:hr>165</gpxtpx:hr>
          </gpxtpx:TrackPointExtension>
        </extensions>
      </trkpt>
      <trkpt lat="22.547090837446135" lon="114.10835399133076">
        <ele>-1.4862538995221257</ele>
        <time>1970-01-01T00:10:12.900000Z</time>
        <extensions>
          <gpxtpx:TrackPointExtension>
            <gpxtpx:hr>165</gpxtpx:hr>
          </gpxtpx:TrackPointExtension>
        </extensions>
      </trkpt>
      <trkpt lat="22.547115945470786" lon="114.10836254808801">
        <ele>-1.361349007114768</ele>
        <time>1970-01-01T00:10:13.900000Z</time>
        <extensions>
          <gpxtpx:TrackPointExtension>
            <gpxtpx:hr>165</gpxtpx:hr>
          </gpxtpx:TrackPointExtension>
        </extensions>
      </trkpt>
      <trkpt lat="22.54714101303274" lon="114.10837093867302">
        <ele>-1.2431358462199569</ele>
        <time>1970-01-01T00:10:14.900000Z</time>
        <extensions>
          <gpxtpx:TrackPointExtension>
            <gpxtpx:hr>165</gpxtpx:hr>
          </gpxtpx:TrackPointExtension>
        </extensions>
      </trkpt>
      <trkpt lat="22.547166014319842" lon="114.10837890725718">
        <ele>-1.1316914986819029</ele>
        <time>1970-01-01T00:10:15.900000Z</time>
        <extensions>
          <gpxtpx:TrackPointExtension>
            <gpxtpx:hr>165</gpxtpx:hr>
          </gpxtpx:TrackPointExtension>
        </extensions>
      </trkpt>
      <trkpt lat="22.547190917554147" lon="114.10838635246662">
        <ele>-1.0266185095533729</ele>
        <time>1970-01-01T00:10:16.900000Z</time>
        <extensions>
          <gpxtpx:TrackPointExtension>
            <gpxtpx:hr>165</gpxtpx:hr>
          </gpxtpx:TrackPointExtension>
        </extensions>
      </trkpt>
      <trkpt lat="22.547215759392223" lon="114.10839330940478">
        <ele>-0.927407369017601</ele>
        <time>1970-01-01T00:10:17.900000Z</time>
        <extensions>
          <gpxtpx:TrackPointExtension>
            <gpxtpx:hr>165</gpxtpx:hr>
          </gpxtpx:TrackPointExtension>
        </extensions>
      </trkpt>
      <trkpt lat="22.54724061631523" lon="114.10839991108075">
        <ele>-0.8330870838835835</ele>
        <time>1970-01-01T00:10:18.900000Z</time>
        <extensions>
          <gpxtpx:TrackPointExtension>
            <gpxtpx:hr>165</gpxtpx:hr>
          </gpxtpx:TrackPointExtension>
        </extensions>
      </trkpt>
      <trkpt lat="22.547265602638486" lon="114.10840630248154">
        <ele>-0.741360922344029</ele>
        <time>1970-01-01T00:10:19.900000Z</time>
        <extensions>
          <gpxtpx:TrackPointExtension>
            <gpxtpx:hr>165</gpxtpx:hr>
          </gpxtpx:TrackPointExtension>
        </extensions>
      </trkpt>
      <trkpt lat="22.54729083957586" lon="114.10841261089854">
        <ele>-0.6481111003085971</ele>
        <time>1970-01-01T00:10:20.900000Z</time>
        <extensions>
          <gpxtpx:TrackPointExtension>
            <gpxtpx:hr>165</gpxtpx:hr>
          </gpxtpx:TrackPointExtension>
        </extensions>
      </trkpt>
      <trkpt lat="22.547316293519426" lon="114.10841901341195">
        <ele>-0.5473625846207142</ele>
        <time>1970-01-01T00:10:21.900000Z</time>
        <extensions>
          <gpxtpx:TrackPointExtension>
            <gpxtpx:hr>165</gpxtpx:hr>
          </gpxtpx:TrackPointExtension>
        </extensions>
      </trkpt>
      <trkpt lat="22.547341864788443" lon="114.1084256880923">
        <ele>-0.4340324802324176</ele>
        <time>1970-01-01T00:10:22.900000Z</time>
        <extensions>
          <gpxtpx:TrackPointExtension>
            <gpxtpx:hr>165</gpxtpx:hr>
          </gpxtpx:TrackPointExtension>
        </extensions>
      </trkpt>
      <trkpt lat="22.547367487512684" lon="114.1084326931794">
        <ele>-0.3064276510849595</ele>
        <time>1970-01-01T00:10:23.800000Z</time>
        <extensions>
          <gpxtpx:TrackPointExtension>
            <gpxtpx:hr>165</gpxtpx:hr>
          </gpxtpx:TrackPointExtension>
        </extensions>
      </trkpt>
      <trkpt lat="22.547393071319238" lon="114.10844004101895">
        <ele>-0.1660181125625968</ele>
        <time>1970-01-01T00:10:24.800000Z</time>
        <extensions>
          <gpxtpx:TrackPointExtension>
            <gpxtpx:hr>165</gpxtpx:hr>
          </gpxtpx:TrackPointExtension>
        </extensions>
      </trkpt>
      <trkpt lat="22.547418514219704" lon="114.1084477644192">
        <ele>-0.01636444963514804</ele>
        <time>1970-01-01T00:10:25.800000Z</time>
        <extensions>
          <gpxtpx:TrackPointExtension>
            <gpxtpx:hr>165</gpxtpx:hr>
          </gpxtpx:TrackPointExtension>
        </extensions>
      </trkpt>
      <trkpt lat="22.54744372697982" lon="114.10845584527885">
        <ele>0.1386929638683796</ele>
        <time>1970-01-01T00:10:26.800000Z</time>
        <extensions>
          <gpxtpx:TrackPointExtension>
            <gpxtpx:hr>165</gpxtpx:hr>
          </gpxtpx:TrackPointExtension>
        </extensions>
      </trkpt>
      <trkpt lat="22.547468762319355" lon="114.10846423621054">
        <ele>0.29564900789409876</ele>
        <time>1970-01-01T00:10:27.800000Z</time>
        <extensions>
          <gpxtpx:TrackPointExtension>
            <gpxtpx:hr>165</gpxtpx:hr>
          </gpxtpx:TrackPointExtension>
        </extensions>
      </trkpt>
      <trkpt lat="22.547493614208893" lon="114.10847304960751">
        <ele>0.4513180386275053</ele>
        <time>1970-01-01T00:10:28.800000Z</time>
        <extensions>
          <gpxtpx:TrackPointExtension>
            <gpxtpx:hr>165</gpxtpx:hr>
          </gpxtpx:TrackPointExtension>
        </extensions>
      </trkpt>
      <trkpt lat="22.547518251619408" lon="114.10848258029817">
        <ele>0.603290993720293</ele>
        <time>1970-01-01T00:10:29.800000Z</time>
        <extensions>
          <gpxtpx:TrackPointExtension>
            <gpxtpx:hr>165</gpxtpx:hr>
          </gpxtpx:TrackPointExtension>
        </extensions>
      </trkpt>
      <trkpt lat="22.54754270167108" lon="114.10849302388033">
        <ele>0.7496677320450544</ele>
        <time>1970-01-01T00:10:30.800000Z</time>
        <extensions>
          <gpxtpx:TrackPointExtension>
            <gpxtpx:hr>165</gpxtpx:hr>
          </gpxtpx:TrackPointExtension>
        </extensions>
      </trkpt>
      <trkpt lat="22.54756701994204" lon="114.10850432600097">
        <ele>0.8898364193737507</ele>
        <time>1970-01-01T00:10:31.800000Z</time>
        <extensions>
          <gpxtpx:TrackPointExtension>
            <gpxtpx:hr>165</gpxtpx:hr>
          </gpxtpx:TrackPointExtension>
        </extensions>
      </trkpt>
      <trkpt lat="22.547591312119824" lon="114.10851640541678">
        <ele>1.0246298257261515</ele>
        <time>1970-01-01T00:10:32.800000Z</time>
        <extensions>
          <gpxtpx:TrackPointExtension>
            <gpxtpx:hr>165</gpxtpx:hr>
          </gpxtpx:TrackPointExtension>
        </extensions>
      </trkpt>
      <trkpt lat="22.547615720680575" lon="114.10852917247095">
        <ele>1.1522535374388099</ele>
        <time>1970-01-01T00:10:33.800000Z</time>
        <extensions>
          <gpxtpx:TrackPointExtension>
            <gpxtpx:hr>166</gpxtpx:hr>
          </gpxtpx:TrackPointExtension>
        </extensions>
      </trkpt>
      <trkpt lat="22.54764031796461" lon="114.10854264885465">
        <ele>1.2725862972438335</ele>
        <time>1970-01-01T00:10:34.800000Z</time>
        <extensions>
          <gpxtpx:TrackPointExtension>
            <gpxtpx:hr>166</gpxtpx:hr>
          </gpxtpx:TrackPointExtension>
        </extensions>
      </trkpt>
      <trkpt lat="22.547665008413055" lon="114.10855662585048">
        <ele>1.3876187298446894</ele>
        <time>1970-01-01T00:10:35.800000Z</time>
        <extensions>
          <gpxtpx:TrackPointExtension>
            <gpxtpx:hr>166</gpxtpx:hr>
          </gpxtpx:TrackPointExtension>
        </extensions>
      </trkpt>
      <trkpt lat="22.547689539524825" lon="114.10857076725682">
        <ele>1.4970224043354392</ele>
        <time>1970-01-01T00:10:36.800000Z</time>
        <extensions>
          <gpxtpx:TrackPointExtension>
            <gpxtpx:hr>166</gpxtpx:hr>
          </gpxtpx:TrackPointExtension>
        </extensions>
      </trkpt>
      <trkpt lat="22.547713664264595" lon="114.10858494923401">
        <ele>1.6011272119358182</ele>
        <time>1970-01-01T00:10:37.800000Z</time>
        <extensions>
          <gpxtpx:TrackPointExtension>
            <gpxtpx:hr>166</gpxtpx:hr>
          </gpxtpx:TrackPointExtension>
        </extensions>
      </trkpt>
      <trkpt lat="22.547737347340117" lon="114.10859924309703">
        <ele>1.6992843374609947</ele>
        <time>1970-01-01T00:10:38.800000Z</time>
        <extensions>
          <gpxtpx:TrackPointExtension>
            <gpxtpx:hr>166</gpxtpx:hr>
          </gpxtpx:TrackPointExtension>
        </extensions>
      </trkpt>
      <trkpt lat="22.54776082035154" lon="114.10861389615292">
        <ele>1.7915381658822298</ele>
        <time>1970-01-01T00:10:39.800000Z</time>
        <extensions>
          <gpxtpx:TrackPointExtension>
            <gpxtpx:hr>166</gpxtpx:hr>
          </gpxtpx:TrackPointExtension>
        </extensions>
      </trkpt>
      <trkpt lat="22.54778440213168" lon="114.10862891450763">
        <ele>1.8787344731390476</ele>
        <time>1970-01-01T00:10:40.800000Z</time>
        <extensions>
          <gpxtpx:TrackPointExtension>
            <gpxtpx:hr>166</gpxtpx:hr>
          </gpxtpx:TrackPointExtension>
        </extensions>
      </trkpt>
      <trkpt lat="22.547807733490313" lon="114.10864400056998">
        <ele>1.961946009658277</ele>
        <time>1970-01-01T00:10:41.800000Z</time>
        <extensions>
          <gpxtpx:TrackPointExtension>
            <gpxtpx:hr>166</gpxtpx:hr>
          </gpxtpx:TrackPointExtension>
        </extensions>
      </trkpt>
      <trkpt lat="22.54783014617733" lon="114.10865872686132">
        <ele>2.0418165819719434</ele>
        <time>1970-01-01T00:10:42.800000Z</time>
        <extensions>
          <gpxtpx:TrackPointExtension>
            <gpxtpx:hr>166</gpxtpx:hr>
          </gpxtpx:TrackPointExtension>
        </extensions>
      </trkpt>
      <trkpt lat="22.547851799890527" lon="114.10867297298127">
        <ele>2.1184001388028264</ele>
        <time>1970-01-01T00:10:43.800000Z</time>
        <extensions>
          <gpxtpx:TrackPointExtension>
            <gpxtpx:hr>166</gpxtpx:hr>
          </gpxtpx:TrackPointExtension>
        </extensions>
      </trkpt>
      <trkpt lat="22.547873497220316" lon="114.10868676519527">
        <ele>2.192381154745817</ele>
        <time>1970-01-01T00:10:44.800000Z</time>
        <extensions>
          <gpxtpx:TrackPointExtension>
            <gpxtpx:hr>166</gpxtpx:hr>
          </gpxtpx:TrackPointExtension>
        </extensions>
      </trkpt>
      <trkpt lat="22.54789554292641" lon="114.10870018288094">
        <ele>2.263469321653247</ele>
        <time>1970-01-01T00:10:45.800000Z</time>
        <extensions>
          <gpxtpx:TrackPointExtension>
            <gpxtpx:hr>166</gpxtpx:hr>
          </gpxtpx:TrackPointExtension>
        </extensions>
      </trkpt>
      <trkpt lat="22.547917878182865" lon="114.10871344112672">
        <ele>2.331414540298283</ele>
        <time>1970-01-01T00:10:46.800000Z</time>
        <extensions>
          <gpxtpx:TrackPointExtension>
            <gpxtpx:hr>166</gpxtpx:hr>
          </gpxtpx:TrackPointExtension>
        </extensions>
      </trkpt>
      <trkpt lat="22.54794039168761" lon="114.10872665146248">
        <ele>2.3983206814154983</ele>
        <time>1970-01-01T00:10:47.700000Z</time>
        <extensions>
          <gpxtpx:TrackPointExtension>
            <gpxtpx:hr>165</gpxtpx:hr>
          </gpxtpx:TrackPointExtension>
        </extensions>
      </trkpt>
      <trkpt lat="22.547962961412352" lon="114.10873995504812">
        <ele>2.462514310143888</ele>
        <time>1970-01-01T00:10:48.700000Z</time>
        <extensions>
          <gpxtpx:TrackPointExtension>
            <gpxtpx:hr>165</gpxtpx:hr>
          </gpxtpx:TrackPointExtension>
        </extensions>
      </trkpt>
      <trkpt lat="22.5479855997437" lon="114.10875359906197">
        <ele>2.5258069913834333</ele>
        <time>1970-01-01T00:10:49.700000Z</time>
        <extensions>
          <gpxtpx:TrackPointExtension>
            <gpxtpx:hr>165</gpxtpx:hr>
          </gpxtpx:TrackPointExtension>
        </extensions>
      </trkpt>
      <trkpt lat="22.5480081348112" lon="114.10876783821712">
        <ele>2.587184022180736</ele>
        <time>1970-01-01T00:10:50.700000Z</time>
        <extensions>
          <gpxtpx:TrackPointExtension>
            <gpxtpx:hr>165</gpxtpx:hr>
          </gpxtpx:TrackPointExtension>
        </extensions>
      </trkpt>
      <trkpt lat="22.548030631672233" lon="114.10878260504194">
        <ele>2.647481184452772</ele>
        <time>1970-01-01T00:10:51.700000Z</time>
        <extensions>
          <gpxtpx:TrackPointExtension>
            <gpxtpx:hr>165</gpxtpx:hr>
          </gpxtpx:TrackPointExtension>
        </extensions>
      </trkpt>
      <trkpt lat="22.548053197024963" lon="114.10879752042322">
        <ele>2.708205255679786</ele>
        <time>1970-01-01T00:10:52.700000Z</time>
        <extensions>
          <gpxtpx:TrackPointExtension>
            <gpxtpx:hr>165</gpxtpx:hr>
          </gpxtpx:TrackPointExtension>
        </extensions>
      </trkpt>
      <trkpt lat="22.54807604972764" lon="114.10881243306814">
        <ele>2.76736706122756</ele>
        <time>1970-01-01T00:10:53.700000Z</time>
        <extensions>
          <gpxtpx:TrackPointExtension>
            <gpxtpx:hr>165</gpxtpx:hr>
          </gpxtpx:TrackPointExtension>
        </extensions>
      </trkpt>
      <trkpt lat="22.548099475179022" lon="114.1088274291488">
        <ele>2.8241075947880745</ele>
        <time>1970-01-01T00:10:54.700000Z</time>
        <extensions>
          <gpxtpx:TrackPointExtension>
            <gpxtpx:hr>165</gpxtpx:hr>
          </gpxtpx:TrackPointExtension>
        </extensions>
      </trkpt>
      <trkpt lat="22.548123342599695" lon="114.10884248588253">
        <ele>2.8790604071691632</ele>
        <time>1970-01-01T00:10:55.700000Z</time>
        <extensions>
          <gpxtpx:TrackPointExtension>
            <gpxtpx:hr>165</gpxtpx:hr>
          </gpxtpx:TrackPointExtension>
        </extensions>
      </trkpt>
      <trkpt lat="22.54814726681349" lon="114.10885755177837">
        <ele>2.9328747130930424</ele>
        <time>1970-01-01T00:10:56.700000Z</time>
        <extensions>
          <gpxtpx:TrackPointExtension>
            <gpxtpx:hr>165</gpxtpx:hr>
          </gpxtpx:TrackPointExtension>
        </extensions>
      </trkpt>
      <trkpt lat="22.548170948299923" lon="114.1088722364316">
        <ele>2.984941119328141</ele>
        <time>1970-01-01T00:10:57.700000Z</time>
        <extensions>
          <gpxtpx:TrackPointExtension>
            <gpxtpx:hr>166</gpxtpx:hr>
          </gpxtpx:TrackPointExtension>
        </extensions>
      </trkpt>
      <trkpt lat="22.548194310438998" lon="114.10888639297774">
        <ele>3.0347293484956026</ele>
        <time>1970-01-01T00:10:58.700000Z</time>
        <extensions>
          <gpxtpx:TrackPointExtension>
            <gpxtpx:hr>166</gpxtpx:hr>
          </gpxtpx:TrackPointExtension>
        </extensions>
      </trkpt>
      <trkpt lat="22.54821726915184" lon="114.10890018363519">
        <ele>3.0798326609656215</ele>
        <time>1970-01-01T00:10:59.700000Z</time>
        <extensions>
          <gpxtpx:TrackPointExtension>
            <gpxtpx:hr>166</gpxtpx:hr>
          </gpxtpx:TrackPointExtension>
        </extensions>
      </trkpt>
      <trkpt lat="22.548240059594445" lon="114.10891382794699">
        <ele>3.1181466272100806</ele>
        <time>1970-01-01T00:11:00.700000Z</time>
        <extensions>
          <gpxtpx:TrackPointExtension>
            <gpxtpx:hr>166</gpxtpx:hr>
          </gpxtpx:TrackPointExtension>
        </extensions>
      </trkpt>
      <trkpt lat="22.548263062173323" lon="114.1089275485877">
        <ele>3.150075410492718</ele>
        <time>1970-01-01T00:11:01.700000Z</time>
        <extensions>
          <gpxtpx:TrackPointExtension>
            <gpxtpx:hr>166</gpxtpx:hr>
          </gpxtpx:TrackPointExtension>
        </extensions>
      </trkpt>
      <trkpt lat="22.548286492147827" lon="114.10894137317209">
        <ele>3.175017870031297</ele>
        <time>1970-01-01T00:11:02.700000Z</time>
        <extensions>
          <gpxtpx:TrackPointExtension>
            <gpxtpx:hr>165</gpxtpx:hr>
          </gpxtpx:TrackPointExtension>
        </extensions>
      </trkpt>
      <trkpt lat="22.548310194765854" lon="114.10895530890218">
        <ele>3.193261650390923</ele>
        <time>1970-01-01T00:11:03.700000Z</time>
        <extensions>
          <gpxtpx:TrackPointExtension>
            <gpxtpx:hr>165</gpxtpx:hr>
          </gpxtpx:TrackPointExtension>
        </extensions>
      </trkpt>
      <trkpt lat="22.548333957207223" lon="114.10896929123874">
        <ele>3.2019948475062847</ele>
        <time>1970-01-01T00:11:04.700000Z</time>
        <extensions>
          <gpxtpx:TrackPointExtension>
            <gpxtpx:hr>165</gpxtpx:hr>
          </gpxtpx:TrackPointExtension>
        </extensions>
      </trkpt>
      <trkpt lat="22.54835754406148" lon="114.10898331527754">
        <ele>3.2026052344590425</ele>
        <time>1970-01-01T00:11:05.700000Z</time>
        <extensions>
          <gpxtpx:TrackPointExtension>
            <gpxtpx:hr>165</gpxtpx:hr>
          </gpxtpx:TrackPointExtension>
        </extensions>
      </trkpt>
      <trkpt lat="22.548380673976517" lon="114.10899709539049">
        <ele>3.1927196234464645</ele>
        <time>1970-01-01T00:11:06.700000Z</time>
        <extensions>
          <gpxtpx:TrackPointExtension>
            <gpxtpx:hr>165</gpxtpx:hr>
          </gpxtpx:TrackPointExtension>
        </extensions>
      </trkpt>
      <trkpt lat="22.548403414205822" lon="114.10901030167913">
        <ele>3.179414391517639</ele>
        <time>1970-01-01T00:11:07.700000Z</time>
        <extensions>
          <gpxtpx:TrackPointExtension>
            <gpxtpx:hr>167</gpxtpx:hr>
          </gpxtpx:TrackPointExtension>
        </extensions>
      </trkpt>
      <trkpt lat="22.54842607522661" lon="114.10902288179409">
        <ele>3.159049487672746</ele>
        <time>1970-01-01T00:11:08.700000Z</time>
        <extensions>
          <gpxtpx:TrackPointExtension>
            <gpxtpx:hr>167</gpxtpx:hr>
          </gpxtpx:TrackPointExtension>
        </extensions>
      </trkpt>
      <trkpt lat="22.548449053915974" lon="114.10903516369466">
        <ele>3.1341787623241544</ele>
        <time>1970-01-01T00:11:09.700000Z</time>
        <extensions>
          <gpxtpx:TrackPointExtension>
            <gpxtpx:hr>167</gpxtpx:hr>
          </gpxtpx:TrackPointExtension>
        </extensions>
      </trkpt>
      <trkpt lat="22.54847258867116" lon="114.10904749547687">
        <ele>3.1041557397693396</ele>
        <time>1970-01-01T00:11:10.600000Z</time>
        <extensions>
          <gpxtpx:TrackPointExtension>
            <gpxtpx:hr>167</gpxtpx:hr>
          </gpxtpx:TrackPointExtension>
        </extensions>
      </trkpt>
      <trkpt lat="22.548496426180108" lon="114.10906022524834">
        <ele>3.065153045579791</ele>
        <time>1970-01-01T00:11:11.600000Z</time>
        <extensions>
          <gpxtpx:TrackPointExtension>
            <gpxtpx:hr>167</gpxtpx:hr>
          </gpxtpx:TrackPointExtension>
        </extensions>
      </trkpt>
      <trkpt lat="22.548520216471097" lon="114.10907353266586">
        <ele>3.0341023793444037</ele>
        <time>1970-01-01T00:11:12.600000Z</time>
        <extensions>
          <gpxtpx:TrackPointExtension>
            <gpxtpx:hr>167</gpxtpx:hr>
          </gpxtpx:TrackPointExtension>
        </extensions>
      </trkpt>
      <trkpt lat="22.548544166445836" lon="114.10908683869064">
        <ele>3.006760007701814</ele>
        <time>1970-01-01T00:11:13.600000Z</time>
        <extensions>
          <gpxtpx:TrackPointExtension>
            <gpxtpx:hr>167</gpxtpx:hr>
          </gpxtpx:TrackPointExtension>
        </extensions>
      </trkpt>
      <trkpt lat="22.54856834482548" lon="114.10909962736979">
        <ele>2.979451486840844</ele>
        <time>1970-01-01T00:11:14.600000Z</time>
        <extensions>
          <gpxtpx:TrackPointExtension>
            <gpxtpx:hr>167</gpxtpx:hr>
          </gpxtpx:TrackPointExtension>
        </extensions>
      </trkpt>
      <trkpt lat="22.548592353262688" lon="114.10911204377547">
        <ele>2.9531212961301208</ele>
        <time>1970-01-01T00:11:15.600000Z</time>
        <extensions>
          <gpxtpx:TrackPointExtension>
            <gpxtpx:hr>167</gpxtpx:hr>
          </gpxtpx:TrackPointExtension>
        </extensions>
      </trkpt>
      <trkpt lat="22.548615864117018" lon="114.10912429967732">
        <ele>2.9253998128697276</ele>
        <time>1970-01-01T00:11:16.600000Z</time>
        <extensions>
          <gpxtpx:TrackPointExtension>
            <gpxtpx:hr>167</gpxtpx:hr>
          </gpxtpx:TrackPointExtension>
        </extensions>
      </trkpt>
      <trkpt lat="22.548638903172066" lon="114.10913636984947">
        <ele>2.899917679838836</ele>
        <time>1970-01-01T00:11:17.600000Z</time>
        <extensions>
          <gpxtpx:TrackPointExtension>
            <gpxtpx:hr>167</gpxtpx:hr>
          </gpxtpx:TrackPointExtension>
        </extensions>
      </trkpt>
      <trkpt lat="22.548661535419296" lon="114.10914841568905">
        <ele>2.8765131710097194</ele>
        <time>1970-01-01T00:11:18.600000Z</time>
        <extensions>
          <gpxtpx:TrackPointExtension>
            <gpxtpx:hr>167</gpxtpx:hr>
          </gpxtpx:TrackPointExtension>
        </extensions>
      </trkpt>
      <trkpt lat="22.548683687967078" lon="114.10916057721471">
        <ele>2.854554350487888</ele>
        <time>1970-01-01T00:11:19.600000Z</time>
        <extensions>
          <gpxtpx:TrackPointExtension>
            <gpxtpx:hr>167</gpxtpx:hr>
          </gpxtpx:TrackPointExtension>
        </extensions>
      </trkpt>
      <trkpt lat="22.548705263336682" lon="114.10917283807318">
        <ele>2.8333305763080716</ele>
        <time>1970-01-01T00:11:20.600000Z</time>
        <extensions>
          <gpxtpx:TrackPointExtension>
            <gpxtpx:hr>167</gpxtpx:hr>
          </gpxtpx:TrackPointExtension>
        </extensions>
      </trkpt>
      <trkpt lat="22.548726357075807" lon="114.10918523875189">
        <ele>2.813447631895542</ele>
        <time>1970-01-01T00:11:21.600000Z</time>
        <extensions>
          <gpxtpx:TrackPointExtension>
            <gpxtpx:hr>167</gpxtpx:hr>
          </gpxtpx:TrackPointExtension>
        </extensions>
      </trkpt>
      <trkpt lat="22.548747710762996" lon="114.10919819532828">
        <ele>2.797620076686144</ele>
        <time>1970-01-01T00:11:22.600000Z</time>
        <extensions>
          <gpxtpx:TrackPointExtension>
            <gpxtpx:hr>167</gpxtpx:hr>
          </gpxtpx:TrackPointExtension>
        </extensions>
      </trkpt>
      <trkpt lat="22.5487699652514" lon="114.10921179032918">
        <ele>2.774364611133933</ele>
        <time>1970-01-01T00:11:23.600000Z</time>
        <extensions>
          <gpxtpx:TrackPointExtension>
            <gpxtpx:hr>168</gpxtpx:hr>
          </gpxtpx:TrackPointExtension>
        </extensions>
      </trkpt>
      <trkpt lat="22.548793094360835" lon="114.10922565339264">
        <ele>2.7484293952584267</ele>
        <time>1970-01-01T00:11:24.600000Z</time>
        <extensions>
          <gpxtpx:TrackPointExtension>
            <gpxtpx:hr>168</gpxtpx:hr>
          </gpxtpx:TrackPointExtension>
        </extensions>
      </trkpt>
      <trkpt lat="22.548816633553848" lon="114.10923963297952">
        <ele>2.723778204061091</ele>
        <time>1970-01-01T00:11:25.600000Z</time>
        <extensions>
          <gpxtpx:TrackPointExtension>
            <gpxtpx:hr>168</gpxtpx:hr>
          </gpxtpx:TrackPointExtension>
        </extensions>
      </trkpt>
      <trkpt lat="22.548839979483137" lon="114.10925340049148">
        <ele>2.7000097343698144</ele>
        <time>1970-01-01T00:11:26.600000Z</time>
        <extensions>
          <gpxtpx:TrackPointExtension>
            <gpxtpx:hr>168</gpxtpx:hr>
          </gpxtpx:TrackPointExtension>
        </extensions>
      </trkpt>
      <trkpt lat="22.54886291879481" lon="114.10926685388212">
        <ele>2.6781621482223272</ele>
        <time>1970-01-01T00:11:27.600000Z</time>
        <extensions>
          <gpxtpx:TrackPointExtension>
            <gpxtpx:hr>168</gpxtpx:hr>
          </gpxtpx:TrackPointExtension>
        </extensions>
      </trkpt>
      <trkpt lat="22.548885552196865" lon="114.10928017238642">
        <ele>2.652689247392118</ele>
        <time>1970-01-01T00:11:28.600000Z</time>
        <extensions>
          <gpxtpx:TrackPointExtension>
            <gpxtpx:hr>168</gpxtpx:hr>
          </gpxtpx:TrackPointExtension>
        </extensions>
      </trkpt>
      <trkpt lat="22.548908085480942" lon="114.10929356582034">
        <ele>2.6258484786376357</ele>
        <time>1970-01-01T00:11:29.600000Z</time>
        <extensions>
          <gpxtpx:TrackPointExtension>
            <gpxtpx:hr>168</gpxtpx:hr>
          </gpxtpx:TrackPointExtension>
        </extensions>
      </trkpt>
      <trkpt lat="22.548930633968695" lon="114.10930699958837">
        <ele>2.5942433066666126</ele>
        <time>1970-01-01T00:11:30.600000Z</time>
        <extensions>
          <gpxtpx:TrackPointExtension>
            <gpxtpx:hr>168</gpxtpx:hr>
          </gpxtpx:TrackPointExtension>
        </extensions>
      </trkpt>
      <trkpt lat="22.548953072851035" lon="114.10932052438542">
        <ele>2.5568194640800357</ele>
        <time>1970-01-01T00:11:31.600000Z</time>
        <extensions>
          <gpxtpx:TrackPointExtension>
            <gpxtpx:hr>168</gpxtpx:hr>
          </gpxtpx:TrackPointExtension>
        </extensions>
      </trkpt>
      <trkpt lat="22.548975242482715" lon="114.10933447470217">
        <ele>2.513627177104354</ele>
        <time>1970-01-01T00:11:32.600000Z</time>
        <extensions>
          <gpxtpx:TrackPointExtension>
            <gpxtpx:hr>168</gpxtpx:hr>
          </gpxtpx:TrackPointExtension>
        </extensions>
      </trkpt>
      <trkpt lat="22.548996998527613" lon="114.10934919467553">
        <ele>2.4672749135643244</ele>
        <time>1970-01-01T00:11:33.600000Z</time>
        <extensions>
          <gpxtpx:TrackPointExtension>
            <gpxtpx:hr>168</gpxtpx:hr>
          </gpxtpx:TrackPointExtension>
        </extensions>
      </trkpt>
      <trkpt lat="22.549018162166185" lon="114.10936487948481">
        <ele>2.4140209844335914</ele>
        <time>1970-01-01T00:11:34.500000Z</time>
        <extensions>
          <gpxtpx:TrackPointExtension>
            <gpxtpx:hr>169</gpxtpx:hr>
          </gpxtpx:TrackPointExtension>
        </extensions>
      </trkpt>
      <trkpt lat="22.54903854689161" lon="114.10938144762319">
        <ele>2.35480491630733</ele>
        <time>1970-01-01T00:11:35.500000Z</time>
        <extensions>
          <gpxtpx:TrackPointExtension>
            <gpxtpx:hr>169</gpxtpx:hr>
          </gpxtpx:TrackPointExtension>
        </extensions>
      </trkpt>
      <trkpt lat="22.54905791691239" lon="114.10939855428363">
        <ele>2.2922063739970326</ele>
        <time>1970-01-01T00:11:36.500000Z</time>
        <extensions>
          <gpxtpx:TrackPointExtension>
            <gpxtpx:hr>169</gpxtpx:hr>
          </gpxtpx:TrackPointExtension>
        </extensions>
      </trkpt>
      <trkpt lat="22.549076111655886" lon="114.10941567335381">
        <ele>2.2233888152986765</ele>
        <time>1970-01-01T00:11:37.500000Z</time>
        <extensions>
          <gpxtpx:TrackPointExtension>
            <gpxtpx:hr>169</gpxtpx:hr>
          </gpxtpx:TrackPointExtension>
        </extensions>
      </trkpt>
      <trkpt lat="22.549092873219326" lon="114.10943251889246">
        <ele>2.1527948593720794</ele>
        <time>1970-01-01T00:11:38.500000Z</time>
        <extensions>
          <gpxtpx:TrackPointExtension>
            <gpxtpx:hr>169</gpxtpx:hr>
          </gpxtpx:TrackPointExtension>
        </extensions>
      </trkpt>
      <trkpt lat="22.5491080489355" lon="114.10944935928308">
        <ele>2.075848588719964</ele>
        <time>1970-01-01T00:11:39.500000Z</time>
        <extensions>
          <gpxtpx:TrackPointExtension>
            <gpxtpx:hr>169</gpxtpx:hr>
          </gpxtpx:TrackPointExtension>
        </extensions>
      </trkpt>
      <trkpt lat="22.549121904981714" lon="114.10946620167034">
        <ele>1.9918824154883623</ele>
        <time>1970-01-01T00:11:40.500000Z</time>
        <extensions>
          <gpxtpx:TrackPointExtension>
            <gpxtpx:hr>169</gpxtpx:hr>
          </gpxtpx:TrackPointExtension>
        </extensions>
      </trkpt>
      <trkpt lat="22.549134231773852" lon="114.10948288932434">
        <ele>1.9039817182347178</ele>
        <time>1970-01-01T00:11:41.500000Z</time>
        <extensions>
          <gpxtpx:TrackPointExtension>
            <gpxtpx:hr>169</gpxtpx:hr>
          </gpxtpx:TrackPointExtension>
        </extensions>
      </trkpt>
      <trkpt lat="22.549144584854375" lon="114.10949955542398">
        <ele>1.8118978897109628</ele>
        <time>1970-01-01T00:11:42.500000Z</time>
        <extensions>
          <gpxtpx:TrackPointExtension>
            <gpxtpx:hr>169</gpxtpx:hr>
          </gpxtpx:TrackPointExtension>
        </extensions>
      </trkpt>
      <trkpt lat="22.549153881718837" lon="114.10951629251383">
        <ele>1.7101133009418845</ele>
        <time>1970-01-01T00:11:43.500000Z</time>
        <extensions>
          <gpxtpx:TrackPointExtension>
            <gpxtpx:hr>169</gpxtpx:hr>
          </gpxtpx:TrackPointExtension>
        </extensions>
      </trkpt>
      <trkpt lat="22.549163308339683" lon="114.10953350318589">
        <ele>1.6017249608412385</ele>
        <time>1970-01-01T00:11:44.500000Z</time>
        <extensions>
          <gpxtpx:TrackPointExtension>
            <gpxtpx:hr>169</gpxtpx:hr>
          </gpxtpx:TrackPointExtension>
        </extensions>
      </trkpt>
      <trkpt lat="22.549173213930082" lon="114.10955149736066">
        <ele>1.4875222174450755</ele>
        <time>1970-01-01T00:11:45.500000Z</time>
        <extensions>
          <gpxtpx:TrackPointExtension>
            <gpxtpx:hr>169</gpxtpx:hr>
          </gpxtpx:TrackPointExtension>
        </extensions>
      </trkpt>
      <trkpt lat="22.549183427930604" lon="114.10957010836364">
        <ele>1.3692973116412759</ele>
        <time>1970-01-01T00:11:46.500000Z</time>
        <extensions>
          <gpxtpx:TrackPointExtension>
            <gpxtpx:hr>169</gpxtpx:hr>
          </gpxtpx:TrackPointExtension>
        </extensions>
      </trkpt>
      <trkpt lat="22.54919343028268" lon="114.109588602133">
        <ele>1.23985212482512</ele>
        <time>1970-01-01T00:11:47.500000Z</time>
        <extensions>
          <gpxtpx:TrackPointExtension>
            <gpxtpx:hr>169</gpxtpx:hr>
          </gpxtpx:TrackPointExtension>
        </extensions>
      </trkpt>
      <trkpt lat="22.54920213139858" lon="114.10960644320805">
        <ele>1.1036081425845623</ele>
        <time>1970-01-01T00:11:48.500000Z</time>
        <extensions>
          <gpxtpx:TrackPointExtension>
            <gpxtpx:hr>169</gpxtpx:hr>
          </gpxtpx:TrackPointExtension>
        </extensions>
      </trkpt>
      <trkpt lat="22.549208862433026" lon="114.10962371161717">
        <ele>0.966278069652617</ele>
        <time>1970-01-01T00:11:49.500000Z</time>
        <extensions>
          <gpxtpx:TrackPointExtension>
            <gpxtpx:hr>169</gpxtpx:hr>
          </gpxtpx:TrackPointExtension>
        </extensions>
      </trkpt>
      <trkpt lat="22.549214788886786" lon="114.10964091964169">
        <ele>0.820599946193397</ele>
        <time>1970-01-01T00:11:50.500000Z</time>
        <extensions>
          <gpxtpx:TrackPointExtension>
            <gpxtpx:hr>169</gpxtpx:hr>
          </gpxtpx:TrackPointExtension>
        </extensions>
      </trkpt>
      <trkpt lat="22.54922120793605" lon="114.1096585828585">
        <ele>0.675327505916357</ele>
        <time>1970-01-01T00:11:51.500000Z</time>
        <extensions>
          <gpxtpx:TrackPointExtension>
            <gpxtpx:hr>169</gpxtpx:hr>
          </gpxtpx:TrackPointExtension>
        </extensions>
      </trkpt>
      <trkpt lat="22.549228474460183" lon="114.10967709133247">
        <ele>0.5290623130276799</ele>
        <time>1970-01-01T00:11:52.500000Z</time>
        <extensions>
          <gpxtpx:TrackPointExtension>
            <gpxtpx:hr>169</gpxtpx:hr>
          </gpxtpx:TrackPointExtension>
        </extensions>
      </trkpt>
      <trkpt lat="22.549236618516026" lon="114.1096969283141">
        <ele>0.38713556062430143</ele>
        <time>1970-01-01T00:11:53.500000Z</time>
        <extensions>
          <gpxtpx:TrackPointExtension>
            <gpxtpx:hr>170</gpxtpx:hr>
          </gpxtpx:TrackPointExtension>
        </extensions>
      </trkpt>
      <trkpt lat="22.54924515187782" lon="114.10971840357162">
        <ele>0.24690845143049955</ele>
        <time>1970-01-01T00:11:54.500000Z</time>
        <extensions>
          <gpxtpx:TrackPointExtension>
            <gpxtpx:hr>170</gpxtpx:hr>
          </gpxtpx:TrackPointExtension>
        </extensions>
      </trkpt>
      <trkpt lat="22.54925344459006" lon="114.10974152418369">
        <ele>0.11095325741916895</ele>
        <time>1970-01-01T00:11:55.500000Z</time>
        <extensions>
          <gpxtpx:TrackPointExtension>
            <gpxtpx:hr>170</gpxtpx:hr>
          </gpxtpx:TrackPointExtension>
        </extensions>
      </trkpt>
      <trkpt lat="22.549261163736983" lon="114.10976577513544">
        <ele>-0.01679210644215346</ele>
        <time>1970-01-01T00:11:56.500000Z</time>
        <extensions>
          <gpxtpx:TrackPointExtension>
            <gpxtpx:hr>170</gpxtpx:hr>
          </gpxtpx:TrackPointExtension>
        </extensions>
      </trkpt>
      <trkpt lat="22.54926832312396" lon="114.10979028130464">
        <ele>-0.13817588333040476</ele>
        <time>1970-01-01T00:11:57.400000Z</time>
        <extensions>
          <gpxtpx:TrackPointExtension>
            <gpxtpx:hr>170</gpxtpx:hr>
          </gpxtpx:TrackPointExtension>
        </extensions>
      </trkpt>
      <trkpt lat="22.54927522922226" lon="114.10981460453878">
        <ele>-0.2555023431777954</ele>
        <time>1970-01-01T00:11:58.400000Z</time>
        <extensions>
          <gpxtpx:TrackPointExtension>
            <gpxtpx:hr>170</gpxtpx:hr>
          </gpxtpx:TrackPointExtension>
        </extensions>
      </trkpt>
      <trkpt lat="22.549282306484976" lon="114.10983879427721">
        <ele>-0.3681538049131632</ele>
        <time>1970-01-01T00:11:59.400000Z</time>
        <extensions>
          <gpxtpx:TrackPointExtension>
            <gpxtpx:hr>170</gpxtpx:hr>
          </gpxtpx:TrackPointExtension>
        </extensions>
      </trkpt>
      <trkpt lat="22.549290169306822" lon="114.10986268156982">
        <ele>-0.4794598901644349</ele>
        <time>1970-01-01T00:12:00.400000Z</time>
        <extensions>
          <gpxtpx:TrackPointExtension>
            <gpxtpx:hr>170</gpxtpx:hr>
          </gpxtpx:TrackPointExtension>
        </extensions>
      </trkpt>
      <trkpt lat="22.54929956702327" lon="114.1098858756318">
        <ele>-0.5854125833138824</ele>
        <time>1970-01-01T00:12:01.400000Z</time>
        <extensions>
          <gpxtpx:TrackPointExtension>
            <gpxtpx:hr>170</gpxtpx:hr>
          </gpxtpx:TrackPointExtension>
        </extensions>
      </trkpt>
      <trkpt lat="22.549311344141284" lon="114.1099077735843">
        <ele>-0.6871208725497127</ele>
        <time>1970-01-01T00:12:02.400000Z</time>
        <extensions>
          <gpxtpx:TrackPointExtension>
            <gpxtpx:hr>170</gpxtpx:hr>
          </gpxtpx:TrackPointExtension>
        </extensions>
      </trkpt>
      <trkpt lat="22.549326219665396" lon="114.10992746078719">
        <ele>-0.7888099020346999</ele>
        <time>1970-01-01T00:12:03.400000Z</time>
        <extensions>
          <gpxtpx:TrackPointExtension>
            <gpxtpx:hr>169</gpxtpx:hr>
          </gpxtpx:TrackPointExtension>
        </extensions>
      </trkpt>
      <trkpt lat="22.549344290242797" lon="114.1099441214581">
        <ele>-0.8914821362122893</ele>
        <time>1970-01-01T00:12:04.400000Z</time>
        <extensions>
          <gpxtpx:TrackPointExtension>
            <gpxtpx:hr>169</gpxtpx:hr>
          </gpxtpx:TrackPointExtension>
        </extensions>
      </trkpt>
      <trkpt lat="22.549364956428406" lon="114.1099571182572">
        <ele>-0.9964888384565711</ele>
        <time>1970-01-01T00:12:05.400000Z</time>
        <extensions>
          <gpxtpx:TrackPointExtension>
            <gpxtpx:hr>169</gpxtpx:hr>
          </gpxtpx:TrackPointExtension>
        </extensions>
      </trkpt>
      <trkpt lat="22.549387318426096" lon="114.10996618686563">
        <ele>-1.1039745910093188</ele>
        <time>1970-01-01T00:12:06.400000Z</time>
        <extensions>
          <gpxtpx:TrackPointExtension>
            <gpxtpx:hr>169</gpxtpx:hr>
          </gpxtpx:TrackPointExtension>
        </extensions>
      </trkpt>
      <trkpt lat="22.54941056618784" lon="114.1099715707853">
        <ele>-1.2132854368537664</ele>
        <time>1970-01-01T00:12:07.400000Z</time>
        <extensions>
          <gpxtpx:TrackPointExtension>
            <gpxtpx:hr>169</gpxtpx:hr>
          </gpxtpx:TrackPointExtension>
        </extensions>
      </trkpt>
      <trkpt lat="22.549434410520384" lon="114.10997374823158">
        <ele>-1.3260370222851634</ele>
        <time>1970-01-01T00:12:08.400000Z</time>
        <extensions>
          <gpxtpx:TrackPointExtension>
            <gpxtpx:hr>169</gpxtpx:hr>
          </gpxtpx:TrackPointExtension>
        </extensions>
      </trkpt>
      <trkpt lat="22.549458505119023" lon="114.1099730788653">
        <ele>-1.438334041275084</ele>
        <time>1970-01-01T00:12:09.400000Z</time>
        <extensions>
          <gpxtpx:TrackPointExtension>
            <gpxtpx:hr>169</gpxtpx:hr>
          </gpxtpx:TrackPointExtension>
        </extensions>
      </trkpt>
      <trkpt lat="22.549482322361175" lon="114.10996992882478">
        <ele>-1.5494168912991881</ele>
        <time>1970-01-01T00:12:10.400000Z</time>
        <extensions>
          <gpxtpx:TrackPointExtension>
            <gpxtpx:hr>169</gpxtpx:hr>
          </gpxtpx:TrackPointExtension>
        </extensions>
      </trkpt>
      <trkpt lat="22.54950538097955" lon="114.10996491593616">
        <ele>-1.6640328904613853</ele>
        <time>1970-01-01T00:12:11.400000Z</time>
        <extensions>
          <gpxtpx:TrackPointExtension>
            <gpxtpx:hr>169</gpxtpx:hr>
          </gpxtpx:TrackPointExtension>
        </extensions>
      </trkpt>
      <trkpt lat="22.549527601592573" lon="114.10995901808361">
        <ele>-1.775304090231657</ele>
        <time>1970-01-01T00:12:12.400000Z</time>
        <extensions>
          <gpxtpx:TrackPointExtension>
            <gpxtpx:hr>169</gpxtpx:hr>
          </gpxtpx:TrackPointExtension>
        </extensions>
      </trkpt>
      <trkpt lat="22.549549462143954" lon="114.1099533118234">
        <ele>-1.890047033317387</ele>
        <time>1970-01-01T00:12:13.400000Z</time>
        <extensions>
          <gpxtpx:TrackPointExtension>
            <gpxtpx:hr>169</gpxtpx:hr>
          </gpxtpx:TrackPointExtension>
        </extensions>
      </trkpt>
      <trkpt lat="22.549571423466496" lon="114.10994813301446">
        <ele>-2.0040051201358438</ele>
        <time>1970-01-01T00:12:14.400000Z</time>
        <extensions>
          <gpxtpx:TrackPointExtension>
            <gpxtpx:hr>169</gpxtpx:hr>
          </gpxtpx:TrackPointExtension>
        </extensions>
      </trkpt>
      <trkpt lat="22.54959332283704" lon="114.10994312259083">
        <ele>-2.1157672721892595</ele>
        <time>1970-01-01T00:12:15.400000Z</time>
        <extensions>
          <gpxtpx:TrackPointExtension>
            <gpxtpx:hr>169</gpxtpx:hr>
          </gpxtpx:TrackPointExtension>
        </extensions>
      </trkpt>
      <trkpt lat="22.549615119152726" lon="114.10993804635831">
        <ele>-2.2264954280108213</ele>
        <time>1970-01-01T00:12:16.400000Z</time>
        <extensions>
          <gpxtpx:TrackPointExtension>
            <gpxtpx:hr>169</gpxtpx:hr>
          </gpxtpx:TrackPointExtension>
        </extensions>
      </trkpt>
      <trkpt lat="22.549637170737007" lon="114.10993326969259">
        <ele>-2.3280432606115937</ele>
        <time>1970-01-01T00:12:17.400000Z</time>
        <extensions>
          <gpxtpx:TrackPointExtension>
            <gpxtpx:hr>167</gpxtpx:hr>
          </gpxtpx:TrackPointExtension>
        </extensions>
      </trkpt>
      <trkpt lat="22.54965978302884" lon="114.10992896729701">
        <ele>-2.4247819278389215</ele>
        <time>1970-01-01T00:12:18.400000Z</time>
        <extensions>
          <gpxtpx:TrackPointExtension>
            <gpxtpx:hr>167</gpxtpx:hr>
          </gpxtpx:TrackPointExtension>
        </extensions>
      </trkpt>
      <trkpt lat="22.549683034625495" lon="114.10992467682917">
        <ele>-2.5179986469447613</ele>
        <time>1970-01-01T00:12:19.400000Z</time>
        <extensions>
          <gpxtpx:TrackPointExtension>
            <gpxtpx:hr>167</gpxtpx:hr>
          </gpxtpx:TrackPointExtension>
        </extensions>
      </trkpt>
      <trkpt lat="22.549706524533722" lon="114.10992004810623">
        <ele>-2.604910953901708</ele>
        <time>1970-01-01T00:12:20.400000Z</time>
        <extensions>
          <gpxtpx:TrackPointExtension>
            <gpxtpx:hr>167</gpxtpx:hr>
          </gpxtpx:TrackPointExtension>
        </extensions>
      </trkpt>
      <trkpt lat="22.54972995578089" lon="114.10991530299137">
        <ele>-2.687451282516122</ele>
        <time>1970-01-01T00:12:21.300000Z</time>
        <extensions>
          <gpxtpx:TrackPointExtension>
            <gpxtpx:hr>167</gpxtpx:hr>
          </gpxtpx:TrackPointExtension>
        </extensions>
      </trkpt>
      <trkpt lat="22.549753476482234" lon="114.10991056475477">
        <ele>-2.7675033966079354</ele>
        <time>1970-01-01T00:12:22.300000Z</time>
        <extensions>
          <gpxtpx:TrackPointExtension>
            <gpxtpx:hr>167</gpxtpx:hr>
          </gpxtpx:TrackPointExtension>
        </extensions>
      </trkpt>
      <trkpt lat="22.549777417419072" lon="114.10990573298372">
        <ele>-2.843787297606468</ele>
        <time>1970-01-01T00:12:23.300000Z</time>
        <extensions>
          <gpxtpx:TrackPointExtension>
            <gpxtpx:hr>167</gpxtpx:hr>
          </gpxtpx:TrackPointExtension>
        </extensions>
      </trkpt>
      <trkpt lat="22.54980185608756" lon="114.10990076868241">
        <ele>-2.9131703171879053</ele>
        <time>1970-01-01T00:12:24.300000Z</time>
        <extensions>
          <gpxtpx:TrackPointExtension>
            <gpxtpx:hr>167</gpxtpx:hr>
          </gpxtpx:TrackPointExtension>
        </extensions>
      </trkpt>
      <trkpt lat="22.54982666899341" lon="114.10989568147522">
        <ele>-2.9731875397264957</ele>
        <time>1970-01-01T00:12:25.300000Z</time>
        <extensions>
          <gpxtpx:TrackPointExtension>
            <gpxtpx:hr>167</gpxtpx:hr>
          </gpxtpx:TrackPointExtension>
        </extensions>
      </trkpt>
      <trkpt lat="22.54985171925268" lon="114.10989047025396">
        <ele>-3.0242212591692805</ele>
        <time>1970-01-01T00:12:26.300000Z</time>
        <extensions>
          <gpxtpx:TrackPointExtension>
            <gpxtpx:hr>167</gpxtpx:hr>
          </gpxtpx:TrackPointExtension>
        </extensions>
      </trkpt>
      <trkpt lat="22.549876873805797" lon="114.10988525526878">
        <ele>-2.947981284931302</ele>
        <time>1970-01-01T00:12:27.300000Z</time>
        <extensions>
          <gpxtpx:TrackPointExtension>
            <gpxtpx:hr>167</gpxtpx:hr>
          </gpxtpx:TrackPointExtension>
        </extensions>
      </trkpt>
      <trkpt lat="22.549901850556996" lon="114.10988011794403">
        <ele>-2.964540284126997</ele>
        <time>1970-01-01T00:12:28.300000Z</time>
        <extensions>
          <gpxtpx:TrackPointExtension>
            <gpxtpx:hr>167</gpxtpx:hr>
          </gpxtpx:TrackPointExtension>
        </extensions>
      </trkpt>
      <trkpt lat="22.549926692526412" lon="114.10987504466809">
        <ele>-2.979551306925714</ele>
        <time>1970-01-01T00:12:29.300000Z</time>
        <extensions>
          <gpxtpx:TrackPointExtension>
            <gpxtpx:hr>167</gpxtpx:hr>
          </gpxtpx:TrackPointExtension>
        </extensions>
      </trkpt>
      <trkpt lat="22.549951520658897" lon="114.10986985837597">
        <ele>-2.9892007568851113</ele>
        <time>1970-01-01T00:12:30.300000Z</time>
        <extensions>
          <gpxtpx:TrackPointExtension>
            <gpxtpx:hr>167</gpxtpx:hr>
          </gpxtpx:TrackPointExtension>
        </extensions>
      </trkpt>
      <trkpt lat="22.54997627983114" lon="114.10986428432572">
        <ele>-2.9931855723261833</ele>
        <time>1970-01-01T00:12:31.300000Z</time>
        <extensions>
          <gpxtpx:TrackPointExtension>
            <gpxtpx:hr>167</gpxtpx:hr>
          </gpxtpx:TrackPointExtension>
        </extensions>
      </trkpt>
      <trkpt lat="22.55000101361268" lon="114.10985859431175">
        <ele>-2.9919943967834115</ele>
        <time>1970-01-01T00:12:32.300000Z</time>
        <extensions>
          <gpxtpx:TrackPointExtension>
            <gpxtpx:hr>167</gpxtpx:hr>
          </gpxtpx:TrackPointExtension>
        </extensions>
      </trkpt>
      <trkpt lat="22.550025838762515" lon="114.10985306497568">
        <ele>-2.986201555468142</ele>
        <time>1970-01-01T00:12:33.300000Z</time>
        <extensions>
          <gpxtpx:TrackPointExtension>
            <gpxtpx:hr>167</gpxtpx:hr>
          </gpxtpx:TrackPointExtension>
        </extensions>
      </trkpt>
      <trkpt lat="22.55005085985836" lon="114.10984808656879">
        <ele>-2.9764087172225118</ele>
        <time>1970-01-01T00:12:34.300000Z</time>
        <extensions>
          <gpxtpx:TrackPointExtension>
            <gpxtpx:hr>167</gpxtpx:hr>
          </gpxtpx:TrackPointExtension>
        </extensions>
      </trkpt>
      <trkpt lat="22.55007585845483" lon="114.10984386806311">
        <ele>-2.9631728352978826</ele>
        <time>1970-01-01T00:12:35.300000Z</time>
        <extensions>
          <gpxtpx:TrackPointExtension>
            <gpxtpx:hr>167</gpxtpx:hr>
          </gpxtpx:TrackPointExtension>
        </extensions>
      </trkpt>
      <trkpt lat="22.55010052580052" lon="114.10984045554548">
        <ele>-2.9470483828336</ele>
        <time>1970-01-01T00:12:36.300000Z</time>
        <extensions>
          <gpxtpx:TrackPointExtension>
            <gpxtpx:hr>167</gpxtpx:hr>
          </gpxtpx:TrackPointExtension>
        </extensions>
      </trkpt>
      <trkpt lat="22.550124487322446" lon="114.10983771588502">
        <ele>-2.9284955291077495</ele>
        <time>1970-01-01T00:12:37.300000Z</time>
        <extensions>
          <gpxtpx:TrackPointExtension>
            <gpxtpx:hr>167</gpxtpx:hr>
          </gpxtpx:TrackPointExtension>
        </extensions>
      </trkpt>
      <trkpt lat="22.550147807855115" lon="114.10983540692513">
        <ele>-2.9080307576805353</ele>
        <time>1970-01-01T00:12:38.300000Z</time>
        <extensions>
          <gpxtpx:TrackPointExtension>
            <gpxtpx:hr>167</gpxtpx:hr>
          </gpxtpx:TrackPointExtension>
        </extensions>
      </trkpt>
      <trkpt lat="22.550170876998838" lon="114.109833985566">
        <ele>-2.8860964803025126</ele>
        <time>1970-01-01T00:12:39.300000Z</time>
        <extensions>
          <gpxtpx:TrackPointExtension>
            <gpxtpx:hr>167</gpxtpx:hr>
          </gpxtpx:TrackPointExtension>
        </extensions>
      </trkpt>
      <trkpt lat="22.55019386227367" lon="114.10983332927127">
        <ele>-2.8631920740008354</ele>
        <time>1970-01-01T00:12:40.300000Z</time>
        <extensions>
          <gpxtpx:TrackPointExtension>
            <gpxtpx:hr>167</gpxtpx:hr>
          </gpxtpx:TrackPointExtension>
        </extensions>
      </trkpt>
      <trkpt lat="22.5502168141265" lon="114.10983281541667">
        <ele>-2.8397936010733247</ele>
        <time>1970-01-01T00:12:41.300000Z</time>
        <extensions>
          <gpxtpx:TrackPointExtension>
            <gpxtpx:hr>167</gpxtpx:hr>
          </gpxtpx:TrackPointExtension>
        </extensions>
      </trkpt>
      <trkpt lat="22.550239794821138" lon="114.10983255219958">
        <ele>-2.816361101344228</ele>
        <time>1970-01-01T00:12:42.300000Z</time>
        <extensions>
          <gpxtpx:TrackPointExtension>
            <gpxtpx:hr>166</gpxtpx:hr>
          </gpxtpx:TrackPointExtension>
        </extensions>
      </trkpt>
      <trkpt lat="22.55026291241382" lon="114.10983244386306">
        <ele>-2.7933785961940885</ele>
        <time>1970-01-01T00:12:43.300000Z</time>
        <extensions>
          <gpxtpx:TrackPointExtension>
            <gpxtpx:hr>166</gpxtpx:hr>
          </gpxtpx:TrackPointExtension>
        </extensions>
      </trkpt>
      <trkpt lat="22.550286236468835" lon="114.10983146503212">
        <ele>-2.771306741051376</ele>
        <time>1970-01-01T00:12:44.200000Z</time>
        <extensions>
          <gpxtpx:TrackPointExtension>
            <gpxtpx:hr>166</gpxtpx:hr>
          </gpxtpx:TrackPointExtension>
        </extensions>
      </trkpt>
      <trkpt lat="22.55030998074149" lon="114.10982916445232">
        <ele>-2.750546741299331</ele>
        <time>1970-01-01T00:12:45.200000Z</time>
        <extensions>
          <gpxtpx:TrackPointExtension>
            <gpxtpx:hr>166</gpxtpx:hr>
          </gpxtpx:TrackPointExtension>
        </extensions>
      </trkpt>
      <trkpt lat="22.550334045418353" lon="114.10982599393594">
        <ele>-2.7314526913687587</ele>
        <time>1970-01-01T00:12:46.200000Z</time>
        <extensions>
          <gpxtpx:TrackPointExtension>
            <gpxtpx:hr>166</gpxtpx:hr>
          </gpxtpx:TrackPointExtension>
        </extensions>
      </trkpt>
      <trkpt lat="22.550358107988718" lon="114.10982235676461">
        <ele>-2.714305553585291</ele>
        <time>1970-01-01T00:12:47.200000Z</time>
        <extensions>
          <gpxtpx:TrackPointExtension>
            <gpxtpx:hr>166</gpxtpx:hr>
          </gpxtpx:TrackPointExtension>
        </extensions>
      </trkpt>
      <trkpt lat="22.550382064110917" lon="114.10981860042487">
        <ele>-2.699225040152669</ele>
        <time>1970-01-01T00:12:48.200000Z</time>
        <extensions>
          <gpxtpx:TrackPointExtension>
            <gpxtpx:hr>166</gpxtpx:hr>
          </gpxtpx:TrackPointExtension>
        </extensions>
      </trkpt>
      <trkpt lat="22.550405916408344" lon="114.10981492242259">
        <ele>-2.686117758974433</ele>
        <time>1970-01-01T00:12:49.200000Z</time>
        <extensions>
          <gpxtpx:TrackPointExtension>
            <gpxtpx:hr>166</gpxtpx:hr>
          </gpxtpx:TrackPointExtension>
        </extensions>
      </trkpt>
      <trkpt lat="22.550429826887026" lon="114.10981136126344">
        <ele>-2.6747156465426087</ele>
        <time>1970-01-01T00:12:50.200000Z</time>
        <extensions>
          <gpxtpx:TrackPointExtension>
            <gpxtpx:hr>166</gpxtpx:hr>
          </gpxtpx:TrackPointExtension>
        </extensions>
      </trkpt>
      <trkpt lat="22.550453974231512" lon="114.10980791920585">
        <ele>-2.6646615974605083</ele>
        <time>1970-01-01T00:12:51.200000Z</time>
        <extensions>
          <gpxtpx:TrackPointExtension>
            <gpxtpx:hr>166</gpxtpx:hr>
          </gpxtpx:TrackPointExtension>
        </extensions>
      </trkpt>
      <trkpt lat="22.550478278399613" lon="114.10980458656833">
        <ele>-2.655586725100875</ele>
        <time>1970-01-01T00:12:52.200000Z</time>
        <extensions>
          <gpxtpx:TrackPointExtension>
            <gpxtpx:hr>166</gpxtpx:hr>
          </gpxtpx:TrackPointExtension>
        </extensions>
      </trkpt>
      <trkpt lat="22.550502432545365" lon="114.10980132631633">
        <ele>-2.6471000406891108</ele>
        <time>1970-01-01T00:12:53.200000Z</time>
        <extensions>
          <gpxtpx:TrackPointExtension>
            <gpxtpx:hr>166</gpxtpx:hr>
          </gpxtpx:TrackPointExtension>
        </extensions>
      </trkpt>
      <trkpt lat="22.550526381089604" lon="114.10979804210093">
        <ele>-2.638745275326073</ele>
        <time>1970-01-01T00:12:54.200000Z</time>
        <extensions>
          <gpxtpx:TrackPointExtension>
            <gpxtpx:hr>166</gpxtpx:hr>
          </gpxtpx:TrackPointExtension>
        </extensions>
      </trkpt>
      <trkpt lat="22.55055024793349" lon="114.10979446882281">
        <ele>-2.63003072142601</ele>
        <time>1970-01-01T00:12:55.200000Z</time>
        <extensions>
          <gpxtpx:TrackPointExtension>
            <gpxtpx:hr>167</gpxtpx:hr>
          </gpxtpx:TrackPointExtension>
        </extensions>
      </trkpt>
      <trkpt lat="22.550574121982308" lon="114.10979056006778">
        <ele>-2.6204842207953334</ele>
        <time>1970-01-01T00:12:56.200000Z</time>
        <extensions>
          <gpxtpx:TrackPointExtension>
            <gpxtpx:hr>167</gpxtpx:hr>
          </gpxtpx:TrackPointExtension>
        </extensions>
      </trkpt>
      <trkpt lat="22.550598044404758" lon="114.10978651379963">
        <ele>-2.6096977572888136</ele>
        <time>1970-01-01T00:12:57.200000Z</time>
        <extensions>
          <gpxtpx:TrackPointExtension>
            <gpxtpx:hr>167</gpxtpx:hr>
          </gpxtpx:TrackPointExtension>
        </extensions>
      </trkpt>
      <trkpt lat="22.55062198386606" lon="114.1097825085595">
        <ele>-2.5973493717610836</ele>
        <time>1970-01-01T00:12:58.200000Z</time>
        <extensions>
          <gpxtpx:TrackPointExtension>
            <gpxtpx:hr>167</gpxtpx:hr>
          </gpxtpx:TrackPointExtension>
        </extensions>
      </trkpt>
      <trkpt lat="22.55064589846808" lon="114.10977860104394">
        <ele>-2.583217592909932</ele>
        <time>1970-01-01T00:12:59.200000Z</time>
        <extensions>
          <gpxtpx:TrackPointExtension>
            <gpxtpx:hr>167</gpxtpx:hr>
          </gpxtpx:TrackPointExtension>
        </extensions>
      </trkpt>
      <trkpt lat="22.550670016894706" lon="114.10977476152978">
        <ele>-2.567178849130869</ele>
        <time>1970-01-01T00:13:00.200000Z</time>
        <extensions>
          <gpxtpx:TrackPointExtension>
            <gpxtpx:hr>167</gpxtpx:hr>
          </gpxtpx:TrackPointExtension>
        </extensions>
      </trkpt>
      <trkpt lat="22.55069451825173" lon="114.10977098333521">
        <ele>-2.5491170436143875</ele>
        <time>1970-01-01T00:13:01.200000Z</time>
        <extensions>
          <gpxtpx:TrackPointExtension>
            <gpxtpx:hr>167</gpxtpx:hr>
          </gpxtpx:TrackPointExtension>
        </extensions>
      </trkpt>
      <trkpt lat="22.55071911363311" lon="114.10976714937914">
        <ele>-2.528847547248006</ele>
        <time>1970-01-01T00:13:02.200000Z</time>
        <extensions>
          <gpxtpx:TrackPointExtension>
            <gpxtpx:hr>167</gpxtpx:hr>
          </gpxtpx:TrackPointExtension>
        </extensions>
      </trkpt>
      <trkpt lat="22.550743653830068" lon="114.1097634211484">
        <ele>-2.5061010364443064</ele>
        <time>1970-01-01T00:13:03.200000Z</time>
        <extensions>
          <gpxtpx:TrackPointExtension>
            <gpxtpx:hr>168</gpxtpx:hr>
          </gpxtpx:TrackPointExtension>
        </extensions>
      </trkpt>
      <trkpt lat="22.550768147678394" lon="114.10975994486725">
        <ele>-2.4805150469765067</ele>
        <time>1970-01-01T00:13:04.200000Z</time>
        <extensions>
          <gpxtpx:TrackPointExtension>
            <gpxtpx:hr>168</gpxtpx:hr>
          </gpxtpx:TrackPointExtension>
        </extensions>
      </trkpt>
      <trkpt lat="22.550792605623375" lon="114.10975674881904">
        <ele>-2.451714693568647</ele>
        <time>1970-01-01T00:13:05.200000Z</time>
        <extensions>
          <gpxtpx:TrackPointExtension>
            <gpxtpx:hr>168</gpxtpx:hr>
          </gpxtpx:TrackPointExtension>
        </extensions>
      </trkpt>
      <trkpt lat="22.550816909695023" lon="114.10975367796892">
        <ele>-2.419410861097276</ele>
        <time>1970-01-01T00:13:06.200000Z</time>
        <extensions>
          <gpxtpx:TrackPointExtension>
            <gpxtpx:hr>168</gpxtpx:hr>
          </gpxtpx:TrackPointExtension>
        </extensions>
      </trkpt>
      <trkpt lat="22.55084109560996" lon="114.10975028451114">
        <ele>-2.383472773246467</ele>
        <time>1970-01-01T00:13:07.200000Z</time>
        <extensions>
          <gpxtpx:TrackPointExtension>
            <gpxtpx:hr>168</gpxtpx:hr>
          </gpxtpx:TrackPointExtension>
        </extensions>
      </trkpt>
      <trkpt lat="22.55086513266854" lon="114.10974651482626">
        <ele>-2.343943778425455</ele>
        <time>1970-01-01T00:13:08.100000Z</time>
        <extensions>
          <gpxtpx:TrackPointExtension>
            <gpxtpx:hr>168</gpxtpx:hr>
          </gpxtpx:TrackPointExtension>
        </extensions>
      </trkpt>
      <trkpt lat="22.55088891884108" lon="114.10974265523373">
        <ele>-2.300933920778334</ele>
        <time>1970-01-01T00:13:09.100000Z</time>
        <extensions>
          <gpxtpx:TrackPointExtension>
            <gpxtpx:hr>168</gpxtpx:hr>
          </gpxtpx:TrackPointExtension>
        </extensions>
      </trkpt>
      <trkpt lat="22.550912570617523" lon="114.10973877379774">
        <ele>-2.2545641157776117</ele>
        <time>1970-01-01T00:13:10.100000Z</time>
        <extensions>
          <gpxtpx:TrackPointExtension>
            <gpxtpx:hr>168</gpxtpx:hr>
          </gpxtpx:TrackPointExtension>
        </extensions>
      </trkpt>
      <trkpt lat="22.55093609019021" lon="114.10973500427077">
        <ele>-2.204994274303317</ele>
        <time>1970-01-01T00:13:11.100000Z</time>
        <extensions>
          <gpxtpx:TrackPointExtension>
            <gpxtpx:hr>168</gpxtpx:hr>
          </gpxtpx:TrackPointExtension>
        </extensions>
      </trkpt>
      <trkpt lat="22.550959388231213" lon="114.10973148457263">
        <ele>-2.152444946579635</ele>
        <time>1970-01-01T00:13:12.100000Z</time>
        <extensions>
          <gpxtpx:TrackPointExtension>
            <gpxtpx:hr>168</gpxtpx:hr>
          </gpxtpx:TrackPointExtension>
        </extensions>
      </trkpt>
      <trkpt lat="22.550982304170223" lon="114.10972803579398">
        <ele>-2.0973051926121116</ele>
        <time>1970-01-01T00:13:13.100000Z</time>
        <extensions>
          <gpxtpx:TrackPointExtension>
            <gpxtpx:hr>168</gpxtpx:hr>
          </gpxtpx:TrackPointExtension>
        </extensions>
      </trkpt>
      <trkpt lat="22.551005280980515" lon="114.10972462892752">
        <ele>-2.040355554781854</ele>
        <time>1970-01-01T00:13:14.100000Z</time>
        <extensions>
          <gpxtpx:TrackPointExtension>
            <gpxtpx:hr>167</gpxtpx:hr>
          </gpxtpx:TrackPointExtension>
        </extensions>
      </trkpt>
      <trkpt lat="22.55102893943479" lon="114.1097212500109">
        <ele>-1.9829942137002945</ele>
        <time>1970-01-01T00:13:15.100000Z</time>
        <extensions>
          <gpxtpx:TrackPointExtension>
            <gpxtpx:hr>167</gpxtpx:hr>
          </gpxtpx:TrackPointExtension>
        </extensions>
      </trkpt>
      <trkpt lat="22.551053309437158" lon="114.10971784562152">
        <ele>-1.9273796109482646</ele>
        <time>1970-01-01T00:13:16.100000Z</time>
        <extensions>
          <gpxtpx:TrackPointExtension>
            <gpxtpx:hr>167</gpxtpx:hr>
          </gpxtpx:TrackPointExtension>
        </extensions>
      </trkpt>
      <trkpt lat="22.551073201342792" lon="114.10971509540579">
        <ele>-1.885217746719718</ele>
        <time>1970-01-01T00:13:16.900000Z</time>
        <extensions>
          <gpxtpx:TrackPointExtension>
            <gpxtpx:hr>167</gpxtpx:hr>
          </gpxtpx:TrackPointExtension>
        </extensions>
      </trkpt>
      <trkpt lat="22.551097786009777" lon="114.10971170196302">
        <ele>-1.838494772091508</ele>
        <time>1970-01-01T00:13:17.900000Z</time>
        <extensions>
          <gpxtpx:TrackPointExtension>
            <gpxtpx:hr>167</gpxtpx:hr>
          </gpxtpx:TrackPointExtension>
        </extensions>
      </trkpt>
      <trkpt lat="22.55112208212533" lon="114.1097083229068">
        <ele>-1.7997266678139567</ele>
        <time>1970-01-01T00:13:18.900000Z</time>
        <extensions>
          <gpxtpx:TrackPointExtension>
            <gpxtpx:hr>165</gpxtpx:hr>
          </gpxtpx:TrackPointExtension>
        </extensions>
      </trkpt>
      <trkpt lat="22.551146356353485" lon="114.10970488027607">
        <ele>-1.7688690386712551</ele>
        <time>1970-01-01T00:13:19.900000Z</time>
        <extensions>
          <gpxtpx:TrackPointExtension>
            <gpxtpx:hr>165</gpxtpx:hr>
          </gpxtpx:TrackPointExtension>
        </extensions>
      </trkpt>
      <trkpt lat="22.551170906957623" lon="114.10970128447269">
        <ele>-1.74506417196244</ele>
        <time>1970-01-01T00:13:20.900000Z</time>
        <extensions>
          <gpxtpx:TrackPointExtension>
            <gpxtpx:hr>165</gpxtpx:hr>
          </gpxtpx:TrackPointExtension>
        </extensions>
      </trkpt>
      <trkpt lat="22.551195571048115" lon="114.1096975308082">
        <ele>-1.727258655242622</ele>
        <time>1970-01-01T00:13:21.900000Z</time>
        <extensions>
          <gpxtpx:TrackPointExtension>
            <gpxtpx:hr>165</gpxtpx:hr>
          </gpxtpx:TrackPointExtension>
        </extensions>
      </trkpt>
      <trkpt lat="22.551220235022797" lon="114.10969365848152">
        <ele>-1.7145968414843082</ele>
        <time>1970-01-01T00:13:22.900000Z</time>
        <extensions>
          <gpxtpx:TrackPointExtension>
            <gpxtpx:hr>165</gpxtpx:hr>
          </gpxtpx:TrackPointExtension>
        </extensions>
      </trkpt>
      <trkpt lat="22.551245009267397" lon="114.10968970288641">
        <ele>-1.7066130861639977</ele>
        <time>1970-01-01T00:13:23.900000Z</time>
        <extensions>
          <gpxtpx:TrackPointExtension>
            <gpxtpx:hr>165</gpxtpx:hr>
          </gpxtpx:TrackPointExtension>
        </extensions>
      </trkpt>
      <trkpt lat="22.551269894405447" lon="114.10968573390015">
        <ele>-1.703267770819366</ele>
        <time>1970-01-01T00:13:24.900000Z</time>
        <extensions>
          <gpxtpx:TrackPointExtension>
            <gpxtpx:hr>165</gpxtpx:hr>
          </gpxtpx:TrackPointExtension>
        </extensions>
      </trkpt>
      <trkpt lat="22.551294658209596" lon="114.10968178962582">
        <ele>-1.7048264974728227</ele>
        <time>1970-01-01T00:13:25.900000Z</time>
        <extensions>
          <gpxtpx:TrackPointExtension>
            <gpxtpx:hr>165</gpxtpx:hr>
          </gpxtpx:TrackPointExtension>
        </extensions>
      </trkpt>
      <trkpt lat="22.5513192865817" lon="114.10967799525672">
        <ele>-1.7116117142140865</ele>
        <time>1970-01-01T00:13:26.900000Z</time>
        <extensions>
          <gpxtpx:TrackPointExtension>
            <gpxtpx:hr>165</gpxtpx:hr>
          </gpxtpx:TrackPointExtension>
        </extensions>
      </trkpt>
      <trkpt lat="22.55134377763093" lon="114.10967433902073">
        <ele>-1.7237668270245194</ele>
        <time>1970-01-01T00:13:27.900000Z</time>
        <extensions>
          <gpxtpx:TrackPointExtension>
            <gpxtpx:hr>165</gpxtpx:hr>
          </gpxtpx:TrackPointExtension>
        </extensions>
      </trkpt>
      <trkpt lat="22.551368105687946" lon="114.10967072783278">
        <ele>-1.741107851266861</ele>
        <time>1970-01-01T00:13:28.900000Z</time>
        <extensions>
          <gpxtpx:TrackPointExtension>
            <gpxtpx:hr>165</gpxtpx:hr>
          </gpxtpx:TrackPointExtension>
        </extensions>
      </trkpt>
      <trkpt lat="22.55139229388087" lon="114.10966705062224">
        <ele>-1.7630257848650217</ele>
        <time>1970-01-01T00:13:29.900000Z</time>
        <extensions>
          <gpxtpx:TrackPointExtension>
            <gpxtpx:hr>165</gpxtpx:hr>
          </gpxtpx:TrackPointExtension>
        </extensions>
      </trkpt>
      <trkpt lat="22.551416307611355" lon="114.10966338274048">
        <ele>-1.788498766720295</ele>
        <time>1970-01-01T00:13:30.900000Z</time>
        <extensions>
          <gpxtpx:TrackPointExtension>
            <gpxtpx:hr>165</gpxtpx:hr>
          </gpxtpx:TrackPointExtension>
        </extensions>
      </trkpt>
      <trkpt lat="22.551440191444843" lon="114.10965966344736">
        <ele>-1.8162058852612972</ele>
        <time>1970-01-01T00:13:31.900000Z</time>
        <extensions>
          <gpxtpx:TrackPointExtension>
            <gpxtpx:hr>165</gpxtpx:hr>
          </gpxtpx:TrackPointExtension>
        </extensions>
      </trkpt>
      <trkpt lat="22.551464080744253" lon="114.1096560041929">
        <ele>-1.8446564208716154</ele>
        <time>1970-01-01T00:13:32.900000Z</time>
        <extensions>
          <gpxtpx:TrackPointExtension>
            <gpxtpx:hr>166</gpxtpx:hr>
          </gpxtpx:TrackPointExtension>
        </extensions>
      </trkpt>
      <trkpt lat="22.551488239122452" lon="114.10965259818373">
        <ele>-1.8723485535010695</ele>
        <time>1970-01-01T00:13:33.900000Z</time>
        <extensions>
          <gpxtpx:TrackPointExtension>
            <gpxtpx:hr>166</gpxtpx:hr>
          </gpxtpx:TrackPointExtension>
        </extensions>
      </trkpt>
      <trkpt lat="22.551512730011137" lon="114.10964931656076">
        <ele>-1.8979266649112105</ele>
        <time>1970-01-01T00:13:34.900000Z</time>
        <extensions>
          <gpxtpx:TrackPointExtension>
            <gpxtpx:hr>166</gpxtpx:hr>
          </gpxtpx:TrackPointExtension>
        </extensions>
      </trkpt>
      <trkpt lat="22.55153752207487" lon="114.10964593429783">
        <ele>-1.9202667167410254</ele>
        <time>1970-01-01T00:13:35.900000Z</time>
        <extensions>
          <gpxtpx:TrackPointExtension>
            <gpxtpx:hr>166</gpxtpx:hr>
          </gpxtpx:TrackPointExtension>
        </extensions>
      </trkpt>
      <trkpt lat="22.55156235360923" lon="114.10964225417497">
        <ele>-1.9385104523971677</ele>
        <time>1970-01-01T00:13:36.900000Z</time>
        <extensions>
          <gpxtpx:TrackPointExtension>
            <gpxtpx:hr>166</gpxtpx:hr>
          </gpxtpx:TrackPointExtension>
        </extensions>
      </trkpt>
      <trkpt lat="22.55158693166803" lon="114.10963837914862">
        <ele>-1.952089300379157</ele>
        <time>1970-01-01T00:13:37.900000Z</time>
        <extensions>
          <gpxtpx:TrackPointExtension>
            <gpxtpx:hr>166</gpxtpx:hr>
          </gpxtpx:TrackPointExtension>
        </extensions>
      </trkpt>
      <trkpt lat="22.551611115679098" lon="114.10963426775432">
        <ele>-1.9607040146365762</ele>
        <time>1970-01-01T00:13:38.900000Z</time>
        <extensions>
          <gpxtpx:TrackPointExtension>
            <gpxtpx:hr>166</gpxtpx:hr>
          </gpxtpx:TrackPointExtension>
        </extensions>
      </trkpt>
      <trkpt lat="22.551634959665503" lon="114.10962989111997">
        <ele>-1.9643064998090267</ele>
        <time>1970-01-01T00:13:39.900000Z</time>
        <extensions>
          <gpxtpx:TrackPointExtension>
            <gpxtpx:hr>166</gpxtpx:hr>
          </gpxtpx:TrackPointExtension>
        </extensions>
      </trkpt>
      <trkpt lat="22.551658683457298" lon="114.10962538849817">
        <ele>-1.963098930194974</ele>
        <time>1970-01-01T00:13:40.900000Z</time>
        <extensions>
          <gpxtpx:TrackPointExtension>
            <gpxtpx:hr>166</gpxtpx:hr>
          </gpxtpx:TrackPointExtension>
        </extensions>
      </trkpt>
      <trkpt lat="22.551682526837126" lon="114.10962100939014">
        <ele>-1.9575208071619272</ele>
        <time>1970-01-01T00:13:41.900000Z</time>
        <extensions>
          <gpxtpx:TrackPointExtension>
            <gpxtpx:hr>166</gpxtpx:hr>
          </gpxtpx:TrackPointExtension>
        </extensions>
      </trkpt>
      <trkpt lat="22.551706752981943" lon="114.10961694928017">
        <ele>-1.9482459984719753</ele>
        <time>1970-01-01T00:13:42.900000Z</time>
        <extensions>
          <gpxtpx:TrackPointExtension>
            <gpxtpx:hr>166</gpxtpx:hr>
          </gpxtpx:TrackPointExtension>
        </extensions>
      </trkpt>
      <trkpt lat="22.551731083019256" lon="114.10961327432732">
        <ele>-1.936150435358286</ele>
        <time>1970-01-01T00:13:43.900000Z</time>
        <extensions>
          <gpxtpx:TrackPointExtension>
            <gpxtpx:hr>166</gpxtpx:hr>
          </gpxtpx:TrackPointExtension>
        </extensions>
      </trkpt>
      <trkpt lat="22.55175529777833" lon="114.10961005246806">
        <ele>-1.92226835899055</ele>
        <time>1970-01-01T00:13:44.900000Z</time>
        <extensions>
          <gpxtpx:TrackPointExtension>
            <gpxtpx:hr>165</gpxtpx:hr>
          </gpxtpx:TrackPointExtension>
        </extensions>
      </trkpt>
      <trkpt lat="22.551779395376922" lon="114.10960740219768">
        <ele>-1.9077340131625533</ele>
        <time>1970-01-01T00:13:45.900000Z</time>
        <extensions>
          <gpxtpx:TrackPointExtension>
            <gpxtpx:hr>165</gpxtpx:hr>
          </gpxtpx:TrackPointExtension>
        </extensions>
      </trkpt>
      <trkpt lat="22.551803295674677" lon="114.10960535311231">
        <ele>-1.8936594845727086</ele>
        <time>1970-01-01T00:13:46.900000Z</time>
        <extensions>
          <gpxtpx:TrackPointExtension>
            <gpxtpx:hr>165</gpxtpx:hr>
          </gpxtpx:TrackPointExtension>
        </extensions>
      </trkpt>
      <trkpt lat="22.551826923789665" lon="114.10960350204317">
        <ele>-1.8810016755014658</ele>
        <time>1970-01-01T00:13:47.900000Z</time>
        <extensions>
          <gpxtpx:TrackPointExtension>
            <gpxtpx:hr>165</gpxtpx:hr>
          </gpxtpx:TrackPointExtension>
        </extensions>
      </trkpt>
      <trkpt lat="22.551850150002508" lon="114.10960138825058">
        <ele>-1.8705222634598613</ele>
        <time>1970-01-01T00:13:48.900000Z</time>
        <extensions>
          <gpxtpx:TrackPointExtension>
            <gpxtpx:hr>165</gpxtpx:hr>
          </gpxtpx:TrackPointExtension>
        </extensions>
      </trkpt>
      <trkpt lat="22.551873193146193" lon="114.10959868343244">
        <ele>-1.862798273563385</ele>
        <time>1970-01-01T00:13:49.900000Z</time>
        <extensions>
          <gpxtpx:TrackPointExtension>
            <gpxtpx:hr>165</gpxtpx:hr>
          </gpxtpx:TrackPointExtension>
        </extensions>
      </trkpt>
      <trkpt lat="22.55189636690468" lon="114.10959540806563">
        <ele>-1.8581810966134071</ele>
        <time>1970-01-01T00:13:50.900000Z</time>
        <extensions>
          <gpxtpx:TrackPointExtension>
            <gpxtpx:hr>165</gpxtpx:hr>
          </gpxtpx:TrackPointExtension>
        </extensions>
      </trkpt>
      <trkpt lat="22.551920023777427" lon="114.1095918443379">
        <ele>-1.8568789875134826</ele>
        <time>1970-01-01T00:13:51.900000Z</time>
        <extensions>
          <gpxtpx:TrackPointExtension>
            <gpxtpx:hr>165</gpxtpx:hr>
          </gpxtpx:TrackPointExtension>
        </extensions>
      </trkpt>
      <trkpt lat="22.55194443292139" lon="114.10958812841453">
        <ele>-1.8590326579287648</ele>
        <time>1970-01-01T00:13:52.900000Z</time>
        <extensions>
          <gpxtpx:TrackPointExtension>
            <gpxtpx:hr>165</gpxtpx:hr>
          </gpxtpx:TrackPointExtension>
        </extensions>
      </trkpt>
      <trkpt lat="22.551969467711984" lon="114.10958431120636">
        <ele>-1.8647057181224227</ele>
        <time>1970-01-01T00:13:53.900000Z</time>
        <extensions>
          <gpxtpx:TrackPointExtension>
            <gpxtpx:hr>165</gpxtpx:hr>
          </gpxtpx:TrackPointExtension>
        </extensions>
      </trkpt>
      <trkpt lat="22.551994516545605" lon="114.1095806985151">
        <ele>-1.873685546219349</ele>
        <time>1970-01-01T00:13:54.900000Z</time>
        <extensions>
          <gpxtpx:TrackPointExtension>
            <gpxtpx:hr>164</gpxtpx:hr>
          </gpxtpx:TrackPointExtension>
        </extensions>
      </trkpt>
      <trkpt lat="22.552019107236028" lon="114.10957746688307">
        <ele>-1.8858704613521695</ele>
        <time>1970-01-01T00:13:55.900000Z</time>
        <extensions>
          <gpxtpx:TrackPointExtension>
            <gpxtpx:hr>164</gpxtpx:hr>
          </gpxtpx:TrackPointExtension>
        </extensions>
      </trkpt>
      <trkpt lat="22.55204344793828" lon="114.10957446086037">
        <ele>-1.9009977048262954</ele>
        <time>1970-01-01T00:13:56.900000Z</time>
        <extensions>
          <gpxtpx:TrackPointExtension>
            <gpxtpx:hr>164</gpxtpx:hr>
          </gpxtpx:TrackPointExtension>
        </extensions>
      </trkpt>
      <trkpt lat="22.55206793539881" lon="114.10957163545281">
        <ele>-1.9190858695656061</ele>
        <time>1970-01-01T00:13:57.900000Z</time>
        <extensions>
          <gpxtpx:TrackPointExtension>
            <gpxtpx:hr>164</gpxtpx:hr>
          </gpxtpx:TrackPointExtension>
        </extensions>
      </trkpt>
      <trkpt lat="22.552092730089605" lon="114.10956873747253">
        <ele>-1.9403721261769533</ele>
        <time>1970-01-01T00:13:58.900000Z</time>
        <extensions>
          <gpxtpx:TrackPointExtension>
            <gpxtpx:hr>164</gpxtpx:hr>
          </gpxtpx:TrackPointExtension>
        </extensions>
      </trkpt>
      <trkpt lat="22.55211785724502" lon="114.10956580633088">
        <ele>-1.9656935250386596</ele>
        <time>1970-01-01T00:13:59.900000Z</time>
        <extensions>
          <gpxtpx:TrackPointExtension>
            <gpxtpx:hr>164</gpxtpx:hr>
          </gpxtpx:TrackPointExtension>
        </extensions>
      </trkpt>
      <trkpt lat="22.552143542784695" lon="114.10956304258521">
        <ele>-1.9961572270840406</ele>
        <time>1970-01-01T00:14:00.900000Z</time>
        <extensions>
          <gpxtpx:TrackPointExtension>
            <gpxtpx:hr>164</gpxtpx:hr>
          </gpxtpx:TrackPointExtension>
        </extensions>
      </trkpt>
      <trkpt lat="22.55216978022118" lon="114.10956041545928">
        <ele>-2.0319184781983495</ele>
        <time>1970-01-01T00:14:01.900000Z</time>
        <extensions>
          <gpxtpx:TrackPointExtension>
            <gpxtpx:hr>164</gpxtpx:hr>
          </gpxtpx:TrackPointExtension>
        </extensions>
      </trkpt>
      <trkpt lat="22.55219614774398" lon="114.10955779900014">
        <ele>-2.0725657185539603</ele>
        <time>1970-01-01T00:14:02.900000Z</time>
        <extensions>
          <gpxtpx:TrackPointExtension>
            <gpxtpx:hr>165</gpxtpx:hr>
          </gpxtpx:TrackPointExtension>
        </extensions>
      </trkpt>
      <trkpt lat="22.55222231145493" lon="114.10955511601192">
        <ele>-2.1179487397894263</ele>
        <time>1970-01-01T00:14:03.900000Z</time>
        <extensions>
          <gpxtpx:TrackPointExtension>
            <gpxtpx:hr>165</gpxtpx:hr>
          </gpxtpx:TrackPointExtension>
        </extensions>
      </trkpt>
      <trkpt lat="22.55224806175519" lon="114.10955253266843">
        <ele>-2.165713371708989</ele>
        <time>1970-01-01T00:14:04.900000Z</time>
        <extensions>
          <gpxtpx:TrackPointExtension>
            <gpxtpx:hr>165</gpxtpx:hr>
          </gpxtpx:TrackPointExtension>
        </extensions>
      </trkpt>
      <trkpt lat="22.5522734697529" lon="114.1095499066756">
        <ele>-2.213456134311855</ele>
        <time>1970-01-01T00:14:05.900000Z</time>
        <extensions>
          <gpxtpx:TrackPointExtension>
            <gpxtpx:hr>165</gpxtpx:hr>
          </gpxtpx:TrackPointExtension>
        </extensions>
      </trkpt>
      <trkpt lat="22.552298507420286" lon="114.10954718296873">
        <ele>-2.25824161991477</ele>
        <time>1970-01-01T00:14:06.900000Z</time>
        <extensions>
          <gpxtpx:TrackPointExtension>
            <gpxtpx:hr>165</gpxtpx:hr>
          </gpxtpx:TrackPointExtension>
        </extensions>
      </trkpt>
      <trkpt lat="22.552323385154967" lon="114.10954445044493">
        <ele>-2.298431796953082</ele>
        <time>1970-01-01T00:14:07.900000Z</time>
        <extensions>
          <gpxtpx:TrackPointExtension>
            <gpxtpx:hr>165</gpxtpx:hr>
          </gpxtpx:TrackPointExtension>
        </extensions>
      </trkpt>
      <trkpt lat="22.552348171468147" lon="114.1095416623939">
        <ele>-2.3361196937039495</ele>
        <time>1970-01-01T00:14:08.900000Z</time>
        <extensions>
          <gpxtpx:TrackPointExtension>
            <gpxtpx:hr>166</gpxtpx:hr>
          </gpxtpx:TrackPointExtension>
        </extensions>
      </trkpt>
      <trkpt lat="22.55237283785942" lon="114.10953874417076">
        <ele>-2.366860839538276</ele>
        <time>1970-01-01T00:14:09.900000Z</time>
        <extensions>
          <gpxtpx:TrackPointExtension>
            <gpxtpx:hr>166</gpxtpx:hr>
          </gpxtpx:TrackPointExtension>
        </extensions>
      </trkpt>
      <trkpt lat="22.552397411872583" lon="114.10953574327016">
        <ele>-2.3925071209669113</ele>
        <time>1970-01-01T00:14:10.900000Z</time>
        <extensions>
          <gpxtpx:TrackPointExtension>
            <gpxtpx:hr>166</gpxtpx:hr>
          </gpxtpx:TrackPointExtension>
        </extensions>
      </trkpt>
      <trkpt lat="22.552421804926382" lon="114.10953287398466">
        <ele>-2.4148721788078547</ele>
        <time>1970-01-01T00:14:11.900000Z</time>
        <extensions>
          <gpxtpx:TrackPointExtension>
            <gpxtpx:hr>166</gpxtpx:hr>
          </gpxtpx:TrackPointExtension>
        </extensions>
      </trkpt>
      <trkpt lat="22.552446053094478" lon="114.10953015319699">
        <ele>-2.432771540246904</ele>
        <time>1970-01-01T00:14:12.900000Z</time>
        <extensions>
          <gpxtpx:TrackPointExtension>
            <gpxtpx:hr>166</gpxtpx:hr>
          </gpxtpx:TrackPointExtension>
        </extensions>
      </trkpt>
      <trkpt lat="22.552470346156557" lon="114.10952759013311">
        <ele>-2.447192706167698</ele>
        <time>1970-01-01T00:14:13.900000Z</time>
        <extensions>
          <gpxtpx:TrackPointExtension>
            <gpxtpx:hr>166</gpxtpx:hr>
          </gpxtpx:TrackPointExtension>
        </extensions>
      </trkpt>
      <trkpt lat="22.55249499078669" lon="114.10952505138512">
        <ele>-2.460828049108386</ele>
        <time>1970-01-01T00:14:14.900000Z</time>
        <extensions>
          <gpxtpx:TrackPointExtension>
            <gpxtpx:hr>166</gpxtpx:hr>
          </gpxtpx:TrackPointExtension>
        </extensions>
      </trkpt>
      <trkpt lat="22.552519913283085" lon="114.10952227728698">
        <ele>-2.4682749286293983</ele>
        <time>1970-01-01T00:14:15.900000Z</time>
        <extensions>
          <gpxtpx:TrackPointExtension>
            <gpxtpx:hr>166</gpxtpx:hr>
          </gpxtpx:TrackPointExtension>
        </extensions>
      </trkpt>
      <trkpt lat="22.552545025684704" lon="114.10951916934313">
        <ele>-2.4698829259723425</ele>
        <time>1970-01-01T00:14:16.900000Z</time>
        <extensions>
          <gpxtpx:TrackPointExtension>
            <gpxtpx:hr>166</gpxtpx:hr>
          </gpxtpx:TrackPointExtension>
        </extensions>
      </trkpt>
      <trkpt lat="22.552570279937495" lon="114.10951590029751">
        <ele>-2.4659983376041055</ele>
        <time>1970-01-01T00:14:17.800000Z</time>
        <extensions>
          <gpxtpx:TrackPointExtension>
            <gpxtpx:hr>167</gpxtpx:hr>
          </gpxtpx:TrackPointExtension>
        </extensions>
      </trkpt>
      <trkpt lat="22.552595697117948" lon="114.10951259752751">
        <ele>-2.460630006156862</ele>
        <time>1970-01-01T00:14:18.800000Z</time>
        <extensions>
          <gpxtpx:TrackPointExtension>
            <gpxtpx:hr>167</gpxtpx:hr>
          </gpxtpx:TrackPointExtension>
        </extensions>
      </trkpt>
      <trkpt lat="22.552621326230426" lon="114.10950935662753">
        <ele>-2.4545389553532004</ele>
        <time>1970-01-01T00:14:19.800000Z</time>
        <extensions>
          <gpxtpx:TrackPointExtension>
            <gpxtpx:hr>167</gpxtpx:hr>
          </gpxtpx:TrackPointExtension>
        </extensions>
      </trkpt>
      <trkpt lat="22.552646951522252" lon="114.10950621404064">
        <ele>-2.444928460754454</ele>
        <time>1970-01-01T00:14:20.800000Z</time>
        <extensions>
          <gpxtpx:TrackPointExtension>
            <gpxtpx:hr>167</gpxtpx:hr>
          </gpxtpx:TrackPointExtension>
        </extensions>
      </trkpt>
      <trkpt lat="22.552672435390956" lon="114.10950312767437">
        <ele>-2.436812656931579</ele>
        <time>1970-01-01T00:14:21.800000Z</time>
        <extensions>
          <gpxtpx:TrackPointExtension>
            <gpxtpx:hr>167</gpxtpx:hr>
          </gpxtpx:TrackPointExtension>
        </extensions>
      </trkpt>
      <trkpt lat="22.55269793121192" lon="114.10950029711728">
        <ele>-2.4291683360934258</ele>
        <time>1970-01-01T00:14:22.800000Z</time>
        <extensions>
          <gpxtpx:TrackPointExtension>
            <gpxtpx:hr>167</gpxtpx:hr>
          </gpxtpx:TrackPointExtension>
        </extensions>
      </trkpt>
      <trkpt lat="22.552723683163386" lon="114.10949775298101">
        <ele>-2.420925804413855</ele>
        <time>1970-01-01T00:14:23.800000Z</time>
        <extensions>
          <gpxtpx:TrackPointExtension>
            <gpxtpx:hr>167</gpxtpx:hr>
          </gpxtpx:TrackPointExtension>
        </extensions>
      </trkpt>
      <trkpt lat="22.55274945419256" lon="114.10949546986771">
        <ele>-2.4154168283566833</ele>
        <time>1970-01-01T00:14:24.800000Z</time>
        <extensions>
          <gpxtpx:TrackPointExtension>
            <gpxtpx:hr>166</gpxtpx:hr>
          </gpxtpx:TrackPointExtension>
        </extensions>
      </trkpt>
      <trkpt lat="22.552775052041227" lon="114.10949339393122">
        <ele>-2.4122090032324195</ele>
        <time>1970-01-01T00:14:25.800000Z</time>
        <extensions>
          <gpxtpx:TrackPointExtension>
            <gpxtpx:hr>166</gpxtpx:hr>
          </gpxtpx:TrackPointExtension>
        </extensions>
      </trkpt>
      <trkpt lat="22.55280048877573" lon="114.10949141997098">
        <ele>-2.407888123765588</ele>
        <time>1970-01-01T00:14:26.800000Z</time>
        <extensions>
          <gpxtpx:TrackPointExtension>
            <gpxtpx:hr>166</gpxtpx:hr>
          </gpxtpx:TrackPointExtension>
        </extensions>
      </trkpt>
      <trkpt lat="22.552825839573416" lon="114.1094893760938">
        <ele>-2.4036396257579327</ele>
        <time>1970-01-01T00:14:27.800000Z</time>
        <extensions>
          <gpxtpx:TrackPointExtension>
            <gpxtpx:hr>166</gpxtpx:hr>
          </gpxtpx:TrackPointExtension>
        </extensions>
      </trkpt>
      <trkpt lat="22.552851185844556" lon="114.10948733123668">
        <ele>-2.3994358591735363</ele>
        <time>1970-01-01T00:14:28.800000Z</time>
        <extensions>
          <gpxtpx:TrackPointExtension>
            <gpxtpx:hr>166</gpxtpx:hr>
          </gpxtpx:TrackPointExtension>
        </extensions>
      </trkpt>
      <trkpt lat="22.552876492444263" lon="114.10948540493841">
        <ele>-2.398637908510864</ele>
        <time>1970-01-01T00:14:29.800000Z</time>
        <extensions>
          <gpxtpx:TrackPointExtension>
            <gpxtpx:hr>166</gpxtpx:hr>
          </gpxtpx:TrackPointExtension>
        </extensions>
      </trkpt>
      <trkpt lat="22.552901738959385" lon="114.1094834801412">
        <ele>-2.4017892153933644</ele>
        <time>1970-01-01T00:14:30.800000Z</time>
        <extensions>
          <gpxtpx:TrackPointExtension>
            <gpxtpx:hr>166</gpxtpx:hr>
          </gpxtpx:TrackPointExtension>
        </extensions>
      </trkpt>
      <trkpt lat="22.552926707960477" lon="114.10948145762245">
        <ele>-2.409715753979981</ele>
        <time>1970-01-01T00:14:31.800000Z</time>
        <extensions>
          <gpxtpx:TrackPointExtension>
            <gpxtpx:hr>166</gpxtpx:hr>
          </gpxtpx:TrackPointExtension>
        </extensions>
      </trkpt>
      <trkpt lat="22.55295139416924" lon="114.10947923771944">
        <ele>-2.4175896178931</ele>
        <time>1970-01-01T00:14:32.800000Z</time>
        <extensions>
          <gpxtpx:TrackPointExtension>
            <gpxtpx:hr>166</gpxtpx:hr>
          </gpxtpx:TrackPointExtension>
        </extensions>
      </trkpt>
      <trkpt lat="22.552976148507287" lon="114.10947696615872">
        <ele>-2.4300717655569315</ele>
        <time>1970-01-01T00:14:33.800000Z</time>
        <extensions>
          <gpxtpx:TrackPointExtension>
            <gpxtpx:hr>166</gpxtpx:hr>
          </gpxtpx:TrackPointExtension>
        </extensions>
      </trkpt>
      <trkpt lat="22.553001317581252" lon="114.10947470608765">
        <ele>-2.448858693242073</ele>
        <time>1970-01-01T00:14:34.800000Z</time>
        <extensions>
          <gpxtpx:TrackPointExtension>
            <gpxtpx:hr>166</gpxtpx:hr>
          </gpxtpx:TrackPointExtension>
        </extensions>
      </trkpt>
      <trkpt lat="22.553026926170002" lon="114.10947257390498">
        <ele>-2.4665482342243195</ele>
        <time>1970-01-01T00:14:35.800000Z</time>
        <extensions>
          <gpxtpx:TrackPointExtension>
            <gpxtpx:hr>166</gpxtpx:hr>
          </gpxtpx:TrackPointExtension>
        </extensions>
      </trkpt>
      <trkpt lat="22.553052877131545" lon="114.10947104723205">
        <ele>-2.488727946765721</ele>
        <time>1970-01-01T00:14:36.800000Z</time>
        <extensions>
          <gpxtpx:TrackPointExtension>
            <gpxtpx:hr>164</gpxtpx:hr>
          </gpxtpx:TrackPointExtension>
        </extensions>
      </trkpt>
      <trkpt lat="22.553079039147608" lon="114.10946980626396">
        <ele>-2.516469469293952</ele>
        <time>1970-01-01T00:14:37.800000Z</time>
        <extensions>
          <gpxtpx:TrackPointExtension>
            <gpxtpx:hr>164</gpxtpx:hr>
          </gpxtpx:TrackPointExtension>
        </extensions>
      </trkpt>
      <trkpt lat="22.55310509041247" lon="114.10946833582365">
        <ele>-2.5433576302602887</ele>
        <time>1970-01-01T00:14:38.800000Z</time>
        <extensions>
          <gpxtpx:TrackPointExtension>
            <gpxtpx:hr>164</gpxtpx:hr>
          </gpxtpx:TrackPointExtension>
        </extensions>
      </trkpt>
      <trkpt lat="22.553130623099968" lon="114.10946680213074">
        <ele>-2.574534572660923</ele>
        <time>1970-01-01T00:14:39.800000Z</time>
        <extensions>
          <gpxtpx:TrackPointExtension>
            <gpxtpx:hr>164</gpxtpx:hr>
          </gpxtpx:TrackPointExtension>
        </extensions>
      </trkpt>
      <trkpt lat="22.55315548411162" lon="114.109465195377">
        <ele>-2.6031015338376164</ele>
        <time>1970-01-01T00:14:40.800000Z</time>
        <extensions>
          <gpxtpx:TrackPointExtension>
            <gpxtpx:hr>164</gpxtpx:hr>
          </gpxtpx:TrackPointExtension>
        </extensions>
      </trkpt>
      <trkpt lat="22.553180039444477" lon="114.10946352463996">
        <ele>-2.634908402338624</ele>
        <time>1970-01-01T00:14:41.700000Z</time>
        <extensions>
          <gpxtpx:TrackPointExtension>
            <gpxtpx:hr>164</gpxtpx:hr>
          </gpxtpx:TrackPointExtension>
        </extensions>
      </trkpt>
      <trkpt lat="22.55320478487476" lon="114.10946190775007">
        <ele>-2.6695803701877594</ele>
        <time>1970-01-01T00:14:42.700000Z</time>
        <extensions>
          <gpxtpx:TrackPointExtension>
            <gpxtpx:hr>164</gpxtpx:hr>
          </gpxtpx:TrackPointExtension>
        </extensions>
      </trkpt>
      <trkpt lat="22.553229996263354" lon="114.10946040457982">
        <ele>-2.7015278171747923</ele>
        <time>1970-01-01T00:14:43.700000Z</time>
        <extensions>
          <gpxtpx:TrackPointExtension>
            <gpxtpx:hr>165</gpxtpx:hr>
          </gpxtpx:TrackPointExtension>
        </extensions>
      </trkpt>
      <trkpt lat="22.55325556259785" lon="114.10945920657805">
        <ele>-2.7307167146354914</ele>
        <time>1970-01-01T00:14:44.700000Z</time>
        <extensions>
          <gpxtpx:TrackPointExtension>
            <gpxtpx:hr>165</gpxtpx:hr>
          </gpxtpx:TrackPointExtension>
        </extensions>
      </trkpt>
      <trkpt lat="22.55328118495034" lon="114.10945838605925">
        <ele>-2.7570140147581697</ele>
        <time>1970-01-01T00:14:45.700000Z</time>
        <extensions>
          <gpxtpx:TrackPointExtension>
            <gpxtpx:hr>165</gpxtpx:hr>
          </gpxtpx:TrackPointExtension>
        </extensions>
      </trkpt>
      <trkpt lat="22.553306661423008" lon="114.10945785339217">
        <ele>-2.7778176302090287</ele>
        <time>1970-01-01T00:14:46.700000Z</time>
        <extensions>
          <gpxtpx:TrackPointExtension>
            <gpxtpx:hr>165</gpxtpx:hr>
          </gpxtpx:TrackPointExtension>
        </extensions>
      </trkpt>
      <trkpt lat="22.553331964619133" lon="114.10945747911732">
        <ele>-2.797505053691566</ele>
        <time>1970-01-01T00:14:47.700000Z</time>
        <extensions>
          <gpxtpx:TrackPointExtension>
            <gpxtpx:hr>165</gpxtpx:hr>
          </gpxtpx:TrackPointExtension>
        </extensions>
      </trkpt>
      <trkpt lat="22.553357259392442" lon="114.10945719020074">
        <ele>-2.8129832511767745</ele>
        <time>1970-01-01T00:14:48.700000Z</time>
        <extensions>
          <gpxtpx:TrackPointExtension>
            <gpxtpx:hr>165</gpxtpx:hr>
          </gpxtpx:TrackPointExtension>
        </extensions>
      </trkpt>
      <trkpt lat="22.55338258153582" lon="114.10945698273406">
        <ele>-2.821527828462422</ele>
        <time>1970-01-01T00:14:49.700000Z</time>
        <extensions>
          <gpxtpx:TrackPointExtension>
            <gpxtpx:hr>165</gpxtpx:hr>
          </gpxtpx:TrackPointExtension>
        </extensions>
      </trkpt>
      <trkpt lat="22.553408006711685" lon="114.10945674493313">
        <ele>-2.821516809053719</ele>
        <time>1970-01-01T00:14:50.700000Z</time>
        <extensions>
          <gpxtpx:TrackPointExtension>
            <gpxtpx:hr>165</gpxtpx:hr>
          </gpxtpx:TrackPointExtension>
        </extensions>
      </trkpt>
      <trkpt lat="22.55343368607614" lon="114.10945629589234">
        <ele>-2.8158948495984077</ele>
        <time>1970-01-01T00:14:51.700000Z</time>
        <extensions>
          <gpxtpx:TrackPointExtension>
            <gpxtpx:hr>165</gpxtpx:hr>
          </gpxtpx:TrackPointExtension>
        </extensions>
      </trkpt>
      <trkpt lat="22.55345970517111" lon="114.10945557447438">
        <ele>-2.800912163220346</ele>
        <time>1970-01-01T00:14:52.700000Z</time>
        <extensions>
          <gpxtpx:TrackPointExtension>
            <gpxtpx:hr>167</gpxtpx:hr>
          </gpxtpx:TrackPointExtension>
        </extensions>
      </trkpt>
      <trkpt lat="22.5534861407307" lon="114.10945471408651">
        <ele>-2.7750495821237564</ele>
        <time>1970-01-01T00:14:53.700000Z</time>
        <extensions>
          <gpxtpx:TrackPointExtension>
            <gpxtpx:hr>167</gpxtpx:hr>
          </gpxtpx:TrackPointExtension>
        </extensions>
      </trkpt>
      <trkpt lat="22.55351287955471" lon="114.1094536449292">
        <ele>-2.7430270072072744</ele>
        <time>1970-01-01T00:14:54.700000Z</time>
        <extensions>
          <gpxtpx:TrackPointExtension>
            <gpxtpx:hr>167</gpxtpx:hr>
          </gpxtpx:TrackPointExtension>
        </extensions>
      </trkpt>
      <trkpt lat="22.553539665390236" lon="114.10945224138933">
        <ele>-2.7061058841645718</ele>
        <time>1970-01-01T00:14:55.700000Z</time>
        <extensions>
          <gpxtpx:TrackPointExtension>
            <gpxtpx:hr>167</gpxtpx:hr>
          </gpxtpx:TrackPointExtension>
        </extensions>
      </trkpt>
      <trkpt lat="22.553566388861253" lon="114.10945044173268">
        <ele>-2.658843236975372</ele>
        <time>1970-01-01T00:14:56.700000Z</time>
        <extensions>
          <gpxtpx:TrackPointExtension>
            <gpxtpx:hr>167</gpxtpx:hr>
          </gpxtpx:TrackPointExtension>
        </extensions>
      </trkpt>
      <trkpt lat="22.55359307223381" lon="114.10944852658197">
        <ele>-2.60742986574769</ele>
        <time>1970-01-01T00:14:57.700000Z</time>
        <extensions>
          <gpxtpx:TrackPointExtension>
            <gpxtpx:hr>167</gpxtpx:hr>
          </gpxtpx:TrackPointExtension>
        </extensions>
      </trkpt>
      <trkpt lat="22.55361948692248" lon="114.10944670778724">
        <ele>-2.5519640194252133</ele>
        <time>1970-01-01T00:14:58.700000Z</time>
        <extensions>
          <gpxtpx:TrackPointExtension>
            <gpxtpx:hr>168</gpxtpx:hr>
          </gpxtpx:TrackPointExtension>
        </extensions>
      </trkpt>
      <trkpt lat="22.553645601253304" lon="114.10944489136617">
        <ele>-2.4991425164043903</ele>
        <time>1970-01-01T00:14:59.700000Z</time>
        <extensions>
          <gpxtpx:TrackPointExtension>
            <gpxtpx:hr>168</gpxtpx:hr>
          </gpxtpx:TrackPointExtension>
        </extensions>
      </trkpt>
      <trkpt lat="22.5536714254145" lon="114.10944316906418">
        <ele>-2.4479887038469315</ele>
        <time>1970-01-01T00:15:00.700000Z</time>
        <extensions>
          <gpxtpx:TrackPointExtension>
            <gpxtpx:hr>168</gpxtpx:hr>
          </gpxtpx:TrackPointExtension>
        </extensions>
      </trkpt>
      <trkpt lat="22.55369704000076" lon="114.1094417575167">
        <ele>-2.3965462502092123</ele>
        <time>1970-01-01T00:15:01.700000Z</time>
        <extensions>
          <gpxtpx:TrackPointExtension>
            <gpxtpx:hr>168</gpxtpx:hr>
          </gpxtpx:TrackPointExtension>
        </extensions>
      </trkpt>
      <trkpt lat="22.553722603691956" lon="114.10944031675902">
        <ele>-2.347304523922503</ele>
        <time>1970-01-01T00:15:02.700000Z</time>
        <extensions>
          <gpxtpx:TrackPointExtension>
            <gpxtpx:hr>168</gpxtpx:hr>
          </gpxtpx:TrackPointExtension>
        </extensions>
      </trkpt>
      <trkpt lat="22.55374818494283" lon="114.10943843913468">
        <ele>-2.3015734516084194</ele>
        <time>1970-01-01T00:15:03.700000Z</time>
        <extensions>
          <gpxtpx:TrackPointExtension>
            <gpxtpx:hr>168</gpxtpx:hr>
          </gpxtpx:TrackPointExtension>
        </extensions>
      </trkpt>
      <trkpt lat="22.553773756471685" lon="114.10943620200213">
        <ele>-2.2550678672268987</ele>
        <time>1970-01-01T00:15:04.600000Z</time>
        <extensions>
          <gpxtpx:TrackPointExtension>
            <gpxtpx:hr>168</gpxtpx:hr>
          </gpxtpx:TrackPointExtension>
        </extensions>
      </trkpt>
      <trkpt lat="22.55379924133156" lon="114.10943366313057">
        <ele>-2.2075860779732466</ele>
        <time>1970-01-01T00:15:05.600000Z</time>
        <extensions>
          <gpxtpx:TrackPointExtension>
            <gpxtpx:hr>168</gpxtpx:hr>
          </gpxtpx:TrackPointExtension>
        </extensions>
      </trkpt>
      <trkpt lat="22.55382458726629" lon="114.1094312292766">
        <ele>-2.159222840331495</ele>
        <time>1970-01-01T00:15:06.600000Z</time>
        <extensions>
          <gpxtpx:TrackPointExtension>
            <gpxtpx:hr>168</gpxtpx:hr>
          </gpxtpx:TrackPointExtension>
        </extensions>
      </trkpt>
      <trkpt lat="22.553849807239715" lon="114.10942921096529">
        <ele>-2.114955930970609</ele>
        <time>1970-01-01T00:15:07.600000Z</time>
        <extensions>
          <gpxtpx:TrackPointExtension>
            <gpxtpx:hr>167</gpxtpx:hr>
          </gpxtpx:TrackPointExtension>
        </extensions>
      </trkpt>
      <trkpt lat="22.553875014719953" lon="114.10942763434753">
        <ele>-2.077991096302867</ele>
        <time>1970-01-01T00:15:08.600000Z</time>
        <extensions>
          <gpxtpx:TrackPointExtension>
            <gpxtpx:hr>167</gpxtpx:hr>
          </gpxtpx:TrackPointExtension>
        </extensions>
      </trkpt>
      <trkpt lat="22.553900240651714" lon="114.1094263914024">
        <ele>-2.044742132537067</ele>
        <time>1970-01-01T00:15:09.600000Z</time>
        <extensions>
          <gpxtpx:TrackPointExtension>
            <gpxtpx:hr>167</gpxtpx:hr>
          </gpxtpx:TrackPointExtension>
        </extensions>
      </trkpt>
      <trkpt lat="22.55392575036138" lon="114.10942550892698">
        <ele>-2.015949562191963</ele>
        <time>1970-01-01T00:15:10.600000Z</time>
        <extensions>
          <gpxtpx:TrackPointExtension>
            <gpxtpx:hr>167</gpxtpx:hr>
          </gpxtpx:TrackPointExtension>
        </extensions>
      </trkpt>
      <trkpt lat="22.55395174115402" lon="114.10942511742702">
        <ele>-1.9894597111269832</ele>
        <time>1970-01-01T00:15:11.600000Z</time>
        <extensions>
          <gpxtpx:TrackPointExtension>
            <gpxtpx:hr>167</gpxtpx:hr>
          </gpxtpx:TrackPointExtension>
        </extensions>
      </trkpt>
      <trkpt lat="22.55397803815883" lon="114.10942500923178">
        <ele>-1.9633289016783237</ele>
        <time>1970-01-01T00:15:12.600000Z</time>
        <extensions>
          <gpxtpx:TrackPointExtension>
            <gpxtpx:hr>167</gpxtpx:hr>
          </gpxtpx:TrackPointExtension>
        </extensions>
      </trkpt>
      <trkpt lat="22.554004247172497" lon="114.10942469615212">
        <ele>-1.9381192028522491</ele>
        <time>1970-01-01T00:15:13.600000Z</time>
        <extensions>
          <gpxtpx:TrackPointExtension>
            <gpxtpx:hr>166</gpxtpx:hr>
          </gpxtpx:TrackPointExtension>
        </extensions>
      </trkpt>
      <trkpt lat="22.55403017093839" lon="114.10942396397755">
        <ele>-1.9148569973185658</ele>
        <time>1970-01-01T00:15:14.600000Z</time>
        <extensions>
          <gpxtpx:TrackPointExtension>
            <gpxtpx:hr>166</gpxtpx:hr>
          </gpxtpx:TrackPointExtension>
        </extensions>
      </trkpt>
      <trkpt lat="22.554055625292317" lon="114.10942301852754">
        <ele>-1.892870545387268</ele>
        <time>1970-01-01T00:15:15.600000Z</time>
        <extensions>
          <gpxtpx:TrackPointExtension>
            <gpxtpx:hr>166</gpxtpx:hr>
          </gpxtpx:TrackPointExtension>
        </extensions>
      </trkpt>
      <trkpt lat="22.554080672742618" lon="114.10942220466262">
        <ele>-1.8713116813451052</ele>
        <time>1970-01-01T00:15:16.600000Z</time>
        <extensions>
          <gpxtpx:TrackPointExtension>
            <gpxtpx:hr>166</gpxtpx:hr>
          </gpxtpx:TrackPointExtension>
        </extensions>
      </trkpt>
      <trkpt lat="22.554105582814525" lon="114.10942159274413">
        <ele>-1.8503333935514092</ele>
        <time>1970-01-01T00:15:17.600000Z</time>
        <extensions>
          <gpxtpx:TrackPointExtension>
            <gpxtpx:hr>166</gpxtpx:hr>
          </gpxtpx:TrackPointExtension>
        </extensions>
      </trkpt>
      <trkpt lat="22.554130573720045" lon="114.10942123861048">
        <ele>-1.8306556791067123</ele>
        <time>1970-01-01T00:15:18.600000Z</time>
        <extensions>
          <gpxtpx:TrackPointExtension>
            <gpxtpx:hr>166</gpxtpx:hr>
          </gpxtpx:TrackPointExtension>
        </extensions>
      </trkpt>
      <trkpt lat="22.55415567665635" lon="114.10942135619607">
        <ele>-1.8134243926033378</ele>
        <time>1970-01-01T00:15:19.600000Z</time>
        <extensions>
          <gpxtpx:TrackPointExtension>
            <gpxtpx:hr>166</gpxtpx:hr>
          </gpxtpx:TrackPointExtension>
        </extensions>
      </trkpt>
      <trkpt lat="22.554180806020874" lon="114.1094221137455">
        <ele>-1.7952297441661358</ele>
        <time>1970-01-01T00:15:20.600000Z</time>
        <extensions>
          <gpxtpx:TrackPointExtension>
            <gpxtpx:hr>166</gpxtpx:hr>
          </gpxtpx:TrackPointExtension>
        </extensions>
      </trkpt>
      <trkpt lat="22.554206057719025" lon="114.10942340672528">
        <ele>-1.7803123034536839</ele>
        <time>1970-01-01T00:15:21.600000Z</time>
        <extensions>
          <gpxtpx:TrackPointExtension>
            <gpxtpx:hr>166</gpxtpx:hr>
          </gpxtpx:TrackPointExtension>
        </extensions>
      </trkpt>
      <trkpt lat="22.55423143088864" lon="114.10942455217298">
        <ele>-1.7628471618518233</ele>
        <time>1970-01-01T00:15:22.600000Z</time>
        <extensions>
          <gpxtpx:TrackPointExtension>
            <gpxtpx:hr>166</gpxtpx:hr>
          </gpxtpx:TrackPointExtension>
        </extensions>
      </trkpt>
      <trkpt lat="22.554256977999806" lon="114.10942516751702">
        <ele>-1.743769358843565</ele>
        <time>1970-01-01T00:15:23.600000Z</time>
        <extensions>
          <gpxtpx:TrackPointExtension>
            <gpxtpx:hr>167</gpxtpx:hr>
          </gpxtpx:TrackPointExtension>
        </extensions>
      </trkpt>
      <trkpt lat="22.554282426734726" lon="114.1094253654179">
        <ele>-1.72517123632133</ele>
        <time>1970-01-01T00:15:24.600000Z</time>
        <extensions>
          <gpxtpx:TrackPointExtension>
            <gpxtpx:hr>167</gpxtpx:hr>
          </gpxtpx:TrackPointExtension>
        </extensions>
      </trkpt>
      <trkpt lat="22.554307769086893" lon="114.10942543658645">
        <ele>-1.7084769569337368</ele>
        <time>1970-01-01T00:15:25.600000Z</time>
        <extensions>
          <gpxtpx:TrackPointExtension>
            <gpxtpx:hr>167</gpxtpx:hr>
          </gpxtpx:TrackPointExtension>
        </extensions>
      </trkpt>
      <trkpt lat="22.55433311182712" lon="114.10942548112804">
        <ele>-1.6943516097962856</ele>
        <time>1970-01-01T00:15:26.600000Z</time>
        <extensions>
          <gpxtpx:TrackPointExtension>
            <gpxtpx:hr>167</gpxtpx:hr>
          </gpxtpx:TrackPointExtension>
        </extensions>
      </trkpt>
      <trkpt lat="22.554358221088872" lon="114.10942550964015">
        <ele>-1.6767891254276037</ele>
        <time>1970-01-01T00:15:27.500000Z</time>
        <extensions>
          <gpxtpx:TrackPointExtension>
            <gpxtpx:hr>166</gpxtpx:hr>
          </gpxtpx:TrackPointExtension>
        </extensions>
      </trkpt>
      <trkpt lat="22.554383004948182" lon="114.10942561443527">
        <ele>-1.654936071485281</ele>
        <time>1970-01-01T00:15:28.500000Z</time>
        <extensions>
          <gpxtpx:TrackPointExtension>
            <gpxtpx:hr>166</gpxtpx:hr>
          </gpxtpx:TrackPointExtension>
        </extensions>
      </trkpt>
      <trkpt lat="22.554407465322875" lon="114.10942599311363">
        <ele>-1.6314290957525373</ele>
        <time>1970-01-01T00:15:29.500000Z</time>
        <extensions>
          <gpxtpx:TrackPointExtension>
            <gpxtpx:hr>166</gpxtpx:hr>
          </gpxtpx:TrackPointExtension>
        </extensions>
      </trkpt>
      <trkpt lat="22.554431891020325" lon="114.10942697775572">
        <ele>-1.6073734480887651</ele>
        <time>1970-01-01T00:15:30.500000Z</time>
        <extensions>
          <gpxtpx:TrackPointExtension>
            <gpxtpx:hr>166</gpxtpx:hr>
          </gpxtpx:TrackPointExtension>
        </extensions>
      </trkpt>
      <trkpt lat="22.55445666937664" lon="114.1094282008004">
        <ele>-1.5837118504568934</ele>
        <time>1970-01-01T00:15:31.500000Z</time>
        <extensions>
          <gpxtpx:TrackPointExtension>
            <gpxtpx:hr>166</gpxtpx:hr>
          </gpxtpx:TrackPointExtension>
        </extensions>
      </trkpt>
      <trkpt lat="22.55448178866162" lon="114.10942931679448">
        <ele>-1.560533226467669</ele>
        <time>1970-01-01T00:15:32.500000Z</time>
        <extensions>
          <gpxtpx:TrackPointExtension>
            <gpxtpx:hr>166</gpxtpx:hr>
          </gpxtpx:TrackPointExtension>
        </extensions>
      </trkpt>
      <trkpt lat="22.554506810596283" lon="114.1094304435818">
        <ele>-1.5341715617105365</ele>
        <time>1970-01-01T00:15:33.500000Z</time>
        <extensions>
          <gpxtpx:TrackPointExtension>
            <gpxtpx:hr>166</gpxtpx:hr>
          </gpxtpx:TrackPointExtension>
        </extensions>
      </trkpt>
      <trkpt lat="22.55453168492144" lon="114.1094318449958">
        <ele>-1.5082717072218657</ele>
        <time>1970-01-01T00:15:34.500000Z</time>
        <extensions>
          <gpxtpx:TrackPointExtension>
            <gpxtpx:hr>166</gpxtpx:hr>
          </gpxtpx:TrackPointExtension>
        </extensions>
      </trkpt>
      <trkpt lat="22.55455664893332" lon="114.10943362535343">
        <ele>-1.4830164201557636</ele>
        <time>1970-01-01T00:15:35.500000Z</time>
        <extensions>
          <gpxtpx:TrackPointExtension>
            <gpxtpx:hr>166</gpxtpx:hr>
          </gpxtpx:TrackPointExtension>
        </extensions>
      </trkpt>
      <trkpt lat="22.554581747000448" lon="114.10943561053914">
        <ele>-1.4555318234488368</ele>
        <time>1970-01-01T00:15:36.500000Z</time>
        <extensions>
          <gpxtpx:TrackPointExtension>
            <gpxtpx:hr>166</gpxtpx:hr>
          </gpxtpx:TrackPointExtension>
        </extensions>
      </trkpt>
      <trkpt lat="22.554606715229315" lon="114.10943763937541">
        <ele>-1.425291328690946</ele>
        <time>1970-01-01T00:15:37.500000Z</time>
        <extensions>
          <gpxtpx:TrackPointExtension>
            <gpxtpx:hr>166</gpxtpx:hr>
          </gpxtpx:TrackPointExtension>
        </extensions>
      </trkpt>
      <trkpt lat="22.55463139299849" lon="114.10943978127506">
        <ele>-1.3924008598551154</ele>
        <time>1970-01-01T00:15:38.500000Z</time>
        <extensions>
          <gpxtpx:TrackPointExtension>
            <gpxtpx:hr>166</gpxtpx:hr>
          </gpxtpx:TrackPointExtension>
        </extensions>
      </trkpt>
      <trkpt lat="22.554655950462028" lon="114.10944233606439">
        <ele>-1.3550586476922035</ele>
        <time>1970-01-01T00:15:39.500000Z</time>
        <extensions>
          <gpxtpx:TrackPointExtension>
            <gpxtpx:hr>166</gpxtpx:hr>
          </gpxtpx:TrackPointExtension>
        </extensions>
      </trkpt>
      <trkpt lat="22.554680663749572" lon="114.1094451966743">
        <ele>-1.314892889931798</ele>
        <time>1970-01-01T00:15:40.500000Z</time>
        <extensions>
          <gpxtpx:TrackPointExtension>
            <gpxtpx:hr>166</gpxtpx:hr>
          </gpxtpx:TrackPointExtension>
        </extensions>
      </trkpt>
      <trkpt lat="22.55470573432636" lon="114.10944809622076">
        <ele>-1.2718163765966892</ele>
        <time>1970-01-01T00:15:41.500000Z</time>
        <extensions>
          <gpxtpx:TrackPointExtension>
            <gpxtpx:hr>166</gpxtpx:hr>
          </gpxtpx:TrackPointExtension>
        </extensions>
      </trkpt>
      <trkpt lat="22.55473083456495" lon="114.10945074888448">
        <ele>-1.2265432719141245</ele>
        <time>1970-01-01T00:15:42.500000Z</time>
        <extensions>
          <gpxtpx:TrackPointExtension>
            <gpxtpx:hr>165</gpxtpx:hr>
          </gpxtpx:TrackPointExtension>
        </extensions>
      </trkpt>
      <trkpt lat="22.554755690813124" lon="114.10945290034387">
        <ele>-1.1788511918857694</ele>
        <time>1970-01-01T00:15:43.500000Z</time>
        <extensions>
          <gpxtpx:TrackPointExtension>
            <gpxtpx:hr>165</gpxtpx:hr>
          </gpxtpx:TrackPointExtension>
        </extensions>
      </trkpt>
      <trkpt lat="22.554780191177766" lon="114.10945434574846">
        <ele>-1.1305418079718947</ele>
        <time>1970-01-01T00:15:44.500000Z</time>
        <extensions>
          <gpxtpx:TrackPointExtension>
            <gpxtpx:hr>165</gpxtpx:hr>
          </gpxtpx:TrackPointExtension>
        </extensions>
      </trkpt>
      <trkpt lat="22.554804351160435" lon="114.10945504804319">
        <ele>-1.0819027023389935</ele>
        <time>1970-01-01T00:15:45.500000Z</time>
        <extensions>
          <gpxtpx:TrackPointExtension>
            <gpxtpx:hr>165</gpxtpx:hr>
          </gpxtpx:TrackPointExtension>
        </extensions>
      </trkpt>
      <trkpt lat="22.554828198595708" lon="114.10945500506458">
        <ele>-1.0370873985812068</ele>
        <time>1970-01-01T00:15:46.500000Z</time>
        <extensions>
          <gpxtpx:TrackPointExtension>
            <gpxtpx:hr>165</gpxtpx:hr>
          </gpxtpx:TrackPointExtension>
        </extensions>
      </trkpt>
      <trkpt lat="22.554851221901618" lon="114.1094542434613">
        <ele>-0.9926891280338168</ele>
        <time>1970-01-01T00:15:47.500000Z</time>
        <extensions>
          <gpxtpx:TrackPointExtension>
            <gpxtpx:hr>165</gpxtpx:hr>
          </gpxtpx:TrackPointExtension>
        </extensions>
      </trkpt>
      <trkpt lat="22.55487339887544" lon="114.10945295221715">
        <ele>-0.9438899951055646</ele>
        <time>1970-01-01T00:15:48.500000Z</time>
        <extensions>
          <gpxtpx:TrackPointExtension>
            <gpxtpx:hr>165</gpxtpx:hr>
          </gpxtpx:TrackPointExtension>
        </extensions>
      </trkpt>
      <trkpt lat="22.55489530175708" lon="114.10945171877044">
        <ele>-0.8952837763354182</ele>
        <time>1970-01-01T00:15:49.500000Z</time>
        <extensions>
          <gpxtpx:TrackPointExtension>
            <gpxtpx:hr>165</gpxtpx:hr>
          </gpxtpx:TrackPointExtension>
        </extensions>
      </trkpt>
      <trkpt lat="22.554917566343683" lon="114.10945122521005">
        <ele>-0.8548315549269319</ele>
        <time>1970-01-01T00:15:50.500000Z</time>
        <extensions>
          <gpxtpx:TrackPointExtension>
            <gpxtpx:hr>165</gpxtpx:hr>
          </gpxtpx:TrackPointExtension>
        </extensions>
      </trkpt>
      <trkpt lat="22.554940595609768" lon="114.10945122574137">
        <ele>-0.8134269146248698</ele>
        <time>1970-01-01T00:15:51.400000Z</time>
        <extensions>
          <gpxtpx:TrackPointExtension>
            <gpxtpx:hr>165</gpxtpx:hr>
          </gpxtpx:TrackPointExtension>
        </extensions>
      </trkpt>
      <trkpt lat="22.554964081744025" lon="114.10945131491549">
        <ele>-0.7709368709474802</ele>
        <time>1970-01-01T00:15:52.400000Z</time>
        <extensions>
          <gpxtpx:TrackPointExtension>
            <gpxtpx:hr>165</gpxtpx:hr>
          </gpxtpx:TrackPointExtension>
        </extensions>
      </trkpt>
      <trkpt lat="22.554987577097798" lon="114.10945203919923">
        <ele>-0.7249900558963418</ele>
        <time>1970-01-01T00:15:53.400000Z</time>
        <extensions>
          <gpxtpx:TrackPointExtension>
            <gpxtpx:hr>166</gpxtpx:hr>
          </gpxtpx:TrackPointExtension>
        </extensions>
      </trkpt>
      <trkpt lat="22.55501090255343" lon="114.1094542480874">
        <ele>-0.6807218519970775</ele>
        <time>1970-01-01T00:15:54.400000Z</time>
        <extensions>
          <gpxtpx:TrackPointExtension>
            <gpxtpx:hr>166</gpxtpx:hr>
          </gpxtpx:TrackPointExtension>
        </extensions>
      </trkpt>
      <trkpt lat="22.555034246873262" lon="114.10945796590762">
        <ele>-0.6297400332987309</ele>
        <time>1970-01-01T00:15:55.400000Z</time>
        <extensions>
          <gpxtpx:TrackPointExtension>
            <gpxtpx:hr>166</gpxtpx:hr>
          </gpxtpx:TrackPointExtension>
        </extensions>
      </trkpt>
      <trkpt lat="22.555057767387964" lon="114.10946288723015">
        <ele>-0.5796057432889938</ele>
        <time>1970-01-01T00:15:56.400000Z</time>
        <extensions>
          <gpxtpx:TrackPointExtension>
            <gpxtpx:hr>166</gpxtpx:hr>
          </gpxtpx:TrackPointExtension>
        </extensions>
      </trkpt>
      <trkpt lat="22.55508142812174" lon="114.1094689480489">
        <ele>-0.523517488501966</ele>
        <time>1970-01-01T00:15:57.400000Z</time>
        <extensions>
          <gpxtpx:TrackPointExtension>
            <gpxtpx:hr>166</gpxtpx:hr>
          </gpxtpx:TrackPointExtension>
        </extensions>
      </trkpt>
      <trkpt lat="22.555105323094256" lon="114.10947509158133">
        <ele>-0.466557277366519</ele>
        <time>1970-01-01T00:15:58.400000Z</time>
        <extensions>
          <gpxtpx:TrackPointExtension>
            <gpxtpx:hr>166</gpxtpx:hr>
          </gpxtpx:TrackPointExtension>
        </extensions>
      </trkpt>
      <trkpt lat="22.5551294725537" lon="114.10948035186567">
        <ele>-0.4103788249194622</ele>
        <time>1970-01-01T00:15:59.400000Z</time>
        <extensions>
          <gpxtpx:TrackPointExtension>
            <gpxtpx:hr>166</gpxtpx:hr>
          </gpxtpx:TrackPointExtension>
        </extensions>
      </trkpt>
      <trkpt lat="22.555153780940543" lon="114.10948463158024">
        <ele>-0.35820063203573227</ele>
        <time>1970-01-01T00:16:00.400000Z</time>
        <extensions>
          <gpxtpx:TrackPointExtension>
            <gpxtpx:hr>166</gpxtpx:hr>
          </gpxtpx:TrackPointExtension>
        </extensions>
      </trkpt>
      <trkpt lat="22.55517807022423" lon="114.10948771738182">
        <ele>-0.30723077058792114</ele>
        <time>1970-01-01T00:16:01.400000Z</time>
        <extensions>
          <gpxtpx:TrackPointExtension>
            <gpxtpx:hr>166</gpxtpx:hr>
          </gpxtpx:TrackPointExtension>
        </extensions>
      </trkpt>
      <trkpt lat="22.55520229513872" lon="114.10948978524097">
        <ele>-0.2562565077096224</ele>
        <time>1970-01-01T00:16:02.400000Z</time>
        <extensions>
          <gpxtpx:TrackPointExtension>
            <gpxtpx:hr>166</gpxtpx:hr>
          </gpxtpx:TrackPointExtension>
        </extensions>
      </trkpt>
      <trkpt lat="22.555226532993277" lon="114.10949162139156">
        <ele>-0.20585190039128065</ele>
        <time>1970-01-01T00:16:03.400000Z</time>
        <extensions>
          <gpxtpx:TrackPointExtension>
            <gpxtpx:hr>166</gpxtpx:hr>
          </gpxtpx:TrackPointExtension>
        </extensions>
      </trkpt>
      <trkpt lat="22.55525085038699" lon="114.10949356700219">
        <ele>-0.1562841022387147</ele>
        <time>1970-01-01T00:16:04.400000Z</time>
        <extensions>
          <gpxtpx:TrackPointExtension>
            <gpxtpx:hr>167</gpxtpx:hr>
          </gpxtpx:TrackPointExtension>
        </extensions>
      </trkpt>
      <trkpt lat="22.555275278976023" lon="114.10949555786722">
        <ele>-0.11276878044009209</ele>
        <time>1970-01-01T00:16:05.400000Z</time>
        <extensions>
          <gpxtpx:TrackPointExtension>
            <gpxtpx:hr>167</gpxtpx:hr>
          </gpxtpx:TrackPointExtension>
        </extensions>
      </trkpt>
      <trkpt lat="22.555299763780447" lon="114.10949745378558">
        <ele>-0.0712185651063919</ele>
        <time>1970-01-01T00:16:06.400000Z</time>
        <extensions>
          <gpxtpx:TrackPointExtension>
            <gpxtpx:hr>167</gpxtpx:hr>
          </gpxtpx:TrackPointExtension>
        </extensions>
      </trkpt>
      <trkpt lat="22.55532436828135" lon="114.10949922634885">
        <ele>-0.033796072006225586</ele>
        <time>1970-01-01T00:16:07.400000Z</time>
        <extensions>
          <gpxtpx:TrackPointExtension>
            <gpxtpx:hr>167</gpxtpx:hr>
          </gpxtpx:TrackPointExtension>
        </extensions>
      </trkpt>
      <trkpt lat="22.555349298474788" lon="114.1095010175615">
        <ele>-0.0010407902300357823</ele>
        <time>1970-01-01T00:16:08.400000Z</time>
        <extensions>
          <gpxtpx:TrackPointExtension>
            <gpxtpx:hr>167</gpxtpx:hr>
          </gpxtpx:TrackPointExtension>
        </extensions>
      </trkpt>
      <trkpt lat="22.55537469346617" lon="114.10950280446802">
        <ele>0.03427869267761707</ele>
        <time>1970-01-01T00:16:09.400000Z</time>
        <extensions>
          <gpxtpx:TrackPointExtension>
            <gpxtpx:hr>167</gpxtpx:hr>
          </gpxtpx:TrackPointExtension>
        </extensions>
      </trkpt>
      <trkpt lat="22.55540022849649" lon="114.10950483498974">
        <ele>0.0684809647500515</ele>
        <time>1970-01-01T00:16:10.400000Z</time>
        <extensions>
          <gpxtpx:TrackPointExtension>
            <gpxtpx:hr>167</gpxtpx:hr>
          </gpxtpx:TrackPointExtension>
        </extensions>
      </trkpt>
      <trkpt lat="22.55542559332677" lon="114.10950718193176">
        <ele>0.09879032615572214</ele>
        <time>1970-01-01T00:16:11.400000Z</time>
        <extensions>
          <gpxtpx:TrackPointExtension>
            <gpxtpx:hr>166</gpxtpx:hr>
          </gpxtpx:TrackPointExtension>
        </extensions>
      </trkpt>
      <trkpt lat="22.555450661247352" lon="114.10950978280951">
        <ele>0.12592513486742973</ele>
        <time>1970-01-01T00:16:12.400000Z</time>
        <extensions>
          <gpxtpx:TrackPointExtension>
            <gpxtpx:hr>166</gpxtpx:hr>
          </gpxtpx:TrackPointExtension>
        </extensions>
      </trkpt>
      <trkpt lat="22.555475456198206" lon="114.10951270138864">
        <ele>0.1491009769961238</ele>
        <time>1970-01-01T00:16:13.400000Z</time>
        <extensions>
          <gpxtpx:TrackPointExtension>
            <gpxtpx:hr>166</gpxtpx:hr>
          </gpxtpx:TrackPointExtension>
        </extensions>
      </trkpt>
      <trkpt lat="22.55550002841881" lon="114.10951553666779">
        <ele>0.1734667969867587</ele>
        <time>1970-01-01T00:16:14.300000Z</time>
        <extensions>
          <gpxtpx:TrackPointExtension>
            <gpxtpx:hr>166</gpxtpx:hr>
          </gpxtpx:TrackPointExtension>
        </extensions>
      </trkpt>
      <trkpt lat="22.555524434884987" lon="114.10951773811813">
        <ele>0.19911108817905188</ele>
        <time>1970-01-01T00:16:15.300000Z</time>
        <extensions>
          <gpxtpx:TrackPointExtension>
            <gpxtpx:hr>166</gpxtpx:hr>
          </gpxtpx:TrackPointExtension>
        </extensions>
      </trkpt>
      <trkpt lat="22.555548867478507" lon="114.10951959639094">
        <ele>0.23001864179968834</ele>
        <time>1970-01-01T00:16:16.300000Z</time>
        <extensions>
          <gpxtpx:TrackPointExtension>
            <gpxtpx:hr>166</gpxtpx:hr>
          </gpxtpx:TrackPointExtension>
        </extensions>
      </trkpt>
      <trkpt lat="22.555573357278906" lon="114.1095217689714">
        <ele>0.26325976103544235</ele>
        <time>1970-01-01T00:16:17.300000Z</time>
        <extensions>
          <gpxtpx:TrackPointExtension>
            <gpxtpx:hr>167</gpxtpx:hr>
          </gpxtpx:TrackPointExtension>
        </extensions>
      </trkpt>
      <trkpt lat="22.555597770448763" lon="114.10952463765602">
        <ele>0.29688183683902025</ele>
        <time>1970-01-01T00:16:18.300000Z</time>
        <extensions>
          <gpxtpx:TrackPointExtension>
            <gpxtpx:hr>167</gpxtpx:hr>
          </gpxtpx:TrackPointExtension>
        </extensions>
      </trkpt>
      <trkpt lat="22.55562218537915" lon="114.1095279862886">
        <ele>0.3307477133348584</ele>
        <time>1970-01-01T00:16:19.300000Z</time>
        <extensions>
          <gpxtpx:TrackPointExtension>
            <gpxtpx:hr>167</gpxtpx:hr>
          </gpxtpx:TrackPointExtension>
        </extensions>
      </trkpt>
      <trkpt lat="22.555646998064645" lon="114.10953137375803">
        <ele>0.2693642396479845</ele>
        <time>1970-01-01T00:16:20.300000Z</time>
        <extensions>
          <gpxtpx:TrackPointExtension>
            <gpxtpx:hr>167</gpxtpx:hr>
          </gpxtpx:TrackPointExtension>
        </extensions>
      </trkpt>
      <trkpt lat="22.55567220774808" lon="114.10953457702509">
        <ele>0.29107389505952597</ele>
        <time>1970-01-01T00:16:21.300000Z</time>
        <extensions>
          <gpxtpx:TrackPointExtension>
            <gpxtpx:hr>167</gpxtpx:hr>
          </gpxtpx:TrackPointExtension>
        </extensions>
      </trkpt>
      <trkpt lat="22.55569763068276" lon="114.1095377668602">
        <ele>0.3165072137489915</ele>
        <time>1970-01-01T00:16:22.300000Z</time>
        <extensions>
          <gpxtpx:TrackPointExtension>
            <gpxtpx:hr>167</gpxtpx:hr>
          </gpxtpx:TrackPointExtension>
        </extensions>
      </trkpt>
      <trkpt lat="22.55572318984709" lon="114.10954136865186">
        <ele>0.3417696161195636</ele>
        <time>1970-01-01T00:16:23.300000Z</time>
        <extensions>
          <gpxtpx:TrackPointExtension>
            <gpxtpx:hr>167</gpxtpx:hr>
          </gpxtpx:TrackPointExtension>
        </extensions>
      </trkpt>
      <trkpt lat="22.555748785349277" lon="114.10954542231461">
        <ele>0.3656906606629491</ele>
        <time>1970-01-01T00:16:24.300000Z</time>
        <extensions>
          <gpxtpx:TrackPointExtension>
            <gpxtpx:hr>167</gpxtpx:hr>
          </gpxtpx:TrackPointExtension>
        </extensions>
      </trkpt>
      <trkpt lat="22.555774169873978" lon="114.10954979573432">
        <ele>0.3882260685786605</ele>
        <time>1970-01-01T00:16:25.300000Z</time>
        <extensions>
          <gpxtpx:TrackPointExtension>
            <gpxtpx:hr>167</gpxtpx:hr>
          </gpxtpx:TrackPointExtension>
        </extensions>
      </trkpt>
      <trkpt lat="22.555799163251518" lon="114.10955437825658">
        <ele>0.40949488058686256</ele>
        <time>1970-01-01T00:16:26.300000Z</time>
        <extensions>
          <gpxtpx:TrackPointExtension>
            <gpxtpx:hr>167</gpxtpx:hr>
          </gpxtpx:TrackPointExtension>
        </extensions>
      </trkpt>
      <trkpt lat="22.555824029273715" lon="114.10955930826499">
        <ele>0.42948681581765413</ele>
        <time>1970-01-01T00:16:27.300000Z</time>
        <extensions>
          <gpxtpx:TrackPointExtension>
            <gpxtpx:hr>167</gpxtpx:hr>
          </gpxtpx:TrackPointExtension>
        </extensions>
      </trkpt>
      <trkpt lat="22.555848934114206" lon="114.10956485775995">
        <ele>0.44845553394407034</ele>
        <time>1970-01-01T00:16:28.300000Z</time>
        <extensions>
          <gpxtpx:TrackPointExtension>
            <gpxtpx:hr>169</gpxtpx:hr>
          </gpxtpx:TrackPointExtension>
        </extensions>
      </trkpt>
      <trkpt lat="22.555873858974568" lon="114.10957055272753">
        <ele>0.46557050943374634</ele>
        <time>1970-01-01T00:16:29.300000Z</time>
        <extensions>
          <gpxtpx:TrackPointExtension>
            <gpxtpx:hr>169</gpxtpx:hr>
          </gpxtpx:TrackPointExtension>
        </extensions>
      </trkpt>
      <trkpt lat="22.555898702755847" lon="114.10957561569536">
        <ele>0.480246533639729</ele>
        <time>1970-01-01T00:16:30.300000Z</time>
        <extensions>
          <gpxtpx:TrackPointExtension>
            <gpxtpx:hr>169</gpxtpx:hr>
          </gpxtpx:TrackPointExtension>
        </extensions>
      </trkpt>
      <trkpt lat="22.555923270981243" lon="114.1095800121154">
        <ele>0.4919206341728568</ele>
        <time>1970-01-01T00:16:31.300000Z</time>
        <extensions>
          <gpxtpx:TrackPointExtension>
            <gpxtpx:hr>169</gpxtpx:hr>
          </gpxtpx:TrackPointExtension>
        </extensions>
      </trkpt>
      <trkpt lat="22.55594741308048" lon="114.10958395520647">
        <ele>0.5000374866649508</ele>
        <time>1970-01-01T00:16:32.300000Z</time>
        <extensions>
          <gpxtpx:TrackPointExtension>
            <gpxtpx:hr>169</gpxtpx:hr>
          </gpxtpx:TrackPointExtension>
        </extensions>
      </trkpt>
      <trkpt lat="22.555971258234138" lon="114.10958770630657">
        <ele>0.5042523937299848</ele>
        <time>1970-01-01T00:16:33.300000Z</time>
        <extensions>
          <gpxtpx:TrackPointExtension>
            <gpxtpx:hr>169</gpxtpx:hr>
          </gpxtpx:TrackPointExtension>
        </extensions>
      </trkpt>
      <trkpt lat="22.555995050718934" lon="114.10959139843185">
        <ele>0.5044247694313526</ele>
        <time>1970-01-01T00:16:34.300000Z</time>
        <extensions>
          <gpxtpx:TrackPointExtension>
            <gpxtpx:hr>169</gpxtpx:hr>
          </gpxtpx:TrackPointExtension>
        </extensions>
      </trkpt>
      <trkpt lat="22.556018749006125" lon="114.10959509741309">
        <ele>0.5005745775997639</ele>
        <time>1970-01-01T00:16:35.300000Z</time>
        <extensions>
          <gpxtpx:TrackPointExtension>
            <gpxtpx:hr>169</gpxtpx:hr>
          </gpxtpx:TrackPointExtension>
        </extensions>
      </trkpt>
      <trkpt lat="22.556042338455725" lon="114.10959911636446">
        <ele>0.4928638366982341</ele>
        <time>1970-01-01T00:16:36.300000Z</time>
        <extensions>
          <gpxtpx:TrackPointExtension>
            <gpxtpx:hr>169</gpxtpx:hr>
          </gpxtpx:TrackPointExtension>
        </extensions>
      </trkpt>
      <trkpt lat="22.556065974031814" lon="114.10960380986914">
        <ele>0.48153925593942404</ele>
        <time>1970-01-01T00:16:37.300000Z</time>
        <extensions>
          <gpxtpx:TrackPointExtension>
            <gpxtpx:hr>169</gpxtpx:hr>
          </gpxtpx:TrackPointExtension>
        </extensions>
      </trkpt>
      <trkpt lat="22.55608966359515" lon="114.10960905808135">
        <ele>0.46682962123304605</ele>
        <time>1970-01-01T00:16:38.200000Z</time>
        <extensions>
          <gpxtpx:TrackPointExtension>
            <gpxtpx:hr>169</gpxtpx:hr>
          </gpxtpx:TrackPointExtension>
        </extensions>
      </trkpt>
      <trkpt lat="22.556113512442124" lon="114.1096141561443">
        <ele>0.44895507488399744</ele>
        <time>1970-01-01T00:16:39.200000Z</time>
        <extensions>
          <gpxtpx:TrackPointExtension>
            <gpxtpx:hr>168</gpxtpx:hr>
          </gpxtpx:TrackPointExtension>
        </extensions>
      </trkpt>
      <trkpt lat="22.55613775060432" lon="114.10961871684412">
        <ele>0.4282520841807127</ele>
        <time>1970-01-01T00:16:40.200000Z</time>
        <extensions>
          <gpxtpx:TrackPointExtension>
            <gpxtpx:hr>168</gpxtpx:hr>
          </gpxtpx:TrackPointExtension>
        </extensions>
      </trkpt>
      <trkpt lat="22.556162382381853" lon="114.1096226607593">
        <ele>0.4051333302631974</ele>
        <time>1970-01-01T00:16:41.200000Z</time>
        <extensions>
          <gpxtpx:TrackPointExtension>
            <gpxtpx:hr>168</gpxtpx:hr>
          </gpxtpx:TrackPointExtension>
        </extensions>
      </trkpt>
      <trkpt lat="22.556187272244916" lon="114.10962605839904">
        <ele>0.3798799393698573</ele>
        <time>1970-01-01T00:16:42.200000Z</time>
        <extensions>
          <gpxtpx:TrackPointExtension>
            <gpxtpx:hr>168</gpxtpx:hr>
          </gpxtpx:TrackPointExtension>
        </extensions>
      </trkpt>
      <trkpt lat="22.556212191888143" lon="114.10962909280468">
        <ele>0.35256896633654833</ele>
        <time>1970-01-01T00:16:43.200000Z</time>
        <extensions>
          <gpxtpx:TrackPointExtension>
            <gpxtpx:hr>168</gpxtpx:hr>
          </gpxtpx:TrackPointExtension>
        </extensions>
      </trkpt>
      <trkpt lat="22.556237232087213" lon="114.10963201556427">
        <ele>0.3231182713061571</ele>
        <time>1970-01-01T00:16:44.200000Z</time>
        <extensions>
          <gpxtpx:TrackPointExtension>
            <gpxtpx:hr>169</gpxtpx:hr>
          </gpxtpx:TrackPointExtension>
        </extensions>
      </trkpt>
      <trkpt lat="22.556262577674026" lon="114.10963491759611">
        <ele>0.29131052177399397</ele>
        <time>1970-01-01T00:16:45.200000Z</time>
        <extensions>
          <gpxtpx:TrackPointExtension>
            <gpxtpx:hr>169</gpxtpx:hr>
          </gpxtpx:TrackPointExtension>
        </extensions>
      </trkpt>
      <trkpt lat="22.55628829863026" lon="114.10963773698393">
        <ele>0.2568130139261484</ele>
        <time>1970-01-01T00:16:46.200000Z</time>
        <extensions>
          <gpxtpx:TrackPointExtension>
            <gpxtpx:hr>169</gpxtpx:hr>
          </gpxtpx:TrackPointExtension>
        </extensions>
      </trkpt>
      <trkpt lat="22.556314208625118" lon="114.10964037988221">
        <ele>0.21925160381942987</ele>
        <time>1970-01-01T00:16:47.200000Z</time>
        <extensions>
          <gpxtpx:TrackPointExtension>
            <gpxtpx:hr>169</gpxtpx:hr>
          </gpxtpx:TrackPointExtension>
        </extensions>
      </trkpt>
      <trkpt lat="22.556339985799013" lon="114.10964279128079">
        <ele>0.17829315550625324</ele>
        <time>1970-01-01T00:16:48.200000Z</time>
        <extensions>
          <gpxtpx:TrackPointExtension>
            <gpxtpx:hr>169</gpxtpx:hr>
          </gpxtpx:TrackPointExtension>
        </extensions>
      </trkpt>
      <trkpt lat="22.55636563891031" lon="114.10964503779194">
        <ele>0.13375841453671455</ele>
        <time>1970-01-01T00:16:49.200000Z</time>
        <extensions>
          <gpxtpx:TrackPointExtension>
            <gpxtpx:hr>169</gpxtpx:hr>
          </gpxtpx:TrackPointExtension>
        </extensions>
      </trkpt>
      <trkpt lat="22.556391124562587" lon="114.10964698448272">
        <ele>0.08569080103188753</ele>
        <time>1970-01-01T00:16:50.200000Z</time>
        <extensions>
          <gpxtpx:TrackPointExtension>
            <gpxtpx:hr>169</gpxtpx:hr>
          </gpxtpx:TrackPointExtension>
        </extensions>
      </trkpt>
      <trkpt lat="22.556416393532164" lon="114.10964846779574">
        <ele>0.03429767768830061</ele>
        <time>1970-01-01T00:16:51.200000Z</time>
        <extensions>
          <gpxtpx:TrackPointExtension>
            <gpxtpx:hr>169</gpxtpx:hr>
          </gpxtpx:TrackPointExtension>
        </extensions>
      </trkpt>
      <trkpt lat="22.55644172854634" lon="114.10964942598876">
        <ele>-0.020158675499260426</ele>
        <time>1970-01-01T00:16:52.200000Z</time>
        <extensions>
          <gpxtpx:TrackPointExtension>
            <gpxtpx:hr>169</gpxtpx:hr>
          </gpxtpx:TrackPointExtension>
        </extensions>
      </trkpt>
      <trkpt lat="22.5564673512847" lon="114.10965028966577">
        <ele>-0.07739229593425989</ele>
        <time>1970-01-01T00:16:53.200000Z</time>
        <extensions>
          <gpxtpx:TrackPointExtension>
            <gpxtpx:hr>169</gpxtpx:hr>
          </gpxtpx:TrackPointExtension>
        </extensions>
      </trkpt>
      <trkpt lat="22.556492932551123" lon="114.10965148920965">
        <ele>-0.1370822973549366</ele>
        <time>1970-01-01T00:16:54.200000Z</time>
        <extensions>
          <gpxtpx:TrackPointExtension>
            <gpxtpx:hr>169</gpxtpx:hr>
          </gpxtpx:TrackPointExtension>
        </extensions>
      </trkpt>
      <trkpt lat="22.556518421660485" lon="114.10965307230465">
        <ele>-0.1988515853881836</ele>
        <time>1970-01-01T00:16:55.200000Z</time>
        <extensions>
          <gpxtpx:TrackPointExtension>
            <gpxtpx:hr>169</gpxtpx:hr>
          </gpxtpx:TrackPointExtension>
        </extensions>
      </trkpt>
      <trkpt lat="22.55654407874667" lon="114.10965528169673">
        <ele>-0.2621913095936179</ele>
        <time>1970-01-01T00:16:56.200000Z</time>
        <extensions>
          <gpxtpx:TrackPointExtension>
            <gpxtpx:hr>169</gpxtpx:hr>
          </gpxtpx:TrackPointExtension>
        </extensions>
      </trkpt>
      <trkpt lat="22.556569925492234" lon="114.10965848334531">
        <ele>-0.32653821632266045</ele>
        <time>1970-01-01T00:16:57.200000Z</time>
        <extensions>
          <gpxtpx:TrackPointExtension>
            <gpxtpx:hr>170</gpxtpx:hr>
          </gpxtpx:TrackPointExtension>
        </extensions>
      </trkpt>
      <trkpt lat="22.556595668893074" lon="114.10966277521047">
        <ele>-0.3913502497598529</ele>
        <time>1970-01-01T00:16:58.200000Z</time>
        <extensions>
          <gpxtpx:TrackPointExtension>
            <gpxtpx:hr>170</gpxtpx:hr>
          </gpxtpx:TrackPointExtension>
        </extensions>
      </trkpt>
      <trkpt lat="22.55662086548404" lon="114.109668221353">
        <ele>-0.45613366179168224</ele>
        <time>1970-01-01T00:16:59.200000Z</time>
        <extensions>
          <gpxtpx:TrackPointExtension>
            <gpxtpx:hr>170</gpxtpx:hr>
          </gpxtpx:TrackPointExtension>
        </extensions>
      </trkpt>
      <trkpt lat="22.556645615835645" lon="114.10967430776316">
        <ele>-0.5204353705048561</ele>
        <time>1970-01-01T00:17:00.200000Z</time>
        <extensions>
          <gpxtpx:TrackPointExtension>
            <gpxtpx:hr>170</gpxtpx:hr>
          </gpxtpx:TrackPointExtension>
        </extensions>
      </trkpt>
      <trkpt lat="22.55667004805948" lon="114.10968025714834">
        <ele>-0.5837143966928124</ele>
        <time>1970-01-01T00:17:01.100000Z</time>
        <extensions>
          <gpxtpx:TrackPointExtension>
            <gpxtpx:hr>170</gpxtpx:hr>
          </gpxtpx:TrackPointExtension>
        </extensions>
      </trkpt>
      <trkpt lat="22.556694160748926" lon="114.1096861958514">
        <ele>-0.64525908511132</ele>
        <time>1970-01-01T00:17:02.100000Z</time>
        <extensions>
          <gpxtpx:TrackPointExtension>
            <gpxtpx:hr>170</gpxtpx:hr>
          </gpxtpx:TrackPointExtension>
        </extensions>
      </trkpt>
      <trkpt lat="22.55671817016272" lon="114.1096923069164">
        <ele>-0.7042186353355646</ele>
        <time>1970-01-01T00:17:03.100000Z</time>
        <extensions>
          <gpxtpx:TrackPointExtension>
            <gpxtpx:hr>170</gpxtpx:hr>
          </gpxtpx:TrackPointExtension>
        </extensions>
      </trkpt>
      <trkpt lat="22.556742177877954" lon="114.10969885449568">
        <ele>-0.7596664363518357</ele>
        <time>1970-01-01T00:17:04.100000Z</time>
        <extensions>
          <gpxtpx:TrackPointExtension>
            <gpxtpx:hr>171</gpxtpx:hr>
          </gpxtpx:TrackPointExtension>
        </extensions>
      </trkpt>
      <trkpt lat="22.556766147917944" lon="114.10970632679407">
        <ele>-0.8106199381873012</ele>
        <time>1970-01-01T00:17:05.100000Z</time>
        <extensions>
          <gpxtpx:TrackPointExtension>
            <gpxtpx:hr>171</gpxtpx:hr>
          </gpxtpx:TrackPointExtension>
        </extensions>
      </trkpt>
      <trkpt lat="22.556790128702406" lon="114.1097150485348">
        <ele>-0.8559458190575242</ele>
        <time>1970-01-01T00:17:06.100000Z</time>
        <extensions>
          <gpxtpx:TrackPointExtension>
            <gpxtpx:hr>171</gpxtpx:hr>
          </gpxtpx:TrackPointExtension>
        </extensions>
      </trkpt>
      <trkpt lat="22.556813989315508" lon="114.10972555767022">
        <ele>-0.8941432358697057</ele>
        <time>1970-01-01T00:17:07.100000Z</time>
        <extensions>
          <gpxtpx:TrackPointExtension>
            <gpxtpx:hr>171</gpxtpx:hr>
          </gpxtpx:TrackPointExtension>
        </extensions>
      </trkpt>
      <trkpt lat="22.556837078311535" lon="114.10973835272705">
        <ele>-0.9230474447831511</ele>
        <time>1970-01-01T00:17:08.100000Z</time>
        <extensions>
          <gpxtpx:TrackPointExtension>
            <gpxtpx:hr>171</gpxtpx:hr>
          </gpxtpx:TrackPointExtension>
        </extensions>
      </trkpt>
      <trkpt lat="22.556858964000263" lon="114.10975321376482">
        <ele>-0.9395503029227257</ele>
        <time>1970-01-01T00:17:09.100000Z</time>
        <extensions>
          <gpxtpx:TrackPointExtension>
            <gpxtpx:hr>171</gpxtpx:hr>
          </gpxtpx:TrackPointExtension>
        </extensions>
      </trkpt>
      <trkpt lat="22.556875935651348" lon="114.10976594375863">
        <ele>-0.9422580618411303</ele>
        <time>1970-01-01T00:17:09.900000Z</time>
        <extensions>
          <gpxtpx:TrackPointExtension>
            <gpxtpx:hr>170</gpxtpx:hr>
          </gpxtpx:TrackPointExtension>
        </extensions>
      </trkpt>
      <trkpt lat="22.55689679797503" lon="114.1097818157807">
        <ele>-0.9287681449204683</ele>
        <time>1970-01-01T00:17:10.900000Z</time>
        <extensions>
          <gpxtpx:TrackPointExtension>
            <gpxtpx:hr>170</gpxtpx:hr>
          </gpxtpx:TrackPointExtension>
        </extensions>
      </trkpt>
      <trkpt lat="22.556917536020563" lon="114.10979726368531">
        <ele>-0.8936966052278876</ele>
        <time>1970-01-01T00:17:11.900000Z</time>
        <extensions>
          <gpxtpx:TrackPointExtension>
            <gpxtpx:hr>170</gpxtpx:hr>
          </gpxtpx:TrackPointExtension>
        </extensions>
      </trkpt>
      <trkpt lat="22.55693828107374" lon="114.10981209677722">
        <ele>-0.8386829700320959</ele>
        <time>1970-01-01T00:17:12.900000Z</time>
        <extensions>
          <gpxtpx:TrackPointExtension>
            <gpxtpx:hr>170</gpxtpx:hr>
          </gpxtpx:TrackPointExtension>
        </extensions>
      </trkpt>
      <trkpt lat="22.5569592616261" lon="114.1098266118557">
        <ele>-0.7677095383405685</ele>
        <time>1970-01-01T00:17:13.900000Z</time>
        <extensions>
          <gpxtpx:TrackPointExtension>
            <gpxtpx:hr>170</gpxtpx:hr>
          </gpxtpx:TrackPointExtension>
        </extensions>
      </trkpt>
      <trkpt lat="22.556980656288644" lon="114.10984116957466">
        <ele>-0.6862845746800303</ele>
        <time>1970-01-01T00:17:14.900000Z</time>
        <extensions>
          <gpxtpx:TrackPointExtension>
            <gpxtpx:hr>170</gpxtpx:hr>
          </gpxtpx:TrackPointExtension>
        </extensions>
      </trkpt>
      <trkpt lat="22.557002607371537" lon="114.10985622707057">
        <ele>-0.6004073545336723</ele>
        <time>1970-01-01T00:17:15.900000Z</time>
        <extensions>
          <gpxtpx:TrackPointExtension>
            <gpxtpx:hr>170</gpxtpx:hr>
          </gpxtpx:TrackPointExtension>
        </extensions>
      </trkpt>
      <trkpt lat="22.55702509764817" lon="114.10987183356633">
        <ele>-0.5157806221395731</ele>
        <time>1970-01-01T00:17:16.900000Z</time>
        <extensions>
          <gpxtpx:TrackPointExtension>
            <gpxtpx:hr>170</gpxtpx:hr>
          </gpxtpx:TrackPointExtension>
        </extensions>
      </trkpt>
      <trkpt lat="22.557047769323244" lon="114.10988738237448">
        <ele>-0.43700671195983887</ele>
        <time>1970-01-01T00:17:17.900000Z</time>
        <extensions>
          <gpxtpx:TrackPointExtension>
            <gpxtpx:hr>170</gpxtpx:hr>
          </gpxtpx:TrackPointExtension>
        </extensions>
      </trkpt>
      <trkpt lat="22.55707032325011" lon="114.10990230451793">
        <ele>-0.3670616131275892</ele>
        <time>1970-01-01T00:17:18.900000Z</time>
        <extensions>
          <gpxtpx:TrackPointExtension>
            <gpxtpx:hr>170</gpxtpx:hr>
          </gpxtpx:TrackPointExtension>
        </extensions>
      </trkpt>
      <trkpt lat="22.557092602191748" lon="114.1099164568632">
        <ele>-0.3073094803839922</ele>
        <time>1970-01-01T00:17:19.900000Z</time>
        <extensions>
          <gpxtpx:TrackPointExtension>
            <gpxtpx:hr>170</gpxtpx:hr>
          </gpxtpx:TrackPointExtension>
        </extensions>
      </trkpt>
      <trkpt lat="22.55711439022106" lon="114.10992992402129">
        <ele>-0.2577369688078761</ele>
        <time>1970-01-01T00:17:20.900000Z</time>
        <extensions>
          <gpxtpx:TrackPointExtension>
            <gpxtpx:hr>170</gpxtpx:hr>
          </gpxtpx:TrackPointExtension>
        </extensions>
      </trkpt>
      <trkpt lat="22.55713566546211" lon="114.10994295487602">
        <ele>-0.21731849387288094</ele>
        <time>1970-01-01T00:17:21.900000Z</time>
        <extensions>
          <gpxtpx:TrackPointExtension>
            <gpxtpx:hr>170</gpxtpx:hr>
          </gpxtpx:TrackPointExtension>
        </extensions>
      </trkpt>
      <trkpt lat="22.55715690386284" lon="114.10995606388862">
        <ele>-0.18455431703478098</ele>
        <time>1970-01-01T00:17:22.900000Z</time>
        <extensions>
          <gpxtpx:TrackPointExtension>
            <gpxtpx:hr>170</gpxtpx:hr>
          </gpxtpx:TrackPointExtension>
        </extensions>
      </trkpt>
      <trkpt lat="22.557178581166074" lon="114.10996954791649">
        <ele>-0.15789258014410734</ele>
        <time>1970-01-01T00:17:23.900000Z</time>
        <extensions>
          <gpxtpx:TrackPointExtension>
            <gpxtpx:hr>170</gpxtpx:hr>
          </gpxtpx:TrackPointExtension>
        </extensions>
      </trkpt>
      <trkpt lat="22.557200896544227" lon="114.10998358699858">
        <ele>-0.13588846009224653</ele>
        <time>1970-01-01T00:17:24.900000Z</time>
        <extensions>
          <gpxtpx:TrackPointExtension>
            <gpxtpx:hr>170</gpxtpx:hr>
          </gpxtpx:TrackPointExtension>
        </extensions>
      </trkpt>
      <trkpt lat="22.557223917377645" lon="114.10999823480681">
        <ele>-0.11720205657184124</ele>
        <time>1970-01-01T00:17:25.900000Z</time>
        <extensions>
          <gpxtpx:TrackPointExtension>
            <gpxtpx:hr>170</gpxtpx:hr>
          </gpxtpx:TrackPointExtension>
        </extensions>
      </trkpt>
      <trkpt lat="22.557247412753927" lon="114.11001362168949">
        <ele>-0.10057832300662994</ele>
        <time>1970-01-01T00:17:26.900000Z</time>
        <extensions>
          <gpxtpx:TrackPointExtension>
            <gpxtpx:hr>170</gpxtpx:hr>
          </gpxtpx:TrackPointExtension>
        </extensions>
      </trkpt>
      <trkpt lat="22.557271051772684" lon="114.1100297021944">
        <ele>-0.08486335631459954</ele>
        <time>1970-01-01T00:17:27.900000Z</time>
        <extensions>
          <gpxtpx:TrackPointExtension>
            <gpxtpx:hr>170</gpxtpx:hr>
          </gpxtpx:TrackPointExtension>
        </extensions>
      </trkpt>
      <trkpt lat="22.557294717014255" lon="114.11004599849826">
        <ele>-0.06904570385813713</ele>
        <time>1970-01-01T00:17:28.900000Z</time>
        <extensions>
          <gpxtpx:TrackPointExtension>
            <gpxtpx:hr>170</gpxtpx:hr>
          </gpxtpx:TrackPointExtension>
        </extensions>
      </trkpt>
      <trkpt lat="22.55731854358134" lon="114.1100620756789">
        <ele>-0.05233766883611677</ele>
        <time>1970-01-01T00:17:29.900000Z</time>
        <extensions>
          <gpxtpx:TrackPointExtension>
            <gpxtpx:hr>171</gpxtpx:hr>
          </gpxtpx:TrackPointExtension>
        </extensions>
      </trkpt>
      <trkpt lat="22.557342501127856" lon="114.1100777664657">
        <ele>-0.034289895556867137</ele>
        <time>1970-01-01T00:17:30.900000Z</time>
        <extensions>
          <gpxtpx:TrackPointExtension>
            <gpxtpx:hr>171</gpxtpx:hr>
          </gpxtpx:TrackPointExtension>
        </extensions>
      </trkpt>
      <trkpt lat="22.557366521626065" lon="114.11009317805387">
        <ele>-0.014848385937511921</ele>
        <time>1970-01-01T00:17:31.900000Z</time>
        <extensions>
          <gpxtpx:TrackPointExtension>
            <gpxtpx:hr>171</gpxtpx:hr>
          </gpxtpx:TrackPointExtension>
        </extensions>
      </trkpt>
      <trkpt lat="22.557390593455363" lon="114.1101080512131">
        <ele>0.005705263465642927</ele>
        <time>1970-01-01T00:17:32.900000Z</time>
        <extensions>
          <gpxtpx:TrackPointExtension>
            <gpxtpx:hr>171</gpxtpx:hr>
          </gpxtpx:TrackPointExtension>
        </extensions>
      </trkpt>
      <trkpt lat="22.557414320747384" lon="114.1101221448558">
        <ele>0.026850338093936443</ele>
        <time>1970-01-01T00:17:33.900000Z</time>
        <extensions>
          <gpxtpx:TrackPointExtension>
            <gpxtpx:hr>171</gpxtpx:hr>
          </gpxtpx:TrackPointExtension>
        </extensions>
      </trkpt>
      <trkpt lat="22.55743749491154" lon="114.11013552651035">
        <ele>0.047955671325325966</ele>
        <time>1970-01-01T00:17:34.900000Z</time>
        <extensions>
          <gpxtpx:TrackPointExtension>
            <gpxtpx:hr>171</gpxtpx:hr>
          </gpxtpx:TrackPointExtension>
        </extensions>
      </trkpt>
      <trkpt lat="22.557460699978602" lon="114.11014893530168">
        <ele>0.06843875441700223</ele>
        <time>1970-01-01T00:17:35.900000Z</time>
        <extensions>
          <gpxtpx:TrackPointExtension>
            <gpxtpx:hr>171</gpxtpx:hr>
          </gpxtpx:TrackPointExtension>
        </extensions>
      </trkpt>
      <trkpt lat="22.557484582569764" lon="114.11016275993767">
        <ele>0.08790014125406742</ele>
        <time>1970-01-01T00:17:36.900000Z</time>
        <extensions>
          <gpxtpx:TrackPointExtension>
            <gpxtpx:hr>172</gpxtpx:hr>
          </gpxtpx:TrackPointExtension>
        </extensions>
      </trkpt>
      <trkpt lat="22.557508971986252" lon="114.11017587356815">
        <ele>0.10620645340532064</ele>
        <time>1970-01-01T00:17:37.900000Z</time>
        <extensions>
          <gpxtpx:TrackPointExtension>
            <gpxtpx:hr>172</gpxtpx:hr>
          </gpxtpx:TrackPointExtension>
        </extensions>
      </trkpt>
      <trkpt lat="22.557533301038152" lon="114.11018751305252">
        <ele>0.12357208412140608</ele>
        <time>1970-01-01T00:17:38.900000Z</time>
        <extensions>
          <gpxtpx:TrackPointExtension>
            <gpxtpx:hr>172</gpxtpx:hr>
          </gpxtpx:TrackPointExtension>
        </extensions>
      </trkpt>
      <trkpt lat="22.5575575786859" lon="114.11019785674671">
        <ele>0.14063455816358328</ele>
        <time>1970-01-01T00:17:39.900000Z</time>
        <extensions>
          <gpxtpx:TrackPointExtension>
            <gpxtpx:hr>172</gpxtpx:hr>
          </gpxtpx:TrackPointExtension>
        </extensions>
      </trkpt>
      <trkpt lat="22.557582025023617" lon="114.11020733882708">
        <ele>0.15855850744992495</ele>
        <time>1970-01-01T00:17:40.900000Z</time>
        <extensions>
          <gpxtpx:TrackPointExtension>
            <gpxtpx:hr>172</gpxtpx:hr>
          </gpxtpx:TrackPointExtension>
        </extensions>
      </trkpt>
      <trkpt lat="22.557606529263" lon="114.11021633958741">
        <ele>0.1790664903819561</ele>
        <time>1970-01-01T00:17:41.900000Z</time>
        <extensions>
          <gpxtpx:TrackPointExtension>
            <gpxtpx:hr>172</gpxtpx:hr>
          </gpxtpx:TrackPointExtension>
        </extensions>
      </trkpt>
      <trkpt lat="22.55763078361395" lon="114.1102250539933">
        <ele>0.2042637849226594</ele>
        <time>1970-01-01T00:17:42.900000Z</time>
        <extensions>
          <gpxtpx:TrackPointExtension>
            <gpxtpx:hr>172</gpxtpx:hr>
          </gpxtpx:TrackPointExtension>
        </extensions>
      </trkpt>
      <trkpt lat="22.55765452630746" lon="114.11023351133309">
        <ele>0.23636742122471333</ele>
        <time>1970-01-01T00:17:43.900000Z</time>
        <extensions>
          <gpxtpx:TrackPointExtension>
            <gpxtpx:hr>172</gpxtpx:hr>
          </gpxtpx:TrackPointExtension>
        </extensions>
      </trkpt>
      <trkpt lat="22.557677504584227" lon="114.11024168702004">
        <ele>0.27736801840364933</ele>
        <time>1970-01-01T00:17:44.900000Z</time>
        <extensions>
          <gpxtpx:TrackPointExtension>
            <gpxtpx:hr>172</gpxtpx:hr>
          </gpxtpx:TrackPointExtension>
        </extensions>
      </trkpt>
      <trkpt lat="22.557699202958567" lon="114.1102500296452">
        <ele>0.32871818635612726</ele>
        <time>1970-01-01T00:17:45.900000Z</time>
        <extensions>
          <gpxtpx:TrackPointExtension>
            <gpxtpx:hr>172</gpxtpx:hr>
          </gpxtpx:TrackPointExtension>
        </extensions>
      </trkpt>
      <trkpt lat="22.557719029215896" lon="114.1102592187107">
        <ele>0.3910407219082117</ele>
        <time>1970-01-01T00:17:46.900000Z</time>
        <extensions>
          <gpxtpx:TrackPointExtension>
            <gpxtpx:hr>172</gpxtpx:hr>
          </gpxtpx:TrackPointExtension>
        </extensions>
      </trkpt>
      <trkpt lat="22.55773643171361" lon="114.11027017746653">
        <ele>0.4640932781621814</ele>
        <time>1970-01-01T00:17:47.900000Z</time>
        <extensions>
          <gpxtpx:TrackPointExtension>
            <gpxtpx:hr>172</gpxtpx:hr>
          </gpxtpx:TrackPointExtension>
        </extensions>
      </trkpt>
      <trkpt lat="22.557750352857063" lon="114.11028367697573">
        <ele>0.5469443751499057</ele>
        <time>1970-01-01T00:17:48.900000Z</time>
        <extensions>
          <gpxtpx:TrackPointExtension>
            <gpxtpx:hr>172</gpxtpx:hr>
          </gpxtpx:TrackPointExtension>
        </extensions>
      </trkpt>
      <trkpt lat="22.55775871719828" lon="114.11029958657214">
        <ele>0.6383851375430822</ele>
        <time>1970-01-01T00:17:49.900000Z</time>
        <extensions>
          <gpxtpx:TrackPointExtension>
            <gpxtpx:hr>172</gpxtpx:hr>
          </gpxtpx:TrackPointExtension>
        </extensions>
      </trkpt>
      <trkpt lat="22.557759837675384" lon="114.11031684209496">
        <ele>0.7374544180929661</ele>
        <time>1970-01-01T00:17:50.900000Z</time>
        <extensions>
          <gpxtpx:TrackPointExtension>
            <gpxtpx:hr>172</gpxtpx:hr>
          </gpxtpx:TrackPointExtension>
        </extensions>
      </trkpt>
      <trkpt lat="22.557754231063388" lon="114.1103345938149">
        <ele>0.8435664940625429</ele>
        <time>1970-01-01T00:17:51.900000Z</time>
        <extensions>
          <gpxtpx:TrackPointExtension>
            <gpxtpx:hr>173</gpxtpx:hr>
          </gpxtpx:TrackPointExtension>
        </extensions>
      </trkpt>
      <trkpt lat="22.55774378915016" lon="114.1103533999704">
        <ele>0.9567053494974971</ele>
        <time>1970-01-01T00:17:52.900000Z</time>
        <extensions>
          <gpxtpx:TrackPointExtension>
            <gpxtpx:hr>173</gpxtpx:hr>
          </gpxtpx:TrackPointExtension>
        </extensions>
      </trkpt>
      <trkpt lat="22.557730514685222" lon="114.11037339637987">
        <ele>1.0776175037026405</ele>
        <time>1970-01-01T00:17:53.900000Z</time>
        <extensions>
          <gpxtpx:TrackPointExtension>
            <gpxtpx:hr>173</gpxtpx:hr>
          </gpxtpx:TrackPointExtension>
        </extensions>
      </trkpt>
      <trkpt lat="22.55771610283117" lon="114.11039410099454">
        <ele>1.2075523845851421</ele>
        <time>1970-01-01T00:17:54.900000Z</time>
        <extensions>
          <gpxtpx:TrackPointExtension>
            <gpxtpx:hr>173</gpxtpx:hr>
          </gpxtpx:TrackPointExtension>
        </extensions>
      </trkpt>
      <trkpt lat="22.557701397150762" lon="114.11041516732031">
        <ele>1.345953080803156</ele>
        <time>1970-01-01T00:17:55.900000Z</time>
        <extensions>
          <gpxtpx:TrackPointExtension>
            <gpxtpx:hr>174</gpxtpx:hr>
          </gpxtpx:TrackPointExtension>
        </extensions>
      </trkpt>
      <trkpt lat="22.557686773700574" lon="114.11043630413243">
        <ele>1.4910231307148933</ele>
        <time>1970-01-01T00:17:56.900000Z</time>
        <extensions>
          <gpxtpx:TrackPointExtension>
            <gpxtpx:hr>174</gpxtpx:hr>
          </gpxtpx:TrackPointExtension>
        </extensions>
      </trkpt>
      <trkpt lat="22.55767248610478" lon="114.11045769882632">
        <ele>1.6403546715155244</ele>
        <time>1970-01-01T00:17:57.900000Z</time>
        <extensions>
          <gpxtpx:TrackPointExtension>
            <gpxtpx:hr>174</gpxtpx:hr>
          </gpxtpx:TrackPointExtension>
        </extensions>
      </trkpt>
      <trkpt lat="22.557658860418773" lon="114.11047943332622">
        <ele>1.7914867978543043</ele>
        <time>1970-01-01T00:17:58.900000Z</time>
        <extensions>
          <gpxtpx:TrackPointExtension>
            <gpxtpx:hr>174</gpxtpx:hr>
          </gpxtpx:TrackPointExtension>
        </extensions>
      </trkpt>
      <trkpt lat="22.55764583823818" lon="114.11050135269329">
        <ele>1.9421685365960002</ele>
        <time>1970-01-01T00:17:59.900000Z</time>
        <extensions>
          <gpxtpx:TrackPointExtension>
            <gpxtpx:hr>174</gpxtpx:hr>
          </gpxtpx:TrackPointExtension>
        </extensions>
      </trkpt>
      <trkpt lat="22.557632435426" lon="114.11052284765618">
        <ele>2.090425444766879</ele>
        <time>1970-01-01T00:18:00.900000Z</time>
        <extensions>
          <gpxtpx:TrackPointExtension>
            <gpxtpx:hr>173</gpxtpx:hr>
          </gpxtpx:TrackPointExtension>
        </extensions>
      </trkpt>
      <trkpt lat="22.557618282003894" lon="114.11054346646794">
        <ele>2.234894309192896</ele>
        <time>1970-01-01T00:18:01.900000Z</time>
        <extensions>
          <gpxtpx:TrackPointExtension>
            <gpxtpx:hr>173</gpxtpx:hr>
          </gpxtpx:TrackPointExtension>
        </extensions>
      </trkpt>
      <trkpt lat="22.557603637293727" lon="114.11056345275111">
        <ele>2.3745686942711473</ele>
        <time>1970-01-01T00:18:02.900000Z</time>
        <extensions>
          <gpxtpx:TrackPointExtension>
            <gpxtpx:hr>173</gpxtpx:hr>
          </gpxtpx:TrackPointExtension>
        </extensions>
      </trkpt>
      <trkpt lat="22.55758838059334" lon="114.1105834062181">
        <ele>2.5092565771192312</ele>
        <time>1970-01-01T00:18:03.900000Z</time>
        <extensions>
          <gpxtpx:TrackPointExtension>
            <gpxtpx:hr>173</gpxtpx:hr>
          </gpxtpx:TrackPointExtension>
        </extensions>
      </trkpt>
      <trkpt lat="22.5575726426545" lon="114.1106034533797">
        <ele>2.638082005083561</ele>
        <time>1970-01-01T00:18:04.900000Z</time>
        <extensions>
          <gpxtpx:TrackPointExtension>
            <gpxtpx:hr>173</gpxtpx:hr>
          </gpxtpx:TrackPointExtension>
        </extensions>
      </trkpt>
      <trkpt lat="22.557556860431585" lon="114.11062326216938">
        <ele>2.7604821771383286</ele>
        <time>1970-01-01T00:18:05.900000Z</time>
        <extensions>
          <gpxtpx:TrackPointExtension>
            <gpxtpx:hr>173</gpxtpx:hr>
          </gpxtpx:TrackPointExtension>
        </extensions>
      </trkpt>
      <trkpt lat="22.557541166833932" lon="114.11064264729124">
        <ele>2.875663449987769</ele>
        <time>1970-01-01T00:18:06.900000Z</time>
        <extensions>
          <gpxtpx:TrackPointExtension>
            <gpxtpx:hr>174</gpxtpx:hr>
          </gpxtpx:TrackPointExtension>
        </extensions>
      </trkpt>
      <trkpt lat="22.557525531676973" lon="114.1106613577353">
        <ele>2.9832610581070185</ele>
        <time>1970-01-01T00:18:07.900000Z</time>
        <extensions>
          <gpxtpx:TrackPointExtension>
            <gpxtpx:hr>174</gpxtpx:hr>
          </gpxtpx:TrackPointExtension>
        </extensions>
      </trkpt>
      <trkpt lat="22.557509917636207" lon="114.11067897152834">
        <ele>3.0838099364191294</ele>
        <time>1970-01-01T00:18:08.900000Z</time>
        <extensions>
          <gpxtpx:TrackPointExtension>
            <gpxtpx:hr>174</gpxtpx:hr>
          </gpxtpx:TrackPointExtension>
        </extensions>
      </trkpt>
      <trkpt lat="22.557494023353275" lon="114.11069495719897">
        <ele>3.1760470885783434</ele>
        <time>1970-01-01T00:18:09.900000Z</time>
        <extensions>
          <gpxtpx:TrackPointExtension>
            <gpxtpx:hr>174</gpxtpx:hr>
          </gpxtpx:TrackPointExtension>
        </extensions>
      </trkpt>
      <trkpt lat="22.557477469161185" lon="114.1107086165858">
        <ele>3.259352333843708</ele>
        <time>1970-01-01T00:18:10.900000Z</time>
        <extensions>
          <gpxtpx:TrackPointExtension>
            <gpxtpx:hr>174</gpxtpx:hr>
          </gpxtpx:TrackPointExtension>
        </extensions>
      </trkpt>
      <trkpt lat="22.557459830945405" lon="114.11071842903799">
        <ele>3.3338582878932357</ele>
        <time>1970-01-01T00:18:11.800000Z</time>
        <extensions>
          <gpxtpx:TrackPointExtension>
            <gpxtpx:hr>174</gpxtpx:hr>
          </gpxtpx:TrackPointExtension>
        </extensions>
      </trkpt>
      <trkpt lat="22.55744104982289" lon="114.11072278927905">
        <ele>3.399689618498087</ele>
        <time>1970-01-01T00:18:12.800000Z</time>
        <extensions>
          <gpxtpx:TrackPointExtension>
            <gpxtpx:hr>174</gpxtpx:hr>
          </gpxtpx:TrackPointExtension>
        </extensions>
      </trkpt>
      <trkpt lat="22.557421774897676" lon="114.1107207818324">
        <ele>3.455970156006515</ele>
        <time>1970-01-01T00:18:13.800000Z</time>
        <extensions>
          <gpxtpx:TrackPointExtension>
            <gpxtpx:hr>173</gpxtpx:hr>
          </gpxtpx:TrackPointExtension>
        </extensions>
      </trkpt>
      <trkpt lat="22.557402374161715" lon="114.11071282536076">
        <ele>3.5031570941209793</ele>
        <time>1970-01-01T00:18:14.800000Z</time>
        <extensions>
          <gpxtpx:TrackPointExtension>
            <gpxtpx:hr>173</gpxtpx:hr>
          </gpxtpx:TrackPointExtension>
        </extensions>
      </trkpt>
      <trkpt lat="22.55738303884844" lon="114.11070068670034">
        <ele>3.5420338036492467</ele>
        <time>1970-01-01T00:18:15.800000Z</time>
        <extensions>
          <gpxtpx:TrackPointExtension>
            <gpxtpx:hr>173</gpxtpx:hr>
          </gpxtpx:TrackPointExtension>
        </extensions>
      </trkpt>
      <trkpt lat="22.557364001631676" lon="114.11068609360362">
        <ele>3.5751616107299924</ele>
        <time>1970-01-01T00:18:16.800000Z</time>
        <extensions>
          <gpxtpx:TrackPointExtension>
            <gpxtpx:hr>173</gpxtpx:hr>
          </gpxtpx:TrackPointExtension>
        </extensions>
      </trkpt>
      <trkpt lat="22.557345338513603" lon="114.11067015301128">
        <ele>3.6013644859194756</ele>
        <time>1970-01-01T00:18:17.800000Z</time>
        <extensions>
          <gpxtpx:TrackPointExtension>
            <gpxtpx:hr>173</gpxtpx:hr>
          </gpxtpx:TrackPointExtension>
        </extensions>
      </trkpt>
      <trkpt lat="22.557326997443468" lon="114.1106535679426">
        <ele>3.62209889292717</ele>
        <time>1970-01-01T00:18:18.800000Z</time>
        <extensions>
          <gpxtpx:TrackPointExtension>
            <gpxtpx:hr>173</gpxtpx:hr>
          </gpxtpx:TrackPointExtension>
        </extensions>
      </trkpt>
      <trkpt lat="22.557309060955163" lon="114.11063673716389">
        <ele>3.6389787923544645</ele>
        <time>1970-01-01T00:18:19.800000Z</time>
        <extensions>
          <gpxtpx:TrackPointExtension>
            <gpxtpx:hr>173</gpxtpx:hr>
          </gpxtpx:TrackPointExtension>
        </extensions>
      </trkpt>
      <trkpt lat="22.557291689045748" lon="114.11061982045234">
        <ele>3.6511790081858635</ele>
        <time>1970-01-01T00:18:20.800000Z</time>
        <extensions>
          <gpxtpx:TrackPointExtension>
            <gpxtpx:hr>173</gpxtpx:hr>
          </gpxtpx:TrackPointExtension>
        </extensions>
      </trkpt>
      <trkpt lat="22.557274834207817" lon="114.11060288430657">
        <ele>3.658512412570417</ele>
        <time>1970-01-01T00:18:21.800000Z</time>
        <extensions>
          <gpxtpx:TrackPointExtension>
            <gpxtpx:hr>173</gpxtpx:hr>
          </gpxtpx:TrackPointExtension>
        </extensions>
      </trkpt>
      <trkpt lat="22.557258264273052" lon="114.11058590367277">
        <ele>3.660611697472632</ele>
        <time>1970-01-01T00:18:22.800000Z</time>
        <extensions>
          <gpxtpx:TrackPointExtension>
            <gpxtpx:hr>172</gpxtpx:hr>
          </gpxtpx:TrackPointExtension>
        </extensions>
      </trkpt>
      <trkpt lat="22.5572415688972" lon="114.11056878607661">
        <ele>3.6581583162769675</ele>
        <time>1970-01-01T00:18:23.800000Z</time>
        <extensions>
          <gpxtpx:TrackPointExtension>
            <gpxtpx:hr>172</gpxtpx:hr>
          </gpxtpx:TrackPointExtension>
        </extensions>
      </trkpt>
      <trkpt lat="22.557224686258184" lon="114.11055154634697">
        <ele>3.654417807236314</ele>
        <time>1970-01-01T00:18:24.800000Z</time>
        <extensions>
          <gpxtpx:TrackPointExtension>
            <gpxtpx:hr>172</gpxtpx:hr>
          </gpxtpx:TrackPointExtension>
        </extensions>
      </trkpt>
      <trkpt lat="22.55720769821715" lon="114.11053436352911">
        <ele>3.6505594132468104</ele>
        <time>1970-01-01T00:18:25.800000Z</time>
        <extensions>
          <gpxtpx:TrackPointExtension>
            <gpxtpx:hr>172</gpxtpx:hr>
          </gpxtpx:TrackPointExtension>
        </extensions>
      </trkpt>
      <trkpt lat="22.55719081489968" lon="114.11051749418371">
        <ele>3.6461074454709888</ele>
        <time>1970-01-01T00:18:26.800000Z</time>
        <extensions>
          <gpxtpx:TrackPointExtension>
            <gpxtpx:hr>172</gpxtpx:hr>
          </gpxtpx:TrackPointExtension>
        </extensions>
      </trkpt>
      <trkpt lat="22.55717430286638" lon="114.11050089689488">
        <ele>3.6405305340886116</ele>
        <time>1970-01-01T00:18:27.800000Z</time>
        <extensions>
          <gpxtpx:TrackPointExtension>
            <gpxtpx:hr>172</gpxtpx:hr>
          </gpxtpx:TrackPointExtension>
        </extensions>
      </trkpt>
      <trkpt lat="22.557158011081523" lon="114.11048469149549">
        <ele>3.6340369526296854</ele>
        <time>1970-01-01T00:18:28.800000Z</time>
        <extensions>
          <gpxtpx:TrackPointExtension>
            <gpxtpx:hr>172</gpxtpx:hr>
          </gpxtpx:TrackPointExtension>
        </extensions>
      </trkpt>
      <trkpt lat="22.55714199460487" lon="114.11046864412796">
        <ele>3.62958144210279</ele>
        <time>1970-01-01T00:18:29.800000Z</time>
        <extensions>
          <gpxtpx:TrackPointExtension>
            <gpxtpx:hr>172</gpxtpx:hr>
          </gpxtpx:TrackPointExtension>
        </extensions>
      </trkpt>
      <trkpt lat="22.55712637457411" lon="114.1104523113042">
        <ele>3.628477298654616</ele>
        <time>1970-01-01T00:18:30.800000Z</time>
        <extensions>
          <gpxtpx:TrackPointExtension>
            <gpxtpx:hr>172</gpxtpx:hr>
          </gpxtpx:TrackPointExtension>
        </extensions>
      </trkpt>
      <trkpt lat="22.557110586008175" lon="114.11043627159071">
        <ele>3.6280078273266554</ele>
        <time>1970-01-01T00:18:31.800000Z</time>
        <extensions>
          <gpxtpx:TrackPointExtension>
            <gpxtpx:hr>172</gpxtpx:hr>
          </gpxtpx:TrackPointExtension>
        </extensions>
      </trkpt>
      <trkpt lat="22.557094262344442" lon="114.1104208196494">
        <ele>3.6261129258200526</ele>
        <time>1970-01-01T00:18:32.800000Z</time>
        <extensions>
          <gpxtpx:TrackPointExtension>
            <gpxtpx:hr>172</gpxtpx:hr>
          </gpxtpx:TrackPointExtension>
        </extensions>
      </trkpt>
      <trkpt lat="22.55707738916792" lon="114.11040577865943">
        <ele>3.6299982368946075</ele>
        <time>1970-01-01T00:18:33.800000Z</time>
        <extensions>
          <gpxtpx:TrackPointExtension>
            <gpxtpx:hr>172</gpxtpx:hr>
          </gpxtpx:TrackPointExtension>
        </extensions>
      </trkpt>
      <trkpt lat="22.557059904442266" lon="114.1103911016254">
        <ele>3.635917111299932</ele>
        <time>1970-01-01T00:18:34.700000Z</time>
        <extensions>
          <gpxtpx:TrackPointExtension>
            <gpxtpx:hr>172</gpxtpx:hr>
          </gpxtpx:TrackPointExtension>
        </extensions>
      </trkpt>
      <trkpt lat="22.557041833375504" lon="114.11037724493154">
        <ele>3.642902514897287</ele>
        <time>1970-01-01T00:18:35.700000Z</time>
        <extensions>
          <gpxtpx:TrackPointExtension>
            <gpxtpx:hr>172</gpxtpx:hr>
          </gpxtpx:TrackPointExtension>
        </extensions>
      </trkpt>
      <trkpt lat="22.557023059454806" lon="114.1103651041836">
        <ele>3.6534191695973277</ele>
        <time>1970-01-01T00:18:36.700000Z</time>
        <extensions>
          <gpxtpx:TrackPointExtension>
            <gpxtpx:hr>172</gpxtpx:hr>
          </gpxtpx:TrackPointExtension>
        </extensions>
      </trkpt>
      <trkpt lat="22.557003848254872" lon="114.11035539018944">
        <ele>3.663893644697964</ele>
        <time>1970-01-01T00:18:37.700000Z</time>
        <extensions>
          <gpxtpx:TrackPointExtension>
            <gpxtpx:hr>172</gpxtpx:hr>
          </gpxtpx:TrackPointExtension>
        </extensions>
      </trkpt>
      <trkpt lat="22.55698493790526" lon="114.1103486212828">
        <ele>3.6754478104412556</ele>
        <time>1970-01-01T00:18:38.700000Z</time>
        <extensions>
          <gpxtpx:TrackPointExtension>
            <gpxtpx:hr>172</gpxtpx:hr>
          </gpxtpx:TrackPointExtension>
        </extensions>
      </trkpt>
      <trkpt lat="22.556967825558473" lon="114.11034492190606">
        <ele>3.689647021703422</ele>
        <time>1970-01-01T00:18:39.700000Z</time>
        <extensions>
          <gpxtpx:TrackPointExtension>
            <gpxtpx:hr>172</gpxtpx:hr>
          </gpxtpx:TrackPointExtension>
        </extensions>
      </trkpt>
      <trkpt lat="22.556954797007926" lon="114.11034503729657">
        <ele>3.7019991166889668</ele>
        <time>1970-01-01T00:18:40.700000Z</time>
        <extensions>
          <gpxtpx:TrackPointExtension>
            <gpxtpx:hr>172</gpxtpx:hr>
          </gpxtpx:TrackPointExtension>
        </extensions>
      </trkpt>
      <trkpt lat="22.55694805350588" lon="114.11034874795897">
        <ele>3.7120732311159372</ele>
        <time>1970-01-01T00:18:41.700000Z</time>
        <extensions>
          <gpxtpx:TrackPointExtension>
            <gpxtpx:hr>172</gpxtpx:hr>
          </gpxtpx:TrackPointExtension>
        </extensions>
      </trkpt>
      <trkpt lat="22.55694798631535" lon="114.11035424728556">
        <ele>3.7227848786860704</ele>
        <time>1970-01-01T00:18:42.700000Z</time>
        <extensions>
          <gpxtpx:TrackPointExtension>
            <gpxtpx:hr>172</gpxtpx:hr>
          </gpxtpx:TrackPointExtension>
        </extensions>
      </trkpt>
      <trkpt lat="22.55695381226013" lon="114.11036090495301">
        <ele>3.7307717287912965</ele>
        <time>1970-01-01T00:18:43.700000Z</time>
        <extensions>
          <gpxtpx:TrackPointExtension>
            <gpxtpx:hr>172</gpxtpx:hr>
          </gpxtpx:TrackPointExtension>
        </extensions>
      </trkpt>
      <trkpt lat="22.556964994817125" lon="114.11036893883609">
        <ele>3.735262365080416</ele>
        <time>1970-01-01T00:18:44.700000Z</time>
        <extensions>
          <gpxtpx:TrackPointExtension>
            <gpxtpx:hr>172</gpxtpx:hr>
          </gpxtpx:TrackPointExtension>
        </extensions>
      </trkpt>
      <trkpt lat="22.556980268765187" lon="114.1103787728993">
        <ele>3.743104546330869</ele>
        <time>1970-01-01T00:18:45.700000Z</time>
        <extensions>
          <gpxtpx:TrackPointExtension>
            <gpxtpx:hr>172</gpxtpx:hr>
          </gpxtpx:TrackPointExtension>
        </extensions>
      </trkpt>
      <trkpt lat="22.55699789247834" lon="114.11039041113831">
        <ele>3.7575826290994883</ele>
        <time>1970-01-01T00:18:46.700000Z</time>
        <extensions>
          <gpxtpx:TrackPointExtension>
            <gpxtpx:hr>172</gpxtpx:hr>
          </gpxtpx:TrackPointExtension>
        </extensions>
      </trkpt>
      <trkpt lat="22.557016778223858" lon="114.11040345305734">
        <ele>3.7781426245346665</ele>
        <time>1970-01-01T00:18:47.700000Z</time>
        <extensions>
          <gpxtpx:TrackPointExtension>
            <gpxtpx:hr>172</gpxtpx:hr>
          </gpxtpx:TrackPointExtension>
        </extensions>
      </trkpt>
      <trkpt lat="22.557036505290874" lon="114.11041760074306">
        <ele>3.7995645133778453</ele>
        <time>1970-01-01T00:18:48.700000Z</time>
        <extensions>
          <gpxtpx:TrackPointExtension>
            <gpxtpx:hr>172</gpxtpx:hr>
          </gpxtpx:TrackPointExtension>
        </extensions>
      </trkpt>
      <trkpt lat="22.557056680594297" lon="114.1104325976878">
        <ele>3.8226190973073244</ele>
        <time>1970-01-01T00:18:49.700000Z</time>
        <extensions>
          <gpxtpx:TrackPointExtension>
            <gpxtpx:hr>171</gpxtpx:hr>
          </gpxtpx:TrackPointExtension>
        </extensions>
      </trkpt>
      <trkpt lat="22.55707708061516" lon="114.11044821998021">
        <ele>3.848160027526319</ele>
        <time>1970-01-01T00:18:50.700000Z</time>
        <extensions>
          <gpxtpx:TrackPointExtension>
            <gpxtpx:hr>171</gpxtpx:hr>
          </gpxtpx:TrackPointExtension>
        </extensions>
      </trkpt>
      <trkpt lat="22.557097775399434" lon="114.11046434256167">
        <ele>3.8786963522434235</ele>
        <time>1970-01-01T00:18:51.700000Z</time>
        <extensions>
          <gpxtpx:TrackPointExtension>
            <gpxtpx:hr>171</gpxtpx:hr>
          </gpxtpx:TrackPointExtension>
        </extensions>
      </trkpt>
      <trkpt lat="22.557118619356228" lon="114.11048095285132">
        <ele>3.9121992979198694</ele>
        <time>1970-01-01T00:18:52.700000Z</time>
        <extensions>
          <gpxtpx:TrackPointExtension>
            <gpxtpx:hr>171</gpxtpx:hr>
          </gpxtpx:TrackPointExtension>
        </extensions>
      </trkpt>
      <trkpt lat="22.557139223749644" lon="114.11049774775871">
        <ele>3.9453947572037578</ele>
        <time>1970-01-01T00:18:53.700000Z</time>
        <extensions>
          <gpxtpx:TrackPointExtension>
            <gpxtpx:hr>171</gpxtpx:hr>
          </gpxtpx:TrackPointExtension>
        </extensions>
      </trkpt>
      <trkpt lat="22.557159342511707" lon="114.11051446223229">
        <ele>3.980046384036541</ele>
        <time>1970-01-01T00:18:54.700000Z</time>
        <extensions>
          <gpxtpx:TrackPointExtension>
            <gpxtpx:hr>171</gpxtpx:hr>
          </gpxtpx:TrackPointExtension>
        </extensions>
      </trkpt>
      <trkpt lat="22.557178998570137" lon="114.11053101986755">
        <ele>4.015255881473422</ele>
        <time>1970-01-01T00:18:55.700000Z</time>
        <extensions>
          <gpxtpx:TrackPointExtension>
            <gpxtpx:hr>171</gpxtpx:hr>
          </gpxtpx:TrackPointExtension>
        </extensions>
      </trkpt>
      <trkpt lat="22.557198471979316" lon="114.11054748770762">
        <ele>4.047102063894272</ele>
        <time>1970-01-01T00:18:56.700000Z</time>
        <extensions>
          <gpxtpx:TrackPointExtension>
            <gpxtpx:hr>171</gpxtpx:hr>
          </gpxtpx:TrackPointExtension>
        </extensions>
      </trkpt>
      <trkpt lat="22.557217788721147" lon="114.11056391505895">
        <ele>4.076893915422261</ele>
        <time>1970-01-01T00:18:57.700000Z</time>
        <extensions>
          <gpxtpx:TrackPointExtension>
            <gpxtpx:hr>171</gpxtpx:hr>
          </gpxtpx:TrackPointExtension>
        </extensions>
      </trkpt>
      <trkpt lat="22.557236894624936" lon="114.1105802669586">
        <ele>4.103427066467702</ele>
        <time>1970-01-01T00:18:58.600000Z</time>
        <extensions>
          <gpxtpx:TrackPointExtension>
            <gpxtpx:hr>171</gpxtpx:hr>
          </gpxtpx:TrackPointExtension>
        </extensions>
      </trkpt>
      <trkpt lat="22.557255823278258" lon="114.11059648257631">
        <ele>4.124408998526633</ele>
        <time>1970-01-01T00:18:59.600000Z</time>
        <extensions>
          <gpxtpx:TrackPointExtension>
            <gpxtpx:hr>171</gpxtpx:hr>
          </gpxtpx:TrackPointExtension>
        </extensions>
      </trkpt>
      <trkpt lat="22.557274677182217" lon="114.11061253914289">
        <ele>4.140434402041137</ele>
        <time>1970-01-01T00:19:00.600000Z</time>
        <extensions>
          <gpxtpx:TrackPointExtension>
            <gpxtpx:hr>171</gpxtpx:hr>
          </gpxtpx:TrackPointExtension>
        </extensions>
      </trkpt>
      <trkpt lat="22.55729338817714" lon="114.11062850514573">
        <ele>4.155090185813606</ele>
        <time>1970-01-01T00:19:01.600000Z</time>
        <extensions>
          <gpxtpx:TrackPointExtension>
            <gpxtpx:hr>171</gpxtpx:hr>
          </gpxtpx:TrackPointExtension>
        </extensions>
      </trkpt>
      <trkpt lat="22.557311855529676" lon="114.11064438706873">
        <ele>4.16356520075351</ele>
        <time>1970-01-01T00:19:02.600000Z</time>
        <extensions>
          <gpxtpx:TrackPointExtension>
            <gpxtpx:hr>171</gpxtpx:hr>
          </gpxtpx:TrackPointExtension>
        </extensions>
      </trkpt>
      <trkpt lat="22.557330268859296" lon="114.11066024125331">
        <ele>4.164979922585189</ele>
        <time>1970-01-01T00:19:03.600000Z</time>
        <extensions>
          <gpxtpx:TrackPointExtension>
            <gpxtpx:hr>171</gpxtpx:hr>
          </gpxtpx:TrackPointExtension>
        </extensions>
      </trkpt>
      <trkpt lat="22.557348859332972" lon="114.11067597390249">
        <ele>4.160834839567542</ele>
        <time>1970-01-01T00:19:04.600000Z</time>
        <extensions>
          <gpxtpx:TrackPointExtension>
            <gpxtpx:hr>171</gpxtpx:hr>
          </gpxtpx:TrackPointExtension>
        </extensions>
      </trkpt>
      <trkpt lat="22.557367614778823" lon="114.11069127979798">
        <ele>4.1460607424378395</ele>
        <time>1970-01-01T00:19:05.600000Z</time>
        <extensions>
          <gpxtpx:TrackPointExtension>
            <gpxtpx:hr>171</gpxtpx:hr>
          </gpxtpx:TrackPointExtension>
        </extensions>
      </trkpt>
      <trkpt lat="22.557386441047736" lon="114.11070565663478">
        <ele>4.125947534106672</ele>
        <time>1970-01-01T00:19:06.600000Z</time>
        <extensions>
          <gpxtpx:TrackPointExtension>
            <gpxtpx:hr>171</gpxtpx:hr>
          </gpxtpx:TrackPointExtension>
        </extensions>
      </trkpt>
      <trkpt lat="22.55740561513221" lon="114.11071856230734">
        <ele>4.102458195760846</ele>
        <time>1970-01-01T00:19:07.600000Z</time>
        <extensions>
          <gpxtpx:TrackPointExtension>
            <gpxtpx:hr>171</gpxtpx:hr>
          </gpxtpx:TrackPointExtension>
        </extensions>
      </trkpt>
      <trkpt lat="22.55742528279601" lon="114.1107290463671">
        <ele>4.070615463890135</ele>
        <time>1970-01-01T00:19:08.600000Z</time>
        <extensions>
          <gpxtpx:TrackPointExtension>
            <gpxtpx:hr>171</gpxtpx:hr>
          </gpxtpx:TrackPointExtension>
        </extensions>
      </trkpt>
      <trkpt lat="22.557445156612648" lon="114.11073588010872">
        <ele>4.032834474928677</ele>
        <time>1970-01-01T00:19:09.600000Z</time>
        <extensions>
          <gpxtpx:TrackPointExtension>
            <gpxtpx:hr>171</gpxtpx:hr>
          </gpxtpx:TrackPointExtension>
        </extensions>
      </trkpt>
      <trkpt lat="22.557464486631932" lon="114.11073761711602">
        <ele>3.983540137298405</ele>
        <time>1970-01-01T00:19:10.600000Z</time>
        <extensions>
          <gpxtpx:TrackPointExtension>
            <gpxtpx:hr>171</gpxtpx:hr>
          </gpxtpx:TrackPointExtension>
        </extensions>
      </trkpt>
      <trkpt lat="22.557482473584606" lon="114.1107330388135">
        <ele>3.92349436506629</ele>
        <time>1970-01-01T00:19:11.600000Z</time>
        <extensions>
          <gpxtpx:TrackPointExtension>
            <gpxtpx:hr>171</gpxtpx:hr>
          </gpxtpx:TrackPointExtension>
        </extensions>
      </trkpt>
      <trkpt lat="22.557498963479745" lon="114.11072231304021">
        <ele>3.852825799025595</ele>
        <time>1970-01-01T00:19:12.600000Z</time>
        <extensions>
          <gpxtpx:TrackPointExtension>
            <gpxtpx:hr>171</gpxtpx:hr>
          </gpxtpx:TrackPointExtension>
        </extensions>
      </trkpt>
      <trkpt lat="22.557514545459433" lon="114.11070639610759">
        <ele>3.7728271996602416</ele>
        <time>1970-01-01T00:19:13.600000Z</time>
        <extensions>
          <gpxtpx:TrackPointExtension>
            <gpxtpx:hr>171</gpxtpx:hr>
          </gpxtpx:TrackPointExtension>
        </extensions>
      </trkpt>
      <trkpt lat="22.557529601923953" lon="114.11068685126448">
        <ele>3.683980361558497</ele>
        <time>1970-01-01T00:19:14.600000Z</time>
        <extensions>
          <gpxtpx:TrackPointExtension>
            <gpxtpx:hr>171</gpxtpx:hr>
          </gpxtpx:TrackPointExtension>
        </extensions>
      </trkpt>
      <trkpt lat="22.557543922420994" lon="114.11066556136079">
        <ele>3.585645468905568</ele>
        <time>1970-01-01T00:19:15.600000Z</time>
        <extensions>
          <gpxtpx:TrackPointExtension>
            <gpxtpx:hr>171</gpxtpx:hr>
          </gpxtpx:TrackPointExtension>
        </extensions>
      </trkpt>
      <trkpt lat="22.557557603724995" lon="114.11064393548908">
        <ele>3.4795462479814887</ele>
        <time>1970-01-01T00:19:16.600000Z</time>
        <extensions>
          <gpxtpx:TrackPointExtension>
            <gpxtpx:hr>171</gpxtpx:hr>
          </gpxtpx:TrackPointExtension>
        </extensions>
      </trkpt>
      <trkpt lat="22.557570918891514" lon="114.11062263349343">
        <ele>3.3663391694426537</ele>
        <time>1970-01-01T00:19:17.600000Z</time>
        <extensions>
          <gpxtpx:TrackPointExtension>
            <gpxtpx:hr>171</gpxtpx:hr>
          </gpxtpx:TrackPointExtension>
        </extensions>
      </trkpt>
      <trkpt lat="22.55758424362824" lon="114.11060162750691">
        <ele>3.2410649452358484</ele>
        <time>1970-01-01T00:19:18.600000Z</time>
        <extensions>
          <gpxtpx:TrackPointExtension>
            <gpxtpx:hr>171</gpxtpx:hr>
          </gpxtpx:TrackPointExtension>
        </extensions>
      </trkpt>
      <trkpt lat="22.557598011799715" lon="114.11058070168464">
        <ele>3.1068526338785887</ele>
        <time>1970-01-01T00:19:19.600000Z</time>
        <extensions>
          <gpxtpx:TrackPointExtension>
            <gpxtpx:hr>171</gpxtpx:hr>
          </gpxtpx:TrackPointExtension>
        </extensions>
      </trkpt>
      <trkpt lat="22.557612634386135" lon="114.11055988171235">
        <ele>2.96521080378443</ele>
        <time>1970-01-01T00:19:20.600000Z</time>
        <extensions>
          <gpxtpx:TrackPointExtension>
            <gpxtpx:hr>171</gpxtpx:hr>
          </gpxtpx:TrackPointExtension>
        </extensions>
      </trkpt>
      <trkpt lat="22.557627466286668" lon="114.11053874609335">
        <ele>2.814697552472353</ele>
        <time>1970-01-01T00:19:21.500000Z</time>
        <extensions>
          <gpxtpx:TrackPointExtension>
            <gpxtpx:hr>172</gpxtpx:hr>
          </gpxtpx:TrackPointExtension>
        </extensions>
      </trkpt>
      <trkpt lat="22.557641769194994" lon="114.11051694836118">
        <ele>2.656613914296031</ele>
        <time>1970-01-01T00:19:22.500000Z</time>
        <extensions>
          <gpxtpx:TrackPointExtension>
            <gpxtpx:hr>172</gpxtpx:hr>
          </gpxtpx:TrackPointExtension>
        </extensions>
      </trkpt>
      <trkpt lat="22.557655564097747" lon="114.11049502504827">
        <ele>2.4958067648112774</ele>
        <time>1970-01-01T00:19:23.500000Z</time>
        <extensions>
          <gpxtpx:TrackPointExtension>
            <gpxtpx:hr>172</gpxtpx:hr>
          </gpxtpx:TrackPointExtension>
        </extensions>
      </trkpt>
      <trkpt lat="22.55766871529314" lon="114.11047357185237">
        <ele>2.3312930865213275</ele>
        <time>1970-01-01T00:19:24.500000Z</time>
        <extensions>
          <gpxtpx:TrackPointExtension>
            <gpxtpx:hr>172</gpxtpx:hr>
          </gpxtpx:TrackPointExtension>
        </extensions>
      </trkpt>
      <trkpt lat="22.557681230713982" lon="114.11045268069408">
        <ele>2.16216129809618</ele>
        <time>1970-01-01T00:19:25.500000Z</time>
        <extensions>
          <gpxtpx:TrackPointExtension>
            <gpxtpx:hr>172</gpxtpx:hr>
          </gpxtpx:TrackPointExtension>
        </extensions>
      </trkpt>
      <trkpt lat="22.557693359668242" lon="114.11043191459775">
        <ele>1.989777686074376</ele>
        <time>1970-01-01T00:19:26.500000Z</time>
        <extensions>
          <gpxtpx:TrackPointExtension>
            <gpxtpx:hr>172</gpxtpx:hr>
          </gpxtpx:TrackPointExtension>
        </extensions>
      </trkpt>
      <trkpt lat="22.557705412723458" lon="114.11041099317848">
        <ele>1.8164051221683621</ele>
        <time>1970-01-01T00:19:27.500000Z</time>
        <extensions>
          <gpxtpx:TrackPointExtension>
            <gpxtpx:hr>172</gpxtpx:hr>
          </gpxtpx:TrackPointExtension>
        </extensions>
      </trkpt>
      <trkpt lat="22.557717420987437" lon="114.11038996232143">
        <ele>1.6404263190925121</ele>
        <time>1970-01-01T00:19:28.500000Z</time>
        <extensions>
          <gpxtpx:TrackPointExtension>
            <gpxtpx:hr>170</gpxtpx:hr>
          </gpxtpx:TrackPointExtension>
        </extensions>
      </trkpt>
      <trkpt lat="22.557729169615932" lon="114.11036889323691">
        <ele>1.4596609333530068</ele>
        <time>1970-01-01T00:19:29.500000Z</time>
        <extensions>
          <gpxtpx:TrackPointExtension>
            <gpxtpx:hr>170</gpxtpx:hr>
          </gpxtpx:TrackPointExtension>
        </extensions>
      </trkpt>
      <trkpt lat="22.557740326801355" lon="114.11034813120473">
        <ele>1.2748453253880143</ele>
        <time>1970-01-01T00:19:30.500000Z</time>
        <extensions>
          <gpxtpx:TrackPointExtension>
            <gpxtpx:hr>170</gpxtpx:hr>
          </gpxtpx:TrackPointExtension>
        </extensions>
      </trkpt>
      <trkpt lat="22.557750141039676" lon="114.11032849139083">
        <ele>1.090649246238172</ele>
        <time>1970-01-01T00:19:31.500000Z</time>
        <extensions>
          <gpxtpx:TrackPointExtension>
            <gpxtpx:hr>170</gpxtpx:hr>
          </gpxtpx:TrackPointExtension>
        </extensions>
      </trkpt>
      <trkpt lat="22.557757045559313" lon="114.1103109042385">
        <ele>0.9072275450453162</ele>
        <time>1970-01-01T00:19:32.500000Z</time>
        <extensions>
          <gpxtpx:TrackPointExtension>
            <gpxtpx:hr>170</gpxtpx:hr>
          </gpxtpx:TrackPointExtension>
        </extensions>
      </trkpt>
      <trkpt lat="22.557759240595562" lon="114.1102964441565">
        <ele>0.7256422508507967</ele>
        <time>1970-01-01T00:19:33.500000Z</time>
        <extensions>
          <gpxtpx:TrackPointExtension>
            <gpxtpx:hr>171</gpxtpx:hr>
          </gpxtpx:TrackPointExtension>
        </extensions>
      </trkpt>
      <trkpt lat="22.557755434949648" lon="114.11028440376958">
        <ele>0.5457055745646358</ele>
        <time>1970-01-01T00:19:34.500000Z</time>
        <extensions>
          <gpxtpx:TrackPointExtension>
            <gpxtpx:hr>171</gpxtpx:hr>
          </gpxtpx:TrackPointExtension>
        </extensions>
      </trkpt>
      <trkpt lat="22.557745791498228" lon="114.11027391613146">
        <ele>0.37369611859321594</ele>
        <time>1970-01-01T00:19:35.500000Z</time>
        <extensions>
          <gpxtpx:TrackPointExtension>
            <gpxtpx:hr>171</gpxtpx:hr>
          </gpxtpx:TrackPointExtension>
        </extensions>
      </trkpt>
      <trkpt lat="22.5577302920792" lon="114.1102641793385">
        <ele>0.2083470458164811</ele>
        <time>1970-01-01T00:19:36.500000Z</time>
        <extensions>
          <gpxtpx:TrackPointExtension>
            <gpxtpx:hr>171</gpxtpx:hr>
          </gpxtpx:TrackPointExtension>
        </extensions>
      </trkpt>
      <trkpt lat="22.557709833304063" lon="114.11025418374605">
        <ele>0.049204942770302296</ele>
        <time>1970-01-01T00:19:37.500000Z</time>
        <extensions>
          <gpxtpx:TrackPointExtension>
            <gpxtpx:hr>167</gpxtpx:hr>
          </gpxtpx:TrackPointExtension>
        </extensions>
      </trkpt>
      <trkpt lat="22.557687004014763" lon="114.11024469522414">
        <ele>-0.10196450538933277</ele>
        <time>1970-01-01T00:19:38.500000Z</time>
        <extensions>
          <gpxtpx:TrackPointExtension>
            <gpxtpx:hr>167</gpxtpx:hr>
          </gpxtpx:TrackPointExtension>
        </extensions>
      </trkpt>
      <trkpt lat="22.557663188447084" lon="114.11023583268512">
        <ele>-0.24512241873890162</ele>
        <time>1970-01-01T00:19:39.500000Z</time>
        <extensions>
          <gpxtpx:TrackPointExtension>
            <gpxtpx:hr>167</gpxtpx:hr>
          </gpxtpx:TrackPointExtension>
        </extensions>
      </trkpt>
      <trkpt lat="22.55763884495574" lon="114.11022710725409">
        <ele>-0.3822575071826577</ele>
        <time>1970-01-01T00:19:40.500000Z</time>
        <extensions>
          <gpxtpx:TrackPointExtension>
            <gpxtpx:hr>167</gpxtpx:hr>
          </gpxtpx:TrackPointExtension>
        </extensions>
      </trkpt>
      <trkpt lat="22.557614025008814" lon="114.11021814058924">
        <ele>-0.5107824150472879</ele>
        <time>1970-01-01T00:19:41.500000Z</time>
        <extensions>
          <gpxtpx:TrackPointExtension>
            <gpxtpx:hr>167</gpxtpx:hr>
          </gpxtpx:TrackPointExtension>
        </extensions>
      </trkpt>
      <trkpt lat="22.557588753247195" lon="114.1102087539279">
        <ele>-0.6318842563778162</ele>
        <time>1970-01-01T00:19:42.500000Z</time>
        <extensions>
          <gpxtpx:TrackPointExtension>
            <gpxtpx:hr>167</gpxtpx:hr>
          </gpxtpx:TrackPointExtension>
        </extensions>
      </trkpt>
      <trkpt lat="22.557563468809278" lon="114.11019902795627">
        <ele>-0.7462286278605461</ele>
        <time>1970-01-01T00:19:43.500000Z</time>
        <extensions>
          <gpxtpx:TrackPointExtension>
            <gpxtpx:hr>167</gpxtpx:hr>
          </gpxtpx:TrackPointExtension>
        </extensions>
      </trkpt>
      <trkpt lat="22.557538866178476" lon="114.11018890161763">
        <ele>-0.853810254484415</ele>
        <time>1970-01-01T00:19:44.400000Z</time>
        <extensions>
          <gpxtpx:TrackPointExtension>
            <gpxtpx:hr>167</gpxtpx:hr>
          </gpxtpx:TrackPointExtension>
        </extensions>
      </trkpt>
      <trkpt lat="22.55751511974268" lon="114.1101777824557">
        <ele>-0.9543086532503366</ele>
        <time>1970-01-01T00:19:45.400000Z</time>
        <extensions>
          <gpxtpx:TrackPointExtension>
            <gpxtpx:hr>167</gpxtpx:hr>
          </gpxtpx:TrackPointExtension>
        </extensions>
      </trkpt>
      <trkpt lat="22.557492190308633" lon="114.11016499655751">
        <ele>-1.048585219308734</ele>
        <time>1970-01-01T00:19:46.400000Z</time>
        <extensions>
          <gpxtpx:TrackPointExtension>
            <gpxtpx:hr>167</gpxtpx:hr>
          </gpxtpx:TrackPointExtension>
        </extensions>
      </trkpt>
      <trkpt lat="22.557470293407707" lon="114.11015053221341">
        <ele>-1.1371703315526247</ele>
        <time>1970-01-01T00:19:47.400000Z</time>
        <extensions>
          <gpxtpx:TrackPointExtension>
            <gpxtpx:hr>167</gpxtpx:hr>
          </gpxtpx:TrackPointExtension>
        </extensions>
      </trkpt>
      <trkpt lat="22.557449163650777" lon="114.11013517999594">
        <ele>-1.2175877187401056</ele>
        <time>1970-01-01T00:19:48.400000Z</time>
        <extensions>
          <gpxtpx:TrackPointExtension>
            <gpxtpx:hr>166</gpxtpx:hr>
          </gpxtpx:TrackPointExtension>
        </extensions>
      </trkpt>
      <trkpt lat="22.557428373272423" lon="114.1101197819046">
        <ele>-1.290830573067069</ele>
        <time>1970-01-01T00:19:49.400000Z</time>
        <extensions>
          <gpxtpx:TrackPointExtension>
            <gpxtpx:hr>166</gpxtpx:hr>
          </gpxtpx:TrackPointExtension>
        </extensions>
      </trkpt>
      <trkpt lat="22.55740764791408" lon="114.11010469173567">
        <ele>-1.3562500104308128</ele>
        <time>1970-01-01T00:19:50.400000Z</time>
        <extensions>
          <gpxtpx:TrackPointExtension>
            <gpxtpx:hr>166</gpxtpx:hr>
          </gpxtpx:TrackPointExtension>
        </extensions>
      </trkpt>
      <trkpt lat="22.557386885613568" lon="114.11009005401978">
        <ele>-1.415630454197526</ele>
        <time>1970-01-01T00:19:51.400000Z</time>
        <extensions>
          <gpxtpx:TrackPointExtension>
            <gpxtpx:hr>166</gpxtpx:hr>
          </gpxtpx:TrackPointExtension>
        </extensions>
      </trkpt>
      <trkpt lat="22.55736604021254" lon="114.11007573938268">
        <ele>-1.4707544147968292</ele>
        <time>1970-01-01T00:19:52.400000Z</time>
        <extensions>
          <gpxtpx:TrackPointExtension>
            <gpxtpx:hr>166</gpxtpx:hr>
          </gpxtpx:TrackPointExtension>
        </extensions>
      </trkpt>
      <trkpt lat="22.557345011329765" lon="114.1100613407596">
        <ele>-1.5218329280614853</ele>
        <time>1970-01-01T00:19:53.400000Z</time>
        <extensions>
          <gpxtpx:TrackPointExtension>
            <gpxtpx:hr>165</gpxtpx:hr>
          </gpxtpx:TrackPointExtension>
        </extensions>
      </trkpt>
      <trkpt lat="22.557324137984644" lon="114.11004651971528">
        <ele>-1.568409106694162</ele>
        <time>1970-01-01T00:19:54.400000Z</time>
        <extensions>
          <gpxtpx:TrackPointExtension>
            <gpxtpx:hr>165</gpxtpx:hr>
          </gpxtpx:TrackPointExtension>
        </extensions>
      </trkpt>
      <trkpt lat="22.55730362121074" lon="114.11003123213595">
        <ele>-1.6129179410636425</ele>
        <time>1970-01-01T00:19:55.400000Z</time>
        <extensions>
          <gpxtpx:TrackPointExtension>
            <gpxtpx:hr>165</gpxtpx:hr>
          </gpxtpx:TrackPointExtension>
        </extensions>
      </trkpt>
      <trkpt lat="22.557283670568793" lon="114.11001527664153">
        <ele>-1.655446009710431</ele>
        <time>1970-01-01T00:19:56.400000Z</time>
        <extensions>
          <gpxtpx:TrackPointExtension>
            <gpxtpx:hr>165</gpxtpx:hr>
          </gpxtpx:TrackPointExtension>
        </extensions>
      </trkpt>
      <trkpt lat="22.55726386640702" lon="114.10999942949314">
        <ele>-1.6970115881413221</ele>
        <time>1970-01-01T00:19:57.400000Z</time>
        <extensions>
          <gpxtpx:TrackPointExtension>
            <gpxtpx:hr>165</gpxtpx:hr>
          </gpxtpx:TrackPointExtension>
        </extensions>
      </trkpt>
      <trkpt lat="22.557243641311818" lon="114.10998453470546">
        <ele>-1.738110606558621</ele>
        <time>1970-01-01T00:19:58.400000Z</time>
        <extensions>
          <gpxtpx:TrackPointExtension>
            <gpxtpx:hr>165</gpxtpx:hr>
          </gpxtpx:TrackPointExtension>
        </extensions>
      </trkpt>
      <trkpt lat="22.557223217663907" lon="114.10997032850626">
        <ele>-1.7794712949544191</ele>
        <time>1970-01-01T00:19:59.400000Z</time>
        <extensions>
          <gpxtpx:TrackPointExtension>
            <gpxtpx:hr>165</gpxtpx:hr>
          </gpxtpx:TrackPointExtension>
        </extensions>
      </trkpt>
      <trkpt lat="22.5572026519464" lon="114.10995630774043">
        <ele>-1.8247323837131262</ele>
        <time>1970-01-01T00:20:00.400000Z</time>
        <extensions>
          <gpxtpx:TrackPointExtension>
            <gpxtpx:hr>165</gpxtpx:hr>
          </gpxtpx:TrackPointExtension>
        </extensions>
      </trkpt>
      <trkpt lat="22.557181982817674" lon="114.10994222884749">
        <ele>-1.8702752571552992</ele>
        <time>1970-01-01T00:20:01.400000Z</time>
        <extensions>
          <gpxtpx:TrackPointExtension>
            <gpxtpx:hr>165</gpxtpx:hr>
          </gpxtpx:TrackPointExtension>
        </extensions>
      </trkpt>
      <trkpt lat="22.557161267781616" lon="114.10992800070102">
        <ele>-1.9169865036383271</ele>
        <time>1970-01-01T00:20:02.400000Z</time>
        <extensions>
          <gpxtpx:TrackPointExtension>
            <gpxtpx:hr>165</gpxtpx:hr>
          </gpxtpx:TrackPointExtension>
        </extensions>
      </trkpt>
      <trkpt lat="22.557140516479276" lon="114.10991341858019">
        <ele>-1.9660666296258569</ele>
        <time>1970-01-01T00:20:03.400000Z</time>
        <extensions>
          <gpxtpx:TrackPointExtension>
            <gpxtpx:hr>164</gpxtpx:hr>
          </gpxtpx:TrackPointExtension>
        </extensions>
      </trkpt>
      <trkpt lat="22.55711969530475" lon="114.1098986589367">
        <ele>-2.0176634872332215</ele>
        <time>1970-01-01T00:20:04.400000Z</time>
        <extensions>
          <gpxtpx:TrackPointExtension>
            <gpxtpx:hr>164</gpxtpx:hr>
          </gpxtpx:TrackPointExtension>
        </extensions>
      </trkpt>
      <trkpt lat="22.557098928382604" lon="114.10988425171618">
        <ele>-2.0722390292212367</ele>
        <time>1970-01-01T00:20:05.400000Z</time>
        <extensions>
          <gpxtpx:TrackPointExtension>
            <gpxtpx:hr>164</gpxtpx:hr>
          </gpxtpx:TrackPointExtension>
        </extensions>
      </trkpt>
      <trkpt lat="22.55707825244515" lon="114.10987037830947">
        <ele>-2.128715450875461</ele>
        <time>1970-01-01T00:20:06.400000Z</time>
        <extensions>
          <gpxtpx:TrackPointExtension>
            <gpxtpx:hr>164</gpxtpx:hr>
          </gpxtpx:TrackPointExtension>
        </extensions>
      </trkpt>
      <trkpt lat="22.557057599669324" lon="114.10985694479245">
        <ele>-2.1870361547917128</ele>
        <time>1970-01-01T00:20:07.400000Z</time>
        <extensions>
          <gpxtpx:TrackPointExtension>
            <gpxtpx:hr>164</gpxtpx:hr>
          </gpxtpx:TrackPointExtension>
        </extensions>
      </trkpt>
      <trkpt lat="22.557036760031664" lon="114.10984382878583">
        <ele>-2.2467248337343335</ele>
        <time>1970-01-01T00:20:08.300000Z</time>
        <extensions>
          <gpxtpx:TrackPointExtension>
            <gpxtpx:hr>164</gpxtpx:hr>
          </gpxtpx:TrackPointExtension>
        </extensions>
      </trkpt>
      <trkpt lat="22.557015573943296" lon="114.10983087609378">
        <ele>-2.3080013478174806</ele>
        <time>1970-01-01T00:20:09.300000Z</time>
        <extensions>
          <gpxtpx:TrackPointExtension>
            <gpxtpx:hr>164</gpxtpx:hr>
          </gpxtpx:TrackPointExtension>
        </extensions>
      </trkpt>
      <trkpt lat="22.556993979207505" lon="114.10981803216544">
        <ele>-2.3703236375004053</ele>
        <time>1970-01-01T00:20:10.300000Z</time>
        <extensions>
          <gpxtpx:TrackPointExtension>
            <gpxtpx:hr>164</gpxtpx:hr>
          </gpxtpx:TrackPointExtension>
        </extensions>
      </trkpt>
      <trkpt lat="22.55697193280846" lon="114.10980516866893">
        <ele>-2.4319918751716614</ele>
        <time>1970-01-01T00:20:11.300000Z</time>
        <extensions>
          <gpxtpx:TrackPointExtension>
            <gpxtpx:hr>164</gpxtpx:hr>
          </gpxtpx:TrackPointExtension>
        </extensions>
      </trkpt>
      <trkpt lat="22.556949657468856" lon="114.10979240762445">
        <ele>-2.4935645079240203</ele>
        <time>1970-01-01T00:20:12.300000Z</time>
        <extensions>
          <gpxtpx:TrackPointExtension>
            <gpxtpx:hr>163</gpxtpx:hr>
          </gpxtpx:TrackPointExtension>
        </extensions>
      </trkpt>
      <trkpt lat="22.556927604415517" lon="114.1097797378149">
        <ele>-2.554217482917011</ele>
        <time>1970-01-01T00:20:13.300000Z</time>
        <extensions>
          <gpxtpx:TrackPointExtension>
            <gpxtpx:hr>163</gpxtpx:hr>
          </gpxtpx:TrackPointExtension>
        </extensions>
      </trkpt>
      <trkpt lat="22.55690584250869" lon="114.1097670446046">
        <ele>-2.554240212775767</ele>
        <time>1970-01-01T00:20:14.300000Z</time>
        <extensions>
          <gpxtpx:TrackPointExtension>
            <gpxtpx:hr>163</gpxtpx:hr>
          </gpxtpx:TrackPointExtension>
        </extensions>
      </trkpt>
      <trkpt lat="22.556883988193388" lon="114.10975420495446">
        <ele>-2.6021603010594845</ele>
        <time>1970-01-01T00:20:15.300000Z</time>
        <extensions>
          <gpxtpx:TrackPointExtension>
            <gpxtpx:hr>163</gpxtpx:hr>
          </gpxtpx:TrackPointExtension>
        </extensions>
      </trkpt>
      <trkpt lat="22.55686179678798" lon="114.10974128527928">
        <ele>-2.6514840042218566</ele>
        <time>1970-01-01T00:20:16.300000Z</time>
        <extensions>
          <gpxtpx:TrackPointExtension>
            <gpxtpx:hr>163</gpxtpx:hr>
          </gpxtpx:TrackPointExtension>
        </extensions>
      </trkpt>
      <trkpt lat="22.55683906291363" lon="114.10972857138015">
        <ele>-2.699848032556474</ele>
        <time>1970-01-01T00:20:17.300000Z</time>
        <extensions>
          <gpxtpx:TrackPointExtension>
            <gpxtpx:hr>163</gpxtpx:hr>
          </gpxtpx:TrackPointExtension>
        </extensions>
      </trkpt>
      <trkpt lat="22.556815717822552" lon="114.10971670551572">
        <ele>-2.746772731654346</ele>
        <time>1970-01-01T00:20:18.300000Z</time>
        <extensions>
          <gpxtpx:TrackPointExtension>
            <gpxtpx:hr>163</gpxtpx:hr>
          </gpxtpx:TrackPointExtension>
        </extensions>
      </trkpt>
      <trkpt lat="22.556791641318767" lon="114.10970629809455">
        <ele>-2.7919313460588455</ele>
        <time>1970-01-01T00:20:19.300000Z</time>
        <extensions>
          <gpxtpx:TrackPointExtension>
            <gpxtpx:hr>163</gpxtpx:hr>
          </gpxtpx:TrackPointExtension>
        </extensions>
      </trkpt>
      <trkpt lat="22.556766905710056" lon="114.10969741445028">
        <ele>-2.834800938144326</ele>
        <time>1970-01-01T00:20:20.300000Z</time>
        <extensions>
          <gpxtpx:TrackPointExtension>
            <gpxtpx:hr>163</gpxtpx:hr>
          </gpxtpx:TrackPointExtension>
        </extensions>
      </trkpt>
      <trkpt lat="22.556741894243213" lon="114.10968976395499">
        <ele>-2.874793829396367</ele>
        <time>1970-01-01T00:20:21.300000Z</time>
        <extensions>
          <gpxtpx:TrackPointExtension>
            <gpxtpx:hr>164</gpxtpx:hr>
          </gpxtpx:TrackPointExtension>
        </extensions>
      </trkpt>
      <trkpt lat="22.556716813156097" lon="114.10968301627453">
        <ele>-2.9114379873499274</ele>
        <time>1970-01-01T00:20:22.300000Z</time>
        <extensions>
          <gpxtpx:TrackPointExtension>
            <gpxtpx:hr>164</gpxtpx:hr>
          </gpxtpx:TrackPointExtension>
        </extensions>
      </trkpt>
      <trkpt lat="22.556691645922697" lon="114.1096771041469">
        <ele>-2.944437112659216</ele>
        <time>1970-01-01T00:20:23.300000Z</time>
        <extensions>
          <gpxtpx:TrackPointExtension>
            <gpxtpx:hr>164</gpxtpx:hr>
          </gpxtpx:TrackPointExtension>
        </extensions>
      </trkpt>
      <trkpt lat="22.556666383583146" lon="114.10967179324804">
        <ele>-2.9736438365653157</ele>
        <time>1970-01-01T00:20:24.300000Z</time>
        <extensions>
          <gpxtpx:TrackPointExtension>
            <gpxtpx:hr>164</gpxtpx:hr>
          </gpxtpx:TrackPointExtension>
        </extensions>
      </trkpt>
      <trkpt lat="22.556640998029035" lon="114.10966700888144">
        <ele>-2.999132444150746</ele>
        <time>1970-01-01T00:20:25.300000Z</time>
        <extensions>
          <gpxtpx:TrackPointExtension>
            <gpxtpx:hr>164</gpxtpx:hr>
          </gpxtpx:TrackPointExtension>
        </extensions>
      </trkpt>
      <trkpt lat="22.556615468492332" lon="114.10966253179768">
        <ele>-3.0212646406143904</ele>
        <time>1970-01-01T00:20:26.300000Z</time>
        <extensions>
          <gpxtpx:TrackPointExtension>
            <gpxtpx:hr>163</gpxtpx:hr>
          </gpxtpx:TrackPointExtension>
        </extensions>
      </trkpt>
      <trkpt lat="22.55659002665887" lon="114.1096582162059">
        <ele>-3.0405769757926464</ele>
        <time>1970-01-01T00:20:27.300000Z</time>
        <extensions>
          <gpxtpx:TrackPointExtension>
            <gpxtpx:hr>163</gpxtpx:hr>
          </gpxtpx:TrackPointExtension>
        </extensions>
      </trkpt>
      <trkpt lat="22.55656469121926" lon="114.10965421582723">
        <ele>-3.0576717043295503</ele>
        <time>1970-01-01T00:20:28.300000Z</time>
        <extensions>
          <gpxtpx:TrackPointExtension>
            <gpxtpx:hr>163</gpxtpx:hr>
          </gpxtpx:TrackPointExtension>
        </extensions>
      </trkpt>
      <trkpt lat="22.556539512810062" lon="114.10965055728809">
        <ele>-3.0731662772595882</ele>
        <time>1970-01-01T00:20:29.300000Z</time>
        <extensions>
          <gpxtpx:TrackPointExtension>
            <gpxtpx:hr>163</gpxtpx:hr>
          </gpxtpx:TrackPointExtension>
        </extensions>
      </trkpt>
      <trkpt lat="22.556514525412926" lon="114.10964718577517">
        <ele>-3.0875969836488366</ele>
        <time>1970-01-01T00:20:30.300000Z</time>
        <extensions>
          <gpxtpx:TrackPointExtension>
            <gpxtpx:hr>163</gpxtpx:hr>
          </gpxtpx:TrackPointExtension>
        </extensions>
      </trkpt>
      <trkpt lat="22.556489625364115" lon="114.10964408907532">
        <ele>-3.101369060575962</ele>
        <time>1970-01-01T00:20:31.200000Z</time>
        <extensions>
          <gpxtpx:TrackPointExtension>
            <gpxtpx:hr>163</gpxtpx:hr>
          </gpxtpx:TrackPointExtension>
        </extensions>
      </trkpt>
      <trkpt lat="22.556464651176185" lon="114.1096413087375">
        <ele>-3.1147705744951963</ele>
        <time>1970-01-01T00:20:32.200000Z</time>
        <extensions>
          <gpxtpx:TrackPointExtension>
            <gpxtpx:hr>163</gpxtpx:hr>
          </gpxtpx:TrackPointExtension>
        </extensions>
      </trkpt>
      <trkpt lat="22.55643942075273" lon="114.10963872377938">
        <ele>-3.127945499494672</ele>
        <time>1970-01-01T00:20:33.200000Z</time>
        <extensions>
          <gpxtpx:TrackPointExtension>
            <gpxtpx:hr>164</gpxtpx:hr>
          </gpxtpx:TrackPointExtension>
        </extensions>
      </trkpt>
      <trkpt lat="22.55641395867072" lon="114.10963604471362">
        <ele>-3.140873536467552</ele>
        <time>1970-01-01T00:20:34.200000Z</time>
        <extensions>
          <gpxtpx:TrackPointExtension>
            <gpxtpx:hr>164</gpxtpx:hr>
          </gpxtpx:TrackPointExtension>
        </extensions>
      </trkpt>
      <trkpt lat="22.556388452711555" lon="114.10963319698982">
        <ele>-3.153416568413377</ele>
        <time>1970-01-01T00:20:35.200000Z</time>
        <extensions>
          <gpxtpx:TrackPointExtension>
            <gpxtpx:hr>164</gpxtpx:hr>
          </gpxtpx:TrackPointExtension>
        </extensions>
      </trkpt>
      <trkpt lat="22.556363212013952" lon="114.1096302478313">
        <ele>-3.165364840067923</ele>
        <time>1970-01-01T00:20:36.200000Z</time>
        <extensions>
          <gpxtpx:TrackPointExtension>
            <gpxtpx:hr>164</gpxtpx:hr>
          </gpxtpx:TrackPointExtension>
        </extensions>
      </trkpt>
      <trkpt lat="22.55633825713853" lon="114.10962698633998">
        <ele>-3.1764831943437457</ele>
        <time>1970-01-01T00:20:37.200000Z</time>
        <extensions>
          <gpxtpx:TrackPointExtension>
            <gpxtpx:hr>164</gpxtpx:hr>
          </gpxtpx:TrackPointExtension>
        </extensions>
      </trkpt>
      <trkpt lat="22.556313421408202" lon="114.10962325247256">
        <ele>-3.1866047382354736</ele>
        <time>1970-01-01T00:20:38.200000Z</time>
        <extensions>
          <gpxtpx:TrackPointExtension>
            <gpxtpx:hr>163</gpxtpx:hr>
          </gpxtpx:TrackPointExtension>
        </extensions>
      </trkpt>
      <trkpt lat="22.55628869485525" lon="114.10961888216842">
        <ele>-3.1957071973010898</ele>
        <time>1970-01-01T00:20:39.200000Z</time>
        <extensions>
          <gpxtpx:TrackPointExtension>
            <gpxtpx:hr>163</gpxtpx:hr>
          </gpxtpx:TrackPointExtension>
        </extensions>
      </trkpt>
      <trkpt lat="22.556264105688697" lon="114.10961417807195">
        <ele>-3.2038583420217037</ele>
        <time>1970-01-01T00:20:40.200000Z</time>
        <extensions>
          <gpxtpx:TrackPointExtension>
            <gpxtpx:hr>163</gpxtpx:hr>
          </gpxtpx:TrackPointExtension>
        </extensions>
      </trkpt>
      <trkpt lat="22.55623951549744" lon="114.10960960164599">
        <ele>-3.2110956637188792</ele>
        <time>1970-01-01T00:20:41.200000Z</time>
        <extensions>
          <gpxtpx:TrackPointExtension>
            <gpxtpx:hr>163</gpxtpx:hr>
          </gpxtpx:TrackPointExtension>
        </extensions>
      </trkpt>
      <trkpt lat="22.556215071152508" lon="114.10960529717997">
        <ele>-3.2173072462901473</ele>
        <time>1970-01-01T00:20:42.200000Z</time>
        <extensions>
          <gpxtpx:TrackPointExtension>
            <gpxtpx:hr>163</gpxtpx:hr>
          </gpxtpx:TrackPointExtension>
        </extensions>
      </trkpt>
      <trkpt lat="22.556191025768783" lon="114.10960127821137">
        <ele>-3.2222008081153035</ele>
        <time>1970-01-01T00:20:43.200000Z</time>
        <extensions>
          <gpxtpx:TrackPointExtension>
            <gpxtpx:hr>164</gpxtpx:hr>
          </gpxtpx:TrackPointExtension>
        </extensions>
      </trkpt>
      <trkpt lat="22.556167433000752" lon="114.10959759582995">
        <ele>-3.2253686552867293</ele>
        <time>1970-01-01T00:20:44.200000Z</time>
        <extensions>
          <gpxtpx:TrackPointExtension>
            <gpxtpx:hr>164</gpxtpx:hr>
          </gpxtpx:TrackPointExtension>
        </extensions>
      </trkpt>
      <trkpt lat="22.55614400827873" lon="114.10959439307399">
        <ele>-3.2263090321794152</ele>
        <time>1970-01-01T00:20:45.200000Z</time>
        <extensions>
          <gpxtpx:TrackPointExtension>
            <gpxtpx:hr>164</gpxtpx:hr>
          </gpxtpx:TrackPointExtension>
        </extensions>
      </trkpt>
      <trkpt lat="22.55612040963331" lon="114.10959180499694">
        <ele>-3.22440851200372</ele>
        <time>1970-01-01T00:20:46.200000Z</time>
        <extensions>
          <gpxtpx:TrackPointExtension>
            <gpxtpx:hr>164</gpxtpx:hr>
          </gpxtpx:TrackPointExtension>
        </extensions>
      </trkpt>
      <trkpt lat="22.556096642777476" lon="114.10958982175578">
        <ele>-3.218985479325056</ele>
        <time>1970-01-01T00:20:47.200000Z</time>
        <extensions>
          <gpxtpx:TrackPointExtension>
            <gpxtpx:hr>164</gpxtpx:hr>
          </gpxtpx:TrackPointExtension>
        </extensions>
      </trkpt>
      <trkpt lat="22.556072956531732" lon="114.10958865287937">
        <ele>-3.2093532169237733</ele>
        <time>1970-01-01T00:20:48.200000Z</time>
        <extensions>
          <gpxtpx:TrackPointExtension>
            <gpxtpx:hr>164</gpxtpx:hr>
          </gpxtpx:TrackPointExtension>
        </extensions>
      </trkpt>
      <trkpt lat="22.556049420813064" lon="114.1095887415043">
        <ele>-3.1948481239378452</ele>
        <time>1970-01-01T00:20:49.200000Z</time>
        <extensions>
          <gpxtpx:TrackPointExtension>
            <gpxtpx:hr>164</gpxtpx:hr>
          </gpxtpx:TrackPointExtension>
        </extensions>
      </trkpt>
      <trkpt lat="22.556026009377074" lon="114.10958954051692">
        <ele>-3.174817635677755</ele>
        <time>1970-01-01T00:20:50.200000Z</time>
        <extensions>
          <gpxtpx:TrackPointExtension>
            <gpxtpx:hr>164</gpxtpx:hr>
          </gpxtpx:TrackPointExtension>
        </extensions>
      </trkpt>
      <trkpt lat="22.5560028899329" lon="114.10958939471926">
        <ele>-3.1486894926056266</ele>
        <time>1970-01-01T00:20:51.200000Z</time>
        <extensions>
          <gpxtpx:TrackPointExtension>
            <gpxtpx:hr>164</gpxtpx:hr>
          </gpxtpx:TrackPointExtension>
        </extensions>
      </trkpt>
      <trkpt lat="22.555980186403772" lon="114.10958763314171">
        <ele>-3.1161080403253436</ele>
        <time>1970-01-01T00:20:52.200000Z</time>
        <extensions>
          <gpxtpx:TrackPointExtension>
            <gpxtpx:hr>163</gpxtpx:hr>
          </gpxtpx:TrackPointExtension>
        </extensions>
      </trkpt>
      <trkpt lat="22.555957530693917" lon="114.10958487258196">
        <ele>-3.076900077983737</ele>
        <time>1970-01-01T00:20:53.200000Z</time>
        <extensions>
          <gpxtpx:TrackPointExtension>
            <gpxtpx:hr>163</gpxtpx:hr>
          </gpxtpx:TrackPointExtension>
        </extensions>
      </trkpt>
      <trkpt lat="22.555934319991085" lon="114.10958152038414">
        <ele>-3.030980749987066</ele>
        <time>1970-01-01T00:20:54.200000Z</time>
        <extensions>
          <gpxtpx:TrackPointExtension>
            <gpxtpx:hr>163</gpxtpx:hr>
          </gpxtpx:TrackPointExtension>
        </extensions>
      </trkpt>
      <trkpt lat="22.5559106745933" lon="114.10957770037713">
        <ele>-2.978374189697206</ele>
        <time>1970-01-01T00:20:55.100000Z</time>
        <extensions>
          <gpxtpx:TrackPointExtension>
            <gpxtpx:hr>163</gpxtpx:hr>
          </gpxtpx:TrackPointExtension>
        </extensions>
      </trkpt>
      <trkpt lat="22.55588697047761" lon="114.10957345485009">
        <ele>-2.919298286549747</ele>
        <time>1970-01-01T00:20:56.100000Z</time>
        <extensions>
          <gpxtpx:TrackPointExtension>
            <gpxtpx:hr>163</gpxtpx:hr>
          </gpxtpx:TrackPointExtension>
        </extensions>
      </trkpt>
      <trkpt lat="22.55586326468509" lon="114.10956888323048">
        <ele>-2.854242619127035</ele>
        <time>1970-01-01T00:20:57.100000Z</time>
        <extensions>
          <gpxtpx:TrackPointExtension>
            <gpxtpx:hr>163</gpxtpx:hr>
          </gpxtpx:TrackPointExtension>
        </extensions>
      </trkpt>
      <trkpt lat="22.555839552639398" lon="114.10956422055544">
        <ele>-2.783986983820796</ele>
        <time>1970-01-01T00:20:58.100000Z</time>
        <extensions>
          <gpxtpx:TrackPointExtension>
            <gpxtpx:hr>163</gpxtpx:hr>
          </gpxtpx:TrackPointExtension>
        </extensions>
      </trkpt>
      <trkpt lat="22.555815931989365" lon="114.10955970122438">
        <ele>-2.7095908680930734</ele>
        <time>1970-01-01T00:20:59.100000Z</time>
        <extensions>
          <gpxtpx:TrackPointExtension>
            <gpxtpx:hr>163</gpxtpx:hr>
          </gpxtpx:TrackPointExtension>
        </extensions>
      </trkpt>
      <trkpt lat="22.5557922565082" lon="114.1095554332122">
        <ele>-2.6324234222993255</ele>
        <time>1970-01-01T00:21:00.100000Z</time>
        <extensions>
          <gpxtpx:TrackPointExtension>
            <gpxtpx:hr>164</gpxtpx:hr>
          </gpxtpx:TrackPointExtension>
        </extensions>
      </trkpt>
      <trkpt lat="22.55576826751661" lon="114.10955145821687">
        <ele>-2.5542825162410736</ele>
        <time>1970-01-01T00:21:01.100000Z</time>
        <extensions>
          <gpxtpx:TrackPointExtension>
            <gpxtpx:hr>164</gpxtpx:hr>
          </gpxtpx:TrackPointExtension>
        </extensions>
      </trkpt>
      <trkpt lat="22.555743975439402" lon="114.10954767802066">
        <ele>-2.477551819756627</ele>
        <time>1970-01-01T00:21:02.100000Z</time>
        <extensions>
          <gpxtpx:TrackPointExtension>
            <gpxtpx:hr>164</gpxtpx:hr>
          </gpxtpx:TrackPointExtension>
        </extensions>
      </trkpt>
      <trkpt lat="22.555719642130434" lon="114.10954395809345">
        <ele>-2.4053799072280526</ele>
        <time>1970-01-01T00:21:03.100000Z</time>
        <extensions>
          <gpxtpx:TrackPointExtension>
            <gpxtpx:hr>164</gpxtpx:hr>
          </gpxtpx:TrackPointExtension>
        </extensions>
      </trkpt>
      <trkpt lat="22.555699990202772" lon="114.1095409075647">
        <ele>-2.3523688381537795</ele>
        <time>1970-01-01T00:21:03.900000Z</time>
        <extensions>
          <gpxtpx:TrackPointExtension>
            <gpxtpx:hr>164</gpxtpx:hr>
          </gpxtpx:TrackPointExtension>
        </extensions>
      </trkpt>
      <trkpt lat="22.555675417893735" lon="114.1095370674614">
        <ele>-2.2960028490051627</ele>
        <time>1970-01-01T00:21:04.900000Z</time>
        <extensions>
          <gpxtpx:TrackPointExtension>
            <gpxtpx:hr>165</gpxtpx:hr>
          </gpxtpx:TrackPointExtension>
        </extensions>
      </trkpt>
      <trkpt lat="22.555650712871607" lon="114.10953327337015">
        <ele>-2.2521849777549505</ele>
        <time>1970-01-01T00:21:05.900000Z</time>
        <extensions>
          <gpxtpx:TrackPointExtension>
            <gpxtpx:hr>165</gpxtpx:hr>
          </gpxtpx:TrackPointExtension>
        </extensions>
      </trkpt>
      <trkpt lat="22.555625846000837" lon="114.10952976590025">
        <ele>-2.2201650431379676</ele>
        <time>1970-01-01T00:21:06.900000Z</time>
        <extensions>
          <gpxtpx:TrackPointExtension>
            <gpxtpx:hr>165</gpxtpx:hr>
          </gpxtpx:TrackPointExtension>
        </extensions>
      </trkpt>
      <trkpt lat="22.55560081851113" lon="114.10952653729082">
        <ele>-2.198145347647369</ele>
        <time>1970-01-01T00:21:07.900000Z</time>
        <extensions>
          <gpxtpx:TrackPointExtension>
            <gpxtpx:hr>165</gpxtpx:hr>
          </gpxtpx:TrackPointExtension>
        </extensions>
      </trkpt>
      <trkpt lat="22.5555756704421" lon="114.10952353950235">
        <ele>-2.1840515844523907</ele>
        <time>1970-01-01T00:21:08.900000Z</time>
        <extensions>
          <gpxtpx:TrackPointExtension>
            <gpxtpx:hr>165</gpxtpx:hr>
          </gpxtpx:TrackPointExtension>
        </extensions>
      </trkpt>
      <trkpt lat="22.55555047075592" lon="114.10952067028089">
        <ele>-2.1759394258260727</ele>
        <time>1970-01-01T00:21:09.900000Z</time>
        <extensions>
          <gpxtpx:TrackPointExtension>
            <gpxtpx:hr>165</gpxtpx:hr>
          </gpxtpx:TrackPointExtension>
        </extensions>
      </trkpt>
      <trkpt lat="22.555525364096358" lon="114.1095179088863">
        <ele>-2.172139262780547</ele>
        <time>1970-01-01T00:21:10.900000Z</time>
        <extensions>
          <gpxtpx:TrackPointExtension>
            <gpxtpx:hr>165</gpxtpx:hr>
          </gpxtpx:TrackPointExtension>
        </extensions>
      </trkpt>
      <trkpt lat="22.555500369856503" lon="114.1095154087497">
        <ele>-2.171248160302639</ele>
        <time>1970-01-01T00:21:11.900000Z</time>
        <extensions>
          <gpxtpx:TrackPointExtension>
            <gpxtpx:hr>165</gpxtpx:hr>
          </gpxtpx:TrackPointExtension>
        </extensions>
      </trkpt>
      <trkpt lat="22.555475395386235" lon="114.10951314277682">
        <ele>-2.1721039479598403</ele>
        <time>1970-01-01T00:21:12.900000Z</time>
        <extensions>
          <gpxtpx:TrackPointExtension>
            <gpxtpx:hr>165</gpxtpx:hr>
          </gpxtpx:TrackPointExtension>
        </extensions>
      </trkpt>
      <trkpt lat="22.55545038352823" lon="114.10951094729931">
        <ele>-2.173790857195854</ele>
        <time>1970-01-01T00:21:13.900000Z</time>
        <extensions>
          <gpxtpx:TrackPointExtension>
            <gpxtpx:hr>165</gpxtpx:hr>
          </gpxtpx:TrackPointExtension>
        </extensions>
      </trkpt>
      <trkpt lat="22.555425258505718" lon="114.10950876039195">
        <ele>-2.175635388121009</ele>
        <time>1970-01-01T00:21:14.900000Z</time>
        <extensions>
          <gpxtpx:TrackPointExtension>
            <gpxtpx:hr>167</gpxtpx:hr>
          </gpxtpx:TrackPointExtension>
        </extensions>
      </trkpt>
      <trkpt lat="22.55540003691141" lon="114.10950635312693">
        <ele>-2.1771560050547123</ele>
        <time>1970-01-01T00:21:15.900000Z</time>
        <extensions>
          <gpxtpx:TrackPointExtension>
            <gpxtpx:hr>167</gpxtpx:hr>
          </gpxtpx:TrackPointExtension>
        </extensions>
      </trkpt>
      <trkpt lat="22.555374733508774" lon="114.10950356524037">
        <ele>-2.177997499704361</ele>
        <time>1970-01-01T00:21:16.900000Z</time>
        <extensions>
          <gpxtpx:TrackPointExtension>
            <gpxtpx:hr>167</gpxtpx:hr>
          </gpxtpx:TrackPointExtension>
        </extensions>
      </trkpt>
      <trkpt lat="22.55534941289877" lon="114.10950088821623">
        <ele>-2.1779006021097302</ele>
        <time>1970-01-01T00:21:17.900000Z</time>
        <extensions>
          <gpxtpx:TrackPointExtension>
            <gpxtpx:hr>167</gpxtpx:hr>
          </gpxtpx:TrackPointExtension>
        </extensions>
      </trkpt>
      <trkpt lat="22.555323994604674" lon="114.10949872916201">
        <ele>-2.1767291808500886</ele>
        <time>1970-01-01T00:21:18.900000Z</time>
        <extensions>
          <gpxtpx:TrackPointExtension>
            <gpxtpx:hr>167</gpxtpx:hr>
          </gpxtpx:TrackPointExtension>
        </extensions>
      </trkpt>
      <trkpt lat="22.55529837917129" lon="114.10949712811909">
        <ele>-2.1745212161913514</ele>
        <time>1970-01-01T00:21:19.900000Z</time>
        <extensions>
          <gpxtpx:TrackPointExtension>
            <gpxtpx:hr>166</gpxtpx:hr>
          </gpxtpx:TrackPointExtension>
        </extensions>
      </trkpt>
      <trkpt lat="22.55527261716893" lon="114.10949582112643">
        <ele>-2.1715211290866137</ele>
        <time>1970-01-01T00:21:20.900000Z</time>
        <extensions>
          <gpxtpx:TrackPointExtension>
            <gpxtpx:hr>166</gpxtpx:hr>
          </gpxtpx:TrackPointExtension>
        </extensions>
      </trkpt>
      <trkpt lat="22.555246864371952" lon="114.10949446599986">
        <ele>-2.168199997395277</ele>
        <time>1970-01-01T00:21:21.900000Z</time>
        <extensions>
          <gpxtpx:TrackPointExtension>
            <gpxtpx:hr>166</gpxtpx:hr>
          </gpxtpx:TrackPointExtension>
        </extensions>
      </trkpt>
      <trkpt lat="22.555221225298432" lon="114.10949263608578">
        <ele>-2.1652076402679086</ele>
        <time>1970-01-01T00:21:22.900000Z</time>
        <extensions>
          <gpxtpx:TrackPointExtension>
            <gpxtpx:hr>166</gpxtpx:hr>
          </gpxtpx:TrackPointExtension>
        </extensions>
      </trkpt>
      <trkpt lat="22.555195616862953" lon="114.10949036016642">
        <ele>-2.163192310370505</ele>
        <time>1970-01-01T00:21:23.900000Z</time>
        <extensions>
          <gpxtpx:TrackPointExtension>
            <gpxtpx:hr>166</gpxtpx:hr>
          </gpxtpx:TrackPointExtension>
        </extensions>
      </trkpt>
      <trkpt lat="22.55516997443834" lon="114.10948832980957">
        <ele>-2.1625872403383255</ele>
        <time>1970-01-01T00:21:24.900000Z</time>
        <extensions>
          <gpxtpx:TrackPointExtension>
            <gpxtpx:hr>166</gpxtpx:hr>
          </gpxtpx:TrackPointExtension>
        </extensions>
      </trkpt>
      <trkpt lat="22.55514424220973" lon="114.10948691231313">
        <ele>-2.1635132301598787</ele>
        <time>1970-01-01T00:21:25.900000Z</time>
        <extensions>
          <gpxtpx:TrackPointExtension>
            <gpxtpx:hr>167</gpxtpx:hr>
          </gpxtpx:TrackPointExtension>
        </extensions>
      </trkpt>
      <trkpt lat="22.555118623572206" lon="114.10948605474512">
        <ele>-2.1657742224633694</ele>
        <time>1970-01-01T00:21:26.900000Z</time>
        <extensions>
          <gpxtpx:TrackPointExtension>
            <gpxtpx:hr>167</gpxtpx:hr>
          </gpxtpx:TrackPointExtension>
        </extensions>
      </trkpt>
      <trkpt lat="22.555093498254795" lon="114.10948527213345">
        <ele>-2.168924603611231</ele>
        <time>1970-01-01T00:21:27.900000Z</time>
        <extensions>
          <gpxtpx:TrackPointExtension>
            <gpxtpx:hr>167</gpxtpx:hr>
          </gpxtpx:TrackPointExtension>
        </extensions>
      </trkpt>
      <trkpt lat="22.555068854921583" lon="114.10948413671724">
        <ele>-2.1724424175918102</ele>
        <time>1970-01-01T00:21:28.900000Z</time>
        <extensions>
          <gpxtpx:TrackPointExtension>
            <gpxtpx:hr>167</gpxtpx:hr>
          </gpxtpx:TrackPointExtension>
        </extensions>
      </trkpt>
      <trkpt lat="22.555044463430445" lon="114.10948262636738">
        <ele>-2.1759354239329696</ele>
        <time>1970-01-01T00:21:29.900000Z</time>
        <extensions>
          <gpxtpx:TrackPointExtension>
            <gpxtpx:hr>167</gpxtpx:hr>
          </gpxtpx:TrackPointExtension>
        </extensions>
      </trkpt>
      <trkpt lat="22.55501989505717" lon="114.10948086767758">
        <ele>-2.1792593179270625</ele>
        <time>1970-01-01T00:21:30.900000Z</time>
        <extensions>
          <gpxtpx:TrackPointExtension>
            <gpxtpx:hr>167</gpxtpx:hr>
          </gpxtpx:TrackPointExtension>
        </extensions>
      </trkpt>
      <trkpt lat="22.55499499373948" lon="114.10947908530981">
        <ele>-2.182534631341696</ele>
        <time>1970-01-01T00:21:31.900000Z</time>
        <extensions>
          <gpxtpx:TrackPointExtension>
            <gpxtpx:hr>167</gpxtpx:hr>
          </gpxtpx:TrackPointExtension>
        </extensions>
      </trkpt>
      <trkpt lat="22.55497001927045" lon="114.10947726977093">
        <ele>-2.1860897662118077</ele>
        <time>1970-01-01T00:21:32.900000Z</time>
        <extensions>
          <gpxtpx:TrackPointExtension>
            <gpxtpx:hr>167</gpxtpx:hr>
          </gpxtpx:TrackPointExtension>
        </extensions>
      </trkpt>
      <trkpt lat="22.554945127736605" lon="114.10947530504008">
        <ele>-2.190328072756529</ele>
        <time>1970-01-01T00:21:33.900000Z</time>
        <extensions>
          <gpxtpx:TrackPointExtension>
            <gpxtpx:hr>167</gpxtpx:hr>
          </gpxtpx:TrackPointExtension>
        </extensions>
      </trkpt>
      <trkpt lat="22.554920170417134" lon="114.10947307858714">
        <ele>-2.1955556515604258</ele>
        <time>1970-01-01T00:21:34.900000Z</time>
        <extensions>
          <gpxtpx:TrackPointExtension>
            <gpxtpx:hr>167</gpxtpx:hr>
          </gpxtpx:TrackPointExtension>
        </extensions>
      </trkpt>
      <trkpt lat="22.554894766064834" lon="114.1094706672497">
        <ele>-2.2018435560166836</ele>
        <time>1970-01-01T00:21:35.900000Z</time>
        <extensions>
          <gpxtpx:TrackPointExtension>
            <gpxtpx:hr>167</gpxtpx:hr>
          </gpxtpx:TrackPointExtension>
        </extensions>
      </trkpt>
      <trkpt lat="22.55486876772426" lon="114.10946814949934">
        <ele>-2.208936056122184</ele>
        <time>1970-01-01T00:21:36.900000Z</time>
        <extensions>
          <gpxtpx:TrackPointExtension>
            <gpxtpx:hr>167</gpxtpx:hr>
          </gpxtpx:TrackPointExtension>
        </extensions>
      </trkpt>
      <trkpt lat="22.554842098455794" lon="114.10946569845287">
        <ele>-2.2163514643907547</ele>
        <time>1970-01-01T00:21:37.900000Z</time>
        <extensions>
          <gpxtpx:TrackPointExtension>
            <gpxtpx:hr>167</gpxtpx:hr>
          </gpxtpx:TrackPointExtension>
        </extensions>
      </trkpt>
      <trkpt lat="22.55481503177697" lon="114.10946351528382">
        <ele>-2.2235640324652195</ele>
        <time>1970-01-01T00:21:38.900000Z</time>
        <extensions>
          <gpxtpx:TrackPointExtension>
            <gpxtpx:hr>167</gpxtpx:hr>
          </gpxtpx:TrackPointExtension>
        </extensions>
      </trkpt>
      <trkpt lat="22.554788107535437" lon="114.10946155164302">
        <ele>-2.230508418753743</ele>
        <time>1970-01-01T00:21:39.900000Z</time>
        <extensions>
          <gpxtpx:TrackPointExtension>
            <gpxtpx:hr>167</gpxtpx:hr>
          </gpxtpx:TrackPointExtension>
        </extensions>
      </trkpt>
      <trkpt lat="22.554761687564355" lon="114.10945965500156">
        <ele>-2.237856903113425</ele>
        <time>1970-01-01T00:21:40.900000Z</time>
        <extensions>
          <gpxtpx:TrackPointExtension>
            <gpxtpx:hr>167</gpxtpx:hr>
          </gpxtpx:TrackPointExtension>
        </extensions>
      </trkpt>
      <trkpt lat="22.554735723207337" lon="114.10945773865942">
        <ele>-2.2470378819853067</ele>
        <time>1970-01-01T00:21:41.900000Z</time>
        <extensions>
          <gpxtpx:TrackPointExtension>
            <gpxtpx:hr>167</gpxtpx:hr>
          </gpxtpx:TrackPointExtension>
        </extensions>
      </trkpt>
      <trkpt lat="22.554709794970403" lon="114.109455765265">
        <ele>-2.2603501668199897</ele>
        <time>1970-01-01T00:21:42.900000Z</time>
        <extensions>
          <gpxtpx:TrackPointExtension>
            <gpxtpx:hr>167</gpxtpx:hr>
          </gpxtpx:TrackPointExtension>
        </extensions>
      </trkpt>
      <trkpt lat="22.55468367289953" lon="114.10945360731303">
        <ele>-2.2807768993079662</ele>
        <time>1970-01-01T00:21:43.900000Z</time>
        <extensions>
          <gpxtpx:TrackPointExtension>
            <gpxtpx:hr>167</gpxtpx:hr>
          </gpxtpx:TrackPointExtension>
        </extensions>
      </trkpt>
      <trkpt lat="22.554657283025417" lon="114.10945133188422">
        <ele>-2.311485370621085</ele>
        <time>1970-01-01T00:21:44.900000Z</time>
        <extensions>
          <gpxtpx:TrackPointExtension>
            <gpxtpx:hr>167</gpxtpx:hr>
          </gpxtpx:TrackPointExtension>
        </extensions>
      </trkpt>
      <trkpt lat="22.55463083918434" lon="114.1094490340268">
        <ele>-2.35552501026541</ele>
        <time>1970-01-01T00:21:45.900000Z</time>
        <extensions>
          <gpxtpx:TrackPointExtension>
            <gpxtpx:hr>167</gpxtpx:hr>
          </gpxtpx:TrackPointExtension>
        </extensions>
      </trkpt>
      <trkpt lat="22.55460441827066" lon="114.10944673270343">
        <ele>-2.415634650737047</ele>
        <time>1970-01-01T00:21:46.900000Z</time>
        <extensions>
          <gpxtpx:TrackPointExtension>
            <gpxtpx:hr>167</gpxtpx:hr>
          </gpxtpx:TrackPointExtension>
        </extensions>
      </trkpt>
      <trkpt lat="22.554577988186757" lon="114.10944447745283">
        <ele>-2.4938058853149414</ele>
        <time>1970-01-01T00:21:47.900000Z</time>
        <extensions>
          <gpxtpx:TrackPointExtension>
            <gpxtpx:hr>167</gpxtpx:hr>
          </gpxtpx:TrackPointExtension>
        </extensions>
      </trkpt>
      <trkpt lat="22.554551880525004" lon="114.10944233438407">
        <ele>-2.5899768583476543</ele>
        <time>1970-01-01T00:21:48.900000Z</time>
        <extensions>
          <gpxtpx:TrackPointExtension>
            <gpxtpx:hr>167</gpxtpx:hr>
          </gpxtpx:TrackPointExtension>
        </extensions>
      </trkpt>
      <trkpt lat="22.554526214586122" lon="114.10944046009065">
        <ele>-2.701146730221808</ele>
        <time>1970-01-01T00:21:49.900000Z</time>
        <extensions>
          <gpxtpx:TrackPointExtension>
            <gpxtpx:hr>167</gpxtpx:hr>
          </gpxtpx:TrackPointExtension>
        </extensions>
      </trkpt>
      <trkpt lat="22.55450048393784" lon="114.1094387758377">
        <ele>-2.82262156996876</ele>
        <time>1970-01-01T00:21:50.900000Z</time>
        <extensions>
          <gpxtpx:TrackPointExtension>
            <gpxtpx:hr>167</gpxtpx:hr>
          </gpxtpx:TrackPointExtension>
        </extensions>
      </trkpt>
      <trkpt lat="22.55447449975739" lon="114.10943717538231">
        <ele>-2.9498011907562613</ele>
        <time>1970-01-01T00:21:51.900000Z</time>
        <extensions>
          <gpxtpx:TrackPointExtension>
            <gpxtpx:hr>167</gpxtpx:hr>
          </gpxtpx:TrackPointExtension>
        </extensions>
      </trkpt>
      <trkpt lat="22.554448497826108" lon="114.10943555683616">
        <ele>-3.0781234884634614</ele>
        <time>1970-01-01T00:21:52.900000Z</time>
        <extensions>
          <gpxtpx:TrackPointExtension>
            <gpxtpx:hr>168</gpxtpx:hr>
          </gpxtpx:TrackPointExtension>
        </extensions>
      </trkpt>
      <trkpt lat="22.554422497485152" lon="114.1094338484714">
        <ele>-3.206789305433631</ele>
        <time>1970-01-01T00:21:53.900000Z</time>
        <extensions>
          <gpxtpx:TrackPointExtension>
            <gpxtpx:hr>168</gpxtpx:hr>
          </gpxtpx:TrackPointExtension>
        </extensions>
      </trkpt>
      <trkpt lat="22.554396503530555" lon="114.10943218954934">
        <ele>-3.3343305150046945</ele>
        <time>1970-01-01T00:21:54.900000Z</time>
        <extensions>
          <gpxtpx:TrackPointExtension>
            <gpxtpx:hr>168</gpxtpx:hr>
          </gpxtpx:TrackPointExtension>
        </extensions>
      </trkpt>
      <trkpt lat="22.554370519100807" lon="114.10943075903597">
        <ele>-3.457522208802402</ele>
        <time>1970-01-01T00:21:55.900000Z</time>
        <extensions>
          <gpxtpx:TrackPointExtension>
            <gpxtpx:hr>168</gpxtpx:hr>
          </gpxtpx:TrackPointExtension>
        </extensions>
      </trkpt>
      <trkpt lat="22.55434447524642" lon="114.10942963058798">
        <ele>-3.579267144203186</ele>
        <time>1970-01-01T00:21:56.900000Z</time>
        <extensions>
          <gpxtpx:TrackPointExtension>
            <gpxtpx:hr>168</gpxtpx:hr>
          </gpxtpx:TrackPointExtension>
        </extensions>
      </trkpt>
      <trkpt lat="22.55431832349249" lon="114.10942875777415">
        <ele>-3.696089175529778</ele>
        <time>1970-01-01T00:21:57.900000Z</time>
        <extensions>
          <gpxtpx:TrackPointExtension>
            <gpxtpx:hr>168</gpxtpx:hr>
          </gpxtpx:TrackPointExtension>
        </extensions>
      </trkpt>
      <trkpt lat="22.554292082842313" lon="114.10942805131461">
        <ele>-3.8082886300981045</ele>
        <time>1970-01-01T00:21:58.900000Z</time>
        <extensions>
          <gpxtpx:TrackPointExtension>
            <gpxtpx:hr>168</gpxtpx:hr>
          </gpxtpx:TrackPointExtension>
        </extensions>
      </trkpt>
      <trkpt lat="22.55426597626647" lon="114.10942745902119">
        <ele>-3.9152785716578364</ele>
        <time>1970-01-01T00:21:59.900000Z</time>
        <extensions>
          <gpxtpx:TrackPointExtension>
            <gpxtpx:hr>168</gpxtpx:hr>
          </gpxtpx:TrackPointExtension>
        </extensions>
      </trkpt>
      <trkpt lat="22.55424018971831" lon="114.10942704484529">
        <ele>-4.015595710836351</ele>
        <time>1970-01-01T00:22:00.900000Z</time>
        <extensions>
          <gpxtpx:TrackPointExtension>
            <gpxtpx:hr>168</gpxtpx:hr>
          </gpxtpx:TrackPointExtension>
        </extensions>
      </trkpt>
      <trkpt lat="22.554214798705" lon="114.10942656710509">
        <ele>-4.11346329189837</ele>
        <time>1970-01-01T00:22:01.900000Z</time>
        <extensions>
          <gpxtpx:TrackPointExtension>
            <gpxtpx:hr>168</gpxtpx:hr>
          </gpxtpx:TrackPointExtension>
        </extensions>
      </trkpt>
      <trkpt lat="22.554189446913284" lon="114.10942565174146">
        <ele>-4.205238028429449</ele>
        <time>1970-01-01T00:22:02.900000Z</time>
        <extensions>
          <gpxtpx:TrackPointExtension>
            <gpxtpx:hr>168</gpxtpx:hr>
          </gpxtpx:TrackPointExtension>
        </extensions>
      </trkpt>
      <trkpt lat="22.554164043029605" lon="114.10942416876777">
        <ele>-4.2905470142140985</ele>
        <time>1970-01-01T00:22:03.900000Z</time>
        <extensions>
          <gpxtpx:TrackPointExtension>
            <gpxtpx:hr>168</gpxtpx:hr>
          </gpxtpx:TrackPointExtension>
        </extensions>
      </trkpt>
      <trkpt lat="22.554138767239074" lon="114.10942218819956">
        <ele>-4.370187288150191</ele>
        <time>1970-01-01T00:22:04.800000Z</time>
        <extensions>
          <gpxtpx:TrackPointExtension>
            <gpxtpx:hr>168</gpxtpx:hr>
          </gpxtpx:TrackPointExtension>
        </extensions>
      </trkpt>
      <trkpt lat="22.554113688129963" lon="114.1094198826549">
        <ele>-4.444442166946828</ele>
        <time>1970-01-01T00:22:05.800000Z</time>
        <extensions>
          <gpxtpx:TrackPointExtension>
            <gpxtpx:hr>168</gpxtpx:hr>
          </gpxtpx:TrackPointExtension>
        </extensions>
      </trkpt>
      <trkpt lat="22.554088484257104" lon="114.10941742312798">
        <ele>-4.5147825833410025</ele>
        <time>1970-01-01T00:22:06.800000Z</time>
        <extensions>
          <gpxtpx:TrackPointExtension>
            <gpxtpx:hr>168</gpxtpx:hr>
          </gpxtpx:TrackPointExtension>
        </extensions>
      </trkpt>
      <trkpt lat="22.554062885766104" lon="114.10941524105301">
        <ele>-4.580316070467234</ele>
        <time>1970-01-01T00:22:07.800000Z</time>
        <extensions>
          <gpxtpx:TrackPointExtension>
            <gpxtpx:hr>168</gpxtpx:hr>
          </gpxtpx:TrackPointExtension>
        </extensions>
      </trkpt>
      <trkpt lat="22.554037029303732" lon="114.10941341801752">
        <ele>-4.64469703566283</ele>
        <time>1970-01-01T00:22:08.800000Z</time>
        <extensions>
          <gpxtpx:TrackPointExtension>
            <gpxtpx:hr>168</gpxtpx:hr>
          </gpxtpx:TrackPointExtension>
        </extensions>
      </trkpt>
      <trkpt lat="22.554010989474232" lon="114.10941156344492">
        <ele>-4.708261055871844</ele>
        <time>1970-01-01T00:22:09.800000Z</time>
        <extensions>
          <gpxtpx:TrackPointExtension>
            <gpxtpx:hr>168</gpxtpx:hr>
          </gpxtpx:TrackPointExtension>
        </extensions>
      </trkpt>
      <trkpt lat="22.553984894356876" lon="114.10940971574003">
        <ele>-4.767414805479348</ele>
        <time>1970-01-01T00:22:10.800000Z</time>
        <extensions>
          <gpxtpx:TrackPointExtension>
            <gpxtpx:hr>168</gpxtpx:hr>
          </gpxtpx:TrackPointExtension>
        </extensions>
      </trkpt>
      <trkpt lat="22.553958797702627" lon="114.10940813329587">
        <ele>-4.823731230571866</ele>
        <time>1970-01-01T00:22:11.800000Z</time>
        <extensions>
          <gpxtpx:TrackPointExtension>
            <gpxtpx:hr>168</gpxtpx:hr>
          </gpxtpx:TrackPointExtension>
        </extensions>
      </trkpt>
      <trkpt lat="22.553932769298925" lon="114.10940691337171">
        <ele>-4.879693349823356</ele>
        <time>1970-01-01T00:22:12.800000Z</time>
        <extensions>
          <gpxtpx:TrackPointExtension>
            <gpxtpx:hr>168</gpxtpx:hr>
          </gpxtpx:TrackPointExtension>
        </extensions>
      </trkpt>
      <trkpt lat="22.55390673232581" lon="114.10940614766518">
        <ele>-4.936352409422398</ele>
        <time>1970-01-01T00:22:13.800000Z</time>
        <extensions>
          <gpxtpx:TrackPointExtension>
            <gpxtpx:hr>168</gpxtpx:hr>
          </gpxtpx:TrackPointExtension>
        </extensions>
      </trkpt>
      <trkpt lat="22.55388072636853" lon="114.10940574154793">
        <ele>-4.992231375537813</ele>
        <time>1970-01-01T00:22:14.800000Z</time>
        <extensions>
          <gpxtpx:TrackPointExtension>
            <gpxtpx:hr>168</gpxtpx:hr>
          </gpxtpx:TrackPointExtension>
        </extensions>
      </trkpt>
      <trkpt lat="22.553854844734072" lon="114.10940594608998">
        <ele>-5.047225416637957</ele>
        <time>1970-01-01T00:22:15.800000Z</time>
        <extensions>
          <gpxtpx:TrackPointExtension>
            <gpxtpx:hr>168</gpxtpx:hr>
          </gpxtpx:TrackPointExtension>
        </extensions>
      </trkpt>
      <trkpt lat="22.553829336180584" lon="114.10940759733353">
        <ele>-5.102372402325273</ele>
        <time>1970-01-01T00:22:16.800000Z</time>
        <extensions>
          <gpxtpx:TrackPointExtension>
            <gpxtpx:hr>168</gpxtpx:hr>
          </gpxtpx:TrackPointExtension>
        </extensions>
      </trkpt>
      <trkpt lat="22.553804507737492" lon="114.10941136797038">
        <ele>-5.160931738093495</ele>
        <time>1970-01-01T00:22:17.800000Z</time>
        <extensions>
          <gpxtpx:TrackPointExtension>
            <gpxtpx:hr>168</gpxtpx:hr>
          </gpxtpx:TrackPointExtension>
        </extensions>
      </trkpt>
      <trkpt lat="22.553780086059497" lon="114.10941678832526">
        <ele>-5.220355033874512</ele>
        <time>1970-01-01T00:22:18.800000Z</time>
        <extensions>
          <gpxtpx:TrackPointExtension>
            <gpxtpx:hr>168</gpxtpx:hr>
          </gpxtpx:TrackPointExtension>
        </extensions>
      </trkpt>
      <trkpt lat="22.55375547456324" lon="114.10942181980903">
        <ele>-5.2830418618395925</ele>
        <time>1970-01-01T00:22:19.800000Z</time>
        <extensions>
          <gpxtpx:TrackPointExtension>
            <gpxtpx:hr>168</gpxtpx:hr>
          </gpxtpx:TrackPointExtension>
        </extensions>
      </trkpt>
      <trkpt lat="22.553730147124423" lon="114.1094251589786">
        <ele>-5.35120096988976</ele>
        <time>1970-01-01T00:22:20.800000Z</time>
        <extensions>
          <gpxtpx:TrackPointExtension>
            <gpxtpx:hr>168</gpxtpx:hr>
          </gpxtpx:TrackPointExtension>
        </extensions>
      </trkpt>
      <trkpt lat="22.553704098269428" lon="114.10942734100364">
        <ele>-5.422061324119568</ele>
        <time>1970-01-01T00:22:21.800000Z</time>
        <extensions>
          <gpxtpx:TrackPointExtension>
            <gpxtpx:hr>168</gpxtpx:hr>
          </gpxtpx:TrackPointExtension>
        </extensions>
      </trkpt>
      <trkpt lat="22.553677469576193" lon="114.10942923814936">
        <ele>-5.497406014241278</ele>
        <time>1970-01-01T00:22:22.800000Z</time>
        <extensions>
          <gpxtpx:TrackPointExtension>
            <gpxtpx:hr>168</gpxtpx:hr>
          </gpxtpx:TrackPointExtension>
        </extensions>
      </trkpt>
      <trkpt lat="22.553650477143343" lon="114.10943111188514">
        <ele>-5.576773934997618</ele>
        <time>1970-01-01T00:22:23.800000Z</time>
        <extensions>
          <gpxtpx:TrackPointExtension>
            <gpxtpx:hr>168</gpxtpx:hr>
          </gpxtpx:TrackPointExtension>
        </extensions>
      </trkpt>
      <trkpt lat="22.553623527802078" lon="114.10943285003705">
        <ele>-5.661317486315966</ele>
        <time>1970-01-01T00:22:24.800000Z</time>
        <extensions>
          <gpxtpx:TrackPointExtension>
            <gpxtpx:hr>168</gpxtpx:hr>
          </gpxtpx:TrackPointExtension>
        </extensions>
      </trkpt>
      <trkpt lat="22.55359700602682" lon="114.1094343512624">
        <ele>-5.748644053004682</ele>
        <time>1970-01-01T00:22:25.800000Z</time>
        <extensions>
          <gpxtpx:TrackPointExtension>
            <gpxtpx:hr>168</gpxtpx:hr>
          </gpxtpx:TrackPointExtension>
        </extensions>
      </trkpt>
      <trkpt lat="22.553570927414924" lon="114.10943570208383">
        <ele>-5.841179676353931</ele>
        <time>1970-01-01T00:22:26.800000Z</time>
        <extensions>
          <gpxtpx:TrackPointExtension>
            <gpxtpx:hr>168</gpxtpx:hr>
          </gpxtpx:TrackPointExtension>
        </extensions>
      </trkpt>
      <trkpt lat="22.553544975098013" lon="114.10943699043732">
        <ele>-5.9377226093783975</ele>
        <time>1970-01-01T00:22:27.700000Z</time>
        <extensions>
          <gpxtpx:TrackPointExtension>
            <gpxtpx:hr>169</gpxtpx:hr>
          </gpxtpx:TrackPointExtension>
        </extensions>
      </trkpt>
      <trkpt lat="22.553519062285787" lon="114.10943817744631">
        <ele>-6.03608863055706</ele>
        <time>1970-01-01T00:22:28.700000Z</time>
        <extensions>
          <gpxtpx:TrackPointExtension>
            <gpxtpx:hr>169</gpxtpx:hr>
          </gpxtpx:TrackPointExtension>
        </extensions>
      </trkpt>
      <trkpt lat="22.553493262713744" lon="114.10943921320941">
        <ele>-6.138224157504737</ele>
        <time>1970-01-01T00:22:29.700000Z</time>
        <extensions>
          <gpxtpx:TrackPointExtension>
            <gpxtpx:hr>169</gpxtpx:hr>
          </gpxtpx:TrackPointExtension>
        </extensions>
      </trkpt>
      <trkpt lat="22.553467591767276" lon="114.1094400834292">
        <ele>-6.242902231402695</ele>
        <time>1970-01-01T00:22:30.700000Z</time>
        <extensions>
          <gpxtpx:TrackPointExtension>
            <gpxtpx:hr>169</gpxtpx:hr>
          </gpxtpx:TrackPointExtension>
        </extensions>
      </trkpt>
      <trkpt lat="22.55344202665859" lon="114.10944073920719">
        <ele>-6.349540263414383</ele>
        <time>1970-01-01T00:22:31.700000Z</time>
        <extensions>
          <gpxtpx:TrackPointExtension>
            <gpxtpx:hr>171</gpxtpx:hr>
          </gpxtpx:TrackPointExtension>
        </extensions>
      </trkpt>
      <trkpt lat="22.553416605442273" lon="114.1094410704137">
        <ele>-6.460528215393424</ele>
        <time>1970-01-01T00:22:32.700000Z</time>
        <extensions>
          <gpxtpx:TrackPointExtension>
            <gpxtpx:hr>171</gpxtpx:hr>
          </gpxtpx:TrackPointExtension>
        </extensions>
      </trkpt>
      <trkpt lat="22.55339124964014" lon="114.10944116923916">
        <ele>-6.575433079153299</ele>
        <time>1970-01-01T00:22:33.700000Z</time>
        <extensions>
          <gpxtpx:TrackPointExtension>
            <gpxtpx:hr>171</gpxtpx:hr>
          </gpxtpx:TrackPointExtension>
        </extensions>
      </trkpt>
      <trkpt lat="22.553366090080814" lon="114.10944122727271">
        <ele>-6.6935357777401805</ele>
        <time>1970-01-01T00:22:34.700000Z</time>
        <extensions>
          <gpxtpx:TrackPointExtension>
            <gpxtpx:hr>171</gpxtpx:hr>
          </gpxtpx:TrackPointExtension>
        </extensions>
      </trkpt>
      <trkpt lat="22.55334115670302" lon="114.109441382349">
        <ele>-6.815676080062985</ele>
        <time>1970-01-01T00:22:35.700000Z</time>
        <extensions>
          <gpxtpx:TrackPointExtension>
            <gpxtpx:hr>171</gpxtpx:hr>
          </gpxtpx:TrackPointExtension>
        </extensions>
      </trkpt>
      <trkpt lat="22.553316204908942" lon="114.10944159924261">
        <ele>-6.941703284159303</ele>
        <time>1970-01-01T00:22:36.700000Z</time>
        <extensions>
          <gpxtpx:TrackPointExtension>
            <gpxtpx:hr>171</gpxtpx:hr>
          </gpxtpx:TrackPointExtension>
        </extensions>
      </trkpt>
      <trkpt lat="22.55329098837674" lon="114.10944189026826">
        <ele>-7.069778963923454</ele>
        <time>1970-01-01T00:22:37.700000Z</time>
        <extensions>
          <gpxtpx:TrackPointExtension>
            <gpxtpx:hr>171</gpxtpx:hr>
          </gpxtpx:TrackPointExtension>
        </extensions>
      </trkpt>
      <trkpt lat="22.553265571732013" lon="114.10944230181438">
        <ele>-7.197828707285225</ele>
        <time>1970-01-01T00:22:38.700000Z</time>
        <extensions>
          <gpxtpx:TrackPointExtension>
            <gpxtpx:hr>171</gpxtpx:hr>
          </gpxtpx:TrackPointExtension>
        </extensions>
      </trkpt>
      <trkpt lat="22.553240281051462" lon="114.10944294716437">
        <ele>-7.32610354013741</ele>
        <time>1970-01-01T00:22:39.700000Z</time>
        <extensions>
          <gpxtpx:TrackPointExtension>
            <gpxtpx:hr>171</gpxtpx:hr>
          </gpxtpx:TrackPointExtension>
        </extensions>
      </trkpt>
      <trkpt lat="22.553215265455876" lon="114.10944392660271">
        <ele>-7.452699035406113</ele>
        <time>1970-01-01T00:22:40.700000Z</time>
        <extensions>
          <gpxtpx:TrackPointExtension>
            <gpxtpx:hr>171</gpxtpx:hr>
          </gpxtpx:TrackPointExtension>
        </extensions>
      </trkpt>
      <trkpt lat="22.553190539782488" lon="114.10944522688486">
        <ele>-7.574559327214956</ele>
        <time>1970-01-01T00:22:41.700000Z</time>
        <extensions>
          <gpxtpx:TrackPointExtension>
            <gpxtpx:hr>171</gpxtpx:hr>
          </gpxtpx:TrackPointExtension>
        </extensions>
      </trkpt>
      <trkpt lat="22.553165812200884" lon="114.109446760823">
        <ele>-7.690534012392163</ele>
        <time>1970-01-01T00:22:42.700000Z</time>
        <extensions>
          <gpxtpx:TrackPointExtension>
            <gpxtpx:hr>171</gpxtpx:hr>
          </gpxtpx:TrackPointExtension>
        </extensions>
      </trkpt>
      <trkpt lat="22.553140868097405" lon="114.10944840984925">
        <ele>-7.796776857227087</ele>
        <time>1970-01-01T00:22:43.700000Z</time>
        <extensions>
          <gpxtpx:TrackPointExtension>
            <gpxtpx:hr>171</gpxtpx:hr>
          </gpxtpx:TrackPointExtension>
        </extensions>
      </trkpt>
      <trkpt lat="22.55311578808163" lon="114.10944989880254">
        <ele>-7.894006252288818</ele>
        <time>1970-01-01T00:22:44.700000Z</time>
        <extensions>
          <gpxtpx:TrackPointExtension>
            <gpxtpx:hr>171</gpxtpx:hr>
          </gpxtpx:TrackPointExtension>
        </extensions>
      </trkpt>
      <trkpt lat="22.55309073735496" lon="114.10945086416659">
        <ele>-7.977332182228565</ele>
        <time>1970-01-01T00:22:45.700000Z</time>
        <extensions>
          <gpxtpx:TrackPointExtension>
            <gpxtpx:hr>171</gpxtpx:hr>
          </gpxtpx:TrackPointExtension>
        </extensions>
      </trkpt>
      <trkpt lat="22.553065683668976" lon="114.10945085076017">
        <ele>-8.04551446530968</ele>
        <time>1970-01-01T00:22:46.700000Z</time>
        <extensions>
          <gpxtpx:TrackPointExtension>
            <gpxtpx:hr>169</gpxtpx:hr>
          </gpxtpx:TrackPointExtension>
        </extensions>
      </trkpt>
      <trkpt lat="22.553040625045934" lon="114.10944922623075">
        <ele>-8.093973328359425</ele>
        <time>1970-01-01T00:22:47.700000Z</time>
        <extensions>
          <gpxtpx:TrackPointExtension>
            <gpxtpx:hr>169</gpxtpx:hr>
          </gpxtpx:TrackPointExtension>
        </extensions>
      </trkpt>
      <trkpt lat="22.553015405027725" lon="114.10944768306481">
        <ele>-8.124478045850992</ele>
        <time>1970-01-01T00:22:48.700000Z</time>
        <extensions>
          <gpxtpx:TrackPointExtension>
            <gpxtpx:hr>169</gpxtpx:hr>
          </gpxtpx:TrackPointExtension>
        </extensions>
      </trkpt>
      <trkpt lat="22.552989681313274" lon="114.10944783455385">
        <ele>-8.138660895638168</ele>
        <time>1970-01-01T00:22:49.700000Z</time>
        <extensions>
          <gpxtpx:TrackPointExtension>
            <gpxtpx:hr>169</gpxtpx:hr>
          </gpxtpx:TrackPointExtension>
        </extensions>
      </trkpt>
      <trkpt lat="22.55296316376285" lon="114.1094492806965">
        <ele>-8.135525653138757</ele>
        <time>1970-01-01T00:22:50.600000Z</time>
        <extensions>
          <gpxtpx:TrackPointExtension>
            <gpxtpx:hr>169</gpxtpx:hr>
          </gpxtpx:TrackPointExtension>
        </extensions>
      </trkpt>
      <trkpt lat="22.55293598967215" lon="114.1094516712426">
        <ele>-8.113615400157869</ele>
        <time>1970-01-01T00:22:51.600000Z</time>
        <extensions>
          <gpxtpx:TrackPointExtension>
            <gpxtpx:hr>169</gpxtpx:hr>
          </gpxtpx:TrackPointExtension>
        </extensions>
      </trkpt>
      <trkpt lat="22.55290875058529" lon="114.1094544086208">
        <ele>-8.076886852271855</ele>
        <time>1970-01-01T00:22:52.600000Z</time>
        <extensions>
          <gpxtpx:TrackPointExtension>
            <gpxtpx:hr>169</gpxtpx:hr>
          </gpxtpx:TrackPointExtension>
        </extensions>
      </trkpt>
      <trkpt lat="22.552881600418992" lon="114.10945720512777">
        <ele>-8.027941137552261</ele>
        <time>1970-01-01T00:22:53.600000Z</time>
        <extensions>
          <gpxtpx:TrackPointExtension>
            <gpxtpx:hr>169</gpxtpx:hr>
          </gpxtpx:TrackPointExtension>
        </extensions>
      </trkpt>
      <trkpt lat="22.55285453852588" lon="114.10946017459139">
        <ele>-7.9654911030083895</ele>
        <time>1970-01-01T00:22:54.600000Z</time>
        <extensions>
          <gpxtpx:TrackPointExtension>
            <gpxtpx:hr>169</gpxtpx:hr>
          </gpxtpx:TrackPointExtension>
        </extensions>
      </trkpt>
      <trkpt lat="22.55282770083691" lon="114.10946352138673">
        <ele>-7.892444625496864</ele>
        <time>1970-01-01T00:22:55.600000Z</time>
        <extensions>
          <gpxtpx:TrackPointExtension>
            <gpxtpx:hr>169</gpxtpx:hr>
          </gpxtpx:TrackPointExtension>
        </extensions>
      </trkpt>
      <trkpt lat="22.552801360117357" lon="114.10946749574379">
        <ele>-7.811870940960944</ele>
        <time>1970-01-01T00:22:56.600000Z</time>
        <extensions>
          <gpxtpx:TrackPointExtension>
            <gpxtpx:hr>169</gpxtpx:hr>
          </gpxtpx:TrackPointExtension>
        </extensions>
      </trkpt>
      <trkpt lat="22.552775593248136" lon="114.10947246346804">
        <ele>-7.723825367167592</ele>
        <time>1970-01-01T00:22:57.600000Z</time>
        <extensions>
          <gpxtpx:TrackPointExtension>
            <gpxtpx:hr>169</gpxtpx:hr>
          </gpxtpx:TrackPointExtension>
        </extensions>
      </trkpt>
      <trkpt lat="22.5527502841528" lon="114.10947836114082">
        <ele>-7.631529221311212</ele>
        <time>1970-01-01T00:22:58.600000Z</time>
        <extensions>
          <gpxtpx:TrackPointExtension>
            <gpxtpx:hr>169</gpxtpx:hr>
          </gpxtpx:TrackPointExtension>
        </extensions>
      </trkpt>
      <trkpt lat="22.552725293517405" lon="114.10948404076572">
        <ele>-7.538461084477603</ele>
        <time>1970-01-01T00:22:59.600000Z</time>
        <extensions>
          <gpxtpx:TrackPointExtension>
            <gpxtpx:hr>170</gpxtpx:hr>
          </gpxtpx:TrackPointExtension>
        </extensions>
      </trkpt>
      <trkpt lat="22.55270050729761" lon="114.10948868252264">
        <ele>-7.443509335629642</ele>
        <time>1970-01-01T00:23:00.600000Z</time>
        <extensions>
          <gpxtpx:TrackPointExtension>
            <gpxtpx:hr>170</gpxtpx:hr>
          </gpxtpx:TrackPointExtension>
        </extensions>
      </trkpt>
      <trkpt lat="22.552675534955164" lon="114.10949249766607">
        <ele>-7.347393385134637</ele>
        <time>1970-01-01T00:23:01.600000Z</time>
        <extensions>
          <gpxtpx:TrackPointExtension>
            <gpxtpx:hr>170</gpxtpx:hr>
          </gpxtpx:TrackPointExtension>
        </extensions>
      </trkpt>
      <trkpt lat="22.552650121427536" lon="114.1094956764777">
        <ele>-7.252949481830001</ele>
        <time>1970-01-01T00:23:02.600000Z</time>
        <extensions>
          <gpxtpx:TrackPointExtension>
            <gpxtpx:hr>170</gpxtpx:hr>
          </gpxtpx:TrackPointExtension>
        </extensions>
      </trkpt>
      <trkpt lat="22.55262449677864" lon="114.10949827270889">
        <ele>-7.163250717334449</ele>
        <time>1970-01-01T00:23:03.600000Z</time>
        <extensions>
          <gpxtpx:TrackPointExtension>
            <gpxtpx:hr>170</gpxtpx:hr>
          </gpxtpx:TrackPointExtension>
        </extensions>
      </trkpt>
      <trkpt lat="22.552598754812244" lon="114.10950030747874">
        <ele>-7.076812838204205</ele>
        <time>1970-01-01T00:23:04.600000Z</time>
        <extensions>
          <gpxtpx:TrackPointExtension>
            <gpxtpx:hr>170</gpxtpx:hr>
          </gpxtpx:TrackPointExtension>
        </extensions>
      </trkpt>
      <trkpt lat="22.552572993199668" lon="114.10950183695539">
        <ele>-6.993238173425198</ele>
        <time>1970-01-01T00:23:05.600000Z</time>
        <extensions>
          <gpxtpx:TrackPointExtension>
            <gpxtpx:hr>170</gpxtpx:hr>
          </gpxtpx:TrackPointExtension>
        </extensions>
      </trkpt>
      <trkpt lat="22.55254723713407" lon="114.10950299866097">
        <ele>-6.914382893592119</ele>
        <time>1970-01-01T00:23:06.600000Z</time>
        <extensions>
          <gpxtpx:TrackPointExtension>
            <gpxtpx:hr>170</gpxtpx:hr>
          </gpxtpx:TrackPointExtension>
        </extensions>
      </trkpt>
      <trkpt lat="22.55252160499636" lon="114.10950396379249">
        <ele>-6.840628935955465</ele>
        <time>1970-01-01T00:23:07.600000Z</time>
        <extensions>
          <gpxtpx:TrackPointExtension>
            <gpxtpx:hr>170</gpxtpx:hr>
          </gpxtpx:TrackPointExtension>
        </extensions>
      </trkpt>
      <trkpt lat="22.55249615107419" lon="114.109504823536">
        <ele>-6.772574081085622</ele>
        <time>1970-01-01T00:23:08.600000Z</time>
        <extensions>
          <gpxtpx:TrackPointExtension>
            <gpxtpx:hr>170</gpxtpx:hr>
          </gpxtpx:TrackPointExtension>
        </extensions>
      </trkpt>
      <trkpt lat="22.5524708561153" lon="114.10950576141828">
        <ele>-6.7111715618520975</ele>
        <time>1970-01-01T00:23:09.600000Z</time>
        <extensions>
          <gpxtpx:TrackPointExtension>
            <gpxtpx:hr>170</gpxtpx:hr>
          </gpxtpx:TrackPointExtension>
        </extensions>
      </trkpt>
      <trkpt lat="22.552445645301134" lon="114.10950691496053">
        <ele>-6.655581269413233</ele>
        <time>1970-01-01T00:23:10.600000Z</time>
        <extensions>
          <gpxtpx:TrackPointExtension>
            <gpxtpx:hr>170</gpxtpx:hr>
          </gpxtpx:TrackPointExtension>
        </extensions>
      </trkpt>
      <trkpt lat="22.552420408877026" lon="114.10950824067638">
        <ele>-6.6056744158267975</ele>
        <time>1970-01-01T00:23:11.600000Z</time>
        <extensions>
          <gpxtpx:TrackPointExtension>
            <gpxtpx:hr>170</gpxtpx:hr>
          </gpxtpx:TrackPointExtension>
        </extensions>
      </trkpt>
      <trkpt lat="22.552395391269798" lon="114.10950992476299">
        <ele>-6.561554666608572</ele>
        <time>1970-01-01T00:23:12.600000Z</time>
        <extensions>
          <gpxtpx:TrackPointExtension>
            <gpxtpx:hr>170</gpxtpx:hr>
          </gpxtpx:TrackPointExtension>
        </extensions>
      </trkpt>
      <trkpt lat="22.552370660876832" lon="114.1095120404276">
        <ele>-6.523291704244912</ele>
        <time>1970-01-01T00:23:13.600000Z</time>
        <extensions>
          <gpxtpx:TrackPointExtension>
            <gpxtpx:hr>170</gpxtpx:hr>
          </gpxtpx:TrackPointExtension>
        </extensions>
      </trkpt>
      <trkpt lat="22.55234614998191" lon="114.10951455386477">
        <ele>-6.49237563367933</ele>
        <time>1970-01-01T00:23:14.500000Z</time>
        <extensions>
          <gpxtpx:TrackPointExtension>
            <gpxtpx:hr>170</gpxtpx:hr>
          </gpxtpx:TrackPointExtension>
        </extensions>
      </trkpt>
      <trkpt lat="22.552321789455682" lon="114.10951749293545">
        <ele>-6.467297186143696</ele>
        <time>1970-01-01T00:23:15.500000Z</time>
        <extensions>
          <gpxtpx:TrackPointExtension>
            <gpxtpx:hr>170</gpxtpx:hr>
          </gpxtpx:TrackPointExtension>
        </extensions>
      </trkpt>
      <trkpt lat="22.552297515105487" lon="114.10952067591907">
        <ele>-6.444051059894264</ele>
        <time>1970-01-01T00:23:16.500000Z</time>
        <extensions>
          <gpxtpx:TrackPointExtension>
            <gpxtpx:hr>170</gpxtpx:hr>
          </gpxtpx:TrackPointExtension>
        </extensions>
      </trkpt>
      <trkpt lat="22.55227344954025" lon="114.10952394075169">
        <ele>-6.426159963943064</ele>
        <time>1970-01-01T00:23:17.500000Z</time>
        <extensions>
          <gpxtpx:TrackPointExtension>
            <gpxtpx:hr>170</gpxtpx:hr>
          </gpxtpx:TrackPointExtension>
        </extensions>
      </trkpt>
      <trkpt lat="22.552249514127112" lon="114.10952729354744">
        <ele>-6.412138903513551</ele>
        <time>1970-01-01T00:23:18.500000Z</time>
        <extensions>
          <gpxtpx:TrackPointExtension>
            <gpxtpx:hr>169</gpxtpx:hr>
          </gpxtpx:TrackPointExtension>
        </extensions>
      </trkpt>
      <trkpt lat="22.552225762768664" lon="114.10953110698004">
        <ele>-6.4012114042416215</ele>
        <time>1970-01-01T00:23:19.500000Z</time>
        <extensions>
          <gpxtpx:TrackPointExtension>
            <gpxtpx:hr>169</gpxtpx:hr>
          </gpxtpx:TrackPointExtension>
        </extensions>
      </trkpt>
      <trkpt lat="22.55220226749936" lon="114.10953557431677">
        <ele>-6.392663878388703</ele>
        <time>1970-01-01T00:23:20.500000Z</time>
        <extensions>
          <gpxtpx:TrackPointExtension>
            <gpxtpx:hr>169</gpxtpx:hr>
          </gpxtpx:TrackPointExtension>
        </extensions>
      </trkpt>
      <trkpt lat="22.552178897417125" lon="114.10953983360652">
        <ele>-6.386913798749447</ele>
        <time>1970-01-01T00:23:21.500000Z</time>
        <extensions>
          <gpxtpx:TrackPointExtension>
            <gpxtpx:hr>169</gpxtpx:hr>
          </gpxtpx:TrackPointExtension>
        </extensions>
      </trkpt>
      <trkpt lat="22.552155436428432" lon="114.10954351841572">
        <ele>-6.383216721005738</ele>
        <time>1970-01-01T00:23:22.500000Z</time>
        <extensions>
          <gpxtpx:TrackPointExtension>
            <gpxtpx:hr>169</gpxtpx:hr>
          </gpxtpx:TrackPointExtension>
        </extensions>
      </trkpt>
      <trkpt lat="22.552131604291116" lon="114.10954696746397">
        <ele>-6.3804260697215796</ele>
        <time>1970-01-01T00:23:23.500000Z</time>
        <extensions>
          <gpxtpx:TrackPointExtension>
            <gpxtpx:hr>169</gpxtpx:hr>
          </gpxtpx:TrackPointExtension>
        </extensions>
      </trkpt>
      <trkpt lat="22.552107476790788" lon="114.10955010146611">
        <ele>-6.376043580472469</ele>
        <time>1970-01-01T00:23:24.500000Z</time>
        <extensions>
          <gpxtpx:TrackPointExtension>
            <gpxtpx:hr>169</gpxtpx:hr>
          </gpxtpx:TrackPointExtension>
        </extensions>
      </trkpt>
      <trkpt lat="22.55208299399512" lon="114.10955295666162">
        <ele>-6.371752548031509</ele>
        <time>1970-01-01T00:23:25.500000Z</time>
        <extensions>
          <gpxtpx:TrackPointExtension>
            <gpxtpx:hr>169</gpxtpx:hr>
          </gpxtpx:TrackPointExtension>
        </extensions>
      </trkpt>
      <trkpt lat="22.552058050807837" lon="114.10955576987757">
        <ele>-6.367171000689268</ele>
        <time>1970-01-01T00:23:26.500000Z</time>
        <extensions>
          <gpxtpx:TrackPointExtension>
            <gpxtpx:hr>169</gpxtpx:hr>
          </gpxtpx:TrackPointExtension>
        </extensions>
      </trkpt>
      <trkpt lat="22.55203285717378" lon="114.109558653405">
        <ele>-6.3639994552358985</ele>
        <time>1970-01-01T00:23:27.500000Z</time>
        <extensions>
          <gpxtpx:TrackPointExtension>
            <gpxtpx:hr>169</gpxtpx:hr>
          </gpxtpx:TrackPointExtension>
        </extensions>
      </trkpt>
      <trkpt lat="22.55200771658795" lon="114.10956165101994">
        <ele>-6.36090861260891</ele>
        <time>1970-01-01T00:23:28.500000Z</time>
        <extensions>
          <gpxtpx:TrackPointExtension>
            <gpxtpx:hr>170</gpxtpx:hr>
          </gpxtpx:TrackPointExtension>
        </extensions>
      </trkpt>
      <trkpt lat="22.55198283073668" lon="114.10956478943568">
        <ele>-6.355980440042913</ele>
        <time>1970-01-01T00:23:29.500000Z</time>
        <extensions>
          <gpxtpx:TrackPointExtension>
            <gpxtpx:hr>170</gpxtpx:hr>
          </gpxtpx:TrackPointExtension>
        </extensions>
      </trkpt>
      <trkpt lat="22.55195819052826" lon="114.10956796580238">
        <ele>-6.3531541265547276</ele>
        <time>1970-01-01T00:23:30.500000Z</time>
        <extensions>
          <gpxtpx:TrackPointExtension>
            <gpxtpx:hr>170</gpxtpx:hr>
          </gpxtpx:TrackPointExtension>
        </extensions>
      </trkpt>
      <trkpt lat="22.55193384825495" lon="114.10957090451087">
        <ele>-6.349717972800136</ele>
        <time>1970-01-01T00:23:31.500000Z</time>
        <extensions>
          <gpxtpx:TrackPointExtension>
            <gpxtpx:hr>170</gpxtpx:hr>
          </gpxtpx:TrackPointExtension>
        </extensions>
      </trkpt>
      <trkpt lat="22.551909737694835" lon="114.10957337113508">
        <ele>-6.347364918328822</ele>
        <time>1970-01-01T00:23:32.500000Z</time>
        <extensions>
          <gpxtpx:TrackPointExtension>
            <gpxtpx:hr>170</gpxtpx:hr>
          </gpxtpx:TrackPointExtension>
        </extensions>
      </trkpt>
      <trkpt lat="22.551885788304535" lon="114.1095756655609">
        <ele>-6.346441409550607</ele>
        <time>1970-01-01T00:23:33.500000Z</time>
        <extensions>
          <gpxtpx:TrackPointExtension>
            <gpxtpx:hr>170</gpxtpx:hr>
          </gpxtpx:TrackPointExtension>
        </extensions>
      </trkpt>
      <trkpt lat="22.551861724822892" lon="114.10957779654954">
        <ele>-6.344686737284064</ele>
        <time>1970-01-01T00:23:34.500000Z</time>
        <extensions>
          <gpxtpx:TrackPointExtension>
            <gpxtpx:hr>170</gpxtpx:hr>
          </gpxtpx:TrackPointExtension>
        </extensions>
      </trkpt>
      <trkpt lat="22.551837311619845" lon="114.1095799973859">
        <ele>-6.343888210132718</ele>
        <time>1970-01-01T00:23:35.500000Z</time>
        <extensions>
          <gpxtpx:TrackPointExtension>
            <gpxtpx:hr>170</gpxtpx:hr>
          </gpxtpx:TrackPointExtension>
        </extensions>
      </trkpt>
      <trkpt lat="22.551812594558896" lon="114.10958257410111">
        <ele>-6.343204441480339</ele>
        <time>1970-01-01T00:23:36.500000Z</time>
        <extensions>
          <gpxtpx:TrackPointExtension>
            <gpxtpx:hr>170</gpxtpx:hr>
          </gpxtpx:TrackPointExtension>
        </extensions>
      </trkpt>
      <trkpt lat="22.551787646369856" lon="114.1095854317616">
        <ele>-6.343487200327218</ele>
        <time>1970-01-01T00:23:37.400000Z</time>
        <extensions>
          <gpxtpx:TrackPointExtension>
            <gpxtpx:hr>170</gpxtpx:hr>
          </gpxtpx:TrackPointExtension>
        </extensions>
      </trkpt>
      <trkpt lat="22.551762525570318" lon="114.10958863603568">
        <ele>-6.343446337617934</ele>
        <time>1970-01-01T00:23:38.400000Z</time>
        <extensions>
          <gpxtpx:TrackPointExtension>
            <gpxtpx:hr>170</gpxtpx:hr>
          </gpxtpx:TrackPointExtension>
        </extensions>
      </trkpt>
      <trkpt lat="22.551737191745563" lon="114.1095921477052">
        <ele>-6.343708919361234</ele>
        <time>1970-01-01T00:23:39.400000Z</time>
        <extensions>
          <gpxtpx:TrackPointExtension>
            <gpxtpx:hr>170</gpxtpx:hr>
          </gpxtpx:TrackPointExtension>
        </extensions>
      </trkpt>
      <trkpt lat="22.55171189042702" lon="114.10959593015372">
        <ele>-6.345504977740347</ele>
        <time>1970-01-01T00:23:40.400000Z</time>
        <extensions>
          <gpxtpx:TrackPointExtension>
            <gpxtpx:hr>170</gpxtpx:hr>
          </gpxtpx:TrackPointExtension>
        </extensions>
      </trkpt>
      <trkpt lat="22.551686605990234" lon="114.10959982746512">
        <ele>-6.349203762598336</ele>
        <time>1970-01-01T00:23:41.400000Z</time>
        <extensions>
          <gpxtpx:TrackPointExtension>
            <gpxtpx:hr>170</gpxtpx:hr>
          </gpxtpx:TrackPointExtension>
        </extensions>
      </trkpt>
      <trkpt lat="22.551661315566236" lon="114.10960385230901">
        <ele>-6.355235962197185</ele>
        <time>1970-01-01T00:23:42.400000Z</time>
        <extensions>
          <gpxtpx:TrackPointExtension>
            <gpxtpx:hr>170</gpxtpx:hr>
          </gpxtpx:TrackPointExtension>
        </extensions>
      </trkpt>
      <trkpt lat="22.551636277115556" lon="114.10960806423124">
        <ele>-6.36415592674166</ele>
        <time>1970-01-01T00:23:43.400000Z</time>
        <extensions>
          <gpxtpx:TrackPointExtension>
            <gpxtpx:hr>170</gpxtpx:hr>
          </gpxtpx:TrackPointExtension>
        </extensions>
      </trkpt>
      <trkpt lat="22.551611611759462" lon="114.10961243098248">
        <ele>-6.3736255541443825</ele>
        <time>1970-01-01T00:23:44.400000Z</time>
        <extensions>
          <gpxtpx:TrackPointExtension>
            <gpxtpx:hr>169</gpxtpx:hr>
          </gpxtpx:TrackPointExtension>
        </extensions>
      </trkpt>
      <trkpt lat="22.551587317510428" lon="114.10961686362467">
        <ele>-6.383548087440431</ele>
        <time>1970-01-01T00:23:45.400000Z</time>
        <extensions>
          <gpxtpx:TrackPointExtension>
            <gpxtpx:hr>169</gpxtpx:hr>
          </gpxtpx:TrackPointExtension>
        </extensions>
      </trkpt>
      <trkpt lat="22.55156324456377" lon="114.10962126968406">
        <ele>-6.392892452888191</ele>
        <time>1970-01-01T00:23:46.400000Z</time>
        <extensions>
          <gpxtpx:TrackPointExtension>
            <gpxtpx:hr>169</gpxtpx:hr>
          </gpxtpx:TrackPointExtension>
        </extensions>
      </trkpt>
      <trkpt lat="22.551539269623444" lon="114.10962556873628">
        <ele>-6.402036746963859</ele>
        <time>1970-01-01T00:23:47.400000Z</time>
        <extensions>
          <gpxtpx:TrackPointExtension>
            <gpxtpx:hr>169</gpxtpx:hr>
          </gpxtpx:TrackPointExtension>
        </extensions>
      </trkpt>
      <trkpt lat="22.551515260101" lon="114.10962982676084">
        <ele>-6.414334903471172</ele>
        <time>1970-01-01T00:23:48.400000Z</time>
        <extensions>
          <gpxtpx:TrackPointExtension>
            <gpxtpx:hr>169</gpxtpx:hr>
          </gpxtpx:TrackPointExtension>
        </extensions>
      </trkpt>
      <trkpt lat="22.551491143691614" lon="114.10963393541684">
        <ele>-6.4277342250570655</ele>
        <time>1970-01-01T00:23:49.400000Z</time>
        <extensions>
          <gpxtpx:TrackPointExtension>
            <gpxtpx:hr>169</gpxtpx:hr>
          </gpxtpx:TrackPointExtension>
        </extensions>
      </trkpt>
      <trkpt lat="22.55146704616482" lon="114.1096378212116">
        <ele>-6.44110775180161</ele>
        <time>1970-01-01T00:23:50.400000Z</time>
        <extensions>
          <gpxtpx:TrackPointExtension>
            <gpxtpx:hr>169</gpxtpx:hr>
          </gpxtpx:TrackPointExtension>
        </extensions>
      </trkpt>
      <trkpt lat="22.55144287046721" lon="114.10964168763824">
        <ele>-6.450370796024799</ele>
        <time>1970-01-01T00:23:51.400000Z</time>
        <extensions>
          <gpxtpx:TrackPointExtension>
            <gpxtpx:hr>169</gpxtpx:hr>
          </gpxtpx:TrackPointExtension>
        </extensions>
      </trkpt>
      <trkpt lat="22.551418472372976" lon="114.10964551519032">
        <ele>-6.461602247320116</ele>
        <time>1970-01-01T00:23:52.400000Z</time>
        <extensions>
          <gpxtpx:TrackPointExtension>
            <gpxtpx:hr>169</gpxtpx:hr>
          </gpxtpx:TrackPointExtension>
        </extensions>
      </trkpt>
      <trkpt lat="22.551393802815177" lon="114.10964944654302">
        <ele>-6.472118028439581</ele>
        <time>1970-01-01T00:23:53.400000Z</time>
        <extensions>
          <gpxtpx:TrackPointExtension>
            <gpxtpx:hr>169</gpxtpx:hr>
          </gpxtpx:TrackPointExtension>
        </extensions>
      </trkpt>
      <trkpt lat="22.5513689805616" lon="114.10965353501263">
        <ele>-6.483847721479833</ele>
        <time>1970-01-01T00:23:54.400000Z</time>
        <extensions>
          <gpxtpx:TrackPointExtension>
            <gpxtpx:hr>169</gpxtpx:hr>
          </gpxtpx:TrackPointExtension>
        </extensions>
      </trkpt>
      <trkpt lat="22.55134427153501" lon="114.1096578056369">
        <ele>-6.496353544294834</ele>
        <time>1970-01-01T00:23:55.400000Z</time>
        <extensions>
          <gpxtpx:TrackPointExtension>
            <gpxtpx:hr>169</gpxtpx:hr>
          </gpxtpx:TrackPointExtension>
        </extensions>
      </trkpt>
      <trkpt lat="22.55131962112851" lon="114.10966237279929">
        <ele>-6.508033747784793</ele>
        <time>1970-01-01T00:23:56.400000Z</time>
        <extensions>
          <gpxtpx:TrackPointExtension>
            <gpxtpx:hr>169</gpxtpx:hr>
          </gpxtpx:TrackPointExtension>
        </extensions>
      </trkpt>
      <trkpt lat="22.551294926322694" lon="114.10966720122548">
        <ele>-6.518127049319446</ele>
        <time>1970-01-01T00:23:57.400000Z</time>
        <extensions>
          <gpxtpx:TrackPointExtension>
            <gpxtpx:hr>169</gpxtpx:hr>
          </gpxtpx:TrackPointExtension>
        </extensions>
      </trkpt>
      <trkpt lat="22.551270161471855" lon="114.10967218371952">
        <ele>-6.526018816977739</ele>
        <time>1970-01-01T00:23:58.400000Z</time>
        <extensions>
          <gpxtpx:TrackPointExtension>
            <gpxtpx:hr>169</gpxtpx:hr>
          </gpxtpx:TrackPointExtension>
        </extensions>
      </trkpt>
      <trkpt lat="22.55124546201755" lon="114.10967720050674">
        <ele>-6.531058999709785</ele>
        <time>1970-01-01T00:23:59.400000Z</time>
        <extensions>
          <gpxtpx:TrackPointExtension>
            <gpxtpx:hr>169</gpxtpx:hr>
          </gpxtpx:TrackPointExtension>
        </extensions>
      </trkpt>
      <trkpt lat="22.55122084986982" lon="114.10968201526909">
        <ele>-6.535030784085393</ele>
        <time>1970-01-01T00:24:00.400000Z</time>
        <extensions>
          <gpxtpx:TrackPointExtension>
            <gpxtpx:hr>169</gpxtpx:hr>
          </gpxtpx:TrackPointExtension>
        </extensions>
      </trkpt>
      <trkpt lat="22.55119620222126" lon="114.10968641910094">
        <ele>-6.538021443411708</ele>
        <time>1970-01-01T00:24:01.300000Z</time>
        <extensions>
          <gpxtpx:TrackPointExtension>
            <gpxtpx:hr>169</gpxtpx:hr>
          </gpxtpx:TrackPointExtension>
        </extensions>
      </trkpt>
      <trkpt lat="22.551171299985448" lon="114.10969031180632">
        <ele>-6.538167747668922</ele>
        <time>1970-01-01T00:24:02.300000Z</time>
        <extensions>
          <gpxtpx:TrackPointExtension>
            <gpxtpx:hr>169</gpxtpx:hr>
          </gpxtpx:TrackPointExtension>
        </extensions>
      </trkpt>
      <trkpt lat="22.551146185664795" lon="114.10969362565167">
        <ele>-6.5357529846951365</ele>
        <time>1970-01-01T00:24:03.300000Z</time>
        <extensions>
          <gpxtpx:TrackPointExtension>
            <gpxtpx:hr>170</gpxtpx:hr>
          </gpxtpx:TrackPointExtension>
        </extensions>
      </trkpt>
      <trkpt lat="22.551121024387985" lon="114.1096963260185">
        <ele>-6.529237441718578</ele>
        <time>1970-01-01T00:24:04.300000Z</time>
        <extensions>
          <gpxtpx:TrackPointExtension>
            <gpxtpx:hr>170</gpxtpx:hr>
          </gpxtpx:TrackPointExtension>
        </extensions>
      </trkpt>
      <trkpt lat="22.55109582806163" lon="114.10969829808133">
        <ele>-6.521067622117698</ele>
        <time>1970-01-01T00:24:05.300000Z</time>
        <extensions>
          <gpxtpx:TrackPointExtension>
            <gpxtpx:hr>170</gpxtpx:hr>
          </gpxtpx:TrackPointExtension>
        </extensions>
      </trkpt>
      <trkpt lat="22.551070481207304" lon="114.10970015674647">
        <ele>-6.505518231540918</ele>
        <time>1970-01-01T00:24:06.300000Z</time>
        <extensions>
          <gpxtpx:TrackPointExtension>
            <gpxtpx:hr>170</gpxtpx:hr>
          </gpxtpx:TrackPointExtension>
        </extensions>
      </trkpt>
      <trkpt lat="22.551045034087984" lon="114.10970236336989">
        <ele>-6.492076016962528</ele>
        <time>1970-01-01T00:24:07.300000Z</time>
        <extensions>
          <gpxtpx:TrackPointExtension>
            <gpxtpx:hr>170</gpxtpx:hr>
          </gpxtpx:TrackPointExtension>
        </extensions>
      </trkpt>
      <trkpt lat="22.55101961945517" lon="114.10970489293196">
        <ele>-6.475099865347147</ele>
        <time>1970-01-01T00:24:08.300000Z</time>
        <extensions>
          <gpxtpx:TrackPointExtension>
            <gpxtpx:hr>170</gpxtpx:hr>
          </gpxtpx:TrackPointExtension>
        </extensions>
      </trkpt>
      <trkpt lat="22.55099421438329" lon="114.10970781796694">
        <ele>-6.454194053076208</ele>
        <time>1970-01-01T00:24:09.300000Z</time>
        <extensions>
          <gpxtpx:TrackPointExtension>
            <gpxtpx:hr>170</gpxtpx:hr>
          </gpxtpx:TrackPointExtension>
        </extensions>
      </trkpt>
      <trkpt lat="22.550968737027834" lon="114.1097111589306">
        <ele>-6.429332678206265</ele>
        <time>1970-01-01T00:24:10.300000Z</time>
        <extensions>
          <gpxtpx:TrackPointExtension>
            <gpxtpx:hr>170</gpxtpx:hr>
          </gpxtpx:TrackPointExtension>
        </extensions>
      </trkpt>
      <trkpt lat="22.550943202717054" lon="114.10971491203514">
        <ele>-6.400528752245009</ele>
        <time>1970-01-01T00:24:11.300000Z</time>
        <extensions>
          <gpxtpx:TrackPointExtension>
            <gpxtpx:hr>170</gpxtpx:hr>
          </gpxtpx:TrackPointExtension>
        </extensions>
      </trkpt>
      <trkpt lat="22.55091772157507" lon="114.10971898423473">
        <ele>-6.36774729937315</ele>
        <time>1970-01-01T00:24:12.300000Z</time>
        <extensions>
          <gpxtpx:TrackPointExtension>
            <gpxtpx:hr>170</gpxtpx:hr>
          </gpxtpx:TrackPointExtension>
        </extensions>
      </trkpt>
      <trkpt lat="22.5508921833318" lon="114.10972348293609">
        <ele>-6.330999725498259</ele>
        <time>1970-01-01T00:24:13.300000Z</time>
        <extensions>
          <gpxtpx:TrackPointExtension>
            <gpxtpx:hr>170</gpxtpx:hr>
          </gpxtpx:TrackPointExtension>
        </extensions>
      </trkpt>
      <trkpt lat="22.550866503818852" lon="114.10972840614333">
        <ele>-6.290436318144202</ele>
        <time>1970-01-01T00:24:14.300000Z</time>
        <extensions>
          <gpxtpx:TrackPointExtension>
            <gpxtpx:hr>170</gpxtpx:hr>
          </gpxtpx:TrackPointExtension>
        </extensions>
      </trkpt>
      <trkpt lat="22.55084063436237" lon="114.1097334325851">
        <ele>-6.246160117909312</ele>
        <time>1970-01-01T00:24:15.300000Z</time>
        <extensions>
          <gpxtpx:TrackPointExtension>
            <gpxtpx:hr>169</gpxtpx:hr>
          </gpxtpx:TrackPointExtension>
        </extensions>
      </trkpt>
      <trkpt lat="22.55081471066378" lon="114.10973825935774">
        <ele>-6.198284177109599</ele>
        <time>1970-01-01T00:24:16.300000Z</time>
        <extensions>
          <gpxtpx:TrackPointExtension>
            <gpxtpx:hr>169</gpxtpx:hr>
          </gpxtpx:TrackPointExtension>
        </extensions>
      </trkpt>
      <trkpt lat="22.550788866798563" lon="114.1097427746932">
        <ele>-6.146775996312499</ele>
        <time>1970-01-01T00:24:17.300000Z</time>
        <extensions>
          <gpxtpx:TrackPointExtension>
            <gpxtpx:hr>169</gpxtpx:hr>
          </gpxtpx:TrackPointExtension>
        </extensions>
      </trkpt>
      <trkpt lat="22.550763196466495" lon="114.10974711876713">
        <ele>-6.091451574116945</ele>
        <time>1970-01-01T00:24:18.300000Z</time>
        <extensions>
          <gpxtpx:TrackPointExtension>
            <gpxtpx:hr>169</gpxtpx:hr>
          </gpxtpx:TrackPointExtension>
        </extensions>
      </trkpt>
      <trkpt lat="22.550737637347712" lon="114.10975125541502">
        <ele>-6.032063734717667</ele>
        <time>1970-01-01T00:24:19.300000Z</time>
        <extensions>
          <gpxtpx:TrackPointExtension>
            <gpxtpx:hr>169</gpxtpx:hr>
          </gpxtpx:TrackPointExtension>
        </extensions>
      </trkpt>
      <trkpt lat="22.55071224835575" lon="114.10975509949412">
        <ele>-5.968354030512273</ele>
        <time>1970-01-01T00:24:20.300000Z</time>
        <extensions>
          <gpxtpx:TrackPointExtension>
            <gpxtpx:hr>169</gpxtpx:hr>
          </gpxtpx:TrackPointExtension>
        </extensions>
      </trkpt>
      <trkpt lat="22.55068699247786" lon="114.10975865572544">
        <ele>-5.900009671226144</ele>
        <time>1970-01-01T00:24:21.300000Z</time>
        <extensions>
          <gpxtpx:TrackPointExtension>
            <gpxtpx:hr>169</gpxtpx:hr>
          </gpxtpx:TrackPointExtension>
        </extensions>
      </trkpt>
      <trkpt lat="22.55066168588081" lon="114.10976200631967">
        <ele>-5.826708755455911</ele>
        <time>1970-01-01T00:24:22.300000Z</time>
        <extensions>
          <gpxtpx:TrackPointExtension>
            <gpxtpx:hr>169</gpxtpx:hr>
          </gpxtpx:TrackPointExtension>
        </extensions>
      </trkpt>
      <trkpt lat="22.55063639011086" lon="114.1097653143437">
        <ele>-5.748158937320113</ele>
        <time>1970-01-01T00:24:23.300000Z</time>
        <extensions>
          <gpxtpx:TrackPointExtension>
            <gpxtpx:hr>169</gpxtpx:hr>
          </gpxtpx:TrackPointExtension>
        </extensions>
      </trkpt>
      <trkpt lat="22.55061119358557" lon="114.1097686760957">
        <ele>-5.664157469756901</ele>
        <time>1970-01-01T00:24:24.200000Z</time>
        <extensions>
          <gpxtpx:TrackPointExtension>
            <gpxtpx:hr>169</gpxtpx:hr>
          </gpxtpx:TrackPointExtension>
        </extensions>
      </trkpt>
      <trkpt lat="22.550586093366707" lon="114.10977213248837">
        <ele>-5.57465988676995</ele>
        <time>1970-01-01T00:24:25.200000Z</time>
        <extensions>
          <gpxtpx:TrackPointExtension>
            <gpxtpx:hr>169</gpxtpx:hr>
          </gpxtpx:TrackPointExtension>
        </extensions>
      </trkpt>
      <trkpt lat="22.550561105706734" lon="114.10977557301379">
        <ele>-5.479787590913475</ele>
        <time>1970-01-01T00:24:26.200000Z</time>
        <extensions>
          <gpxtpx:TrackPointExtension>
            <gpxtpx:hr>169</gpxtpx:hr>
          </gpxtpx:TrackPointExtension>
        </extensions>
      </trkpt>
      <trkpt lat="22.55053620276017" lon="114.10977892167895">
        <ele>-5.379840788431466</ele>
        <time>1970-01-01T00:24:27.200000Z</time>
        <extensions>
          <gpxtpx:TrackPointExtension>
            <gpxtpx:hr>170</gpxtpx:hr>
          </gpxtpx:TrackPointExtension>
        </extensions>
      </trkpt>
      <trkpt lat="22.550511410385386" lon="114.10978221837722">
        <ele>-5.275335170328617</ele>
        <time>1970-01-01T00:24:28.200000Z</time>
        <extensions>
          <gpxtpx:TrackPointExtension>
            <gpxtpx:hr>170</gpxtpx:hr>
          </gpxtpx:TrackPointExtension>
        </extensions>
      </trkpt>
      <trkpt lat="22.55048668639031" lon="114.10978568272117">
        <ele>-5.166977741755545</ele>
        <time>1970-01-01T00:24:29.200000Z</time>
        <extensions>
          <gpxtpx:TrackPointExtension>
            <gpxtpx:hr>170</gpxtpx:hr>
          </gpxtpx:TrackPointExtension>
        </extensions>
      </trkpt>
      <trkpt lat="22.5504620984525" lon="114.10978956773513">
        <ele>-5.05558873526752</ele>
        <time>1970-01-01T00:24:30.200000Z</time>
        <extensions>
          <gpxtpx:TrackPointExtension>
            <gpxtpx:hr>170</gpxtpx:hr>
          </gpxtpx:TrackPointExtension>
        </extensions>
      </trkpt>
      <trkpt lat="22.550437882185346" lon="114.10979406006648">
        <ele>-4.941957228817046</ele>
        <time>1970-01-01T00:24:31.200000Z</time>
        <extensions>
          <gpxtpx:TrackPointExtension>
            <gpxtpx:hr>170</gpxtpx:hr>
          </gpxtpx:TrackPointExtension>
        </extensions>
      </trkpt>
      <trkpt lat="22.55041391733407" lon="114.1097985736427">
        <ele>-4.826881840825081</ele>
        <time>1970-01-01T00:24:32.200000Z</time>
        <extensions>
          <gpxtpx:TrackPointExtension>
            <gpxtpx:hr>170</gpxtpx:hr>
          </gpxtpx:TrackPointExtension>
        </extensions>
      </trkpt>
      <trkpt lat="22.550390146134582" lon="114.10980251052396">
        <ele>-4.7111657010391355</ele>
        <time>1970-01-01T00:24:33.200000Z</time>
        <extensions>
          <gpxtpx:TrackPointExtension>
            <gpxtpx:hr>170</gpxtpx:hr>
          </gpxtpx:TrackPointExtension>
        </extensions>
      </trkpt>
      <trkpt lat="22.550366418273608" lon="114.1098058498423">
        <ele>-4.595674699172378</ele>
        <time>1970-01-01T00:24:34.200000Z</time>
        <extensions>
          <gpxtpx:TrackPointExtension>
            <gpxtpx:hr>170</gpxtpx:hr>
          </gpxtpx:TrackPointExtension>
        </extensions>
      </trkpt>
      <trkpt lat="22.550342535445086" lon="114.10980867962301">
        <ele>-4.4813767010346055</ele>
        <time>1970-01-01T00:24:35.200000Z</time>
        <extensions>
          <gpxtpx:TrackPointExtension>
            <gpxtpx:hr>170</gpxtpx:hr>
          </gpxtpx:TrackPointExtension>
        </extensions>
      </trkpt>
      <trkpt lat="22.550318612439327" lon="114.10981143434785">
        <ele>-4.369295563548803</ele>
        <time>1970-01-01T00:24:36.200000Z</time>
        <extensions>
          <gpxtpx:TrackPointExtension>
            <gpxtpx:hr>170</gpxtpx:hr>
          </gpxtpx:TrackPointExtension>
        </extensions>
      </trkpt>
      <trkpt lat="22.550294935562654" lon="114.10981466100031">
        <ele>-4.260386675596237</ele>
        <time>1970-01-01T00:24:37.200000Z</time>
        <extensions>
          <gpxtpx:TrackPointExtension>
            <gpxtpx:hr>170</gpxtpx:hr>
          </gpxtpx:TrackPointExtension>
        </extensions>
      </trkpt>
      <trkpt lat="22.55027152596355" lon="114.10981879707798">
        <ele>-4.155409801751375</ele>
        <time>1970-01-01T00:24:38.200000Z</time>
        <extensions>
          <gpxtpx:TrackPointExtension>
            <gpxtpx:hr>170</gpxtpx:hr>
          </gpxtpx:TrackPointExtension>
        </extensions>
      </trkpt>
      <trkpt lat="22.550248092883535" lon="114.10982400557324">
        <ele>-4.054934597574174</ele>
        <time>1970-01-01T00:24:39.200000Z</time>
        <extensions>
          <gpxtpx:TrackPointExtension>
            <gpxtpx:hr>170</gpxtpx:hr>
          </gpxtpx:TrackPointExtension>
        </extensions>
      </trkpt>
      <trkpt lat="22.550224398637432" lon="114.10983005237699">
        <ele>-3.95944697316736</ele>
        <time>1970-01-01T00:24:40.200000Z</time>
        <extensions>
          <gpxtpx:TrackPointExtension>
            <gpxtpx:hr>170</gpxtpx:hr>
          </gpxtpx:TrackPointExtension>
        </extensions>
      </trkpt>
      <trkpt lat="22.550200320551227" lon="114.10983619247672">
        <ele>-3.869458481669426</ele>
        <time>1970-01-01T00:24:41.200000Z</time>
        <extensions>
          <gpxtpx:TrackPointExtension>
            <gpxtpx:hr>170</gpxtpx:hr>
          </gpxtpx:TrackPointExtension>
        </extensions>
      </trkpt>
      <trkpt lat="22.55017562620061" lon="114.10984159967676">
        <ele>-3.785374630242586</ele>
        <time>1970-01-01T00:24:42.200000Z</time>
        <extensions>
          <gpxtpx:TrackPointExtension>
            <gpxtpx:hr>170</gpxtpx:hr>
          </gpxtpx:TrackPointExtension>
        </extensions>
      </trkpt>
      <trkpt lat="22.550150538053988" lon="114.10984598464779">
        <ele>-3.7073493162170053</ele>
        <time>1970-01-01T00:24:43.200000Z</time>
        <extensions>
          <gpxtpx:TrackPointExtension>
            <gpxtpx:hr>170</gpxtpx:hr>
          </gpxtpx:TrackPointExtension>
        </extensions>
      </trkpt>
      <trkpt lat="22.550125445606763" lon="114.10984957916453">
        <ele>-3.6352623542770743</ele>
        <time>1970-01-01T00:24:44.200000Z</time>
        <extensions>
          <gpxtpx:TrackPointExtension>
            <gpxtpx:hr>170</gpxtpx:hr>
          </gpxtpx:TrackPointExtension>
        </extensions>
      </trkpt>
      <trkpt lat="22.550100384889802" lon="114.10985290172117">
        <ele>-3.568820033222437</ele>
        <time>1970-01-01T00:24:45.200000Z</time>
        <extensions>
          <gpxtpx:TrackPointExtension>
            <gpxtpx:hr>170</gpxtpx:hr>
          </gpxtpx:TrackPointExtension>
        </extensions>
      </trkpt>
      <trkpt lat="22.55007532922292" lon="114.10985638394192">
        <ele>-3.507689486257732</ele>
        <time>1970-01-01T00:24:46.200000Z</time>
        <extensions>
          <gpxtpx:TrackPointExtension>
            <gpxtpx:hr>170</gpxtpx:hr>
          </gpxtpx:TrackPointExtension>
        </extensions>
      </trkpt>
      <trkpt lat="22.550050328305726" lon="114.10986021865729">
        <ele>-3.4516320368275046</ele>
        <time>1970-01-01T00:24:47.100000Z</time>
        <extensions>
          <gpxtpx:TrackPointExtension>
            <gpxtpx:hr>170</gpxtpx:hr>
          </gpxtpx:TrackPointExtension>
        </extensions>
      </trkpt>
      <trkpt lat="22.55002537015437" lon="114.10986404959984">
        <ele>-3.4005241859704256</ele>
        <time>1970-01-01T00:24:48.100000Z</time>
        <extensions>
          <gpxtpx:TrackPointExtension>
            <gpxtpx:hr>170</gpxtpx:hr>
          </gpxtpx:TrackPointExtension>
        </extensions>
      </trkpt>
      <trkpt lat="22.55000040310083" lon="114.109867510054">
        <ele>-3.354335017502308</ele>
        <time>1970-01-01T00:24:49.100000Z</time>
        <extensions>
          <gpxtpx:TrackPointExtension>
            <gpxtpx:hr>170</gpxtpx:hr>
          </gpxtpx:TrackPointExtension>
        </extensions>
      </trkpt>
      <trkpt lat="22.549975186354853" lon="114.10987060510953">
        <ele>-3.3130237134173512</ele>
        <time>1970-01-01T00:24:50.100000Z</time>
        <extensions>
          <gpxtpx:TrackPointExtension>
            <gpxtpx:hr>170</gpxtpx:hr>
          </gpxtpx:TrackPointExtension>
        </extensions>
      </trkpt>
      <trkpt lat="22.549949466912093" lon="114.1098737345401">
        <ele>-3.2764824321493506</ele>
        <time>1970-01-01T00:24:51.100000Z</time>
        <extensions>
          <gpxtpx:TrackPointExtension>
            <gpxtpx:hr>171</gpxtpx:hr>
          </gpxtpx:TrackPointExtension>
        </extensions>
      </trkpt>
      <trkpt lat="22.5499234271479" lon="114.1098772257476">
        <ele>-3.244562881067395</ele>
        <time>1970-01-01T00:24:52.100000Z</time>
        <extensions>
          <gpxtpx:TrackPointExtension>
            <gpxtpx:hr>171</gpxtpx:hr>
          </gpxtpx:TrackPointExtension>
        </extensions>
      </trkpt>
      <trkpt lat="22.549897368285727" lon="114.10988095400955">
        <ele>-3.217098225839436</ele>
        <time>1970-01-01T00:24:53.100000Z</time>
        <extensions>
          <gpxtpx:TrackPointExtension>
            <gpxtpx:hr>171</gpxtpx:hr>
          </gpxtpx:TrackPointExtension>
        </extensions>
      </trkpt>
      <trkpt lat="22.549871566056872" lon="114.10988491163225">
        <ele>-3.1939330864697695</ele>
        <time>1970-01-01T00:24:54.100000Z</time>
        <extensions>
          <gpxtpx:TrackPointExtension>
            <gpxtpx:hr>171</gpxtpx:hr>
          </gpxtpx:TrackPointExtension>
        </extensions>
      </trkpt>
      <trkpt lat="22.549845931493643" lon="114.10988930483381">
        <ele>-3.1748684430494905</ele>
        <time>1970-01-01T00:24:55.100000Z</time>
        <extensions>
          <gpxtpx:TrackPointExtension>
            <gpxtpx:hr>171</gpxtpx:hr>
          </gpxtpx:TrackPointExtension>
        </extensions>
      </trkpt>
      <trkpt lat="22.549825289860127" lon="114.10989326292619">
        <ele>-3.1620720801874995</ele>
        <time>1970-01-01T00:24:55.900000Z</time>
        <extensions>
          <gpxtpx:TrackPointExtension>
            <gpxtpx:hr>171</gpxtpx:hr>
          </gpxtpx:TrackPointExtension>
        </extensions>
      </trkpt>
      <trkpt lat="22.54979969928671" lon="114.10989887568198">
        <ele>-3.1487351041287184</ele>
        <time>1970-01-01T00:24:56.900000Z</time>
        <extensions>
          <gpxtpx:TrackPointExtension>
            <gpxtpx:hr>171</gpxtpx:hr>
          </gpxtpx:TrackPointExtension>
        </extensions>
      </trkpt>
      <trkpt lat="22.549774680551305" lon="114.10990534058512">
        <ele>-3.137961291708052</ele>
        <time>1970-01-01T00:24:57.900000Z</time>
        <extensions>
          <gpxtpx:TrackPointExtension>
            <gpxtpx:hr>170</gpxtpx:hr>
          </gpxtpx:TrackPointExtension>
        </extensions>
      </trkpt>
      <trkpt lat="22.549749997594716" lon="114.10991199251421">
        <ele>-3.1289677070453763</ele>
        <time>1970-01-01T00:24:58.900000Z</time>
        <extensions>
          <gpxtpx:TrackPointExtension>
            <gpxtpx:hr>170</gpxtpx:hr>
          </gpxtpx:TrackPointExtension>
        </extensions>
      </trkpt>
      <trkpt lat="22.549725328819804" lon="114.10991791175249">
        <ele>-3.1211703550070524</ele>
        <time>1970-01-01T00:24:59.900000Z</time>
        <extensions>
          <gpxtpx:TrackPointExtension>
            <gpxtpx:hr>170</gpxtpx:hr>
          </gpxtpx:TrackPointExtension>
        </extensions>
      </trkpt>
      <trkpt lat="22.549700660888618" lon="114.10992282796272">
        <ele>-3.114357240498066</ele>
        <time>1970-01-01T00:25:00.900000Z</time>
        <extensions>
          <gpxtpx:TrackPointExtension>
            <gpxtpx:hr>170</gpxtpx:hr>
          </gpxtpx:TrackPointExtension>
        </extensions>
      </trkpt>
      <trkpt lat="22.549676034139427" lon="114.1099267911599">
        <ele>-3.1086464300751686</ele>
        <time>1970-01-01T00:25:01.900000Z</time>
        <extensions>
          <gpxtpx:TrackPointExtension>
            <gpxtpx:hr>170</gpxtpx:hr>
          </gpxtpx:TrackPointExtension>
        </extensions>
      </trkpt>
      <trkpt lat="22.549651393754242" lon="114.10992992614163">
        <ele>-3.1043137945234776</ele>
        <time>1970-01-01T00:25:02.900000Z</time>
        <extensions>
          <gpxtpx:TrackPointExtension>
            <gpxtpx:hr>170</gpxtpx:hr>
          </gpxtpx:TrackPointExtension>
        </extensions>
      </trkpt>
      <trkpt lat="22.54962666871537" lon="114.10993247193096">
        <ele>-3.10162721760571</ele>
        <time>1970-01-01T00:25:03.900000Z</time>
        <extensions>
          <gpxtpx:TrackPointExtension>
            <gpxtpx:hr>170</gpxtpx:hr>
          </gpxtpx:TrackPointExtension>
        </extensions>
      </trkpt>
      <trkpt lat="22.549601793339413" lon="114.1099348158343">
        <ele>-3.1007197126746178</ele>
        <time>1970-01-01T00:25:04.900000Z</time>
        <extensions>
          <gpxtpx:TrackPointExtension>
            <gpxtpx:hr>170</gpxtpx:hr>
          </gpxtpx:TrackPointExtension>
        </extensions>
      </trkpt>
      <trkpt lat="22.549576840726957" lon="114.10993730646838">
        <ele>-3.1014522025361657</ele>
        <time>1970-01-01T00:25:05.900000Z</time>
        <extensions>
          <gpxtpx:TrackPointExtension>
            <gpxtpx:hr>170</gpxtpx:hr>
          </gpxtpx:TrackPointExtension>
        </extensions>
      </trkpt>
      <trkpt lat="22.5495518013104" lon="114.10993995969243">
        <ele>-3.103543329052627</ele>
        <time>1970-01-01T00:25:06.900000Z</time>
        <extensions>
          <gpxtpx:TrackPointExtension>
            <gpxtpx:hr>171</gpxtpx:hr>
          </gpxtpx:TrackPointExtension>
        </extensions>
      </trkpt>
      <trkpt lat="22.549526673624776" lon="114.10994291025585">
        <ele>-3.106785952113569</ele>
        <time>1970-01-01T00:25:07.900000Z</time>
        <extensions>
          <gpxtpx:TrackPointExtension>
            <gpxtpx:hr>171</gpxtpx:hr>
          </gpxtpx:TrackPointExtension>
        </extensions>
      </trkpt>
      <trkpt lat="22.54950167127039" lon="114.10994622902963">
        <ele>-3.11131305154413</ele>
        <time>1970-01-01T00:25:08.900000Z</time>
        <extensions>
          <gpxtpx:TrackPointExtension>
            <gpxtpx:hr>171</gpxtpx:hr>
          </gpxtpx:TrackPointExtension>
        </extensions>
      </trkpt>
      <trkpt lat="22.549477076694767" lon="114.10994985219008">
        <ele>-3.1175996400415897</ele>
        <time>1970-01-01T00:25:09.900000Z</time>
        <extensions>
          <gpxtpx:TrackPointExtension>
            <gpxtpx:hr>171</gpxtpx:hr>
          </gpxtpx:TrackPointExtension>
        </extensions>
      </trkpt>
      <trkpt lat="22.549453043649414" lon="114.10995322594829">
        <ele>-3.1267186691984534</ele>
        <time>1970-01-01T00:25:10.900000Z</time>
        <extensions>
          <gpxtpx:TrackPointExtension>
            <gpxtpx:hr>171</gpxtpx:hr>
          </gpxtpx:TrackPointExtension>
        </extensions>
      </trkpt>
      <trkpt lat="22.5494297421913" lon="114.10995570180638">
        <ele>-3.140429417602718</ele>
        <time>1970-01-01T00:25:11.900000Z</time>
        <extensions>
          <gpxtpx:TrackPointExtension>
            <gpxtpx:hr>171</gpxtpx:hr>
          </gpxtpx:TrackPointExtension>
        </extensions>
      </trkpt>
      <trkpt lat="22.549406925480287" lon="114.10995718491725">
        <ele>-3.1610784204676747</ele>
        <time>1970-01-01T00:25:12.900000Z</time>
        <extensions>
          <gpxtpx:TrackPointExtension>
            <gpxtpx:hr>171</gpxtpx:hr>
          </gpxtpx:TrackPointExtension>
        </extensions>
      </trkpt>
      <trkpt lat="22.54938412472885" lon="114.10995751079504">
        <ele>-3.191560204140842</ele>
        <time>1970-01-01T00:25:13.900000Z</time>
        <extensions>
          <gpxtpx:TrackPointExtension>
            <gpxtpx:hr>171</gpxtpx:hr>
          </gpxtpx:TrackPointExtension>
        </extensions>
      </trkpt>
      <trkpt lat="22.549361433400392" lon="114.10995624674351">
        <ele>-3.235231649130583</ele>
        <time>1970-01-01T00:25:14.900000Z</time>
        <extensions>
          <gpxtpx:TrackPointExtension>
            <gpxtpx:hr>171</gpxtpx:hr>
          </gpxtpx:TrackPointExtension>
        </extensions>
      </trkpt>
      <trkpt lat="22.549337104199765" lon="114.10995181767765">
        <ele>-3.304843499325216</ele>
        <time>1970-01-01T00:25:16Z</time>
        <extensions>
          <gpxtpx:TrackPointExtension>
            <gpxtpx:hr>171</gpxtpx:hr>
          </gpxtpx:TrackPointExtension>
        </extensions>
      </trkpt>
      <trkpt lat="22.549319007210972" lon="114.10994467100522">
        <ele>-3.3792071947827935</ele>
        <time>1970-01-01T00:25:16.900000Z</time>
        <extensions>
          <gpxtpx:TrackPointExtension>
            <gpxtpx:hr>171</gpxtpx:hr>
          </gpxtpx:TrackPointExtension>
        </extensions>
      </trkpt>
      <trkpt lat="22.5493014358134" lon="114.10993190721162">
        <ele>-3.4859135495498776</ele>
        <time>1970-01-01T00:25:17.900000Z</time>
        <extensions>
          <gpxtpx:TrackPointExtension>
            <gpxtpx:hr>171</gpxtpx:hr>
          </gpxtpx:TrackPointExtension>
        </extensions>
      </trkpt>
      <trkpt lat="22.549287315575267" lon="114.10991471873565">
        <ele>-3.619534708559513</ele>
        <time>1970-01-01T00:25:18.900000Z</time>
        <extensions>
          <gpxtpx:TrackPointExtension>
            <gpxtpx:hr>171</gpxtpx:hr>
          </gpxtpx:TrackPointExtension>
        </extensions>
      </trkpt>
      <trkpt lat="22.549274990651007" lon="114.1098919744931">
        <ele>-3.7936645913869143</ele>
        <time>1970-01-01T00:25:20Z</time>
        <extensions>
          <gpxtpx:TrackPointExtension>
            <gpxtpx:hr>171</gpxtpx:hr>
          </gpxtpx:TrackPointExtension>
        </extensions>
      </trkpt>
      <trkpt lat="22.549265557405043" lon="114.10986853812226">
        <ele>-3.9729096526280046</ele>
        <time>1970-01-01T00:25:21Z</time>
        <extensions>
          <gpxtpx:TrackPointExtension>
            <gpxtpx:hr>171</gpxtpx:hr>
          </gpxtpx:TrackPointExtension>
        </extensions>
      </trkpt>
      <trkpt lat="22.549256925334802" lon="114.10984328541343">
        <ele>-4.1577924164012074</ele>
        <time>1970-01-01T00:25:22Z</time>
        <extensions>
          <gpxtpx:TrackPointExtension>
            <gpxtpx:hr>171</gpxtpx:hr>
          </gpxtpx:TrackPointExtension>
        </extensions>
      </trkpt>
      <trkpt lat="22.549248516228978" lon="114.10981678557654">
        <ele>-4.340569087304175</ele>
        <time>1970-01-01T00:25:23Z</time>
        <extensions>
          <gpxtpx:TrackPointExtension>
            <gpxtpx:hr>171</gpxtpx:hr>
          </gpxtpx:TrackPointExtension>
        </extensions>
      </trkpt>
      <trkpt lat="22.549239716091808" lon="114.10978958876164">
        <ele>-4.513799825683236</ele>
        <time>1970-01-01T00:25:24Z</time>
        <extensions>
          <gpxtpx:TrackPointExtension>
            <gpxtpx:hr>170</gpxtpx:hr>
          </gpxtpx:TrackPointExtension>
        </extensions>
      </trkpt>
      <trkpt lat="22.549230126465872" lon="114.10976237861195">
        <ele>-4.673959291540086</ele>
        <time>1970-01-01T00:25:25Z</time>
        <extensions>
          <gpxtpx:TrackPointExtension>
            <gpxtpx:hr>170</gpxtpx:hr>
          </gpxtpx:TrackPointExtension>
        </extensions>
      </trkpt>
      <trkpt lat="22.54921975046757" lon="114.10973597117419">
        <ele>-4.816683831624687</ele>
        <time>1970-01-01T00:25:26Z</time>
        <extensions>
          <gpxtpx:TrackPointExtension>
            <gpxtpx:hr>170</gpxtpx:hr>
          </gpxtpx:TrackPointExtension>
        </extensions>
      </trkpt>
      <trkpt lat="22.549208674457404" lon="114.10971081040205">
        <ele>-4.941497089341283</ele>
        <time>1970-01-01T00:25:27Z</time>
        <extensions>
          <gpxtpx:TrackPointExtension>
            <gpxtpx:hr>170</gpxtpx:hr>
          </gpxtpx:TrackPointExtension>
        </extensions>
      </trkpt>
      <trkpt lat="22.54919717579225" lon="114.10968683862983">
        <ele>-5.047603257931769</ele>
        <time>1970-01-01T00:25:28Z</time>
        <extensions>
          <gpxtpx:TrackPointExtension>
            <gpxtpx:hr>170</gpxtpx:hr>
          </gpxtpx:TrackPointExtension>
        </extensions>
      </trkpt>
      <trkpt lat="22.549185780366997" lon="114.10966372007714">
        <ele>-5.132994892075658</ele>
        <time>1970-01-01T00:25:29Z</time>
        <extensions>
          <gpxtpx:TrackPointExtension>
            <gpxtpx:hr>169</gpxtpx:hr>
          </gpxtpx:TrackPointExtension>
        </extensions>
      </trkpt>
      <trkpt lat="22.549175210810553" lon="114.10964120157482">
        <ele>-5.1940569104626775</ele>
        <time>1970-01-01T00:25:30Z</time>
        <extensions>
          <gpxtpx:TrackPointExtension>
            <gpxtpx:hr>169</gpxtpx:hr>
          </gpxtpx:TrackPointExtension>
        </extensions>
      </trkpt>
      <trkpt lat="22.54916633996898" lon="114.10961952723744">
        <ele>-5.230590990744531</ele>
        <time>1970-01-01T00:25:31Z</time>
        <extensions>
          <gpxtpx:TrackPointExtension>
            <gpxtpx:hr>169</gpxtpx:hr>
          </gpxtpx:TrackPointExtension>
        </extensions>
      </trkpt>
      <trkpt lat="22.549159577488933" lon="114.10959931118292">
        <ele>-5.244722190313041</ele>
        <time>1970-01-01T00:25:32Z</time>
        <extensions>
          <gpxtpx:TrackPointExtension>
            <gpxtpx:hr>169</gpxtpx:hr>
          </gpxtpx:TrackPointExtension>
        </extensions>
      </trkpt>
      <trkpt lat="22.5491542049571" lon="114.10958145574247">
        <ele>-5.236007458530366</ele>
        <time>1970-01-01T00:25:33Z</time>
        <extensions>
          <gpxtpx:TrackPointExtension>
            <gpxtpx:hr>171</gpxtpx:hr>
          </gpxtpx:TrackPointExtension>
        </extensions>
      </trkpt>
      <trkpt lat="22.549148890885064" lon="114.10956641229404">
        <ele>-5.202350043691695</ele>
        <time>1970-01-01T00:25:33.900000Z</time>
        <extensions>
          <gpxtpx:TrackPointExtension>
            <gpxtpx:hr>171</gpxtpx:hr>
          </gpxtpx:TrackPointExtension>
        </extensions>
      </trkpt>
      <trkpt lat="22.549142663573356" lon="114.10955303251835">
        <ele>-5.143655159510672</ele>
        <time>1970-01-01T00:25:34.900000Z</time>
        <extensions>
          <gpxtpx:TrackPointExtension>
            <gpxtpx:hr>171</gpxtpx:hr>
          </gpxtpx:TrackPointExtension>
        </extensions>
      </trkpt>
      <trkpt lat="22.549134918267914" lon="114.10953939756591">
        <ele>-5.063735978677869</ele>
        <time>1970-01-01T00:25:35.900000Z</time>
        <extensions>
          <gpxtpx:TrackPointExtension>
            <gpxtpx:hr>171</gpxtpx:hr>
          </gpxtpx:TrackPointExtension>
        </extensions>
      </trkpt>
      <trkpt lat="22.549125472095177" lon="114.10952428074147">
        <ele>-4.964605553075671</ele>
        <time>1970-01-01T00:25:36.900000Z</time>
        <extensions>
          <gpxtpx:TrackPointExtension>
            <gpxtpx:hr>171</gpxtpx:hr>
          </gpxtpx:TrackPointExtension>
        </extensions>
      </trkpt>
      <trkpt lat="22.549114634258746" lon="114.1095075319381">
        <ele>-4.8517036670818925</ele>
        <time>1970-01-01T00:25:37.900000Z</time>
        <extensions>
          <gpxtpx:TrackPointExtension>
            <gpxtpx:hr>171</gpxtpx:hr>
          </gpxtpx:TrackPointExtension>
        </extensions>
      </trkpt>
      <trkpt lat="22.549103278850456" lon="114.10949019055063">
        <ele>-4.725633668713272</ele>
        <time>1970-01-01T00:25:38.900000Z</time>
        <extensions>
          <gpxtpx:TrackPointExtension>
            <gpxtpx:hr>172</gpxtpx:hr>
          </gpxtpx:TrackPointExtension>
        </extensions>
      </trkpt>
      <trkpt lat="22.54909261897712" lon="114.10947382108778">
        <ele>-4.590446448884904</ele>
        <time>1970-01-01T00:25:39.900000Z</time>
        <extensions>
          <gpxtpx:TrackPointExtension>
            <gpxtpx:hr>172</gpxtpx:hr>
          </gpxtpx:TrackPointExtension>
        </extensions>
      </trkpt>
      <trkpt lat="22.54908432839808" lon="114.10945926222885">
        <ele>-4.447781479917467</ele>
        <time>1970-01-01T00:25:40.900000Z</time>
        <extensions>
          <gpxtpx:TrackPointExtension>
            <gpxtpx:hr>172</gpxtpx:hr>
          </gpxtpx:TrackPointExtension>
        </extensions>
      </trkpt>
      <trkpt lat="22.5490801626546" lon="114.10944670205234">
        <ele>-4.299752649851143</ele>
        <time>1970-01-01T00:25:41.900000Z</time>
        <extensions>
          <gpxtpx:TrackPointExtension>
            <gpxtpx:hr>172</gpxtpx:hr>
          </gpxtpx:TrackPointExtension>
        </extensions>
      </trkpt>
      <trkpt lat="22.549076982306968" lon="114.10943470235479">
        <ele>-4.150030474178493</ele>
        <time>1970-01-01T00:25:42.900000Z</time>
        <extensions>
          <gpxtpx:TrackPointExtension>
            <gpxtpx:hr>172</gpxtpx:hr>
          </gpxtpx:TrackPointExtension>
        </extensions>
      </trkpt>
      <trkpt lat="22.54907010111038" lon="114.10942153125403">
        <ele>-3.9967643888667226</ele>
        <time>1970-01-01T00:25:43.900000Z</time>
        <extensions>
          <gpxtpx:TrackPointExtension>
            <gpxtpx:hr>172</gpxtpx:hr>
          </gpxtpx:TrackPointExtension>
        </extensions>
      </trkpt>
      <trkpt lat="22.549058947947778" lon="114.10940655535475">
        <ele>-3.8456929298117757</ele>
        <time>1970-01-01T00:25:44.900000Z</time>
        <extensions>
          <gpxtpx:TrackPointExtension>
            <gpxtpx:hr>172</gpxtpx:hr>
          </gpxtpx:TrackPointExtension>
        </extensions>
      </trkpt>
      <trkpt lat="22.549043865227965" lon="114.10939008369995">
        <ele>-3.6963425762951374</ele>
        <time>1970-01-01T00:25:45.900000Z</time>
        <extensions>
          <gpxtpx:TrackPointExtension>
            <gpxtpx:hr>172</gpxtpx:hr>
          </gpxtpx:TrackPointExtension>
        </extensions>
      </trkpt>
      <trkpt lat="22.549025517340564" lon="114.10937357687382">
        <ele>-3.548117564059794</ele>
        <time>1970-01-01T00:25:46.900000Z</time>
        <extensions>
          <gpxtpx:TrackPointExtension>
            <gpxtpx:hr>172</gpxtpx:hr>
          </gpxtpx:TrackPointExtension>
        </extensions>
      </trkpt>
      <trkpt lat="22.54900542218925" lon="114.10935777202084">
        <ele>-3.4033352993428707</ele>
        <time>1970-01-01T00:25:47.900000Z</time>
        <extensions>
          <gpxtpx:TrackPointExtension>
            <gpxtpx:hr>172</gpxtpx:hr>
          </gpxtpx:TrackPointExtension>
        </extensions>
      </trkpt>
      <trkpt lat="22.54898479544601" lon="114.10934264084048">
        <ele>-3.2614405564963818</ele>
        <time>1970-01-01T00:25:48.900000Z</time>
        <extensions>
          <gpxtpx:TrackPointExtension>
            <gpxtpx:hr>172</gpxtpx:hr>
          </gpxtpx:TrackPointExtension>
        </extensions>
      </trkpt>
      <trkpt lat="22.548963781148355" lon="114.10932797480622">
        <ele>-3.125702698715031</ele>
        <time>1970-01-01T00:25:49.900000Z</time>
        <extensions>
          <gpxtpx:TrackPointExtension>
            <gpxtpx:hr>172</gpxtpx:hr>
          </gpxtpx:TrackPointExtension>
        </extensions>
      </trkpt>
      <trkpt lat="22.548942220569252" lon="114.10931355905774">
        <ele>-2.99491423740983</ele>
        <time>1970-01-01T00:25:50.900000Z</time>
        <extensions>
          <gpxtpx:TrackPointExtension>
            <gpxtpx:hr>172</gpxtpx:hr>
          </gpxtpx:TrackPointExtension>
        </extensions>
      </trkpt>
      <trkpt lat="22.548920268843915" lon="114.10929932925954">
        <ele>-2.872404024004936</ele>
        <time>1970-01-01T00:25:51.900000Z</time>
        <extensions>
          <gpxtpx:TrackPointExtension>
            <gpxtpx:hr>172</gpxtpx:hr>
          </gpxtpx:TrackPointExtension>
        </extensions>
      </trkpt>
      <trkpt lat="22.54889801216039" lon="114.10928522469034">
        <ele>-2.758092500269413</ele>
        <time>1970-01-01T00:25:52.900000Z</time>
        <extensions>
          <gpxtpx:TrackPointExtension>
            <gpxtpx:hr>172</gpxtpx:hr>
          </gpxtpx:TrackPointExtension>
        </extensions>
      </trkpt>
      <trkpt lat="22.548875571211383" lon="114.10927124904592">
        <ele>-2.6532643446698785</ele>
        <time>1970-01-01T00:25:53.900000Z</time>
        <extensions>
          <gpxtpx:TrackPointExtension>
            <gpxtpx:hr>172</gpxtpx:hr>
          </gpxtpx:TrackPointExtension>
        </extensions>
      </trkpt>
      <trkpt lat="22.548853015126937" lon="114.10925737193534">
        <ele>-2.5557785918936133</ele>
        <time>1970-01-01T00:25:54.900000Z</time>
        <extensions>
          <gpxtpx:TrackPointExtension>
            <gpxtpx:hr>173</gpxtpx:hr>
          </gpxtpx:TrackPointExtension>
        </extensions>
      </trkpt>
      <trkpt lat="22.54883063185765" lon="114.10924350442166">
        <ele>-2.470427938736975</ele>
        <time>1970-01-01T00:25:55.900000Z</time>
        <extensions>
          <gpxtpx:TrackPointExtension>
            <gpxtpx:hr>173</gpxtpx:hr>
          </gpxtpx:TrackPointExtension>
        </extensions>
      </trkpt>
      <trkpt lat="22.548808578650284" lon="114.10922959782609">
        <ele>-2.3957833647727966</ele>
        <time>1970-01-01T00:25:56.900000Z</time>
        <extensions>
          <gpxtpx:TrackPointExtension>
            <gpxtpx:hr>173</gpxtpx:hr>
          </gpxtpx:TrackPointExtension>
        </extensions>
      </trkpt>
      <trkpt lat="22.54878659185546" lon="114.10921546943949">
        <ele>-2.33410398196429</ele>
        <time>1970-01-01T00:25:57.800000Z</time>
        <extensions>
          <gpxtpx:TrackPointExtension>
            <gpxtpx:hr>173</gpxtpx:hr>
          </gpxtpx:TrackPointExtension>
        </extensions>
      </trkpt>
      <trkpt lat="22.54876463692275" lon="114.10920105543613">
        <ele>-2.2853511590510607</ele>
        <time>1970-01-01T00:25:58.800000Z</time>
        <extensions>
          <gpxtpx:TrackPointExtension>
            <gpxtpx:hr>173</gpxtpx:hr>
          </gpxtpx:TrackPointExtension>
        </extensions>
      </trkpt>
      <trkpt lat="22.54874303902938" lon="114.10918632102252">
        <ele>-2.2476489525288343</ele>
        <time>1970-01-01T00:25:59.800000Z</time>
        <extensions>
          <gpxtpx:TrackPointExtension>
            <gpxtpx:hr>172</gpxtpx:hr>
          </gpxtpx:TrackPointExtension>
        </extensions>
      </trkpt>
      <trkpt lat="22.548722132359195" lon="114.1091712812189">
        <ele>-2.221127239987254</ele>
        <time>1970-01-01T00:26:00.800000Z</time>
        <extensions>
          <gpxtpx:TrackPointExtension>
            <gpxtpx:hr>172</gpxtpx:hr>
          </gpxtpx:TrackPointExtension>
        </extensions>
      </trkpt>
      <trkpt lat="22.548702139038387" lon="114.10915628181347">
        <ele>-2.2049178099259734</ele>
        <time>1970-01-01T00:26:01.800000Z</time>
        <extensions>
          <gpxtpx:TrackPointExtension>
            <gpxtpx:hr>172</gpxtpx:hr>
          </gpxtpx:TrackPointExtension>
        </extensions>
      </trkpt>
      <trkpt lat="22.54868296322283" lon="114.10914158693721">
        <ele>-2.1970798410475254</ele>
        <time>1970-01-01T00:26:02.800000Z</time>
        <extensions>
          <gpxtpx:TrackPointExtension>
            <gpxtpx:hr>172</gpxtpx:hr>
          </gpxtpx:TrackPointExtension>
        </extensions>
      </trkpt>
      <trkpt lat="22.548664158591368" lon="114.109127680158">
        <ele>-2.196095389313996</ele>
        <time>1970-01-01T00:26:03.800000Z</time>
        <extensions>
          <gpxtpx:TrackPointExtension>
            <gpxtpx:hr>172</gpxtpx:hr>
          </gpxtpx:TrackPointExtension>
        </extensions>
      </trkpt>
      <trkpt lat="22.548645279902168" lon="114.10911502228731">
        <ele>-2.1994322407990694</ele>
        <time>1970-01-01T00:26:04.800000Z</time>
        <extensions>
          <gpxtpx:TrackPointExtension>
            <gpxtpx:hr>172</gpxtpx:hr>
          </gpxtpx:TrackPointExtension>
        </extensions>
      </trkpt>
      <trkpt lat="22.548626131956844" lon="114.10910305157857">
        <ele>-2.2068973500281572</ele>
        <time>1970-01-01T00:26:05.800000Z</time>
        <extensions>
          <gpxtpx:TrackPointExtension>
            <gpxtpx:hr>172</gpxtpx:hr>
          </gpxtpx:TrackPointExtension>
        </extensions>
      </trkpt>
      <trkpt lat="22.548606698944553" lon="114.10909097551863">
        <ele>-2.216018616221845</ele>
        <time>1970-01-01T00:26:06.800000Z</time>
        <extensions>
          <gpxtpx:TrackPointExtension>
            <gpxtpx:hr>172</gpxtpx:hr>
          </gpxtpx:TrackPointExtension>
        </extensions>
      </trkpt>
      <trkpt lat="22.54858654161097" lon="114.10907863911252">
        <ele>-2.2241440303623676</ele>
        <time>1970-01-01T00:26:07.800000Z</time>
        <extensions>
          <gpxtpx:TrackPointExtension>
            <gpxtpx:hr>172</gpxtpx:hr>
          </gpxtpx:TrackPointExtension>
        </extensions>
      </trkpt>
      <trkpt lat="22.548565224126616" lon="114.10906656532548">
        <ele>-2.2300629438832402</ele>
        <time>1970-01-01T00:26:08.800000Z</time>
        <extensions>
          <gpxtpx:TrackPointExtension>
            <gpxtpx:hr>171</gpxtpx:hr>
          </gpxtpx:TrackPointExtension>
        </extensions>
      </trkpt>
      <trkpt lat="22.548543258528547" lon="114.10905499611385">
        <ele>-2.230789663270116</ele>
        <time>1970-01-01T00:26:09.800000Z</time>
        <extensions>
          <gpxtpx:TrackPointExtension>
            <gpxtpx:hr>171</gpxtpx:hr>
          </gpxtpx:TrackPointExtension>
        </extensions>
      </trkpt>
      <trkpt lat="22.548521725169422" lon="114.10904300623517">
        <ele>-2.226185567677021</ele>
        <time>1970-01-01T00:26:10.800000Z</time>
        <extensions>
          <gpxtpx:TrackPointExtension>
            <gpxtpx:hr>171</gpxtpx:hr>
          </gpxtpx:TrackPointExtension>
        </extensions>
      </trkpt>
      <trkpt lat="22.548500360261812" lon="114.10903065939783">
        <ele>-2.2151536010205746</ele>
        <time>1970-01-01T00:26:11.800000Z</time>
        <extensions>
          <gpxtpx:TrackPointExtension>
            <gpxtpx:hr>171</gpxtpx:hr>
          </gpxtpx:TrackPointExtension>
        </extensions>
      </trkpt>
      <trkpt lat="22.548478163322354" lon="114.10901880434606">
        <ele>-2.2015750436112285</ele>
        <time>1970-01-01T00:26:12.800000Z</time>
        <extensions>
          <gpxtpx:TrackPointExtension>
            <gpxtpx:hr>171</gpxtpx:hr>
          </gpxtpx:TrackPointExtension>
        </extensions>
      </trkpt>
      <trkpt lat="22.54845513488802" lon="114.10900732315378">
        <ele>-2.184834573417902</ele>
        <time>1970-01-01T00:26:13.800000Z</time>
        <extensions>
          <gpxtpx:TrackPointExtension>
            <gpxtpx:hr>171</gpxtpx:hr>
          </gpxtpx:TrackPointExtension>
        </extensions>
      </trkpt>
      <trkpt lat="22.548431955692454" lon="114.108996144476">
        <ele>-2.1652184668928385</ele>
        <time>1970-01-01T00:26:14.800000Z</time>
        <extensions>
          <gpxtpx:TrackPointExtension>
            <gpxtpx:hr>171</gpxtpx:hr>
          </gpxtpx:TrackPointExtension>
        </extensions>
      </trkpt>
      <trkpt lat="22.54840887389694" lon="114.10898532218611">
        <ele>-2.1447635972872376</ele>
        <time>1970-01-01T00:26:15.800000Z</time>
        <extensions>
          <gpxtpx:TrackPointExtension>
            <gpxtpx:hr>171</gpxtpx:hr>
          </gpxtpx:TrackPointExtension>
        </extensions>
      </trkpt>
      <trkpt lat="22.54838596547172" lon="114.10897472035234">
        <ele>-2.127756184898317</ele>
        <time>1970-01-01T00:26:16.800000Z</time>
        <extensions>
          <gpxtpx:TrackPointExtension>
            <gpxtpx:hr>171</gpxtpx:hr>
          </gpxtpx:TrackPointExtension>
        </extensions>
      </trkpt>
      <trkpt lat="22.548363270815724" lon="114.10896415639085">
        <ele>-2.1149735087528825</ele>
        <time>1970-01-01T00:26:17.800000Z</time>
        <extensions>
          <gpxtpx:TrackPointExtension>
            <gpxtpx:hr>171</gpxtpx:hr>
          </gpxtpx:TrackPointExtension>
        </extensions>
      </trkpt>
      <trkpt lat="22.54834073899871" lon="114.1089534056232">
        <ele>-2.105154457502067</ele>
        <time>1970-01-01T00:26:18.800000Z</time>
        <extensions>
          <gpxtpx:TrackPointExtension>
            <gpxtpx:hr>171</gpxtpx:hr>
          </gpxtpx:TrackPointExtension>
        </extensions>
      </trkpt>
      <trkpt lat="22.548318655867654" lon="114.10894233894025">
        <ele>-2.1053925175219774</ele>
        <time>1970-01-01T00:26:19.800000Z</time>
        <extensions>
          <gpxtpx:TrackPointExtension>
            <gpxtpx:hr>171</gpxtpx:hr>
          </gpxtpx:TrackPointExtension>
        </extensions>
      </trkpt>
      <trkpt lat="22.548296969323662" lon="114.10893090596316">
        <ele>-2.1174696180969477</ele>
        <time>1970-01-01T00:26:20.700000Z</time>
        <extensions>
          <gpxtpx:TrackPointExtension>
            <gpxtpx:hr>171</gpxtpx:hr>
          </gpxtpx:TrackPointExtension>
        </extensions>
      </trkpt>
      <trkpt lat="22.54827530221997" lon="114.10891908715796">
        <ele>-2.1383019387722015</ele>
        <time>1970-01-01T00:26:21.700000Z</time>
        <extensions>
          <gpxtpx:TrackPointExtension>
            <gpxtpx:hr>171</gpxtpx:hr>
          </gpxtpx:TrackPointExtension>
        </extensions>
      </trkpt>
      <trkpt lat="22.548253714522026" lon="114.10890683870323">
        <ele>-2.159991013817489</ele>
        <time>1970-01-01T00:26:22.700000Z</time>
        <extensions>
          <gpxtpx:TrackPointExtension>
            <gpxtpx:hr>171</gpxtpx:hr>
          </gpxtpx:TrackPointExtension>
        </extensions>
      </trkpt>
      <trkpt lat="22.548232312441574" lon="114.10889414414704">
        <ele>-2.1912416191771626</ele>
        <time>1970-01-01T00:26:23.700000Z</time>
        <extensions>
          <gpxtpx:TrackPointExtension>
            <gpxtpx:hr>170</gpxtpx:hr>
          </gpxtpx:TrackPointExtension>
        </extensions>
      </trkpt>
      <trkpt lat="22.54821104066312" lon="114.1088812375106">
        <ele>-2.2401094818487763</ele>
        <time>1970-01-01T00:26:24.700000Z</time>
        <extensions>
          <gpxtpx:TrackPointExtension>
            <gpxtpx:hr>170</gpxtpx:hr>
          </gpxtpx:TrackPointExtension>
        </extensions>
      </trkpt>
      <trkpt lat="22.548189717246096" lon="114.10886848835435">
        <ele>-2.2951592914760113</ele>
        <time>1970-01-01T00:26:25.700000Z</time>
        <extensions>
          <gpxtpx:TrackPointExtension>
            <gpxtpx:hr>170</gpxtpx:hr>
          </gpxtpx:TrackPointExtension>
        </extensions>
      </trkpt>
      <trkpt lat="22.548168372965478" lon="114.10885599967338">
        <ele>-2.346651184372604</ele>
        <time>1970-01-01T00:26:26.700000Z</time>
        <extensions>
          <gpxtpx:TrackPointExtension>
            <gpxtpx:hr>170</gpxtpx:hr>
          </gpxtpx:TrackPointExtension>
        </extensions>
      </trkpt>
      <trkpt lat="22.54814753239728" lon="114.10884356385718">
        <ele>-2.414292784407735</ele>
        <time>1970-01-01T00:26:27.700000Z</time>
        <extensions>
          <gpxtpx:TrackPointExtension>
            <gpxtpx:hr>170</gpxtpx:hr>
          </gpxtpx:TrackPointExtension>
        </extensions>
      </trkpt>
      <trkpt lat="22.548127094077284" lon="114.10883112784946">
        <ele>-2.471695280633867</ele>
        <time>1970-01-01T00:26:28.700000Z</time>
        <extensions>
          <gpxtpx:TrackPointExtension>
            <gpxtpx:hr>169</gpxtpx:hr>
          </gpxtpx:TrackPointExtension>
        </extensions>
      </trkpt>
      <trkpt lat="22.54810646860737" lon="114.10881872874856">
        <ele>-2.5300989700481296</ele>
        <time>1970-01-01T00:26:29.700000Z</time>
        <extensions>
          <gpxtpx:TrackPointExtension>
            <gpxtpx:hr>169</gpxtpx:hr>
          </gpxtpx:TrackPointExtension>
        </extensions>
      </trkpt>
      <trkpt lat="22.548085295743718" lon="114.10880617353942">
        <ele>-2.595825138501823</ele>
        <time>1970-01-01T00:26:30.700000Z</time>
        <extensions>
          <gpxtpx:TrackPointExtension>
            <gpxtpx:hr>169</gpxtpx:hr>
          </gpxtpx:TrackPointExtension>
        </extensions>
      </trkpt>
      <trkpt lat="22.548063578787097" lon="114.10879354167696">
        <ele>-2.6672794800251722</ele>
        <time>1970-01-01T00:26:31.700000Z</time>
        <extensions>
          <gpxtpx:TrackPointExtension>
            <gpxtpx:hr>169</gpxtpx:hr>
          </gpxtpx:TrackPointExtension>
        </extensions>
      </trkpt>
      <trkpt lat="22.54804161027698" lon="114.1087808442462">
        <ele>-2.7385273156687617</ele>
        <time>1970-01-01T00:26:32.700000Z</time>
        <extensions>
          <gpxtpx:TrackPointExtension>
            <gpxtpx:hr>169</gpxtpx:hr>
          </gpxtpx:TrackPointExtension>
        </extensions>
      </trkpt>
      <trkpt lat="22.548019542993558" lon="114.1087679625784">
        <ele>-2.8191379010677338</ele>
        <time>1970-01-01T00:26:33.700000Z</time>
        <extensions>
          <gpxtpx:TrackPointExtension>
            <gpxtpx:hr>169</gpxtpx:hr>
          </gpxtpx:TrackPointExtension>
        </extensions>
      </trkpt>
      <trkpt lat="22.547997371813416" lon="114.10875480377776">
        <ele>-2.904808637686074</ele>
        <time>1970-01-01T00:26:34.700000Z</time>
        <extensions>
          <gpxtpx:TrackPointExtension>
            <gpxtpx:hr>170</gpxtpx:hr>
          </gpxtpx:TrackPointExtension>
        </extensions>
      </trkpt>
      <trkpt lat="22.54797505196183" lon="114.10874152437904">
        <ele>-2.9993888288736343</ele>
        <time>1970-01-01T00:26:35.700000Z</time>
        <extensions>
          <gpxtpx:TrackPointExtension>
            <gpxtpx:hr>170</gpxtpx:hr>
          </gpxtpx:TrackPointExtension>
        </extensions>
      </trkpt>
      <trkpt lat="22.54795255947939" lon="114.10872836789505">
        <ele>-3.083985021337867</ele>
        <time>1970-01-01T00:26:36.700000Z</time>
        <extensions>
          <gpxtpx:TrackPointExtension>
            <gpxtpx:hr>170</gpxtpx:hr>
          </gpxtpx:TrackPointExtension>
        </extensions>
      </trkpt>
      <trkpt lat="22.547929876838378" lon="114.10871528019378">
        <ele>-3.158674815669656</ele>
        <time>1970-01-01T00:26:37.700000Z</time>
        <extensions>
          <gpxtpx:TrackPointExtension>
            <gpxtpx:hr>170</gpxtpx:hr>
          </gpxtpx:TrackPointExtension>
        </extensions>
      </trkpt>
      <trkpt lat="22.547906951252937" lon="114.10870224093767">
        <ele>-3.2254268378019333</ele>
        <time>1970-01-01T00:26:38.700000Z</time>
        <extensions>
          <gpxtpx:TrackPointExtension>
            <gpxtpx:hr>170</gpxtpx:hr>
          </gpxtpx:TrackPointExtension>
        </extensions>
      </trkpt>
      <trkpt lat="22.547884012001944" lon="114.10868937158165">
        <ele>-3.2901702104136348</ele>
        <time>1970-01-01T00:26:39.700000Z</time>
        <extensions>
          <gpxtpx:TrackPointExtension>
            <gpxtpx:hr>170</gpxtpx:hr>
          </gpxtpx:TrackPointExtension>
        </extensions>
      </trkpt>
      <trkpt lat="22.54786120402064" lon="114.10867671308148">
        <ele>-3.3548078890889883</ele>
        <time>1970-01-01T00:26:40.700000Z</time>
        <extensions>
          <gpxtpx:TrackPointExtension>
            <gpxtpx:hr>170</gpxtpx:hr>
          </gpxtpx:TrackPointExtension>
        </extensions>
      </trkpt>
      <trkpt lat="22.54783856944816" lon="114.1086643196334">
        <ele>-3.4243046389892697</ele>
        <time>1970-01-01T00:26:41.700000Z</time>
        <extensions>
          <gpxtpx:TrackPointExtension>
            <gpxtpx:hr>170</gpxtpx:hr>
          </gpxtpx:TrackPointExtension>
        </extensions>
      </trkpt>
      <trkpt lat="22.547816074344706" lon="114.10865214231903">
        <ele>-3.4991567619144917</ele>
        <time>1970-01-01T00:26:42.700000Z</time>
        <extensions>
          <gpxtpx:TrackPointExtension>
            <gpxtpx:hr>170</gpxtpx:hr>
          </gpxtpx:TrackPointExtension>
        </extensions>
      </trkpt>
      <trkpt lat="22.54779350882427" lon="114.10863996813875">
        <ele>-3.578741727396846</ele>
        <time>1970-01-01T00:26:43.600000Z</time>
        <extensions>
          <gpxtpx:TrackPointExtension>
            <gpxtpx:hr>170</gpxtpx:hr>
          </gpxtpx:TrackPointExtension>
        </extensions>
      </trkpt>
      <trkpt lat="22.54777087106643" lon="114.10862760902677">
        <ele>-3.662138357758522</ele>
        <time>1970-01-01T00:26:44.600000Z</time>
        <extensions>
          <gpxtpx:TrackPointExtension>
            <gpxtpx:hr>170</gpxtpx:hr>
          </gpxtpx:TrackPointExtension>
        </extensions>
      </trkpt>
      <trkpt lat="22.54774834741581" lon="114.10861473891399">
        <ele>-3.749993609264493</ele>
        <time>1970-01-01T00:26:45.600000Z</time>
        <extensions>
          <gpxtpx:TrackPointExtension>
            <gpxtpx:hr>170</gpxtpx:hr>
          </gpxtpx:TrackPointExtension>
        </extensions>
      </trkpt>
      <trkpt lat="22.547726120440608" lon="114.10860107395557">
        <ele>-3.842251597903669</ele>
        <time>1970-01-01T00:26:46.600000Z</time>
        <extensions>
          <gpxtpx:TrackPointExtension>
            <gpxtpx:hr>170</gpxtpx:hr>
          </gpxtpx:TrackPointExtension>
        </extensions>
      </trkpt>
      <trkpt lat="22.547704053301143" lon="114.10858724623687">
        <ele>-3.9370156042277813</ele>
        <time>1970-01-01T00:26:47.600000Z</time>
        <extensions>
          <gpxtpx:TrackPointExtension>
            <gpxtpx:hr>170</gpxtpx:hr>
          </gpxtpx:TrackPointExtension>
        </extensions>
      </trkpt>
      <trkpt lat="22.547681673029913" lon="114.10857397358735">
        <ele>-4.034918679855764</ele>
        <time>1970-01-01T00:26:48.600000Z</time>
        <extensions>
          <gpxtpx:TrackPointExtension>
            <gpxtpx:hr>171</gpxtpx:hr>
          </gpxtpx:TrackPointExtension>
        </extensions>
      </trkpt>
      <trkpt lat="22.547658798970666" lon="114.10856119502675">
        <ele>-4.1363544492051005</ele>
        <time>1970-01-01T00:26:49.600000Z</time>
        <extensions>
          <gpxtpx:TrackPointExtension>
            <gpxtpx:hr>171</gpxtpx:hr>
          </gpxtpx:TrackPointExtension>
        </extensions>
      </trkpt>
      <trkpt lat="22.547635571030412" lon="114.10854886754481">
        <ele>-4.241568031720817</ele>
        <time>1970-01-01T00:26:50.600000Z</time>
        <extensions>
          <gpxtpx:TrackPointExtension>
            <gpxtpx:hr>171</gpxtpx:hr>
          </gpxtpx:TrackPointExtension>
        </extensions>
      </trkpt>
      <trkpt lat="22.547612267368276" lon="114.1085368237944">
        <ele>-4.350509162060916</ele>
        <time>1970-01-01T00:26:51.600000Z</time>
        <extensions>
          <gpxtpx:TrackPointExtension>
            <gpxtpx:hr>170</gpxtpx:hr>
          </gpxtpx:TrackPointExtension>
        </extensions>
      </trkpt>
      <trkpt lat="22.54758912967571" lon="114.10852489493908">
        <ele>-4.4635764909908175</ele>
        <time>1970-01-01T00:26:52.600000Z</time>
        <extensions>
          <gpxtpx:TrackPointExtension>
            <gpxtpx:hr>170</gpxtpx:hr>
          </gpxtpx:TrackPointExtension>
        </extensions>
      </trkpt>
      <trkpt lat="22.547566264310294" lon="114.10851287029583">
        <ele>-4.581444188952446</ele>
        <time>1970-01-01T00:26:53.600000Z</time>
        <extensions>
          <gpxtpx:TrackPointExtension>
            <gpxtpx:hr>170</gpxtpx:hr>
          </gpxtpx:TrackPointExtension>
        </extensions>
      </trkpt>
      <trkpt lat="22.54754387420145" lon="114.10850064984612">
        <ele>-4.704717684537172</ele>
        <time>1970-01-01T00:26:54.600000Z</time>
        <extensions>
          <gpxtpx:TrackPointExtension>
            <gpxtpx:hr>170</gpxtpx:hr>
          </gpxtpx:TrackPointExtension>
        </extensions>
      </trkpt>
      <trkpt lat="22.547521982601655" lon="114.10848868539121">
        <ele>-4.835465436801314</ele>
        <time>1970-01-01T00:26:55.600000Z</time>
        <extensions>
          <gpxtpx:TrackPointExtension>
            <gpxtpx:hr>170</gpxtpx:hr>
          </gpxtpx:TrackPointExtension>
        </extensions>
      </trkpt>
      <trkpt lat="22.547500721936053" lon="114.10847787968946">
        <ele>-4.974163982085884</ele>
        <time>1970-01-01T00:26:56.600000Z</time>
        <extensions>
          <gpxtpx:TrackPointExtension>
            <gpxtpx:hr>170</gpxtpx:hr>
          </gpxtpx:TrackPointExtension>
        </extensions>
      </trkpt>
      <trkpt lat="22.54748077146068" lon="114.10846860404314">
        <ele>-5.121287142857909</ele>
        <time>1970-01-01T00:26:57.600000Z</time>
        <extensions>
          <gpxtpx:TrackPointExtension>
            <gpxtpx:hr>171</gpxtpx:hr>
          </gpxtpx:TrackPointExtension>
        </extensions>
      </trkpt>
      <trkpt lat="22.54746215113719" lon="114.10846049907275">
        <ele>-5.279012649320066</ele>
        <time>1970-01-01T00:26:58.600000Z</time>
        <extensions>
          <gpxtpx:TrackPointExtension>
            <gpxtpx:hr>171</gpxtpx:hr>
          </gpxtpx:TrackPointExtension>
        </extensions>
      </trkpt>
      <trkpt lat="22.547443783461397" lon="114.10845267765362">
        <ele>-5.449504720978439</ele>
        <time>1970-01-01T00:26:59.600000Z</time>
        <extensions>
          <gpxtpx:TrackPointExtension>
            <gpxtpx:hr>171</gpxtpx:hr>
          </gpxtpx:TrackPointExtension>
        </extensions>
      </trkpt>
      <trkpt lat="22.54742466486495" lon="114.10844438454302">
        <ele>-5.632241890765727</ele>
        <time>1970-01-01T00:27:00.600000Z</time>
        <extensions>
          <gpxtpx:TrackPointExtension>
            <gpxtpx:hr>171</gpxtpx:hr>
          </gpxtpx:TrackPointExtension>
        </extensions>
      </trkpt>
      <trkpt lat="22.547404604574755" lon="114.1084355333184">
        <ele>-5.827119830995798</ele>
        <time>1970-01-01T00:27:01.600000Z</time>
        <extensions>
          <gpxtpx:TrackPointExtension>
            <gpxtpx:hr>171</gpxtpx:hr>
          </gpxtpx:TrackPointExtension>
        </extensions>
      </trkpt>
      <trkpt lat="22.54738394014227" lon="114.10842651604209">
        <ele>-6.0347847901284695</ele>
        <time>1970-01-01T00:27:02.600000Z</time>
        <extensions>
          <gpxtpx:TrackPointExtension>
            <gpxtpx:hr>171</gpxtpx:hr>
          </gpxtpx:TrackPointExtension>
        </extensions>
      </trkpt>
      <trkpt lat="22.547362445731245" lon="114.10841768384857">
        <ele>-6.2541140131652355</ele>
        <time>1970-01-01T00:27:03.600000Z</time>
        <extensions>
          <gpxtpx:TrackPointExtension>
            <gpxtpx:hr>171</gpxtpx:hr>
          </gpxtpx:TrackPointExtension>
        </extensions>
      </trkpt>
      <trkpt lat="22.547339876765086" lon="114.10840875887033">
        <ele>-6.4832744281739</ele>
        <time>1970-01-01T00:27:04.600000Z</time>
        <extensions>
          <gpxtpx:TrackPointExtension>
            <gpxtpx:hr>170</gpxtpx:hr>
          </gpxtpx:TrackPointExtension>
        </extensions>
      </trkpt>
      <trkpt lat="22.547316614329905" lon="114.10839966656566">
        <ele>-6.721705893985927</ele>
        <time>1970-01-01T00:27:05.600000Z</time>
        <extensions>
          <gpxtpx:TrackPointExtension>
            <gpxtpx:hr>170</gpxtpx:hr>
          </gpxtpx:TrackPointExtension>
        </extensions>
      </trkpt>
      <trkpt lat="22.54729297792467" lon="114.10839036476176">
        <ele>-6.968977076932788</ele>
        <time>1970-01-01T00:27:06.600000Z</time>
        <extensions>
          <gpxtpx:TrackPointExtension>
            <gpxtpx:hr>170</gpxtpx:hr>
          </gpxtpx:TrackPointExtension>
        </extensions>
      </trkpt>
      <trkpt lat="22.547268942981226" lon="114.10838060162656">
        <ele>-7.222808673977852</ele>
        <time>1970-01-01T00:27:07.500000Z</time>
        <extensions>
          <gpxtpx:TrackPointExtension>
            <gpxtpx:hr>170</gpxtpx:hr>
          </gpxtpx:TrackPointExtension>
        </extensions>
      </trkpt>
      <trkpt lat="22.547244425134817" lon="114.10837032563914">
        <ele>-7.4801356587558985</ele>
        <time>1970-01-01T00:27:08.500000Z</time>
        <extensions>
          <gpxtpx:TrackPointExtension>
            <gpxtpx:hr>169</gpxtpx:hr>
          </gpxtpx:TrackPointExtension>
        </extensions>
      </trkpt>
      <trkpt lat="22.54721949174397" lon="114.10835960937287">
        <ele>-7.740939809009433</ele>
        <time>1970-01-01T00:27:09.500000Z</time>
        <extensions>
          <gpxtpx:TrackPointExtension>
            <gpxtpx:hr>169</gpxtpx:hr>
          </gpxtpx:TrackPointExtension>
        </extensions>
      </trkpt>
      <trkpt lat="22.547194248893387" lon="114.10834866435702">
        <ele>-8.003524197265506</ele>
        <time>1970-01-01T00:27:10.500000Z</time>
        <extensions>
          <gpxtpx:TrackPointExtension>
            <gpxtpx:hr>169</gpxtpx:hr>
          </gpxtpx:TrackPointExtension>
        </extensions>
      </trkpt>
      <trkpt lat="22.547168797091512" lon="114.10833770630438">
        <ele>-8.26304476801306</ele>
        <time>1970-01-01T00:27:11.500000Z</time>
        <extensions>
          <gpxtpx:TrackPointExtension>
            <gpxtpx:hr>169</gpxtpx:hr>
          </gpxtpx:TrackPointExtension>
        </extensions>
      </trkpt>
      <trkpt lat="22.547143142049347" lon="114.10832690800834">
        <ele>-8.518097348511219</ele>
        <time>1970-01-01T00:27:12.500000Z</time>
        <extensions>
          <gpxtpx:TrackPointExtension>
            <gpxtpx:hr>169</gpxtpx:hr>
          </gpxtpx:TrackPointExtension>
        </extensions>
      </trkpt>
      <trkpt lat="22.54711728650913" lon="114.10831634358233">
        <ele>-8.77001184411347</ele>
        <time>1970-01-01T00:27:13.500000Z</time>
        <extensions>
          <gpxtpx:TrackPointExtension>
            <gpxtpx:hr>168</gpxtpx:hr>
          </gpxtpx:TrackPointExtension>
        </extensions>
      </trkpt>
      <trkpt lat="22.54709131165596" lon="114.10830606216383">
        <ele>-9.013948270119727</ele>
        <time>1970-01-01T00:27:14.500000Z</time>
        <extensions>
          <gpxtpx:TrackPointExtension>
            <gpxtpx:hr>168</gpxtpx:hr>
          </gpxtpx:TrackPointExtension>
        </extensions>
      </trkpt>
      <trkpt lat="22.54706538880788" lon="114.10829614486045">
        <ele>-9.244738511741161</ele>
        <time>1970-01-01T00:27:15.500000Z</time>
        <extensions>
          <gpxtpx:TrackPointExtension>
            <gpxtpx:hr>168</gpxtpx:hr>
          </gpxtpx:TrackPointExtension>
        </extensions>
      </trkpt>
      <trkpt lat="22.547039791524824" lon="114.10828666580574">
        <ele>-9.460472693666816</ele>
        <time>1970-01-01T00:27:16.500000Z</time>
        <extensions>
          <gpxtpx:TrackPointExtension>
            <gpxtpx:hr>168</gpxtpx:hr>
          </gpxtpx:TrackPointExtension>
        </extensions>
      </trkpt>
      <trkpt lat="22.5470146482564" lon="114.10827765705105">
        <ele>-9.661448554135859</ele>
        <time>1970-01-01T00:27:17.500000Z</time>
        <extensions>
          <gpxtpx:TrackPointExtension>
            <gpxtpx:hr>168</gpxtpx:hr>
          </gpxtpx:TrackPointExtension>
        </extensions>
      </trkpt>
      <trkpt lat="22.546989811995388" lon="114.10826911851883">
        <ele>-9.845900843851268</ele>
        <time>1970-01-01T00:27:18.500000Z</time>
        <extensions>
          <gpxtpx:TrackPointExtension>
            <gpxtpx:hr>168</gpxtpx:hr>
          </gpxtpx:TrackPointExtension>
        </extensions>
      </trkpt>
      <trkpt lat="22.54696511547037" lon="114.10826122259313">
        <ele>-10.014723700471222</ele>
        <time>1970-01-01T00:27:19.500000Z</time>
        <extensions>
          <gpxtpx:TrackPointExtension>
            <gpxtpx:hr>168</gpxtpx:hr>
          </gpxtpx:TrackPointExtension>
        </extensions>
      </trkpt>
      <trkpt lat="22.546940574856848" lon="114.10825416369758">
        <ele>-10.168055131100118</ele>
        <time>1970-01-01T00:27:20.500000Z</time>
        <extensions>
          <gpxtpx:TrackPointExtension>
            <gpxtpx:hr>168</gpxtpx:hr>
          </gpxtpx:TrackPointExtension>
        </extensions>
      </trkpt>
      <trkpt lat="22.546916451976756" lon="114.10824802432454">
        <ele>-10.299346148967743</ele>
        <time>1970-01-01T00:27:21.500000Z</time>
        <extensions>
          <gpxtpx:TrackPointExtension>
            <gpxtpx:hr>168</gpxtpx:hr>
          </gpxtpx:TrackPointExtension>
        </extensions>
      </trkpt>
      <trkpt lat="22.546893190798688" lon="114.10824287335952">
        <ele>-10.40815904084593</ele>
        <time>1970-01-01T00:27:22.500000Z</time>
        <extensions>
          <gpxtpx:TrackPointExtension>
            <gpxtpx:hr>168</gpxtpx:hr>
          </gpxtpx:TrackPointExtension>
        </extensions>
      </trkpt>
      <trkpt lat="22.546871350050413" lon="114.10823874171163">
        <ele>-10.484103245660663</ele>
        <time>1970-01-01T00:27:23.500000Z</time>
        <extensions>
          <gpxtpx:TrackPointExtension>
            <gpxtpx:hr>169</gpxtpx:hr>
          </gpxtpx:TrackPointExtension>
        </extensions>
      </trkpt>
      <trkpt lat="22.546851410545923" lon="114.10823558409233">
        <ele>-10.523489166982472</ele>
        <time>1970-01-01T00:27:24.500000Z</time>
        <extensions>
          <gpxtpx:TrackPointExtension>
            <gpxtpx:hr>169</gpxtpx:hr>
          </gpxtpx:TrackPointExtension>
        </extensions>
      </trkpt>
      <trkpt lat="22.54683280727176" lon="114.10823296289877">
        <ele>-10.523112594150007</ele>
        <time>1970-01-01T00:27:25.500000Z</time>
        <extensions>
          <gpxtpx:TrackPointExtension>
            <gpxtpx:hr>169</gpxtpx:hr>
          </gpxtpx:TrackPointExtension>
        </extensions>
      </trkpt>
      <trkpt lat="22.546814538076184" lon="114.10823016648209">
        <ele>-10.484120959416032</ele>
        <time>1970-01-01T00:27:26.500000Z</time>
        <extensions>
          <gpxtpx:TrackPointExtension>
            <gpxtpx:hr>169</gpxtpx:hr>
          </gpxtpx:TrackPointExtension>
        </extensions>
      </trkpt>
      <trkpt lat="22.546795993132548" lon="114.10822670658925">
        <ele>-10.410377623513341</ele>
        <time>1970-01-01T00:27:27.500000Z</time>
        <extensions>
          <gpxtpx:TrackPointExtension>
            <gpxtpx:hr>169</gpxtpx:hr>
          </gpxtpx:TrackPointExtension>
        </extensions>
      </trkpt>
      <trkpt lat="22.54677575468361" lon="114.10822254889142">
        <ele>-10.308716133236885</ele>
        <time>1970-01-01T00:27:28.500000Z</time>
        <extensions>
          <gpxtpx:TrackPointExtension>
            <gpxtpx:hr>169</gpxtpx:hr>
          </gpxtpx:TrackPointExtension>
        </extensions>
      </trkpt>
      <trkpt lat="22.54675260891204" lon="114.10821829911288">
        <ele>-10.188160572201014</ele>
        <time>1970-01-01T00:27:29.500000Z</time>
        <extensions>
          <gpxtpx:TrackPointExtension>
            <gpxtpx:hr>169</gpxtpx:hr>
          </gpxtpx:TrackPointExtension>
        </extensions>
      </trkpt>
      <trkpt lat="22.546726901593704" lon="114.10821490667101">
        <ele>-10.059990545734763</ele>
        <time>1970-01-01T00:27:30.400000Z</time>
        <extensions>
          <gpxtpx:TrackPointExtension>
            <gpxtpx:hr>169</gpxtpx:hr>
          </gpxtpx:TrackPointExtension>
        </extensions>
      </trkpt>
      <trkpt lat="22.54669996929704" lon="114.108213046316">
        <ele>-9.929459729231894</ele>
        <time>1970-01-01T00:27:31.400000Z</time>
        <extensions>
          <gpxtpx:TrackPointExtension>
            <gpxtpx:hr>169</gpxtpx:hr>
          </gpxtpx:TrackPointExtension>
        </extensions>
      </trkpt>
      <trkpt lat="22.54667297925284" lon="114.10821278201345">
        <ele>-9.800408671610057</ele>
        <time>1970-01-01T00:27:32.400000Z</time>
        <extensions>
          <gpxtpx:TrackPointExtension>
            <gpxtpx:hr>169</gpxtpx:hr>
          </gpxtpx:TrackPointExtension>
        </extensions>
      </trkpt>
      <trkpt lat="22.54664643775798" lon="114.10821381625706">
        <ele>-9.676265590824187</ele>
        <time>1970-01-01T00:27:33.400000Z</time>
        <extensions>
          <gpxtpx:TrackPointExtension>
            <gpxtpx:hr>169</gpxtpx:hr>
          </gpxtpx:TrackPointExtension>
        </extensions>
      </trkpt>
      <trkpt lat="22.54662037042454" lon="114.10821557586878">
        <ele>-9.558958106674254</ele>
        <time>1970-01-01T00:27:34.400000Z</time>
        <extensions>
          <gpxtpx:TrackPointExtension>
            <gpxtpx:hr>169</gpxtpx:hr>
          </gpxtpx:TrackPointExtension>
        </extensions>
      </trkpt>
      <trkpt lat="22.546594542804588" lon="114.10821757825242">
        <ele>-9.44951948709786</ele>
        <time>1970-01-01T00:27:35.400000Z</time>
        <extensions>
          <gpxtpx:TrackPointExtension>
            <gpxtpx:hr>169</gpxtpx:hr>
          </gpxtpx:TrackPointExtension>
        </extensions>
      </trkpt>
      <trkpt lat="22.546568962544285" lon="114.10821958243477">
        <ele>-9.34733116067946</ele>
        <time>1970-01-01T00:27:36.400000Z</time>
        <extensions>
          <gpxtpx:TrackPointExtension>
            <gpxtpx:hr>169</gpxtpx:hr>
          </gpxtpx:TrackPointExtension>
        </extensions>
      </trkpt>
      <trkpt lat="22.546543438275478" lon="114.10822129624398">
        <ele>-9.252103198319674</ele>
        <time>1970-01-01T00:27:37.400000Z</time>
        <extensions>
          <gpxtpx:TrackPointExtension>
            <gpxtpx:hr>169</gpxtpx:hr>
          </gpxtpx:TrackPointExtension>
        </extensions>
      </trkpt>
      <trkpt lat="22.546517682287796" lon="114.1082226105822">
        <ele>-9.16420737374574</ele>
        <time>1970-01-01T00:27:38.400000Z</time>
        <extensions>
          <gpxtpx:TrackPointExtension>
            <gpxtpx:hr>169</gpxtpx:hr>
          </gpxtpx:TrackPointExtension>
        </extensions>
      </trkpt>
      <trkpt lat="22.54649165485894" lon="114.10822346470782">
        <ele>-9.08477631304413</ele>
        <time>1970-01-01T00:27:39.400000Z</time>
        <extensions>
          <gpxtpx:TrackPointExtension>
            <gpxtpx:hr>169</gpxtpx:hr>
          </gpxtpx:TrackPointExtension>
        </extensions>
      </trkpt>
      <trkpt lat="22.5464652007204" lon="114.10822380074593">
        <ele>-9.008877869695425</ele>
        <time>1970-01-01T00:27:40.400000Z</time>
        <extensions>
          <gpxtpx:TrackPointExtension>
            <gpxtpx:hr>169</gpxtpx:hr>
          </gpxtpx:TrackPointExtension>
        </extensions>
      </trkpt>
      <trkpt lat="22.546438189531134" lon="114.10822355495918">
        <ele>-8.933970900252461</ele>
        <time>1970-01-01T00:27:41.400000Z</time>
        <extensions>
          <gpxtpx:TrackPointExtension>
            <gpxtpx:hr>169</gpxtpx:hr>
          </gpxtpx:TrackPointExtension>
        </extensions>
      </trkpt>
      <trkpt lat="22.546410868023425" lon="114.10822271962914">
        <ele>-8.86119693517685</ele>
        <time>1970-01-01T00:27:42.400000Z</time>
        <extensions>
          <gpxtpx:TrackPointExtension>
            <gpxtpx:hr>169</gpxtpx:hr>
          </gpxtpx:TrackPointExtension>
        </extensions>
      </trkpt>
      <trkpt lat="22.54638345691046" lon="114.10822152021531">
        <ele>-8.797324031591415</ele>
        <time>1970-01-01T00:27:43.400000Z</time>
        <extensions>
          <gpxtpx:TrackPointExtension>
            <gpxtpx:hr>169</gpxtpx:hr>
          </gpxtpx:TrackPointExtension>
        </extensions>
      </trkpt>
      <trkpt lat="22.54635609342153" lon="114.10822000108942">
        <ele>-8.741718572564423</ele>
        <time>1970-01-01T00:27:44.400000Z</time>
        <extensions>
          <gpxtpx:TrackPointExtension>
            <gpxtpx:hr>170</gpxtpx:hr>
          </gpxtpx:TrackPointExtension>
        </extensions>
      </trkpt>
      <trkpt lat="22.54632891175208" lon="114.10821801478905">
        <ele>-8.67829203326255</ele>
        <time>1970-01-01T00:27:45.400000Z</time>
        <extensions>
          <gpxtpx:TrackPointExtension>
            <gpxtpx:hr>170</gpxtpx:hr>
          </gpxtpx:TrackPointExtension>
        </extensions>
      </trkpt>
      <trkpt lat="22.54630205014445" lon="114.10821513840284">
        <ele>-8.618109116330743</ele>
        <time>1970-01-01T00:27:46.400000Z</time>
        <extensions>
          <gpxtpx:TrackPointExtension>
            <gpxtpx:hr>170</gpxtpx:hr>
          </gpxtpx:TrackPointExtension>
        </extensions>
      </trkpt>
      <trkpt lat="22.546275500703864" lon="114.10821116477402">
        <ele>-8.56330877635628</ele>
        <time>1970-01-01T00:27:47.400000Z</time>
        <extensions>
          <gpxtpx:TrackPointExtension>
            <gpxtpx:hr>171</gpxtpx:hr>
          </gpxtpx:TrackPointExtension>
        </extensions>
      </trkpt>
      <trkpt lat="22.546249012224575" lon="114.1082064961819">
        <ele>-8.51454550307244</ele>
        <time>1970-01-01T00:27:48.400000Z</time>
        <extensions>
          <gpxtpx:TrackPointExtension>
            <gpxtpx:hr>171</gpxtpx:hr>
          </gpxtpx:TrackPointExtension>
        </extensions>
      </trkpt>
      <trkpt lat="22.546222624340846" lon="114.1082015656081">
        <ele>-8.469484985806048</ele>
        <time>1970-01-01T00:27:49.400000Z</time>
        <extensions>
          <gpxtpx:TrackPointExtension>
            <gpxtpx:hr>171</gpxtpx:hr>
          </gpxtpx:TrackPointExtension>
        </extensions>
      </trkpt>
      <trkpt lat="22.54619635542463" lon="114.10819698761489">
        <ele>-8.41882967762649</ele>
        <time>1970-01-01T00:27:50.400000Z</time>
        <extensions>
          <gpxtpx:TrackPointExtension>
            <gpxtpx:hr>171</gpxtpx:hr>
          </gpxtpx:TrackPointExtension>
        </extensions>
      </trkpt>
      <trkpt lat="22.546170216810097" lon="114.10819338109404">
        <ele>-8.373126849532127</ele>
        <time>1970-01-01T00:27:51.400000Z</time>
        <extensions>
          <gpxtpx:TrackPointExtension>
            <gpxtpx:hr>171</gpxtpx:hr>
          </gpxtpx:TrackPointExtension>
        </extensions>
      </trkpt>
      <trkpt lat="22.546144297532997" lon="114.10819149452357">
        <ele>-8.33025635406375</ele>
        <time>1970-01-01T00:27:52.400000Z</time>
        <extensions>
          <gpxtpx:TrackPointExtension>
            <gpxtpx:hr>171</gpxtpx:hr>
          </gpxtpx:TrackPointExtension>
        </extensions>
      </trkpt>
      <trkpt lat="22.546118640014146" lon="114.10819204270231">
        <ele>-8.283922946080565</ele>
        <time>1970-01-01T00:27:53.300000Z</time>
        <extensions>
          <gpxtpx:TrackPointExtension>
            <gpxtpx:hr>171</gpxtpx:hr>
          </gpxtpx:TrackPointExtension>
        </extensions>
      </trkpt>
      <trkpt lat="22.5460932215468" lon="114.10819455508563">
        <ele>-8.23695591185242</ele>
        <time>1970-01-01T00:27:54.300000Z</time>
        <extensions>
          <gpxtpx:TrackPointExtension>
            <gpxtpx:hr>171</gpxtpx:hr>
          </gpxtpx:TrackPointExtension>
        </extensions>
      </trkpt>
      <trkpt lat="22.546067788285722" lon="114.10819785865026">
        <ele>-8.188309383578598</ele>
        <time>1970-01-01T00:27:55.300000Z</time>
        <extensions>
          <gpxtpx:TrackPointExtension>
            <gpxtpx:hr>171</gpxtpx:hr>
          </gpxtpx:TrackPointExtension>
        </extensions>
      </trkpt>
      <trkpt lat="22.546042159412917" lon="114.10820106332467">
        <ele>-8.140361566096544</ele>
        <time>1970-01-01T00:27:56.300000Z</time>
        <extensions>
          <gpxtpx:TrackPointExtension>
            <gpxtpx:hr>171</gpxtpx:hr>
          </gpxtpx:TrackPointExtension>
        </extensions>
      </trkpt>
      <trkpt lat="22.546016266665916" lon="114.1082036369859">
        <ele>-8.085653751157224</ele>
        <time>1970-01-01T00:27:57.300000Z</time>
        <extensions>
          <gpxtpx:TrackPointExtension>
            <gpxtpx:hr>171</gpxtpx:hr>
          </gpxtpx:TrackPointExtension>
        </extensions>
      </trkpt>
      <trkpt lat="22.545990204935514" lon="114.10820533706331">
        <ele>-8.023528632707894</ele>
        <time>1970-01-01T00:27:58.300000Z</time>
        <extensions>
          <gpxtpx:TrackPointExtension>
            <gpxtpx:hr>171</gpxtpx:hr>
          </gpxtpx:TrackPointExtension>
        </extensions>
      </trkpt>
      <trkpt lat="22.5459641841895" lon="114.10820621929676">
        <ele>-7.9582086391747</ele>
        <time>1970-01-01T00:27:59.300000Z</time>
        <extensions>
          <gpxtpx:TrackPointExtension>
            <gpxtpx:hr>171</gpxtpx:hr>
          </gpxtpx:TrackPointExtension>
        </extensions>
      </trkpt>
      <trkpt lat="22.545938303414022" lon="114.10820645304192">
        <ele>-7.887620437890291</ele>
        <time>1970-01-01T00:28:00.300000Z</time>
        <extensions>
          <gpxtpx:TrackPointExtension>
            <gpxtpx:hr>171</gpxtpx:hr>
          </gpxtpx:TrackPointExtension>
        </extensions>
      </trkpt>
      <trkpt lat="22.54591272160754" lon="114.10820628050342">
        <ele>-7.8124232068657875</ele>
        <time>1970-01-01T00:28:01.300000Z</time>
        <extensions>
          <gpxtpx:TrackPointExtension>
            <gpxtpx:hr>171</gpxtpx:hr>
          </gpxtpx:TrackPointExtension>
        </extensions>
      </trkpt>
      <trkpt lat="22.54588751949477" lon="114.1082059694245">
        <ele>-7.7324689058586955</ele>
        <time>1970-01-01T00:28:02.300000Z</time>
        <extensions>
          <gpxtpx:TrackPointExtension>
            <gpxtpx:hr>171</gpxtpx:hr>
          </gpxtpx:TrackPointExtension>
        </extensions>
      </trkpt>
      <trkpt lat="22.545862722936025" lon="114.10820538918368">
        <ele>-7.6472190618515015</ele>
        <time>1970-01-01T00:28:03.300000Z</time>
        <extensions>
          <gpxtpx:TrackPointExtension>
            <gpxtpx:hr>173</gpxtpx:hr>
          </gpxtpx:TrackPointExtension>
        </extensions>
      </trkpt>
      <trkpt lat="22.545838283242606" lon="114.10820438060668">
        <ele>-7.555722877383232</ele>
        <time>1970-01-01T00:28:04.300000Z</time>
        <extensions>
          <gpxtpx:TrackPointExtension>
            <gpxtpx:hr>173</gpxtpx:hr>
          </gpxtpx:TrackPointExtension>
        </extensions>
      </trkpt>
      <trkpt lat="22.545813908409098" lon="114.10820281430783">
        <ele>-7.457134400494397</ele>
        <time>1970-01-01T00:28:05.300000Z</time>
        <extensions>
          <gpxtpx:TrackPointExtension>
            <gpxtpx:hr>173</gpxtpx:hr>
          </gpxtpx:TrackPointExtension>
        </extensions>
      </trkpt>
      <trkpt lat="22.545789451499985" lon="114.1082006092856">
        <ele>-7.3508611069992185</ele>
        <time>1970-01-01T00:28:06.300000Z</time>
        <extensions>
          <gpxtpx:TrackPointExtension>
            <gpxtpx:hr>173</gpxtpx:hr>
          </gpxtpx:TrackPointExtension>
        </extensions>
      </trkpt>
      <trkpt lat="22.545764833295475" lon="114.10819789316422">
        <ele>-7.236586904153228</ele>
        <time>1970-01-01T00:28:07.300000Z</time>
        <extensions>
          <gpxtpx:TrackPointExtension>
            <gpxtpx:hr>173</gpxtpx:hr>
          </gpxtpx:TrackPointExtension>
        </extensions>
      </trkpt>
      <trkpt lat="22.54574012166788" lon="114.10819497094627">
        <ele>-7.114191957749426</ele>
        <time>1970-01-01T00:28:08.300000Z</time>
        <extensions>
          <gpxtpx:TrackPointExtension>
            <gpxtpx:hr>173</gpxtpx:hr>
          </gpxtpx:TrackPointExtension>
        </extensions>
      </trkpt>
      <trkpt lat="22.545715347165395" lon="114.10819205540555">
        <ele>-6.9836894534528255</ele>
        <time>1970-01-01T00:28:09.300000Z</time>
        <extensions>
          <gpxtpx:TrackPointExtension>
            <gpxtpx:hr>173</gpxtpx:hr>
          </gpxtpx:TrackPointExtension>
        </extensions>
      </trkpt>
      <trkpt lat="22.545690443534024" lon="114.10818874373437">
        <ele>-6.845255135558546</ele>
        <time>1970-01-01T00:28:10.300000Z</time>
        <extensions>
          <gpxtpx:TrackPointExtension>
            <gpxtpx:hr>173</gpxtpx:hr>
          </gpxtpx:TrackPointExtension>
        </extensions>
      </trkpt>
      <trkpt lat="22.54566549436198" lon="114.10818461888938">
        <ele>-6.699378987774253</ele>
        <time>1970-01-01T00:28:11.300000Z</time>
        <extensions>
          <gpxtpx:TrackPointExtension>
            <gpxtpx:hr>173</gpxtpx:hr>
          </gpxtpx:TrackPointExtension>
        </extensions>
      </trkpt>
      <trkpt lat="22.545640437787885" lon="114.10817941928471">
        <ele>-6.547001138329506</ele>
        <time>1970-01-01T00:28:12.300000Z</time>
        <extensions>
          <gpxtpx:TrackPointExtension>
            <gpxtpx:hr>173</gpxtpx:hr>
          </gpxtpx:TrackPointExtension>
        </extensions>
      </trkpt>
      <trkpt lat="22.545615254123586" lon="114.10817300783422">
        <ele>-6.389514421112835</ele>
        <time>1970-01-01T00:28:13.300000Z</time>
        <extensions>
          <gpxtpx:TrackPointExtension>
            <gpxtpx:hr>173</gpxtpx:hr>
          </gpxtpx:TrackPointExtension>
        </extensions>
      </trkpt>
      <trkpt lat="22.54559002208562" lon="114.10816570085446">
        <ele>-6.2287712981924415</ele>
        <time>1970-01-01T00:28:14.300000Z</time>
        <extensions>
          <gpxtpx:TrackPointExtension>
            <gpxtpx:hr>173</gpxtpx:hr>
          </gpxtpx:TrackPointExtension>
        </extensions>
      </trkpt>
      <trkpt lat="22.545564825836223" lon="114.10815858616408">
        <ele>-6.066730341874063</ele>
        <time>1970-01-01T00:28:15.300000Z</time>
        <extensions>
          <gpxtpx:TrackPointExtension>
            <gpxtpx:hr>173</gpxtpx:hr>
          </gpxtpx:TrackPointExtension>
        </extensions>
      </trkpt>
      <trkpt lat="22.54553963973881" lon="114.10815266718345">
        <ele>-5.905058800242841</ele>
        <time>1970-01-01T00:28:16.300000Z</time>
        <extensions>
          <gpxtpx:TrackPointExtension>
            <gpxtpx:hr>173</gpxtpx:hr>
          </gpxtpx:TrackPointExtension>
        </extensions>
      </trkpt>
      <trkpt lat="22.54551447116087" lon="114.10814822343036">
        <ele>-5.745083794929087</ele>
        <time>1970-01-01T00:28:17.200000Z</time>
        <extensions>
          <gpxtpx:TrackPointExtension>
            <gpxtpx:hr>172</gpxtpx:hr>
          </gpxtpx:TrackPointExtension>
        </extensions>
      </trkpt>
      <trkpt lat="22.545489283511653" lon="114.10814515986446">
        <ele>-5.587987036444247</ele>
        <time>1970-01-01T00:28:18.200000Z</time>
        <extensions>
          <gpxtpx:TrackPointExtension>
            <gpxtpx:hr>172</gpxtpx:hr>
          </gpxtpx:TrackPointExtension>
        </extensions>
      </trkpt>
      <trkpt lat="22.545464058226763" lon="114.10814319192711">
        <ele>-5.434965745545924</ele>
        <time>1970-01-01T00:28:19.200000Z</time>
        <extensions>
          <gpxtpx:TrackPointExtension>
            <gpxtpx:hr>172</gpxtpx:hr>
          </gpxtpx:TrackPointExtension>
        </extensions>
      </trkpt>
      <trkpt lat="22.545438763732925" lon="114.10814199192741">
        <ele>-5.287115653976798</ele>
        <time>1970-01-01T00:28:20.200000Z</time>
        <extensions>
          <gpxtpx:TrackPointExtension>
            <gpxtpx:hr>172</gpxtpx:hr>
          </gpxtpx:TrackPointExtension>
        </extensions>
      </trkpt>
      <trkpt lat="22.545413453091314" lon="114.10814125009414">
        <ele>-5.14532957971096</ele>
        <time>1970-01-01T00:28:21.200000Z</time>
        <extensions>
          <gpxtpx:TrackPointExtension>
            <gpxtpx:hr>172</gpxtpx:hr>
          </gpxtpx:TrackPointExtension>
        </extensions>
      </trkpt>
      <trkpt lat="22.545388338242173" lon="114.10814071577849">
        <ele>-5.010414117015898</ele>
        <time>1970-01-01T00:28:22.200000Z</time>
        <extensions>
          <gpxtpx:TrackPointExtension>
            <gpxtpx:hr>172</gpxtpx:hr>
          </gpxtpx:TrackPointExtension>
        </extensions>
      </trkpt>
      <trkpt lat="22.545363502799233" lon="114.10814007055875">
        <ele>-4.883106254041195</ele>
        <time>1970-01-01T00:28:23.200000Z</time>
        <extensions>
          <gpxtpx:TrackPointExtension>
            <gpxtpx:hr>173</gpxtpx:hr>
          </gpxtpx:TrackPointExtension>
        </extensions>
      </trkpt>
      <trkpt lat="22.545338739676097" lon="114.10813920228424">
        <ele>-4.763927484862506</ele>
        <time>1970-01-01T00:28:24.200000Z</time>
        <extensions>
          <gpxtpx:TrackPointExtension>
            <gpxtpx:hr>173</gpxtpx:hr>
          </gpxtpx:TrackPointExtension>
        </extensions>
      </trkpt>
      <trkpt lat="22.54531362009575" lon="114.10813787377131">
        <ele>-4.6531422063708305</ele>
        <time>1970-01-01T00:28:25.200000Z</time>
        <extensions>
          <gpxtpx:TrackPointExtension>
            <gpxtpx:hr>173</gpxtpx:hr>
          </gpxtpx:TrackPointExtension>
        </extensions>
      </trkpt>
      <trkpt lat="22.545288190608808" lon="114.10813615158551">
        <ele>-4.550892732106149</ele>
        <time>1970-01-01T00:28:26.200000Z</time>
        <extensions>
          <gpxtpx:TrackPointExtension>
            <gpxtpx:hr>173</gpxtpx:hr>
          </gpxtpx:TrackPointExtension>
        </extensions>
      </trkpt>
      <trkpt lat="22.545262624108982" lon="114.10813438071833">
        <ele>-4.457365275360644</ele>
        <time>1970-01-01T00:28:27.200000Z</time>
        <extensions>
          <gpxtpx:TrackPointExtension>
            <gpxtpx:hr>173</gpxtpx:hr>
          </gpxtpx:TrackPointExtension>
        </extensions>
      </trkpt>
      <trkpt lat="22.545236848076467" lon="114.10813270891725">
        <ele>-4.372839209623635</ele>
        <time>1970-01-01T00:28:28.200000Z</time>
        <extensions>
          <gpxtpx:TrackPointExtension>
            <gpxtpx:hr>173</gpxtpx:hr>
          </gpxtpx:TrackPointExtension>
        </extensions>
      </trkpt>
      <trkpt lat="22.545210869227372" lon="114.10813100527041">
        <ele>-4.297734028659761</ele>
        <time>1970-01-01T00:28:29.200000Z</time>
        <extensions>
          <gpxtpx:TrackPointExtension>
            <gpxtpx:hr>173</gpxtpx:hr>
          </gpxtpx:TrackPointExtension>
        </extensions>
      </trkpt>
      <trkpt lat="22.545184720928148" lon="114.10812900408375">
        <ele>-4.232841473072767</ele>
        <time>1970-01-01T00:28:30.200000Z</time>
        <extensions>
          <gpxtpx:TrackPointExtension>
            <gpxtpx:hr>173</gpxtpx:hr>
          </gpxtpx:TrackPointExtension>
        </extensions>
      </trkpt>
      <trkpt lat="22.545158476863524" lon="114.10812666869046">
        <ele>-4.179540760815144</ele>
        <time>1970-01-01T00:28:31.200000Z</time>
        <extensions>
          <gpxtpx:TrackPointExtension>
            <gpxtpx:hr>173</gpxtpx:hr>
          </gpxtpx:TrackPointExtension>
        </extensions>
      </trkpt>
      <trkpt lat="22.545132228234177" lon="114.10812384715788">
        <ele>-4.139452105388045</ele>
        <time>1970-01-01T00:28:32.200000Z</time>
        <extensions>
          <gpxtpx:TrackPointExtension>
            <gpxtpx:hr>173</gpxtpx:hr>
          </gpxtpx:TrackPointExtension>
        </extensions>
      </trkpt>
      <trkpt lat="22.545106000235016" lon="114.10812039570041">
        <ele>-4.113673135638237</ele>
        <time>1970-01-01T00:28:33.200000Z</time>
        <extensions>
          <gpxtpx:TrackPointExtension>
            <gpxtpx:hr>173</gpxtpx:hr>
          </gpxtpx:TrackPointExtension>
        </extensions>
      </trkpt>
      <trkpt lat="22.545079763657238" lon="114.10811631153832">
        <ele>-4.1025334456935525</ele>
        <time>1970-01-01T00:28:34.200000Z</time>
        <extensions>
          <gpxtpx:TrackPointExtension>
            <gpxtpx:hr>173</gpxtpx:hr>
          </gpxtpx:TrackPointExtension>
        </extensions>
      </trkpt>
      <trkpt lat="22.545053529628998" lon="114.10811172695526">
        <ele>-4.106363766826689</ele>
        <time>1970-01-01T00:28:35.200000Z</time>
        <extensions>
          <gpxtpx:TrackPointExtension>
            <gpxtpx:hr>173</gpxtpx:hr>
          </gpxtpx:TrackPointExtension>
        </extensions>
      </trkpt>
      <trkpt lat="22.54502745982612" lon="114.10810659265232">
        <ele>-4.125655987299979</ele>
        <time>1970-01-01T00:28:36.200000Z</time>
        <extensions>
          <gpxtpx:TrackPointExtension>
            <gpxtpx:hr>173</gpxtpx:hr>
          </gpxtpx:TrackPointExtension>
        </extensions>
      </trkpt>
      <trkpt lat="22.545001685574732" lon="114.10810098674996">
        <ele>-4.159870100207627</ele>
        <time>1970-01-01T00:28:37.200000Z</time>
        <extensions>
          <gpxtpx:TrackPointExtension>
            <gpxtpx:hr>173</gpxtpx:hr>
          </gpxtpx:TrackPointExtension>
        </extensions>
      </trkpt>
      <trkpt lat="22.544976153184365" lon="114.10809513143391">
        <ele>-4.206916004419327</ele>
        <time>1970-01-01T00:28:38.200000Z</time>
        <extensions>
          <gpxtpx:TrackPointExtension>
            <gpxtpx:hr>173</gpxtpx:hr>
          </gpxtpx:TrackPointExtension>
        </extensions>
      </trkpt>
      <trkpt lat="22.544950804058267" lon="114.10808909854074">
        <ele>-4.263832981698215</ele>
        <time>1970-01-01T00:28:39.200000Z</time>
        <extensions>
          <gpxtpx:TrackPointExtension>
            <gpxtpx:hr>173</gpxtpx:hr>
          </gpxtpx:TrackPointExtension>
        </extensions>
      </trkpt>
      <trkpt lat="22.544925511404823" lon="114.10808306542374">
        <ele>-4.327682787552476</ele>
        <time>1970-01-01T00:28:40.100000Z</time>
        <extensions>
          <gpxtpx:TrackPointExtension>
            <gpxtpx:hr>173</gpxtpx:hr>
          </gpxtpx:TrackPointExtension>
        </extensions>
      </trkpt>
      <trkpt lat="22.544900067669783" lon="114.10807715062545">
        <ele>-4.3956171330064535</ele>
        <time>1970-01-01T00:28:41.100000Z</time>
        <extensions>
          <gpxtpx:TrackPointExtension>
            <gpxtpx:hr>173</gpxtpx:hr>
          </gpxtpx:TrackPointExtension>
        </extensions>
      </trkpt>
      <trkpt lat="22.54487443410015" lon="114.10807136580524">
        <ele>-4.464329327456653</ele>
        <time>1970-01-01T00:28:42.100000Z</time>
        <extensions>
          <gpxtpx:TrackPointExtension>
            <gpxtpx:hr>173</gpxtpx:hr>
          </gpxtpx:TrackPointExtension>
        </extensions>
      </trkpt>
      <trkpt lat="22.54484872400882" lon="114.1080657103759">
        <ele>-4.530478753149509</ele>
        <time>1970-01-01T00:28:43.100000Z</time>
        <extensions>
          <gpxtpx:TrackPointExtension>
            <gpxtpx:hr>173</gpxtpx:hr>
          </gpxtpx:TrackPointExtension>
        </extensions>
      </trkpt>
      <trkpt lat="22.544823130357884" lon="114.10806022675368">
        <ele>-4.591312709264457</ele>
        <time>1970-01-01T00:28:44.100000Z</time>
        <extensions>
          <gpxtpx:TrackPointExtension>
            <gpxtpx:hr>173</gpxtpx:hr>
          </gpxtpx:TrackPointExtension>
        </extensions>
      </trkpt>
      <trkpt lat="22.54479784999746" lon="114.1080547197758">
        <ele>-4.644514121115208</ele>
        <time>1970-01-01T00:28:45.100000Z</time>
        <extensions>
          <gpxtpx:TrackPointExtension>
            <gpxtpx:hr>173</gpxtpx:hr>
          </gpxtpx:TrackPointExtension>
        </extensions>
      </trkpt>
      <trkpt lat="22.544772992397345" lon="114.10804876299277">
        <ele>-4.688155913725495</ele>
        <time>1970-01-01T00:28:46.100000Z</time>
        <extensions>
          <gpxtpx:TrackPointExtension>
            <gpxtpx:hr>173</gpxtpx:hr>
          </gpxtpx:TrackPointExtension>
        </extensions>
      </trkpt>
      <trkpt lat="22.544748608429984" lon="114.10804203988485">
        <ele>-4.721194804646075</ele>
        <time>1970-01-01T00:28:47.100000Z</time>
        <extensions>
          <gpxtpx:TrackPointExtension>
            <gpxtpx:hr>173</gpxtpx:hr>
          </gpxtpx:TrackPointExtension>
        </extensions>
      </trkpt>
      <trkpt lat="22.544724650533308" lon="114.10803468469638">
        <ele>-4.743835762143135</ele>
        <time>1970-01-01T00:28:48.100000Z</time>
        <extensions>
          <gpxtpx:TrackPointExtension>
            <gpxtpx:hr>173</gpxtpx:hr>
          </gpxtpx:TrackPointExtension>
        </extensions>
      </trkpt>
      <trkpt lat="22.544705593185135" lon="114.10802850091171">
        <ele>-4.7556552067399025</ele>
        <time>1970-01-01T00:28:48.900000Z</time>
        <extensions>
          <gpxtpx:TrackPointExtension>
            <gpxtpx:hr>173</gpxtpx:hr>
          </gpxtpx:TrackPointExtension>
        </extensions>
      </trkpt>
      <trkpt lat="22.544681944784873" lon="114.10802087824074">
        <ele>-4.763508567586541</ele>
        <time>1970-01-01T00:28:49.900000Z</time>
        <extensions>
          <gpxtpx:TrackPointExtension>
            <gpxtpx:hr>173</gpxtpx:hr>
          </gpxtpx:TrackPointExtension>
        </extensions>
      </trkpt>
      <trkpt lat="22.54465827885683" lon="114.10801359094938">
        <ele>-4.764668173156679</ele>
        <time>1970-01-01T00:28:50.900000Z</time>
        <extensions>
          <gpxtpx:TrackPointExtension>
            <gpxtpx:hr>173</gpxtpx:hr>
          </gpxtpx:TrackPointExtension>
        </extensions>
      </trkpt>
      <trkpt lat="22.54463444225334" lon="114.10800686946973">
        <ele>-4.761682086624205</ele>
        <time>1970-01-01T00:28:51.900000Z</time>
        <extensions>
          <gpxtpx:TrackPointExtension>
            <gpxtpx:hr>173</gpxtpx:hr>
          </gpxtpx:TrackPointExtension>
        </extensions>
      </trkpt>
      <trkpt lat="22.544610368766985" lon="114.10800132106799">
        <ele>-4.757249455899</ele>
        <time>1970-01-01T00:28:52.900000Z</time>
        <extensions>
          <gpxtpx:TrackPointExtension>
            <gpxtpx:hr>173</gpxtpx:hr>
          </gpxtpx:TrackPointExtension>
        </extensions>
      </trkpt>
      <trkpt lat="22.544585894111773" lon="114.10799726589225">
        <ele>-4.7537119230255485</ele>
        <time>1970-01-01T00:28:53.900000Z</time>
        <extensions>
          <gpxtpx:TrackPointExtension>
            <gpxtpx:hr>173</gpxtpx:hr>
          </gpxtpx:TrackPointExtension>
        </extensions>
      </trkpt>
      <trkpt lat="22.544561193569905" lon="114.10799396686694">
        <ele>-4.752698668278754</ele>
        <time>1970-01-01T00:28:54.900000Z</time>
        <extensions>
          <gpxtpx:TrackPointExtension>
            <gpxtpx:hr>173</gpxtpx:hr>
          </gpxtpx:TrackPointExtension>
        </extensions>
      </trkpt>
      <trkpt lat="22.544536775184763" lon="114.10799036608509">
        <ele>-4.754939525388181</ele>
        <time>1970-01-01T00:28:55.900000Z</time>
        <extensions>
          <gpxtpx:TrackPointExtension>
            <gpxtpx:hr>173</gpxtpx:hr>
          </gpxtpx:TrackPointExtension>
        </extensions>
      </trkpt>
      <trkpt lat="22.5445125464288" lon="114.10798604732102">
        <ele>-4.760195922106504</ele>
        <time>1970-01-01T00:28:56.900000Z</time>
        <extensions>
          <gpxtpx:TrackPointExtension>
            <gpxtpx:hr>173</gpxtpx:hr>
          </gpxtpx:TrackPointExtension>
        </extensions>
      </trkpt>
      <trkpt lat="22.544487957864238" lon="114.10798069908905">
        <ele>-4.767380193807185</ele>
        <time>1970-01-01T00:28:57.900000Z</time>
        <extensions>
          <gpxtpx:TrackPointExtension>
            <gpxtpx:hr>173</gpxtpx:hr>
          </gpxtpx:TrackPointExtension>
        </extensions>
      </trkpt>
      <trkpt lat="22.544462867435005" lon="114.10797456513683">
        <ele>-4.774845186620951</ele>
        <time>1970-01-01T00:28:58.900000Z</time>
        <extensions>
          <gpxtpx:TrackPointExtension>
            <gpxtpx:hr>173</gpxtpx:hr>
          </gpxtpx:TrackPointExtension>
        </extensions>
      </trkpt>
      <trkpt lat="22.54443753019248" lon="114.10796809450547">
        <ele>-4.780736381188035</ele>
        <time>1970-01-01T00:28:59.900000Z</time>
        <extensions>
          <gpxtpx:TrackPointExtension>
            <gpxtpx:hr>173</gpxtpx:hr>
          </gpxtpx:TrackPointExtension>
        </extensions>
      </trkpt>
      <trkpt lat="22.544412050449353" lon="114.10796138562414">
        <ele>-4.783439482562244</ele>
        <time>1970-01-01T00:29:00.900000Z</time>
        <extensions>
          <gpxtpx:TrackPointExtension>
            <gpxtpx:hr>173</gpxtpx:hr>
          </gpxtpx:TrackPointExtension>
        </extensions>
      </trkpt>
      <trkpt lat="22.544386603022826" lon="114.10795453658892">
        <ele>-4.782016831450164</ele>
        <time>1970-01-01T00:29:01.900000Z</time>
        <extensions>
          <gpxtpx:TrackPointExtension>
            <gpxtpx:hr>173</gpxtpx:hr>
          </gpxtpx:TrackPointExtension>
        </extensions>
      </trkpt>
      <trkpt lat="22.54436139764698" lon="114.10794752436239">
        <ele>-4.7763971434906125</ele>
        <time>1970-01-01T00:29:02.900000Z</time>
        <extensions>
          <gpxtpx:TrackPointExtension>
            <gpxtpx:hr>174</gpxtpx:hr>
          </gpxtpx:TrackPointExtension>
        </extensions>
      </trkpt>
      <trkpt lat="22.54433649236747" lon="114.10794047531196">
        <ele>-4.76732440199703</ele>
        <time>1970-01-01T00:29:03.900000Z</time>
        <extensions>
          <gpxtpx:TrackPointExtension>
            <gpxtpx:hr>174</gpxtpx:hr>
          </gpxtpx:TrackPointExtension>
        </extensions>
      </trkpt>
      <trkpt lat="22.54431195207006" lon="114.10793359166878">
        <ele>-4.756175915710628</ele>
        <time>1970-01-01T00:29:04.900000Z</time>
        <extensions>
          <gpxtpx:TrackPointExtension>
            <gpxtpx:hr>174</gpxtpx:hr>
          </gpxtpx:TrackPointExtension>
        </extensions>
      </trkpt>
      <trkpt lat="22.544287793159146" lon="114.10792689684779">
        <ele>-4.744600120000541</ele>
        <time>1970-01-01T00:29:05.900000Z</time>
        <extensions>
          <gpxtpx:TrackPointExtension>
            <gpxtpx:hr>174</gpxtpx:hr>
          </gpxtpx:TrackPointExtension>
        </extensions>
      </trkpt>
      <trkpt lat="22.544264048701265" lon="114.10792033161958">
        <ele>-4.734064646996558</ele>
        <time>1970-01-01T00:29:06.900000Z</time>
        <extensions>
          <gpxtpx:TrackPointExtension>
            <gpxtpx:hr>174</gpxtpx:hr>
          </gpxtpx:TrackPointExtension>
        </extensions>
      </trkpt>
      <trkpt lat="22.54424049967019" lon="114.10791388302712">
        <ele>-4.725645620375872</ele>
        <time>1970-01-01T00:29:07.900000Z</time>
        <extensions>
          <gpxtpx:TrackPointExtension>
            <gpxtpx:hr>174</gpxtpx:hr>
          </gpxtpx:TrackPointExtension>
        </extensions>
      </trkpt>
      <trkpt lat="22.54421692189812" lon="114.10790778062376">
        <ele>-4.720225860364735</ele>
        <time>1970-01-01T00:29:08.900000Z</time>
        <extensions>
          <gpxtpx:TrackPointExtension>
            <gpxtpx:hr>174</gpxtpx:hr>
          </gpxtpx:TrackPointExtension>
        </extensions>
      </trkpt>
      <trkpt lat="22.544193264335423" lon="114.10790211973739">
        <ele>-4.718561734072864</ele>
        <time>1970-01-01T00:29:09.900000Z</time>
        <extensions>
          <gpxtpx:TrackPointExtension>
            <gpxtpx:hr>174</gpxtpx:hr>
          </gpxtpx:TrackPointExtension>
        </extensions>
      </trkpt>
      <trkpt lat="22.544169509519612" lon="114.10789692178176">
        <ele>-4.721556137315929</ele>
        <time>1970-01-01T00:29:10.900000Z</time>
        <extensions>
          <gpxtpx:TrackPointExtension>
            <gpxtpx:hr>174</gpxtpx:hr>
          </gpxtpx:TrackPointExtension>
        </extensions>
      </trkpt>
      <trkpt lat="22.544145798961555" lon="114.10789229552033">
        <ele>-4.73045251891017</ele>
        <time>1970-01-01T00:29:11.900000Z</time>
        <extensions>
          <gpxtpx:TrackPointExtension>
            <gpxtpx:hr>174</gpxtpx:hr>
          </gpxtpx:TrackPointExtension>
        </extensions>
      </trkpt>
      <trkpt lat="22.544122013626477" lon="114.10788826752031">
        <ele>-4.74679122492671</ele>
        <time>1970-01-01T00:29:12.900000Z</time>
        <extensions>
          <gpxtpx:TrackPointExtension>
            <gpxtpx:hr>174</gpxtpx:hr>
          </gpxtpx:TrackPointExtension>
        </extensions>
      </trkpt>
      <trkpt lat="22.544095827987988" lon="114.10788434939772">
        <ele>-4.775318956933916</ele>
        <time>1970-01-01T00:29:14Z</time>
        <extensions>
          <gpxtpx:TrackPointExtension>
            <gpxtpx:hr>174</gpxtpx:hr>
          </gpxtpx:TrackPointExtension>
        </extensions>
      </trkpt>
      <trkpt lat="22.544071620574044" lon="114.10788089913727">
        <ele>-4.813328999094665</ele>
        <time>1970-01-01T00:29:15Z</time>
        <extensions>
          <gpxtpx:TrackPointExtension>
            <gpxtpx:hr>174</gpxtpx:hr>
          </gpxtpx:TrackPointExtension>
        </extensions>
      </trkpt>
      <trkpt lat="22.544049279634674" lon="114.10787791293698">
        <ele>-4.860374225303531</ele>
        <time>1970-01-01T00:29:15.900000Z</time>
        <extensions>
          <gpxtpx:TrackPointExtension>
            <gpxtpx:hr>175</gpxtpx:hr>
          </gpxtpx:TrackPointExtension>
        </extensions>
      </trkpt>
      <trkpt lat="22.544024840879462" lon="114.10787491445899">
        <ele>-4.928983481600881</ele>
        <time>1970-01-01T00:29:16.900000Z</time>
        <extensions>
          <gpxtpx:TrackPointExtension>
            <gpxtpx:hr>175</gpxtpx:hr>
          </gpxtpx:TrackPointExtension>
        </extensions>
      </trkpt>
      <trkpt lat="22.54400024085859" lon="114.10787204832748">
        <ele>-5.018465005792677</ele>
        <time>1970-01-01T00:29:17.900000Z</time>
        <extensions>
          <gpxtpx:TrackPointExtension>
            <gpxtpx:hr>175</gpxtpx:hr>
          </gpxtpx:TrackPointExtension>
        </extensions>
      </trkpt>
      <trkpt lat="22.54397404354246" lon="114.10786912522212">
        <ele>-5.136519758030772</ele>
        <time>1970-01-01T00:29:19Z</time>
        <extensions>
          <gpxtpx:TrackPointExtension>
            <gpxtpx:hr>175</gpxtpx:hr>
          </gpxtpx:TrackPointExtension>
        </extensions>
      </trkpt>
      <trkpt lat="22.543949636418763" lon="114.10786655416693">
        <ele>-5.263159351423383</ele>
        <time>1970-01-01T00:29:20Z</time>
        <extensions>
          <gpxtpx:TrackPointExtension>
            <gpxtpx:hr>175</gpxtpx:hr>
          </gpxtpx:TrackPointExtension>
        </extensions>
      </trkpt>
      <trkpt lat="22.543925105881478" lon="114.10786393769337">
        <ele>-5.40010919328779</ele>
        <time>1970-01-01T00:29:21Z</time>
        <extensions>
          <gpxtpx:TrackPointExtension>
            <gpxtpx:hr>175</gpxtpx:hr>
          </gpxtpx:TrackPointExtension>
        </extensions>
      </trkpt>
      <trkpt lat="22.543900371176075" lon="114.10786100077378">
        <ele>-5.541471525095403</ele>
        <time>1970-01-01T00:29:22Z</time>
        <extensions>
          <gpxtpx:TrackPointExtension>
            <gpxtpx:hr>175</gpxtpx:hr>
          </gpxtpx:TrackPointExtension>
        </extensions>
      </trkpt>
      <trkpt lat="22.543875468282998" lon="114.10785780635626">
        <ele>-5.683884500525892</ele>
        <time>1970-01-01T00:29:23Z</time>
        <extensions>
          <gpxtpx:TrackPointExtension>
            <gpxtpx:hr>175</gpxtpx:hr>
          </gpxtpx:TrackPointExtension>
        </extensions>
      </trkpt>
      <trkpt lat="22.543850488041727" lon="114.10785441352725">
        <ele>-5.824479863978922</ele>
        <time>1970-01-01T00:29:24Z</time>
        <extensions>
          <gpxtpx:TrackPointExtension>
            <gpxtpx:hr>175</gpxtpx:hr>
          </gpxtpx:TrackPointExtension>
        </extensions>
      </trkpt>
      <trkpt lat="22.543825410338748" lon="114.1078509920888">
        <ele>-5.9624264957383275</ele>
        <time>1970-01-01T00:29:25Z</time>
        <extensions>
          <gpxtpx:TrackPointExtension>
            <gpxtpx:hr>175</gpxtpx:hr>
          </gpxtpx:TrackPointExtension>
        </extensions>
      </trkpt>
      <trkpt lat="22.54380032731968" lon="114.10784769045482">
        <ele>-6.095494092442095</ele>
        <time>1970-01-01T00:29:26Z</time>
        <extensions>
          <gpxtpx:TrackPointExtension>
            <gpxtpx:hr>175</gpxtpx:hr>
          </gpxtpx:TrackPointExtension>
        </extensions>
      </trkpt>
      <trkpt lat="22.54377518733684" lon="114.10784445445256">
        <ele>-6.220195288769901</ele>
        <time>1970-01-01T00:29:26.900000Z</time>
        <extensions>
          <gpxtpx:TrackPointExtension>
            <gpxtpx:hr>175</gpxtpx:hr>
          </gpxtpx:TrackPointExtension>
        </extensions>
      </trkpt>
      <trkpt lat="22.543749976007216" lon="114.10784134345943">
        <ele>-6.33595232386142</ele>
        <time>1970-01-01T00:29:27.900000Z</time>
        <extensions>
          <gpxtpx:TrackPointExtension>
            <gpxtpx:hr>175</gpxtpx:hr>
          </gpxtpx:TrackPointExtension>
        </extensions>
      </trkpt>
      <trkpt lat="22.54372499817571" lon="114.1078384886098">
        <ele>-6.442642695270479</ele>
        <time>1970-01-01T00:29:28.900000Z</time>
        <extensions>
          <gpxtpx:TrackPointExtension>
            <gpxtpx:hr>175</gpxtpx:hr>
          </gpxtpx:TrackPointExtension>
        </extensions>
      </trkpt>
      <trkpt lat="22.54370038422937" lon="114.10783600643686">
        <ele>-6.536703490652144</ele>
        <time>1970-01-01T00:29:29.900000Z</time>
        <extensions>
          <gpxtpx:TrackPointExtension>
            <gpxtpx:hr>175</gpxtpx:hr>
          </gpxtpx:TrackPointExtension>
        </extensions>
      </trkpt>
      <trkpt lat="22.543675996067236" lon="114.10783384956535">
        <ele>-6.616298829205334</ele>
        <time>1970-01-01T00:29:30.900000Z</time>
        <extensions>
          <gpxtpx:TrackPointExtension>
            <gpxtpx:hr>175</gpxtpx:hr>
          </gpxtpx:TrackPointExtension>
        </extensions>
      </trkpt>
      <trkpt lat="22.543651507669708" lon="114.10783185781128">
        <ele>-6.6803588680922985</ele>
        <time>1970-01-01T00:29:31.900000Z</time>
        <extensions>
          <gpxtpx:TrackPointExtension>
            <gpxtpx:hr>175</gpxtpx:hr>
          </gpxtpx:TrackPointExtension>
        </extensions>
      </trkpt>
      <trkpt lat="22.543626787850023" lon="114.10782998992842">
        <ele>-6.729152634739876</ele>
        <time>1970-01-01T00:29:32.900000Z</time>
        <extensions>
          <gpxtpx:TrackPointExtension>
            <gpxtpx:hr>175</gpxtpx:hr>
          </gpxtpx:TrackPointExtension>
        </extensions>
      </trkpt>
      <trkpt lat="22.543601950674397" lon="114.10782800864186">
        <ele>-6.763414695858955</ele>
        <time>1970-01-01T00:29:33.900000Z</time>
        <extensions>
          <gpxtpx:TrackPointExtension>
            <gpxtpx:hr>175</gpxtpx:hr>
          </gpxtpx:TrackPointExtension>
        </extensions>
      </trkpt>
      <trkpt lat="22.543577105084637" lon="114.10782571305631">
        <ele>-6.780531863681972</ele>
        <time>1970-01-01T00:29:34.900000Z</time>
        <extensions>
          <gpxtpx:TrackPointExtension>
            <gpxtpx:hr>175</gpxtpx:hr>
          </gpxtpx:TrackPointExtension>
        </extensions>
      </trkpt>
      <trkpt lat="22.5435524013028" lon="114.10782297450076">
        <ele>-6.780405552126467</ele>
        <time>1970-01-01T00:29:35.900000Z</time>
        <extensions>
          <gpxtpx:TrackPointExtension>
            <gpxtpx:hr>175</gpxtpx:hr>
          </gpxtpx:TrackPointExtension>
        </extensions>
      </trkpt>
      <trkpt lat="22.54352765838046" lon="114.10781969790514">
        <ele>-6.762817886658013</ele>
        <time>1970-01-01T00:29:36.900000Z</time>
        <extensions>
          <gpxtpx:TrackPointExtension>
            <gpxtpx:hr>175</gpxtpx:hr>
          </gpxtpx:TrackPointExtension>
        </extensions>
      </trkpt>
      <trkpt lat="22.543502675313533" lon="114.1078158716942">
        <ele>-6.731447475031018</ele>
        <time>1970-01-01T00:29:37.900000Z</time>
        <extensions>
          <gpxtpx:TrackPointExtension>
            <gpxtpx:hr>175</gpxtpx:hr>
          </gpxtpx:TrackPointExtension>
        </extensions>
      </trkpt>
      <trkpt lat="22.54347762844104" lon="114.10781134500108">
        <ele>-6.685382378287613</ele>
        <time>1970-01-01T00:29:38.900000Z</time>
        <extensions>
          <gpxtpx:TrackPointExtension>
            <gpxtpx:hr>175</gpxtpx:hr>
          </gpxtpx:TrackPointExtension>
        </extensions>
      </trkpt>
      <trkpt lat="22.543452897985272" lon="114.10780625813537">
        <ele>-6.625668455846608</ele>
        <time>1970-01-01T00:29:39.900000Z</time>
        <extensions>
          <gpxtpx:TrackPointExtension>
            <gpxtpx:hr>175</gpxtpx:hr>
          </gpxtpx:TrackPointExtension>
        </extensions>
      </trkpt>
      <trkpt lat="22.543428756149705" lon="114.1078007696669">
        <ele>-6.553884796798229</ele>
        <time>1970-01-01T00:29:40.900000Z</time>
        <extensions>
          <gpxtpx:TrackPointExtension>
            <gpxtpx:hr>175</gpxtpx:hr>
          </gpxtpx:TrackPointExtension>
        </extensions>
      </trkpt>
      <trkpt lat="22.543404918098176" lon="114.10779553453303">
        <ele>-6.472616143524647</ele>
        <time>1970-01-01T00:29:41.900000Z</time>
        <extensions>
          <gpxtpx:TrackPointExtension>
            <gpxtpx:hr>175</gpxtpx:hr>
          </gpxtpx:TrackPointExtension>
        </extensions>
      </trkpt>
      <trkpt lat="22.543381221447223" lon="114.10779091667834">
        <ele>-6.382635992951691</ele>
        <time>1970-01-01T00:29:42.900000Z</time>
        <extensions>
          <gpxtpx:TrackPointExtension>
            <gpxtpx:hr>175</gpxtpx:hr>
          </gpxtpx:TrackPointExtension>
        </extensions>
      </trkpt>
      <trkpt lat="22.543357714667987" lon="114.107786596699">
        <ele>-6.285448083654046</ele>
        <time>1970-01-01T00:29:43.900000Z</time>
        <extensions>
          <gpxtpx:TrackPointExtension>
            <gpxtpx:hr>175</gpxtpx:hr>
          </gpxtpx:TrackPointExtension>
        </extensions>
      </trkpt>
      <trkpt lat="22.543334411755904" lon="114.1077824112614">
        <ele>-6.182741861790419</ele>
        <time>1970-01-01T00:29:44.900000Z</time>
        <extensions>
          <gpxtpx:TrackPointExtension>
            <gpxtpx:hr>174</gpxtpx:hr>
          </gpxtpx:TrackPointExtension>
        </extensions>
      </trkpt>
      <trkpt lat="22.54331126834228" lon="114.10777809183999">
        <ele>-6.076428273692727</ele>
        <time>1970-01-01T00:29:45.900000Z</time>
        <extensions>
          <gpxtpx:TrackPointExtension>
            <gpxtpx:hr>174</gpxtpx:hr>
          </gpxtpx:TrackPointExtension>
        </extensions>
      </trkpt>
      <trkpt lat="22.543288175349232" lon="114.10777345497142">
        <ele>-5.9684187434613705</ele>
        <time>1970-01-01T00:29:46.900000Z</time>
        <extensions>
          <gpxtpx:TrackPointExtension>
            <gpxtpx:hr>174</gpxtpx:hr>
          </gpxtpx:TrackPointExtension>
        </extensions>
      </trkpt>
      <trkpt lat="22.543264808624286" lon="114.1077695063222">
        <ele>-5.860393315553665</ele>
        <time>1970-01-01T00:29:47.900000Z</time>
        <extensions>
          <gpxtpx:TrackPointExtension>
            <gpxtpx:hr>174</gpxtpx:hr>
          </gpxtpx:TrackPointExtension>
        </extensions>
      </trkpt>
      <trkpt lat="22.54324092489488" lon="114.1077666107427">
        <ele>-5.753683301620185</ele>
        <time>1970-01-01T00:29:48.900000Z</time>
        <extensions>
          <gpxtpx:TrackPointExtension>
            <gpxtpx:hr>174</gpxtpx:hr>
          </gpxtpx:TrackPointExtension>
        </extensions>
      </trkpt>
      <trkpt lat="22.543216836460587" lon="114.10776377235425">
        <ele>-5.649362617172301</ele>
        <time>1970-01-01T00:29:49.800000Z</time>
        <extensions>
          <gpxtpx:TrackPointExtension>
            <gpxtpx:hr>175</gpxtpx:hr>
          </gpxtpx:TrackPointExtension>
        </extensions>
      </trkpt>
      <trkpt lat="22.5431927280529" lon="114.10776075393105">
        <ele>-5.548455785959959</ele>
        <time>1970-01-01T00:29:50.800000Z</time>
        <extensions>
          <gpxtpx:TrackPointExtension>
            <gpxtpx:hr>175</gpxtpx:hr>
          </gpxtpx:TrackPointExtension>
        </extensions>
      </trkpt>
      <trkpt lat="22.543168611793767" lon="114.10775749115265">
        <ele>-5.452023612335324</ele>
        <time>1970-01-01T00:29:51.800000Z</time>
        <extensions>
          <gpxtpx:TrackPointExtension>
            <gpxtpx:hr>175</gpxtpx:hr>
          </gpxtpx:TrackPointExtension>
        </extensions>
      </trkpt>
      <trkpt lat="22.543144409161105" lon="114.10775388285894">
        <ele>-5.361104886978865</ele>
        <time>1970-01-01T00:29:52.800000Z</time>
        <extensions>
          <gpxtpx:TrackPointExtension>
            <gpxtpx:hr>175</gpxtpx:hr>
          </gpxtpx:TrackPointExtension>
        </extensions>
      </trkpt>
      <trkpt lat="22.5431200247959" lon="114.10774993759736">
        <ele>-5.276632870547473</ele>
        <time>1970-01-01T00:29:53.800000Z</time>
        <extensions>
          <gpxtpx:TrackPointExtension>
            <gpxtpx:hr>175</gpxtpx:hr>
          </gpxtpx:TrackPointExtension>
        </extensions>
      </trkpt>
      <trkpt lat="22.543095627480152" lon="114.1077457508644">
        <ele>-5.199367410503328</ele>
        <time>1970-01-01T00:29:54.800000Z</time>
        <extensions>
          <gpxtpx:TrackPointExtension>
            <gpxtpx:hr>174</gpxtpx:hr>
          </gpxtpx:TrackPointExtension>
        </extensions>
      </trkpt>
      <trkpt lat="22.54307134007567" lon="114.10774167361964">
        <ele>-5.129853960126638</ele>
        <time>1970-01-01T00:29:55.800000Z</time>
        <extensions>
          <gpxtpx:TrackPointExtension>
            <gpxtpx:hr>174</gpxtpx:hr>
          </gpxtpx:TrackPointExtension>
        </extensions>
      </trkpt>
      <trkpt lat="22.54304714580526" lon="114.1077378114533">
        <ele>-5.0683543821796775</ele>
        <time>1970-01-01T00:29:56.800000Z</time>
        <extensions>
          <gpxtpx:TrackPointExtension>
            <gpxtpx:hr>174</gpxtpx:hr>
          </gpxtpx:TrackPointExtension>
        </extensions>
      </trkpt>
      <trkpt lat="22.543023007191508" lon="114.10773411539829">
        <ele>-5.014730968512595</ele>
        <time>1970-01-01T00:29:57.800000Z</time>
        <extensions>
          <gpxtpx:TrackPointExtension>
            <gpxtpx:hr>174</gpxtpx:hr>
          </gpxtpx:TrackPointExtension>
        </extensions>
      </trkpt>
      <trkpt lat="22.542998862458127" lon="114.10773060768267">
        <ele>-4.9684499921277165</ele>
        <time>1970-01-01T00:29:58.800000Z</time>
        <extensions>
          <gpxtpx:TrackPointExtension>
            <gpxtpx:hr>174</gpxtpx:hr>
          </gpxtpx:TrackPointExtension>
        </extensions>
      </trkpt>
      <trkpt lat="22.542974701552886" lon="114.10772732569197">
        <ele>-4.928693953901529</ele>
        <time>1970-01-01T00:29:59.800000Z</time>
        <extensions>
          <gpxtpx:TrackPointExtension>
            <gpxtpx:hr>174</gpxtpx:hr>
          </gpxtpx:TrackPointExtension>
        </extensions>
      </trkpt>
      <trkpt lat="22.542950517855843" lon="114.10772435839252">
        <ele>-4.894392752088606</ele>
        <time>1970-01-01T00:30:00.800000Z</time>
        <extensions>
          <gpxtpx:TrackPointExtension>
            <gpxtpx:hr>174</gpxtpx:hr>
          </gpxtpx:TrackPointExtension>
        </extensions>
      </trkpt>
      <trkpt lat="22.542926476524944" lon="114.1077216597298">
        <ele>-4.864290862344205</ele>
        <time>1970-01-01T00:30:01.800000Z</time>
        <extensions>
          <gpxtpx:TrackPointExtension>
            <gpxtpx:hr>174</gpxtpx:hr>
          </gpxtpx:TrackPointExtension>
        </extensions>
      </trkpt>
      <trkpt lat="22.542902565210017" lon="114.10771910432643">
        <ele>-4.837125492282212</ele>
        <time>1970-01-01T00:30:02.800000Z</time>
        <extensions>
          <gpxtpx:TrackPointExtension>
            <gpxtpx:hr>174</gpxtpx:hr>
          </gpxtpx:TrackPointExtension>
        </extensions>
      </trkpt>
      <trkpt lat="22.54287870220143" lon="114.10771638149139">
        <ele>-4.811706859618425</ele>
        <time>1970-01-01T00:30:03.800000Z</time>
        <extensions>
          <gpxtpx:TrackPointExtension>
            <gpxtpx:hr>172</gpxtpx:hr>
          </gpxtpx:TrackPointExtension>
        </extensions>
      </trkpt>
      <trkpt lat="22.54285499701275" lon="114.10771342014743">
        <ele>-4.7867715284228325</ele>
        <time>1970-01-01T00:30:04.800000Z</time>
        <extensions>
          <gpxtpx:TrackPointExtension>
            <gpxtpx:hr>172</gpxtpx:hr>
          </gpxtpx:TrackPointExtension>
        </extensions>
      </trkpt>
      <trkpt lat="22.542831538053782" lon="114.10771054904944">
        <ele>-4.760885368101299</ele>
        <time>1970-01-01T00:30:05.800000Z</time>
        <extensions>
          <gpxtpx:TrackPointExtension>
            <gpxtpx:hr>172</gpxtpx:hr>
          </gpxtpx:TrackPointExtension>
        </extensions>
      </trkpt>
      <trkpt lat="22.542808372097745" lon="114.1077079397712">
        <ele>-4.7326677748933434</ele>
        <time>1970-01-01T00:30:06.800000Z</time>
        <extensions>
          <gpxtpx:TrackPointExtension>
            <gpxtpx:hr>172</gpxtpx:hr>
          </gpxtpx:TrackPointExtension>
        </extensions>
      </trkpt>
      <trkpt lat="22.54278516566281" lon="114.1077056730835">
        <ele>-4.70107854064554</ele>
        <time>1970-01-01T00:30:07.800000Z</time>
        <extensions>
          <gpxtpx:TrackPointExtension>
            <gpxtpx:hr>172</gpxtpx:hr>
          </gpxtpx:TrackPointExtension>
        </extensions>
      </trkpt>
      <trkpt lat="22.542761767945972" lon="114.10770363146057">
        <ele>-4.665433324873447</ele>
        <time>1970-01-01T00:30:08.800000Z</time>
        <extensions>
          <gpxtpx:TrackPointExtension>
            <gpxtpx:hr>172</gpxtpx:hr>
          </gpxtpx:TrackPointExtension>
        </extensions>
      </trkpt>
      <trkpt lat="22.542738520812296" lon="114.10770168492928">
        <ele>-4.625244052149355</ele>
        <time>1970-01-01T00:30:09.800000Z</time>
        <extensions>
          <gpxtpx:TrackPointExtension>
            <gpxtpx:hr>172</gpxtpx:hr>
          </gpxtpx:TrackPointExtension>
        </extensions>
      </trkpt>
      <trkpt lat="22.54271560558532" lon="114.10769981083796">
        <ele>-4.5802185060456395</ele>
        <time>1970-01-01T00:30:10.800000Z</time>
        <extensions>
          <gpxtpx:TrackPointExtension>
            <gpxtpx:hr>172</gpxtpx:hr>
          </gpxtpx:TrackPointExtension>
        </extensions>
      </trkpt>
      <trkpt lat="22.542693000773752" lon="114.10769798100488">
        <ele>-4.530476829968393</ele>
        <time>1970-01-01T00:30:11.800000Z</time>
        <extensions>
          <gpxtpx:TrackPointExtension>
            <gpxtpx:hr>172</gpxtpx:hr>
          </gpxtpx:TrackPointExtension>
        </extensions>
      </trkpt>
      <trkpt lat="22.542670467642196" lon="114.10769656937427">
        <ele>-4.476646326482296</ele>
        <time>1970-01-01T00:30:12.800000Z</time>
        <extensions>
          <gpxtpx:TrackPointExtension>
            <gpxtpx:hr>172</gpxtpx:hr>
          </gpxtpx:TrackPointExtension>
        </extensions>
      </trkpt>
      <trkpt lat="22.542647919417938" lon="114.10769567735841">
        <ele>-4.419610798358917</ele>
        <time>1970-01-01T00:30:13.700000Z</time>
        <extensions>
          <gpxtpx:TrackPointExtension>
            <gpxtpx:hr>172</gpxtpx:hr>
          </gpxtpx:TrackPointExtension>
        </extensions>
      </trkpt>
      <trkpt lat="22.542625435225165" lon="114.10769464811463">
        <ele>-4.360187510959804</ele>
        <time>1970-01-01T00:30:14.700000Z</time>
        <extensions>
          <gpxtpx:TrackPointExtension>
            <gpxtpx:hr>172</gpxtpx:hr>
          </gpxtpx:TrackPointExtension>
        </extensions>
      </trkpt>
      <trkpt lat="22.542602959191754" lon="114.10769276723558">
        <ele>-4.299056738615036</ele>
        <time>1970-01-01T00:30:15.700000Z</time>
        <extensions>
          <gpxtpx:TrackPointExtension>
            <gpxtpx:hr>172</gpxtpx:hr>
          </gpxtpx:TrackPointExtension>
        </extensions>
      </trkpt>
      <trkpt lat="22.542580328624474" lon="114.10769001286612">
        <ele>-4.236963197588921</ele>
        <time>1970-01-01T00:30:16.700000Z</time>
        <extensions>
          <gpxtpx:TrackPointExtension>
            <gpxtpx:hr>172</gpxtpx:hr>
          </gpxtpx:TrackPointExtension>
        </extensions>
      </trkpt>
      <trkpt lat="22.54255736197855" lon="114.10768670543709">
        <ele>-4.1748387245461345</ele>
        <time>1970-01-01T00:30:17.700000Z</time>
        <extensions>
          <gpxtpx:TrackPointExtension>
            <gpxtpx:hr>172</gpxtpx:hr>
          </gpxtpx:TrackPointExtension>
        </extensions>
      </trkpt>
      <trkpt lat="22.54253406870302" lon="114.1076834593253">
        <ele>-4.113675338216126</ele>
        <time>1970-01-01T00:30:18.700000Z</time>
        <extensions>
          <gpxtpx:TrackPointExtension>
            <gpxtpx:hr>172</gpxtpx:hr>
          </gpxtpx:TrackPointExtension>
        </extensions>
      </trkpt>
      <trkpt lat="22.54251034455667" lon="114.10768132862411">
        <ele>-4.0545037388801575</ele>
        <time>1970-01-01T00:30:19.700000Z</time>
        <extensions>
          <gpxtpx:TrackPointExtension>
            <gpxtpx:hr>172</gpxtpx:hr>
          </gpxtpx:TrackPointExtension>
        </extensions>
      </trkpt>
      <trkpt lat="22.54248639903567" lon="114.107680686664">
        <ele>-3.9984755432233214</ele>
        <time>1970-01-01T00:30:20.700000Z</time>
        <extensions>
          <gpxtpx:TrackPointExtension>
            <gpxtpx:hr>172</gpxtpx:hr>
          </gpxtpx:TrackPointExtension>
        </extensions>
      </trkpt>
      <trkpt lat="22.542462908624927" lon="114.10768085633295">
        <ele>-3.946712514385581</ele>
        <time>1970-01-01T00:30:21.700000Z</time>
        <extensions>
          <gpxtpx:TrackPointExtension>
            <gpxtpx:hr>172</gpxtpx:hr>
          </gpxtpx:TrackPointExtension>
        </extensions>
      </trkpt>
      <trkpt lat="22.54244041989205" lon="114.1076809343907">
        <ele>-3.9000022653490305</ele>
        <time>1970-01-01T00:30:22.700000Z</time>
        <extensions>
          <gpxtpx:TrackPointExtension>
            <gpxtpx:hr>172</gpxtpx:hr>
          </gpxtpx:TrackPointExtension>
        </extensions>
      </trkpt>
      <trkpt lat="22.54241885643833" lon="114.10768008743467">
        <ele>-3.8584725372493267</ele>
        <time>1970-01-01T00:30:23.700000Z</time>
        <extensions>
          <gpxtpx:TrackPointExtension>
            <gpxtpx:hr>172</gpxtpx:hr>
          </gpxtpx:TrackPointExtension>
        </extensions>
      </trkpt>
      <trkpt lat="22.542397928416133" lon="114.10767811081962">
        <ele>-3.8222507694736123</ele>
        <time>1970-01-01T00:30:24.700000Z</time>
        <extensions>
          <gpxtpx:TrackPointExtension>
            <gpxtpx:hr>172</gpxtpx:hr>
          </gpxtpx:TrackPointExtension>
        </extensions>
      </trkpt>
      <trkpt lat="22.5423774141751" lon="114.1076754204498">
        <ele>-3.7911130636930466</ele>
        <time>1970-01-01T00:30:25.700000Z</time>
        <extensions>
          <gpxtpx:TrackPointExtension>
            <gpxtpx:hr>172</gpxtpx:hr>
          </gpxtpx:TrackPointExtension>
        </extensions>
      </trkpt>
      <trkpt lat="22.542357304354255" lon="114.1076723437852">
        <ele>-3.7647597501054406</ele>
        <time>1970-01-01T00:30:26.700000Z</time>
        <extensions>
          <gpxtpx:TrackPointExtension>
            <gpxtpx:hr>172</gpxtpx:hr>
          </gpxtpx:TrackPointExtension>
        </extensions>
      </trkpt>
      <trkpt lat="22.542337860894246" lon="114.1076691764263">
        <ele>-3.7426820900291204</ele>
        <time>1970-01-01T00:30:27.700000Z</time>
        <extensions>
          <gpxtpx:TrackPointExtension>
            <gpxtpx:hr>172</gpxtpx:hr>
          </gpxtpx:TrackPointExtension>
        </extensions>
      </trkpt>
      <trkpt lat="22.542319563906975" lon="114.10766620550382">
        <ele>-3.724127213470638</ele>
        <time>1970-01-01T00:30:28.700000Z</time>
        <extensions>
          <gpxtpx:TrackPointExtension>
            <gpxtpx:hr>172</gpxtpx:hr>
          </gpxtpx:TrackPointExtension>
        </extensions>
      </trkpt>
      <trkpt lat="22.542315916737902" lon="114.10766562564167">
        <ele>-3.7206091890111566</ele>
        <time>1970-01-01T00:30:28.900000Z</time>
        <extensions>
          <gpxtpx:TrackPointExtension>
            <gpxtpx:hr>172</gpxtpx:hr>
          </gpxtpx:TrackPointExtension>
        </extensions>
      </trkpt>
      <trkpt lat="22.542298707491547" lon="114.10766310512211">
        <ele>-3.7042238265275955</ele>
        <time>1970-01-01T00:30:29.900000Z</time>
        <extensions>
          <gpxtpx:TrackPointExtension>
            <gpxtpx:hr>172</gpxtpx:hr>
          </gpxtpx:TrackPointExtension>
        </extensions>
      </trkpt>
    </trkseg>
  </trk>
</gpx>