<?xml version="1.0" encoding="UTF-8"?>
<gpx xmlns="http://www.topografix.com/GPX/1/1" xmlns:gpxtpx="http://www.garmin.com/xmlschemas/TrackPointExtension/v1" xmlns:xsi="http://www.w3.org/2001/XMLSchema-instance" xsi:schemaLocation="http://www.topografix.com/GPX/1/1 http://www.topografix.com/GPX/1/1/gpx.xsd" version="1.1" creator="gpx.py -- https://github.com/tkrajina/gpxpy">
  <trk>
    <name>gpx from keep</name>
    <type>Walk</type>
    <trkseg>
      <trkpt lat="22.54773794125535" lon="114.10557326695638">
        <ele>13.784265701659024</ele>
        <time>2026-09-18T00:03:28Z</time>
        <extensions>
          <gpxtpx:TrackPointExtension>
            <gpxtpx:hr>99</gpxtpx:hr>
          </gpxtpx:TrackPointExtension>
        </extensions>
      </trkpt>
      <trkpt lat="22.54772141786351" lon="114.10559796226755">
        <ele>12.165203806944191</ele>
        <time>2026-09-18T00:03:29Z</time>
        <extensions>
          <gpxtpx:TrackPointExtension>
            <gpxtpx:hr>99</gpxtpx:hr>
          </gpxtpx:TrackPointExtension>
        </extensions>
      </trkpt>
      <trkpt lat="22.547709503749246" lon="114.10561427684843">
        <ele>11.742995602078736</ele>
        <time>2026-09-18T00:03:29.900000Z</time>
        <extensions>
          <gpxtpx:TrackPointExtension>
            <gpxtpx:hr>99</gpxtpx:hr>
          </gpxtpx:TrackPointExtension>
        </extensions>
      </trkpt>
      <trkpt lat="22.547698463251837" lon="114.10562925345205">
        <ele>11.653906014747918</ele>
        <time>2026-09-18T00:03:31Z</time>
        <extensions>
          <gpxtpx:TrackPointExtension>
            <gpxtpx:hr>99</gpxtpx:hr>
          </gpxtpx:TrackPointExtension>
        </extensions>
      </trkpt>
      <trkpt lat="22.54768913517917" lon="114.10564164943409">
        <ele>11.679784481413662</ele>
        <time>2026-09-18T00:03:32Z</time>
        <extensions>
          <gpxtpx:TrackPointExtension>
            <gpxtpx:hr>100</gpxtpx:hr>
          </gpxtpx:TrackPointExtension>
        </extensions>
      </trkpt>
      <trkpt lat="22.547681531111607" lon="114.10565225760477">
        <ele>11.772226026281714</ele>
        <time>2026-09-18T00:03:33Z</time>
        <extensions>
          <gpxtpx:TrackPointExtension>
            <gpxtpx:hr>100</gpxtpx:hr>
          </gpxtpx:TrackPointExtension>
        </extensions>
      </trkpt>
      <trkpt lat="22.547674972429284" lon="114.10566075179928">
        <ele>11.872301131486893</ele>
        <time>2026-09-18T00:03:34Z</time>
        <extensions>
          <gpxtpx:TrackPointExtension>
            <gpxtpx:hr>100</gpxtpx:hr>
          </gpxtpx:TrackPointExtension>
        </extensions>
      </trkpt>
      <trkpt lat="22.547668564413538" lon="114.10566787390812">
        <ele>11.91632920037955</ele>
        <time>2026-09-18T00:03:35Z</time>
        <extensions>
          <gpxtpx:TrackPointExtension>
            <gpxtpx:hr>100</gpxtpx:hr>
          </gpxtpx:TrackPointExtension>
        </extensions>
      </trkpt>
      <trkpt lat="22.54766146252889" lon="114.10567454342522">
        <ele>11.979858136735857</ele>
        <time>2026-09-18T00:03:36Z</time>
        <extensions>
          <gpxtpx:TrackPointExtension>
            <gpxtpx:hr>100</gpxtpx:hr>
          </gpxtpx:TrackPointExtension>
        </extensions>
      </trkpt>
      <trkpt lat="22.54765467616942" lon="114.1056803576024">
        <ele>11.998362184502184</ele>
        <time>2026-09-18T00:03:37Z</time>
        <extensions>
          <gpxtpx:TrackPointExtension>
            <gpxtpx:hr>100</gpxtpx:hr>
          </gpxtpx:TrackPointExtension>
        </extensions>
      </trkpt>
      <trkpt lat="22.54764828141528" lon="114.10568596288869">
        <ele>12.065944479778409</ele>
        <time>2026-09-18T00:03:38Z</time>
        <extensions>
          <gpxtpx:TrackPointExtension>
            <gpxtpx:hr>100</gpxtpx:hr>
          </gpxtpx:TrackPointExtension>
        </extensions>
      </trkpt>
      <trkpt lat="22.54763952456925" lon="114.10569498586925">
        <ele>12.121322356164455</ele>
        <time>2026-09-18T00:03:39.500000Z</time>
        <extensions>
          <gpxtpx:TrackPointExtension>
            <gpxtpx:hr>101</gpxtpx:hr>
          </gpxtpx:TrackPointExtension>
        </extensions>
      </trkpt>
      <trkpt lat="22.5476328514441" lon="114.10570165505786">
        <ele>12.154111439362168</ele>
        <time>2026-09-18T00:03:40.500000Z</time>
        <extensions>
          <gpxtpx:TrackPointExtension>
            <gpxtpx:hr>101</gpxtpx:hr>
          </gpxtpx:TrackPointExtension>
        </extensions>
      </trkpt>
      <trkpt lat="22.5476264373139" lon="114.10570808449533">
        <ele>12.19304517377168</ele>
        <time>2026-09-18T00:03:41.500000Z</time>
        <extensions>
          <gpxtpx:TrackPointExtension>
            <gpxtpx:hr>101</gpxtpx:hr>
          </gpxtpx:TrackPointExtension>
        </extensions>
      </trkpt>
      <trkpt lat="22.547620317927414" lon="114.10571399804599">
        <ele>12.24111145734787</ele>
        <time>2026-09-18T00:03:42.500000Z</time>
        <extensions>
          <gpxtpx:TrackPointExtension>
            <gpxtpx:hr>101</gpxtpx:hr>
          </gpxtpx:TrackPointExtension>
        </extensions>
      </trkpt>
      <trkpt lat="22.547614555179177" lon="114.10571930564574">
        <ele>12.298364493064582</ele>
        <time>2026-09-18T00:03:43.500000Z</time>
        <extensions>
          <gpxtpx:TrackPointExtension>
            <gpxtpx:hr>101</gpxtpx:hr>
          </gpxtpx:TrackPointExtension>
        </extensions>
      </trkpt>
      <trkpt lat="22.547609109517815" lon="114.10572387124202">
        <ele>12.35677362140268</ele>
        <time>2026-09-18T00:03:44.500000Z</time>
        <extensions>
          <gpxtpx:TrackPointExtension>
            <gpxtpx:hr>100</gpxtpx:hr>
          </gpxtpx:TrackPointExtension>
        </extensions>
      </trkpt>
      <trkpt lat="22.547604046061394" lon="114.10572793157304">
        <ele>12.412786052562296</ele>
        <time>2026-09-18T00:03:45.500000Z</time>
        <extensions>
          <gpxtpx:TrackPointExtension>
            <gpxtpx:hr>100</gpxtpx:hr>
          </gpxtpx:TrackPointExtension>
        </extensions>
      </trkpt>
      <trkpt lat="22.54759925151718" lon="114.10573181714585">
        <ele>12.468796625733376</ele>
        <time>2026-09-18T00:03:46.500000Z</time>
        <extensions>
          <gpxtpx:TrackPointExtension>
            <gpxtpx:hr>100</gpxtpx:hr>
          </gpxtpx:TrackPointExtension>
        </extensions>
      </trkpt>
      <trkpt lat="22.547594054558182" lon="114.10573600709">
        <ele>12.535849670879543</ele>
        <time>2026-09-18T00:03:47.500000Z</time>
        <extensions>
          <gpxtpx:TrackPointExtension>
            <gpxtpx:hr>100</gpxtpx:hr>
          </gpxtpx:TrackPointExtension>
        </extensions>
      </trkpt>
      <trkpt lat="22.547588418204466" lon="114.10574051326347">
        <ele>12.605952807702124</ele>
        <time>2026-09-18T00:03:48.500000Z</time>
        <extensions>
          <gpxtpx:TrackPointExtension>
            <gpxtpx:hr>101</gpxtpx:hr>
          </gpxtpx:TrackPointExtension>
        </extensions>
      </trkpt>
      <trkpt lat="22.547582378517326" lon="114.1057454460959">
        <ele>12.676849316805601</ele>
        <time>2026-09-18T00:03:49.500000Z</time>
        <extensions>
          <gpxtpx:TrackPointExtension>
            <gpxtpx:hr>101</gpxtpx:hr>
          </gpxtpx:TrackPointExtension>
        </extensions>
      </trkpt>
      <trkpt lat="22.54757468729195" lon="114.10575131292627">
        <ele>12.75012655556202</ele>
        <time>2026-09-18T00:03:50.500000Z</time>
        <extensions>
          <gpxtpx:TrackPointExtension>
            <gpxtpx:hr>101</gpxtpx:hr>
          </gpxtpx:TrackPointExtension>
        </extensions>
      </trkpt>
      <trkpt lat="22.547566872350664" lon="114.105757407873">
        <ele>12.801466756500304</ele>
        <time>2026-09-18T00:03:51.500000Z</time>
        <extensions>
          <gpxtpx:TrackPointExtension>
            <gpxtpx:hr>101</gpxtpx:hr>
          </gpxtpx:TrackPointExtension>
        </extensions>
      </trkpt>
      <trkpt lat="22.54755827532044" lon="114.10576400747571">
        <ele>12.831014861352742</ele>
        <time>2026-09-18T00:03:52.500000Z</time>
        <extensions>
          <gpxtpx:TrackPointExtension>
            <gpxtpx:hr>101</gpxtpx:hr>
          </gpxtpx:TrackPointExtension>
        </extensions>
      </trkpt>
      <trkpt lat="22.547548179285876" lon="114.10577154543344">
        <ele>12.81630683131516</ele>
        <time>2026-09-18T00:03:53.500000Z</time>
        <extensions>
          <gpxtpx:TrackPointExtension>
            <gpxtpx:hr>103</gpxtpx:hr>
          </gpxtpx:TrackPointExtension>
        </extensions>
      </trkpt>
      <trkpt lat="22.54753641964604" lon="114.10577987754291">
        <ele>12.765512934885919</ele>
        <time>2026-09-18T00:03:54.500000Z</time>
        <extensions>
          <gpxtpx:TrackPointExtension>
            <gpxtpx:hr>103</gpxtpx:hr>
          </gpxtpx:TrackPointExtension>
        </extensions>
      </trkpt>
      <trkpt lat="22.547523436787333" lon="114.1057888982908">
        <ele>12.710377334617078</ele>
        <time>2026-09-18T00:03:55.500000Z</time>
        <extensions>
          <gpxtpx:TrackPointExtension>
            <gpxtpx:hr>103</gpxtpx:hr>
          </gpxtpx:TrackPointExtension>
        </extensions>
      </trkpt>
      <trkpt lat="22.54751023165672" lon="114.10579788281125">
        <ele>12.671076383441687</ele>
        <time>2026-09-18T00:03:56.500000Z</time>
        <extensions>
          <gpxtpx:TrackPointExtension>
            <gpxtpx:hr>103</gpxtpx:hr>
          </gpxtpx:TrackPointExtension>
        </extensions>
      </trkpt>
      <trkpt lat="22.547497924042414" lon="114.1058059887931">
        <ele>12.618561118841171</ele>
        <time>2026-09-18T00:03:57.500000Z</time>
        <extensions>
          <gpxtpx:TrackPointExtension>
            <gpxtpx:hr>103</gpxtpx:hr>
          </gpxtpx:TrackPointExtension>
        </extensions>
      </trkpt>
      <trkpt lat="22.54748640975769" lon="114.1058130909912">
        <ele>12.567870947532356</ele>
        <time>2026-09-18T00:03:58.500000Z</time>
        <extensions>
          <gpxtpx:TrackPointExtension>
            <gpxtpx:hr>103</gpxtpx:hr>
          </gpxtpx:TrackPointExtension>
        </extensions>
      </trkpt>
      <trkpt lat="22.547474308067596" lon="114.1058200137255">
        <ele>12.503696801140904</ele>
        <time>2026-09-18T00:03:59.500000Z</time>
        <extensions>
          <gpxtpx:TrackPointExtension>
            <gpxtpx:hr>103</gpxtpx:hr>
          </gpxtpx:TrackPointExtension>
        </extensions>
      </trkpt>
      <trkpt lat="22.54746027216235" lon="114.10582778285541">
        <ele>12.40737983956933</ele>
        <time>2026-09-18T00:04:00.500000Z</time>
        <extensions>
          <gpxtpx:TrackPointExtension>
            <gpxtpx:hr>103</gpxtpx:hr>
          </gpxtpx:TrackPointExtension>
        </extensions>
      </trkpt>
      <trkpt lat="22.547445018432686" lon="114.1058358642699">
        <ele>12.29728136677295</ele>
        <time>2026-09-18T00:04:01.500000Z</time>
        <extensions>
          <gpxtpx:TrackPointExtension>
            <gpxtpx:hr>103</gpxtpx:hr>
          </gpxtpx:TrackPointExtension>
        </extensions>
      </trkpt>
      <trkpt lat="22.547429625401435" lon="114.10584346180882">
        <ele>12.184554075822234</ele>
        <time>2026-09-18T00:04:02.500000Z</time>
        <extensions>
          <gpxtpx:TrackPointExtension>
            <gpxtpx:hr>103</gpxtpx:hr>
          </gpxtpx:TrackPointExtension>
        </extensions>
      </trkpt>
      <trkpt lat="22.547414637653137" lon="114.10585058645671">
        <ele>12.068411353975534</ele>
        <time>2026-09-18T00:04:03.500000Z</time>
        <extensions>
          <gpxtpx:TrackPointExtension>
            <gpxtpx:hr>103</gpxtpx:hr>
          </gpxtpx:TrackPointExtension>
        </extensions>
      </trkpt>
      <trkpt lat="22.54740050942514" lon="114.10585768185963">
        <ele>11.959885906428099</ele>
        <time>2026-09-18T00:04:04.500000Z</time>
        <extensions>
          <gpxtpx:TrackPointExtension>
            <gpxtpx:hr>103</gpxtpx:hr>
          </gpxtpx:TrackPointExtension>
        </extensions>
      </trkpt>
      <trkpt lat="22.547387024781404" lon="114.10586541096731">
        <ele>11.863679869100451</ele>
        <time>2026-09-18T00:04:05.500000Z</time>
        <extensions>
          <gpxtpx:TrackPointExtension>
            <gpxtpx:hr>103</gpxtpx:hr>
          </gpxtpx:TrackPointExtension>
        </extensions>
      </trkpt>
      <trkpt lat="22.547374618286867" lon="114.10587415719654">
        <ele>11.789308592677116</ele>
        <time>2026-09-18T00:04:06.500000Z</time>
        <extensions>
          <gpxtpx:TrackPointExtension>
            <gpxtpx:hr>103</gpxtpx:hr>
          </gpxtpx:TrackPointExtension>
        </extensions>
      </trkpt>
      <trkpt lat="22.54736385229251" lon="114.10588302110376">
        <ele>11.702617918141186</ele>
        <time>2026-09-18T00:04:07.500000Z</time>
        <extensions>
          <gpxtpx:TrackPointExtension>
            <gpxtpx:hr>103</gpxtpx:hr>
          </gpxtpx:TrackPointExtension>
        </extensions>
      </trkpt>
      <trkpt lat="22.547353456473964" lon="114.10589034298026">
        <ele>11.632979898713529</ele>
        <time>2026-09-18T00:04:08.500000Z</time>
        <extensions>
          <gpxtpx:TrackPointExtension>
            <gpxtpx:hr>103</gpxtpx:hr>
          </gpxtpx:TrackPointExtension>
        </extensions>
      </trkpt>
      <trkpt lat="22.547343018990627" lon="114.10589504812373">
        <ele>11.574114058166742</ele>
        <time>2026-09-18T00:04:09.500000Z</time>
        <extensions>
          <gpxtpx:TrackPointExtension>
            <gpxtpx:hr>104</gpxtpx:hr>
          </gpxtpx:TrackPointExtension>
        </extensions>
      </trkpt>
      <trkpt lat="22.547332534096718" lon="114.10589834070723">
        <ele>11.521334663964808</ele>
        <time>2026-09-18T00:04:10.500000Z</time>
        <extensions>
          <gpxtpx:TrackPointExtension>
            <gpxtpx:hr>104</gpxtpx:hr>
          </gpxtpx:TrackPointExtension>
        </extensions>
      </trkpt>
      <trkpt lat="22.54732143559795" lon="114.10590159047533">
        <ele>11.457416976802051</ele>
        <time>2026-09-18T00:04:11.500000Z</time>
        <extensions>
          <gpxtpx:TrackPointExtension>
            <gpxtpx:hr>104</gpxtpx:hr>
          </gpxtpx:TrackPointExtension>
        </extensions>
      </trkpt>
      <trkpt lat="22.54730952378684" lon="114.10590553406229">
        <ele>11.363927880302072</ele>
        <time>2026-09-18T00:04:12.500000Z</time>
        <extensions>
          <gpxtpx:TrackPointExtension>
            <gpxtpx:hr>104</gpxtpx:hr>
          </gpxtpx:TrackPointExtension>
        </extensions>
      </trkpt>
      <trkpt lat="22.54729647618477" lon="114.10591063626646">
        <ele>11.27895126864314</ele>
        <time>2026-09-18T00:04:13.500000Z</time>
        <extensions>
          <gpxtpx:TrackPointExtension>
            <gpxtpx:hr>110</gpxtpx:hr>
          </gpxtpx:TrackPointExtension>
        </extensions>
      </trkpt>
      <trkpt lat="22.547283081718206" lon="114.1059161734403">
        <ele>11.188181109726429</ele>
        <time>2026-09-18T00:04:14.500000Z</time>
        <extensions>
          <gpxtpx:TrackPointExtension>
            <gpxtpx:hr>110</gpxtpx:hr>
          </gpxtpx:TrackPointExtension>
        </extensions>
      </trkpt>
      <trkpt lat="22.547270328461686" lon="114.1059211484027">
        <ele>11.07206469308585</ele>
        <time>2026-09-18T00:04:15.500000Z</time>
        <extensions>
          <gpxtpx:TrackPointExtension>
            <gpxtpx:hr>110</gpxtpx:hr>
          </gpxtpx:TrackPointExtension>
        </extensions>
      </trkpt>
      <trkpt lat="22.54725833509058" lon="114.10592468009357">
        <ele>10.954985122196376</ele>
        <time>2026-09-18T00:04:16.500000Z</time>
        <extensions>
          <gpxtpx:TrackPointExtension>
            <gpxtpx:hr>110</gpxtpx:hr>
          </gpxtpx:TrackPointExtension>
        </extensions>
      </trkpt>
      <trkpt lat="22.547247605601598" lon="114.1059271086091">
        <ele>10.822277362458408</ele>
        <time>2026-09-18T00:04:17.500000Z</time>
        <extensions>
          <gpxtpx:TrackPointExtension>
            <gpxtpx:hr>110</gpxtpx:hr>
          </gpxtpx:TrackPointExtension>
        </extensions>
      </trkpt>
      <trkpt lat="22.54723811578082" lon="114.10592960802882">
        <ele>10.675047569908202</ele>
        <time>2026-09-18T00:04:18.500000Z</time>
        <extensions>
          <gpxtpx:TrackPointExtension>
            <gpxtpx:hr>110</gpxtpx:hr>
          </gpxtpx:TrackPointExtension>
        </extensions>
      </trkpt>
      <trkpt lat="22.547229249186795" lon="114.10593298204094">
        <ele>10.526922254823148</ele>
        <time>2026-09-18T00:04:19.500000Z</time>
        <extensions>
          <gpxtpx:TrackPointExtension>
            <gpxtpx:hr>110</gpxtpx:hr>
          </gpxtpx:TrackPointExtension>
        </extensions>
      </trkpt>
      <trkpt lat="22.547220786793098" lon="114.10593775631531">
        <ele>10.372834345325828</ele>
        <time>2026-09-18T00:04:20.500000Z</time>
        <extensions>
          <gpxtpx:TrackPointExtension>
            <gpxtpx:hr>105</gpxtpx:hr>
          </gpxtpx:TrackPointExtension>
        </extensions>
      </trkpt>
      <trkpt lat="22.54721253738088" lon="114.10594322005045">
        <ele>10.194200190715492</ele>
        <time>2026-09-18T00:04:21.500000Z</time>
        <extensions>
          <gpxtpx:TrackPointExtension>
            <gpxtpx:hr>105</gpxtpx:hr>
          </gpxtpx:TrackPointExtension>
        </extensions>
      </trkpt>
      <trkpt lat="22.547204461775593" lon="114.10594833320714">
        <ele>10.002622034400702</ele>
        <time>2026-09-18T00:04:22.500000Z</time>
        <extensions>
          <gpxtpx:TrackPointExtension>
            <gpxtpx:hr>105</gpxtpx:hr>
          </gpxtpx:TrackPointExtension>
        </extensions>
      </trkpt>
      <trkpt lat="22.547197364541326" lon="114.10595218926709">
        <ele>9.798747121356428</ele>
        <time>2026-09-18T00:04:23.500000Z</time>
        <extensions>
          <gpxtpx:TrackPointExtension>
            <gpxtpx:hr>105</gpxtpx:hr>
          </gpxtpx:TrackPointExtension>
        </extensions>
      </trkpt>
      <trkpt lat="22.547190313108672" lon="114.1059548243809">
        <ele>9.585632936097682</ele>
        <time>2026-09-18T00:04:24.500000Z</time>
        <extensions>
          <gpxtpx:TrackPointExtension>
            <gpxtpx:hr>105</gpxtpx:hr>
          </gpxtpx:TrackPointExtension>
        </extensions>
      </trkpt>
      <trkpt lat="22.547182287803892" lon="114.10595713636468">
        <ele>9.37603407446295</ele>
        <time>2026-09-18T00:04:25.500000Z</time>
        <extensions>
          <gpxtpx:TrackPointExtension>
            <gpxtpx:hr>105</gpxtpx:hr>
          </gpxtpx:TrackPointExtension>
        </extensions>
      </trkpt>
      <trkpt lat="22.547173167497046" lon="114.1059604388335">
        <ele>9.164966030046344</ele>
        <time>2026-09-18T00:04:26.500000Z</time>
        <extensions>
          <gpxtpx:TrackPointExtension>
            <gpxtpx:hr>105</gpxtpx:hr>
          </gpxtpx:TrackPointExtension>
        </extensions>
      </trkpt>
      <trkpt lat="22.54716409094637" lon="114.10596411701916">
        <ele>8.95038214046508</ele>
        <time>2026-09-18T00:04:27.500000Z</time>
        <extensions>
          <gpxtpx:TrackPointExtension>
            <gpxtpx:hr>106</gpxtpx:hr>
          </gpxtpx:TrackPointExtension>
        </extensions>
      </trkpt>
      <trkpt lat="22.547155630247232" lon="114.10596710293211">
        <ele>8.728464797139168</ele>
        <time>2026-09-18T00:04:28.500000Z</time>
        <extensions>
          <gpxtpx:TrackPointExtension>
            <gpxtpx:hr>106</gpxtpx:hr>
          </gpxtpx:TrackPointExtension>
        </extensions>
      </trkpt>
      <trkpt lat="22.547147586737335" lon="114.10596947637028">
        <ele>8.50696023274213</ele>
        <time>2026-09-18T00:04:29.500000Z</time>
        <extensions>
          <gpxtpx:TrackPointExtension>
            <gpxtpx:hr>106</gpxtpx:hr>
          </gpxtpx:TrackPointExtension>
        </extensions>
      </trkpt>
      <trkpt lat="22.547139925037992" lon="114.10597176145396">
        <ele>8.298873164691031</ele>
        <time>2026-09-18T00:04:30.500000Z</time>
        <extensions>
          <gpxtpx:TrackPointExtension>
            <gpxtpx:hr>106</gpxtpx:hr>
          </gpxtpx:TrackPointExtension>
        </extensions>
      </trkpt>
      <trkpt lat="22.547132618492128" lon="114.10597430806857">
        <ele>8.085057334043086</ele>
        <time>2026-09-18T00:04:31.500000Z</time>
        <extensions>
          <gpxtpx:TrackPointExtension>
            <gpxtpx:hr>106</gpxtpx:hr>
          </gpxtpx:TrackPointExtension>
        </extensions>
      </trkpt>
      <trkpt lat="22.54712503495763" lon="114.10597674187315">
        <ele>7.8702877797186375</ele>
        <time>2026-09-18T00:04:32.500000Z</time>
        <extensions>
          <gpxtpx:TrackPointExtension>
            <gpxtpx:hr>106</gpxtpx:hr>
          </gpxtpx:TrackPointExtension>
        </extensions>
      </trkpt>
      <trkpt lat="22.547117477632764" lon="114.10597956917066">
        <ele>7.671305054798722</ele>
        <time>2026-09-18T00:04:33.500000Z</time>
        <extensions>
          <gpxtpx:TrackPointExtension>
            <gpxtpx:hr>106</gpxtpx:hr>
          </gpxtpx:TrackPointExtension>
        </extensions>
      </trkpt>
      <trkpt lat="22.54711057796572" lon="114.105983528222">
        <ele>7.487335185520351</ele>
        <time>2026-09-18T00:04:34.500000Z</time>
        <extensions>
          <gpxtpx:TrackPointExtension>
            <gpxtpx:hr>106</gpxtpx:hr>
          </gpxtpx:TrackPointExtension>
        </extensions>
      </trkpt>
      <trkpt lat="22.547103427885794" lon="114.10598838927544">
        <ele>7.339701658114791</ele>
        <time>2026-09-18T00:04:35.500000Z</time>
        <extensions>
          <gpxtpx:TrackPointExtension>
            <gpxtpx:hr>106</gpxtpx:hr>
          </gpxtpx:TrackPointExtension>
        </extensions>
      </trkpt>
      <trkpt lat="22.547095399928317" lon="114.10599337435094">
        <ele>7.23081514518708</ele>
        <time>2026-09-18T00:04:36.500000Z</time>
        <extensions>
          <gpxtpx:TrackPointExtension>
            <gpxtpx:hr>106</gpxtpx:hr>
          </gpxtpx:TrackPointExtension>
        </extensions>
      </trkpt>
      <trkpt lat="22.547086036727023" lon="114.10599724275302">
        <ele>7.15475363470614</ele>
        <time>2026-09-18T00:04:37.500000Z</time>
        <extensions>
          <gpxtpx:TrackPointExtension>
            <gpxtpx:hr>106</gpxtpx:hr>
          </gpxtpx:TrackPointExtension>
        </extensions>
      </trkpt>
      <trkpt lat="22.547075355179853" lon="114.10600063116144">
        <ele>7.115655087865889</ele>
        <time>2026-09-18T00:04:38.500000Z</time>
        <extensions>
          <gpxtpx:TrackPointExtension>
            <gpxtpx:hr>106</gpxtpx:hr>
          </gpxtpx:TrackPointExtension>
        </extensions>
      </trkpt>
      <trkpt lat="22.54706405655937" lon="114.10600463157327">
        <ele>7.103153170086443</ele>
        <time>2026-09-18T00:04:39.500000Z</time>
        <extensions>
          <gpxtpx:TrackPointExtension>
            <gpxtpx:hr>109</gpxtpx:hr>
          </gpxtpx:TrackPointExtension>
        </extensions>
      </trkpt>
      <trkpt lat="22.547052706705543" lon="114.1060095730552">
        <ele>7.107624060474336</ele>
        <time>2026-09-18T00:04:40.500000Z</time>
        <extensions>
          <gpxtpx:TrackPointExtension>
            <gpxtpx:hr>109</gpxtpx:hr>
          </gpxtpx:TrackPointExtension>
        </extensions>
      </trkpt>
      <trkpt lat="22.547040736179564" lon="114.10601487156704">
        <ele>7.120541526004672</ele>
        <time>2026-09-18T00:04:41.500000Z</time>
        <extensions>
          <gpxtpx:TrackPointExtension>
            <gpxtpx:hr>109</gpxtpx:hr>
          </gpxtpx:TrackPointExtension>
        </extensions>
      </trkpt>
      <trkpt lat="22.547027931386967" lon="114.10601991076047">
        <ele>7.142078761011362</ele>
        <time>2026-09-18T00:04:42.500000Z</time>
        <extensions>
          <gpxtpx:TrackPointExtension>
            <gpxtpx:hr>109</gpxtpx:hr>
          </gpxtpx:TrackPointExtension>
        </extensions>
      </trkpt>
      <trkpt lat="22.547015039910377" lon="114.10602465232816">
        <ele>7.160420914180577</ele>
        <time>2026-09-18T00:04:43.500000Z</time>
        <extensions>
          <gpxtpx:TrackPointExtension>
            <gpxtpx:hr>109</gpxtpx:hr>
          </gpxtpx:TrackPointExtension>
        </extensions>
      </trkpt>
      <trkpt lat="22.547002332393923" lon="114.10602897614201">
        <ele>7.186389925889671</ele>
        <time>2026-09-18T00:04:44.500000Z</time>
        <extensions>
          <gpxtpx:TrackPointExtension>
            <gpxtpx:hr>109</gpxtpx:hr>
          </gpxtpx:TrackPointExtension>
        </extensions>
      </trkpt>
      <trkpt lat="22.546990660016217" lon="114.10603257723345">
        <ele>7.22196928691119</ele>
        <time>2026-09-18T00:04:45.500000Z</time>
        <extensions>
          <gpxtpx:TrackPointExtension>
            <gpxtpx:hr>109</gpxtpx:hr>
          </gpxtpx:TrackPointExtension>
        </extensions>
      </trkpt>
      <trkpt lat="22.546980377761138" lon="114.10603550763022">
        <ele>7.264415252022445</ele>
        <time>2026-09-18T00:04:46.500000Z</time>
        <extensions>
          <gpxtpx:TrackPointExtension>
            <gpxtpx:hr>109</gpxtpx:hr>
          </gpxtpx:TrackPointExtension>
        </extensions>
      </trkpt>
      <trkpt lat="22.54697024073861" lon="114.10603804541734">
        <ele>7.307531169615686</ele>
        <time>2026-09-18T00:04:47.500000Z</time>
        <extensions>
          <gpxtpx:TrackPointExtension>
            <gpxtpx:hr>109</gpxtpx:hr>
          </gpxtpx:TrackPointExtension>
        </extensions>
      </trkpt>
      <trkpt lat="22.546958681261962" lon="114.10604060938846">
        <ele>7.359656400047243</ele>
        <time>2026-09-18T00:04:48.500000Z</time>
        <extensions>
          <gpxtpx:TrackPointExtension>
            <gpxtpx:hr>109</gpxtpx:hr>
          </gpxtpx:TrackPointExtension>
        </extensions>
      </trkpt>
      <trkpt lat="22.546945960101684" lon="114.10604359341403">
        <ele>7.415923438034952</ele>
        <time>2026-09-18T00:04:49.500000Z</time>
        <extensions>
          <gpxtpx:TrackPointExtension>
            <gpxtpx:hr>109</gpxtpx:hr>
          </gpxtpx:TrackPointExtension>
        </extensions>
      </trkpt>
      <trkpt lat="22.546933015247927" lon="114.10604739220103">
        <ele>7.481320343911648</ele>
        <time>2026-09-18T00:04:50.500000Z</time>
        <extensions>
          <gpxtpx:TrackPointExtension>
            <gpxtpx:hr>109</gpxtpx:hr>
          </gpxtpx:TrackPointExtension>
        </extensions>
      </trkpt>
      <trkpt lat="22.546920130727244" lon="114.10605215945156">
        <ele>7.552673412486911</ele>
        <time>2026-09-18T00:04:51.500000Z</time>
        <extensions>
          <gpxtpx:TrackPointExtension>
            <gpxtpx:hr>109</gpxtpx:hr>
          </gpxtpx:TrackPointExtension>
        </extensions>
      </trkpt>
      <trkpt lat="22.546907534609772" lon="114.1060570831196">
        <ele>7.639957942999899</ele>
        <time>2026-09-18T00:04:52.500000Z</time>
        <extensions>
          <gpxtpx:TrackPointExtension>
            <gpxtpx:hr>111</gpxtpx:hr>
          </gpxtpx:TrackPointExtension>
        </extensions>
      </trkpt>
      <trkpt lat="22.546895546500327" lon="114.10606164435102">
        <ele>7.753363735042512</ele>
        <time>2026-09-18T00:04:53.500000Z</time>
        <extensions>
          <gpxtpx:TrackPointExtension>
            <gpxtpx:hr>111</gpxtpx:hr>
          </gpxtpx:TrackPointExtension>
        </extensions>
      </trkpt>
      <trkpt lat="22.54688323029294" lon="114.10606602715976">
        <ele>7.886961376294494</ele>
        <time>2026-09-18T00:04:54.500000Z</time>
        <extensions>
          <gpxtpx:TrackPointExtension>
            <gpxtpx:hr>111</gpxtpx:hr>
          </gpxtpx:TrackPointExtension>
        </extensions>
      </trkpt>
      <trkpt lat="22.546870269037157" lon="114.1060706126096">
        <ele>8.032561865635216</ele>
        <time>2026-09-18T00:04:55.500000Z</time>
        <extensions>
          <gpxtpx:TrackPointExtension>
            <gpxtpx:hr>111</gpxtpx:hr>
          </gpxtpx:TrackPointExtension>
        </extensions>
      </trkpt>
      <trkpt lat="22.546857520804057" lon="114.10607540149425">
        <ele>8.174008812755346</ele>
        <time>2026-09-18T00:04:56.500000Z</time>
        <extensions>
          <gpxtpx:TrackPointExtension>
            <gpxtpx:hr>111</gpxtpx:hr>
          </gpxtpx:TrackPointExtension>
        </extensions>
      </trkpt>
      <trkpt lat="22.54684518588649" lon="114.10608089901163">
        <ele>8.30612058751285</ele>
        <time>2026-09-18T00:04:57.500000Z</time>
        <extensions>
          <gpxtpx:TrackPointExtension>
            <gpxtpx:hr>108</gpxtpx:hr>
          </gpxtpx:TrackPointExtension>
        </extensions>
      </trkpt>
      <trkpt lat="22.546833493534322" lon="114.10608706433494">
        <ele>8.440441978164017</ele>
        <time>2026-09-18T00:04:58.500000Z</time>
        <extensions>
          <gpxtpx:TrackPointExtension>
            <gpxtpx:hr>108</gpxtpx:hr>
          </gpxtpx:TrackPointExtension>
        </extensions>
      </trkpt>
      <trkpt lat="22.546822499297047" lon="114.10609352309145">
        <ele>8.543789805844426</ele>
        <time>2026-09-18T00:04:59.500000Z</time>
        <extensions>
          <gpxtpx:TrackPointExtension>
            <gpxtpx:hr>108</gpxtpx:hr>
          </gpxtpx:TrackPointExtension>
        </extensions>
      </trkpt>
      <trkpt lat="22.546811443372746" lon="114.1060998749371">
        <ele>8.599412189796567</ele>
        <time>2026-09-18T00:05:00.500000Z</time>
        <extensions>
          <gpxtpx:TrackPointExtension>
            <gpxtpx:hr>108</gpxtpx:hr>
          </gpxtpx:TrackPointExtension>
        </extensions>
      </trkpt>
      <trkpt lat="22.546800107271636" lon="114.10610621745127">
        <ele>8.602993126027286</ele>
        <time>2026-09-18T00:05:01.500000Z</time>
        <extensions>
          <gpxtpx:TrackPointExtension>
            <gpxtpx:hr>107</gpxtpx:hr>
          </gpxtpx:TrackPointExtension>
        </extensions>
      </trkpt>
      <trkpt lat="22.54678891293622" lon="114.10611303323407">
        <ele>8.544393862597644</ele>
        <time>2026-09-18T00:05:02.500000Z</time>
        <extensions>
          <gpxtpx:TrackPointExtension>
            <gpxtpx:hr>107</gpxtpx:hr>
          </gpxtpx:TrackPointExtension>
        </extensions>
      </trkpt>
      <trkpt lat="22.546778350651365" lon="114.10611979244521">
        <ele>8.434458964504302</ele>
        <time>2026-09-18T00:05:03.500000Z</time>
        <extensions>
          <gpxtpx:TrackPointExtension>
            <gpxtpx:hr>107</gpxtpx:hr>
          </gpxtpx:TrackPointExtension>
        </extensions>
      </trkpt>
      <trkpt lat="22.546768146029603" lon="114.10612565041377">
        <ele>8.27990205399692</ele>
        <time>2026-09-18T00:05:04.500000Z</time>
        <extensions>
          <gpxtpx:TrackPointExtension>
            <gpxtpx:hr>107</gpxtpx:hr>
          </gpxtpx:TrackPointExtension>
        </extensions>
      </trkpt>
      <trkpt lat="22.54675806498324" lon="114.10613060940553">
        <ele>8.054419494234025</ele>
        <time>2026-09-18T00:05:05.500000Z</time>
        <extensions>
          <gpxtpx:TrackPointExtension>
            <gpxtpx:hr>108</gpxtpx:hr>
          </gpxtpx:TrackPointExtension>
        </extensions>
      </trkpt>
      <trkpt lat="22.54674828163088" lon="114.10613522130085">
        <ele>7.794417603872716</ele>
        <time>2026-09-18T00:05:06.500000Z</time>
        <extensions>
          <gpxtpx:TrackPointExtension>
            <gpxtpx:hr>108</gpxtpx:hr>
          </gpxtpx:TrackPointExtension>
        </extensions>
      </trkpt>
      <trkpt lat="22.546739524539234" lon="114.10613979197542">
        <ele>7.482127888128161</ele>
        <time>2026-09-18T00:05:07.500000Z</time>
        <extensions>
          <gpxtpx:TrackPointExtension>
            <gpxtpx:hr>108</gpxtpx:hr>
          </gpxtpx:TrackPointExtension>
        </extensions>
      </trkpt>
      <trkpt lat="22.546732254460906" lon="114.10614399799495">
        <ele>7.1357925003394485</ele>
        <time>2026-09-18T00:05:08.500000Z</time>
        <extensions>
          <gpxtpx:TrackPointExtension>
            <gpxtpx:hr>108</gpxtpx:hr>
          </gpxtpx:TrackPointExtension>
        </extensions>
      </trkpt>
      <trkpt lat="22.5467253856313" lon="114.10614826686944">
        <ele>6.750308916904032</ele>
        <time>2026-09-18T00:05:09.500000Z</time>
        <extensions>
          <gpxtpx:TrackPointExtension>
            <gpxtpx:hr>108</gpxtpx:hr>
          </gpxtpx:TrackPointExtension>
        </extensions>
      </trkpt>
      <trkpt lat="22.54671815242246" lon="114.10615324725755">
        <ele>6.3275850703939795</ele>
        <time>2026-09-18T00:05:10.500000Z</time>
        <extensions>
          <gpxtpx:TrackPointExtension>
            <gpxtpx:hr>108</gpxtpx:hr>
          </gpxtpx:TrackPointExtension>
        </extensions>
      </trkpt>
      <trkpt lat="22.546710805174744" lon="114.10615870951467">
        <ele>5.900177779607475</ele>
        <time>2026-09-18T00:05:11.500000Z</time>
        <extensions>
          <gpxtpx:TrackPointExtension>
            <gpxtpx:hr>108</gpxtpx:hr>
          </gpxtpx:TrackPointExtension>
        </extensions>
      </trkpt>
      <trkpt lat="22.54670359800596" lon="114.10616399206002">
        <ele>5.446719408035278</ele>
        <time>2026-09-18T00:05:12.500000Z</time>
        <extensions>
          <gpxtpx:TrackPointExtension>
            <gpxtpx:hr>108</gpxtpx:hr>
          </gpxtpx:TrackPointExtension>
        </extensions>
      </trkpt>
      <trkpt lat="22.54669607811514" lon="114.10616873197394">
        <ele>5.0024410374462605</ele>
        <time>2026-09-18T00:05:13.500000Z</time>
        <extensions>
          <gpxtpx:TrackPointExtension>
            <gpxtpx:hr>108</gpxtpx:hr>
          </gpxtpx:TrackPointExtension>
        </extensions>
      </trkpt>
      <trkpt lat="22.546688087278408" lon="114.10617291187089">
        <ele>4.577260887250304</ele>
        <time>2026-09-18T00:05:14.500000Z</time>
        <extensions>
          <gpxtpx:TrackPointExtension>
            <gpxtpx:hr>107</gpxtpx:hr>
          </gpxtpx:TrackPointExtension>
        </extensions>
      </trkpt>
      <trkpt lat="22.546680008317388" lon="114.10617690785901">
        <ele>4.181865623220801</ele>
        <time>2026-09-18T00:05:15.500000Z</time>
        <extensions>
          <gpxtpx:TrackPointExtension>
            <gpxtpx:hr>107</gpxtpx:hr>
          </gpxtpx:TrackPointExtension>
        </extensions>
      </trkpt>
      <trkpt lat="22.546672584267515" lon="114.10618025543268">
        <ele>3.8169234190136194</ele>
        <time>2026-09-18T00:05:16.500000Z</time>
        <extensions>
          <gpxtpx:TrackPointExtension>
            <gpxtpx:hr>107</gpxtpx:hr>
          </gpxtpx:TrackPointExtension>
        </extensions>
      </trkpt>
      <trkpt lat="22.546666315729027" lon="114.10618260014985">
        <ele>3.4880097089335322</ele>
        <time>2026-09-18T00:05:17.500000Z</time>
        <extensions>
          <gpxtpx:TrackPointExtension>
            <gpxtpx:hr>107</gpxtpx:hr>
          </gpxtpx:TrackPointExtension>
        </extensions>
      </trkpt>
      <trkpt lat="22.546660985802813" lon="114.10618480296225">
        <ele>3.1914994390681386</ele>
        <time>2026-09-18T00:05:18.500000Z</time>
        <extensions>
          <gpxtpx:TrackPointExtension>
            <gpxtpx:hr>107</gpxtpx:hr>
          </gpxtpx:TrackPointExtension>
        </extensions>
      </trkpt>
      <trkpt lat="22.54665523897065" lon="114.10618734477939">
        <ele>2.9324388159438968</ele>
        <time>2026-09-18T00:05:19.500000Z</time>
        <extensions>
          <gpxtpx:TrackPointExtension>
            <gpxtpx:hr>107</gpxtpx:hr>
          </gpxtpx:TrackPointExtension>
        </extensions>
      </trkpt>
      <trkpt lat="22.546648874953718" lon="114.1061900154149">
        <ele>2.722984437830746</ele>
        <time>2026-09-18T00:05:20.500000Z</time>
        <extensions>
          <gpxtpx:TrackPointExtension>
            <gpxtpx:hr>106</gpxtpx:hr>
          </gpxtpx:TrackPointExtension>
        </extensions>
      </trkpt>
      <trkpt lat="22.546642448509576" lon="114.10619258622852">
        <ele>2.5456105936318636</ele>
        <time>2026-09-18T00:05:21.500000Z</time>
        <extensions>
          <gpxtpx:TrackPointExtension>
            <gpxtpx:hr>106</gpxtpx:hr>
          </gpxtpx:TrackPointExtension>
        </extensions>
      </trkpt>
      <trkpt lat="22.546635462808037" lon="114.10619450690238">
        <ele>2.4111924842000008</ele>
        <time>2026-09-18T00:05:22.500000Z</time>
        <extensions>
          <gpxtpx:TrackPointExtension>
            <gpxtpx:hr>106</gpxtpx:hr>
          </gpxtpx:TrackPointExtension>
        </extensions>
      </trkpt>
      <trkpt lat="22.54662816102627" lon="114.10619506900225">
        <ele>2.281893224455416</ele>
        <time>2026-09-18T00:05:23.500000Z</time>
        <extensions>
          <gpxtpx:TrackPointExtension>
            <gpxtpx:hr>106</gpxtpx:hr>
          </gpxtpx:TrackPointExtension>
        </extensions>
      </trkpt>
      <trkpt lat="22.546619829648186" lon="114.10619487852868">
        <ele>2.1927679516375065</ele>
        <time>2026-09-18T00:05:24.500000Z</time>
        <extensions>
          <gpxtpx:TrackPointExtension>
            <gpxtpx:hr>106</gpxtpx:hr>
          </gpxtpx:TrackPointExtension>
        </extensions>
      </trkpt>
      <trkpt lat="22.54661031840029" lon="114.10619484433474">
        <ele>2.1328813564032316</ele>
        <time>2026-09-18T00:05:25.500000Z</time>
        <extensions>
          <gpxtpx:TrackPointExtension>
            <gpxtpx:hr>106</gpxtpx:hr>
          </gpxtpx:TrackPointExtension>
        </extensions>
      </trkpt>
      <trkpt lat="22.54660166205764" lon="114.10619433892656">
        <ele>2.0907204942777753</ele>
        <time>2026-09-18T00:05:26.500000Z</time>
        <extensions>
          <gpxtpx:TrackPointExtension>
            <gpxtpx:hr>106</gpxtpx:hr>
          </gpxtpx:TrackPointExtension>
        </extensions>
      </trkpt>
      <trkpt lat="22.54659460814642" lon="114.10619264828708">
        <ele>2.068987350910902</ele>
        <time>2026-09-18T00:05:27.500000Z</time>
        <extensions>
          <gpxtpx:TrackPointExtension>
            <gpxtpx:hr>106</gpxtpx:hr>
          </gpxtpx:TrackPointExtension>
        </extensions>
      </trkpt>
      <trkpt lat="22.546589165251277" lon="114.1061903624432">
        <ele>2.0553056616336107</ele>
        <time>2026-09-18T00:05:28.500000Z</time>
        <extensions>
          <gpxtpx:TrackPointExtension>
            <gpxtpx:hr>106</gpxtpx:hr>
          </gpxtpx:TrackPointExtension>
        </extensions>
      </trkpt>
      <trkpt lat="22.546584922398665" lon="114.1061881016796">
        <ele>2.0386735470965505</ele>
        <time>2026-09-18T00:05:29.500000Z</time>
        <extensions>
          <gpxtpx:TrackPointExtension>
            <gpxtpx:hr>106</gpxtpx:hr>
          </gpxtpx:TrackPointExtension>
        </extensions>
      </trkpt>
      <trkpt lat="22.54658033467474" lon="114.1061854630107">
        <ele>2.044617109000683</ele>
        <time>2026-09-18T00:05:30.500000Z</time>
        <extensions>
          <gpxtpx:TrackPointExtension>
            <gpxtpx:hr>106</gpxtpx:hr>
          </gpxtpx:TrackPointExtension>
        </extensions>
      </trkpt>
      <trkpt lat="22.546575300781218" lon="114.10618218104328">
        <ele>2.046813778579235</ele>
        <time>2026-09-18T00:05:31.500000Z</time>
        <extensions>
          <gpxtpx:TrackPointExtension>
            <gpxtpx:hr>106</gpxtpx:hr>
          </gpxtpx:TrackPointExtension>
        </extensions>
      </trkpt>
      <trkpt lat="22.546571269920687" lon="114.10617881082825">
        <ele>2.051279164850712</ele>
        <time>2026-09-18T00:05:32.500000Z</time>
        <extensions>
          <gpxtpx:TrackPointExtension>
            <gpxtpx:hr>105</gpxtpx:hr>
          </gpxtpx:TrackPointExtension>
        </extensions>
      </trkpt>
      <trkpt lat="22.546568881950872" lon="114.10617553382602">
        <ele>2.0576401678845286</ele>
        <time>2026-09-18T00:05:33.500000Z</time>
        <extensions>
          <gpxtpx:TrackPointExtension>
            <gpxtpx:hr>105</gpxtpx:hr>
          </gpxtpx:TrackPointExtension>
        </extensions>
      </trkpt>
      <trkpt lat="22.546567730368018" lon="114.1061725216522">
        <ele>2.0703224800527096</ele>
        <time>2026-09-18T00:05:34.500000Z</time>
        <extensions>
          <gpxtpx:TrackPointExtension>
            <gpxtpx:hr>105</gpxtpx:hr>
          </gpxtpx:TrackPointExtension>
        </extensions>
      </trkpt>
      <trkpt lat="22.546567240690536" lon="114.10617010454769">
        <ele>2.0902535282075405</ele>
        <time>2026-09-18T00:05:35.500000Z</time>
        <extensions>
          <gpxtpx:TrackPointExtension>
            <gpxtpx:hr>105</gpxtpx:hr>
          </gpxtpx:TrackPointExtension>
        </extensions>
      </trkpt>
      <trkpt lat="22.54656701139409" lon="114.1061682193711">
        <ele>2.1171452729031444</ele>
        <time>2026-09-18T00:05:36.500000Z</time>
        <extensions>
          <gpxtpx:TrackPointExtension>
            <gpxtpx:hr>105</gpxtpx:hr>
          </gpxtpx:TrackPointExtension>
        </extensions>
      </trkpt>
      <trkpt lat="22.546566849244215" lon="114.10616664861001">
        <ele>2.149865630082786</ele>
        <time>2026-09-18T00:05:37.500000Z</time>
        <extensions>
          <gpxtpx:TrackPointExtension>
            <gpxtpx:hr>105</gpxtpx:hr>
          </gpxtpx:TrackPointExtension>
        </extensions>
      </trkpt>
      <trkpt lat="22.546566724556676" lon="114.10616518279036">
        <ele>2.210639654658735</ele>
        <time>2026-09-18T00:05:38.500000Z</time>
        <extensions>
          <gpxtpx:TrackPointExtension>
            <gpxtpx:hr>105</gpxtpx:hr>
          </gpxtpx:TrackPointExtension>
        </extensions>
      </trkpt>
      <trkpt lat="22.546566662229868" lon="114.10616384341935">
        <ele>2.2767415391281247</ele>
        <time>2026-09-18T00:05:39.500000Z</time>
        <extensions>
          <gpxtpx:TrackPointExtension>
            <gpxtpx:hr>105</gpxtpx:hr>
          </gpxtpx:TrackPointExtension>
        </extensions>
      </trkpt>
      <trkpt lat="22.54656656740394" lon="114.10616267153853">
        <ele>2.3561535235494375</ele>
        <time>2026-09-18T00:05:40.500000Z</time>
        <extensions>
          <gpxtpx:TrackPointExtension>
            <gpxtpx:hr>106</gpxtpx:hr>
          </gpxtpx:TrackPointExtension>
        </extensions>
      </trkpt>
      <trkpt lat="22.546566419998314" lon="114.10616151581183">
        <ele>2.4394171526655555</ele>
        <time>2026-09-18T00:05:41.500000Z</time>
        <extensions>
          <gpxtpx:TrackPointExtension>
            <gpxtpx:hr>106</gpxtpx:hr>
          </gpxtpx:TrackPointExtension>
        </extensions>
      </trkpt>
      <trkpt lat="22.546566154961816" lon="114.10616021736826">
        <ele>2.5343489507213235</ele>
        <time>2026-09-18T00:05:42.500000Z</time>
        <extensions>
          <gpxtpx:TrackPointExtension>
            <gpxtpx:hr>106</gpxtpx:hr>
          </gpxtpx:TrackPointExtension>
        </extensions>
      </trkpt>
      <trkpt lat="22.546565788413112" lon="114.1061588753636">
        <ele>2.6334528448060155</ele>
        <time>2026-09-18T00:05:43.500000Z</time>
        <extensions>
          <gpxtpx:TrackPointExtension>
            <gpxtpx:hr>106</gpxtpx:hr>
          </gpxtpx:TrackPointExtension>
        </extensions>
      </trkpt>
      <trkpt lat="22.54656541614272" lon="114.10615762702439">
        <ele>2.7383919255807996</ele>
        <time>2026-09-18T00:05:44.500000Z</time>
        <extensions>
          <gpxtpx:TrackPointExtension>
            <gpxtpx:hr>106</gpxtpx:hr>
          </gpxtpx:TrackPointExtension>
        </extensions>
      </trkpt>
      <trkpt lat="22.546565044059616" lon="114.10615651145629">
        <ele>2.8457710705697536</ele>
        <time>2026-09-18T00:05:45.500000Z</time>
        <extensions>
          <gpxtpx:TrackPointExtension>
            <gpxtpx:hr>106</gpxtpx:hr>
          </gpxtpx:TrackPointExtension>
        </extensions>
      </trkpt>
      <trkpt lat="22.54656459432744" lon="114.10615542406924">
        <ele>2.958105922676623</ele>
        <time>2026-09-18T00:05:46.500000Z</time>
        <extensions>
          <gpxtpx:TrackPointExtension>
            <gpxtpx:hr>106</gpxtpx:hr>
          </gpxtpx:TrackPointExtension>
        </extensions>
      </trkpt>
      <trkpt lat="22.546564001113772" lon="114.10615429672588">
        <ele>3.0745151937007904</ele>
        <time>2026-09-18T00:05:47.500000Z</time>
        <extensions>
          <gpxtpx:TrackPointExtension>
            <gpxtpx:hr>106</gpxtpx:hr>
          </gpxtpx:TrackPointExtension>
        </extensions>
      </trkpt>
      <trkpt lat="22.546563197253537" lon="114.10615315362715">
        <ele>3.1924448367208242</ele>
        <time>2026-09-18T00:05:48.500000Z</time>
        <extensions>
          <gpxtpx:TrackPointExtension>
            <gpxtpx:hr>106</gpxtpx:hr>
          </gpxtpx:TrackPointExtension>
        </extensions>
      </trkpt>
      <trkpt lat="22.546561977877232" lon="114.10615199587005">
        <ele>3.3082244992256165</ele>
        <time>2026-09-18T00:05:49.500000Z</time>
        <extensions>
          <gpxtpx:TrackPointExtension>
            <gpxtpx:hr>105</gpxtpx:hr>
          </gpxtpx:TrackPointExtension>
        </extensions>
      </trkpt>
      <trkpt lat="22.54656031210304" lon="114.1061508479263">
        <ele>3.4183046063408256</ele>
        <time>2026-09-18T00:05:50.500000Z</time>
        <extensions>
          <gpxtpx:TrackPointExtension>
            <gpxtpx:hr>105</gpxtpx:hr>
          </gpxtpx:TrackPointExtension>
        </extensions>
      </trkpt>
      <trkpt lat="22.54655871080022" lon="114.10614989614534">
        <ele>3.5197519222274423</ele>
        <time>2026-09-18T00:05:51.500000Z</time>
        <extensions>
          <gpxtpx:TrackPointExtension>
            <gpxtpx:hr>105</gpxtpx:hr>
          </gpxtpx:TrackPointExtension>
        </extensions>
      </trkpt>
      <trkpt lat="22.546557423587593" lon="114.10614919410037">
        <ele>3.610291164368391</ele>
        <time>2026-09-18T00:05:52.500000Z</time>
        <extensions>
          <gpxtpx:TrackPointExtension>
            <gpxtpx:hr>105</gpxtpx:hr>
          </gpxtpx:TrackPointExtension>
        </extensions>
      </trkpt>
      <trkpt lat="22.546556330489047" lon="114.10614867363844">
        <ele>3.6884715277701616</ele>
        <time>2026-09-18T00:05:53.500000Z</time>
        <extensions>
          <gpxtpx:TrackPointExtension>
            <gpxtpx:hr>105</gpxtpx:hr>
          </gpxtpx:TrackPointExtension>
        </extensions>
      </trkpt>
      <trkpt lat="22.546555360627455" lon="114.10614830355239">
        <ele>3.75400163885206</ele>
        <time>2026-09-18T00:05:54.500000Z</time>
        <extensions>
          <gpxtpx:TrackPointExtension>
            <gpxtpx:hr>105</gpxtpx:hr>
          </gpxtpx:TrackPointExtension>
        </extensions>
      </trkpt>
      <trkpt lat="22.546554548287187" lon="114.10614807541336">
        <ele>3.8076258143410087</ele>
        <time>2026-09-18T00:05:55.500000Z</time>
        <extensions>
          <gpxtpx:TrackPointExtension>
            <gpxtpx:hr>105</gpxtpx:hr>
          </gpxtpx:TrackPointExtension>
        </extensions>
      </trkpt>
      <trkpt lat="22.546554041904603" lon="114.10614798063408">
        <ele>3.85074716899544</ele>
        <time>2026-09-18T00:05:56.500000Z</time>
        <extensions>
          <gpxtpx:TrackPointExtension>
            <gpxtpx:hr>108</gpxtpx:hr>
          </gpxtpx:TrackPointExtension>
        </extensions>
      </trkpt>
      <trkpt lat="22.54655379881575" lon="114.10614796433131">
        <ele>3.8849411150440574</ele>
        <time>2026-09-18T00:05:57.500000Z</time>
        <extensions>
          <gpxtpx:TrackPointExtension>
            <gpxtpx:hr>108</gpxtpx:hr>
          </gpxtpx:TrackPointExtension>
        </extensions>
      </trkpt>
      <trkpt lat="22.546553684028908" lon="114.10614797479683">
        <ele>3.9116831896826625</ele>
        <time>2026-09-18T00:05:58.500000Z</time>
        <extensions>
          <gpxtpx:TrackPointExtension>
            <gpxtpx:hr>108</gpxtpx:hr>
          </gpxtpx:TrackPointExtension>
        </extensions>
      </trkpt>
      <trkpt lat="22.546553574446136" lon="114.10614801122965">
        <ele>3.932545430958271</ele>
        <time>2026-09-18T00:05:59.500000Z</time>
        <extensions>
          <gpxtpx:TrackPointExtension>
            <gpxtpx:hr>108</gpxtpx:hr>
          </gpxtpx:TrackPointExtension>
        </extensions>
      </trkpt>
      <trkpt lat="22.54655348935302" lon="114.10614806335558">
        <ele>3.9516977733001113</ele>
        <time>2026-09-18T00:06:00.500000Z</time>
        <extensions>
          <gpxtpx:TrackPointExtension>
            <gpxtpx:hr>108</gpxtpx:hr>
          </gpxtpx:TrackPointExtension>
        </extensions>
      </trkpt>
      <trkpt lat="22.546553418974405" lon="114.10614811802483">
        <ele>3.971584149636328</ele>
        <time>2026-09-18T00:06:01.500000Z</time>
        <extensions>
          <gpxtpx:TrackPointExtension>
            <gpxtpx:hr>108</gpxtpx:hr>
          </gpxtpx:TrackPointExtension>
        </extensions>
      </trkpt>
      <trkpt lat="22.546553324570464" lon="114.1061481820613">
        <ele>4.000704906880856</ele>
        <time>2026-09-18T00:06:02.500000Z</time>
        <extensions>
          <gpxtpx:TrackPointExtension>
            <gpxtpx:hr>107</gpxtpx:hr>
          </gpxtpx:TrackPointExtension>
        </extensions>
      </trkpt>
      <trkpt lat="22.546553178727326" lon="114.1061482787524">
        <ele>4.031126017682254</ele>
        <time>2026-09-18T00:06:03.500000Z</time>
        <extensions>
          <gpxtpx:TrackPointExtension>
            <gpxtpx:hr>107</gpxtpx:hr>
          </gpxtpx:TrackPointExtension>
        </extensions>
      </trkpt>
      <trkpt lat="22.546552949777322" lon="114.10614842757575">
        <ele>4.063917852006853</ele>
        <time>2026-09-18T00:06:04.500000Z</time>
        <extensions>
          <gpxtpx:TrackPointExtension>
            <gpxtpx:hr>107</gpxtpx:hr>
          </gpxtpx:TrackPointExtension>
        </extensions>
      </trkpt>
      <trkpt lat="22.5465526182336" lon="114.10614863993764">
        <ele>4.100053407251835</ele>
        <time>2026-09-18T00:06:05.500000Z</time>
        <extensions>
          <gpxtpx:TrackPointExtension>
            <gpxtpx:hr>107</gpxtpx:hr>
          </gpxtpx:TrackPointExtension>
        </extensions>
      </trkpt>
      <trkpt lat="22.54655215237781" lon="114.10614893456226">
        <ele>4.140334368683398</ele>
        <time>2026-09-18T00:06:06.500000Z</time>
        <extensions>
          <gpxtpx:TrackPointExtension>
            <gpxtpx:hr>107</gpxtpx:hr>
          </gpxtpx:TrackPointExtension>
        </extensions>
      </trkpt>
      <trkpt lat="22.546551534448756" lon="114.10614934917152">
        <ele>4.203744207508862</ele>
        <time>2026-09-18T00:06:07.500000Z</time>
        <extensions>
          <gpxtpx:TrackPointExtension>
            <gpxtpx:hr>108</gpxtpx:hr>
          </gpxtpx:TrackPointExtension>
        </extensions>
      </trkpt>
      <trkpt lat="22.546550725334498" lon="114.10614988159469">
        <ele>4.275965764187276</ele>
        <time>2026-09-18T00:06:08.500000Z</time>
        <extensions>
          <gpxtpx:TrackPointExtension>
            <gpxtpx:hr>108</gpxtpx:hr>
          </gpxtpx:TrackPointExtension>
        </extensions>
      </trkpt>
      <trkpt lat="22.546549755728417" lon="114.10615050764447">
        <ele>4.357207060791552</ele>
        <time>2026-09-18T00:06:09.500000Z</time>
        <extensions>
          <gpxtpx:TrackPointExtension>
            <gpxtpx:hr>108</gpxtpx:hr>
          </gpxtpx:TrackPointExtension>
        </extensions>
      </trkpt>
      <trkpt lat="22.546548815026334" lon="114.10615115645125">
        <ele>4.447073238901794</ele>
        <time>2026-09-18T00:06:10.500000Z</time>
        <extensions>
          <gpxtpx:TrackPointExtension>
            <gpxtpx:hr>108</gpxtpx:hr>
          </gpxtpx:TrackPointExtension>
        </extensions>
      </trkpt>
      <trkpt lat="22.546548048396065" lon="114.10615174398441">
        <ele>4.544107360765338</ele>
        <time>2026-09-18T00:06:11.500000Z</time>
        <extensions>
          <gpxtpx:TrackPointExtension>
            <gpxtpx:hr>108</gpxtpx:hr>
          </gpxtpx:TrackPointExtension>
        </extensions>
      </trkpt>
      <trkpt lat="22.5465475067707" lon="114.10615225262211">
        <ele>4.6461794544011354</ele>
        <time>2026-09-18T00:06:12.500000Z</time>
        <extensions>
          <gpxtpx:TrackPointExtension>
            <gpxtpx:hr>108</gpxtpx:hr>
          </gpxtpx:TrackPointExtension>
        </extensions>
      </trkpt>
      <trkpt lat="22.546547216864273" lon="114.10615270800474">
        <ele>4.7510792557150126</ele>
        <time>2026-09-18T00:06:13.500000Z</time>
        <extensions>
          <gpxtpx:TrackPointExtension>
            <gpxtpx:hr>107</gpxtpx:hr>
          </gpxtpx:TrackPointExtension>
        </extensions>
      </trkpt>
      <trkpt lat="22.546547121007738" lon="114.10615312805342">
        <ele>4.856904148124158</ele>
        <time>2026-09-18T00:06:14.500000Z</time>
        <extensions>
          <gpxtpx:TrackPointExtension>
            <gpxtpx:hr>107</gpxtpx:hr>
          </gpxtpx:TrackPointExtension>
        </extensions>
      </trkpt>
      <trkpt lat="22.54654717920858" lon="114.10615353938067">
        <ele>4.962187143974006</ele>
        <time>2026-09-18T00:06:15.500000Z</time>
        <extensions>
          <gpxtpx:TrackPointExtension>
            <gpxtpx:hr>107</gpxtpx:hr>
          </gpxtpx:TrackPointExtension>
        </extensions>
      </trkpt>
      <trkpt lat="22.5465473896207" lon="114.10615402698929">
        <ele>5.085035785101354</ele>
        <time>2026-09-18T00:06:16.500000Z</time>
        <extensions>
          <gpxtpx:TrackPointExtension>
            <gpxtpx:hr>107</gpxtpx:hr>
          </gpxtpx:TrackPointExtension>
        </extensions>
      </trkpt>
      <trkpt lat="22.546547650558225" lon="114.10615456173115">
        <ele>5.203947441652417</ele>
        <time>2026-09-18T00:06:17.500000Z</time>
        <extensions>
          <gpxtpx:TrackPointExtension>
            <gpxtpx:hr>107</gpxtpx:hr>
          </gpxtpx:TrackPointExtension>
        </extensions>
      </trkpt>
      <trkpt lat="22.546547907476906" lon="114.10615508510895">
        <ele>5.320721548981965</ele>
        <time>2026-09-18T00:06:18.500000Z</time>
        <extensions>
          <gpxtpx:TrackPointExtension>
            <gpxtpx:hr>107</gpxtpx:hr>
          </gpxtpx:TrackPointExtension>
        </extensions>
      </trkpt>
      <trkpt lat="22.54654815899306" lon="114.10615558511714">
        <ele>5.437238361686468</ele>
        <time>2026-09-18T00:06:19.500000Z</time>
        <extensions>
          <gpxtpx:TrackPointExtension>
            <gpxtpx:hr>107</gpxtpx:hr>
          </gpxtpx:TrackPointExtension>
        </extensions>
      </trkpt>
      <trkpt lat="22.546548412284665" lon="114.10615607383036">
        <ele>5.555072592571378</ele>
        <time>2026-09-18T00:06:20.500000Z</time>
        <extensions>
          <gpxtpx:TrackPointExtension>
            <gpxtpx:hr>105</gpxtpx:hr>
          </gpxtpx:TrackPointExtension>
        </extensions>
      </trkpt>
      <trkpt lat="22.54654865943731" lon="114.10615661602537">
        <ele>5.666033902205527</ele>
        <time>2026-09-18T00:06:21.500000Z</time>
        <extensions>
          <gpxtpx:TrackPointExtension>
            <gpxtpx:hr>105</gpxtpx:hr>
          </gpxtpx:TrackPointExtension>
        </extensions>
      </trkpt>
      <trkpt lat="22.546548891566342" lon="114.10615722179334">
        <ele>5.775352763943374</ele>
        <time>2026-09-18T00:06:22.500000Z</time>
        <extensions>
          <gpxtpx:TrackPointExtension>
            <gpxtpx:hr>105</gpxtpx:hr>
          </gpxtpx:TrackPointExtension>
        </extensions>
      </trkpt>
      <trkpt lat="22.546549119245466" lon="114.10615795378156">
        <ele>5.88690737914294</ele>
        <time>2026-09-18T00:06:23.500000Z</time>
        <extensions>
          <gpxtpx:TrackPointExtension>
            <gpxtpx:hr>105</gpxtpx:hr>
          </gpxtpx:TrackPointExtension>
        </extensions>
      </trkpt>
      <trkpt lat="22.54654935766059" lon="114.10615882114968">
        <ele>5.997927809134126</ele>
        <time>2026-09-18T00:06:24.500000Z</time>
        <extensions>
          <gpxtpx:TrackPointExtension>
            <gpxtpx:hr>105</gpxtpx:hr>
          </gpxtpx:TrackPointExtension>
        </extensions>
      </trkpt>
      <trkpt lat="22.546549567377845" lon="114.10615984237945">
        <ele>6.108889659866691</ele>
        <time>2026-09-18T00:06:25.500000Z</time>
        <extensions>
          <gpxtpx:TrackPointExtension>
            <gpxtpx:hr>105</gpxtpx:hr>
          </gpxtpx:TrackPointExtension>
        </extensions>
      </trkpt>
      <trkpt lat="22.54654964769897" lon="114.10616115862011">
        <ele>6.216410803608596</ele>
        <time>2026-09-18T00:06:26.500000Z</time>
        <extensions>
          <gpxtpx:TrackPointExtension>
            <gpxtpx:hr>105</gpxtpx:hr>
          </gpxtpx:TrackPointExtension>
        </extensions>
      </trkpt>
      <trkpt lat="22.54654939237801" lon="114.10616264317244">
        <ele>6.3201033333316445</ele>
        <time>2026-09-18T00:06:27.500000Z</time>
        <extensions>
          <gpxtpx:TrackPointExtension>
            <gpxtpx:hr>105</gpxtpx:hr>
          </gpxtpx:TrackPointExtension>
        </extensions>
      </trkpt>
      <trkpt lat="22.546548884179398" lon="114.10616407165871">
        <ele>6.41792565304786</ele>
        <time>2026-09-18T00:06:28.500000Z</time>
        <extensions>
          <gpxtpx:TrackPointExtension>
            <gpxtpx:hr>105</gpxtpx:hr>
          </gpxtpx:TrackPointExtension>
        </extensions>
      </trkpt>
      <trkpt lat="22.546548452165133" lon="114.10616538388965">
        <ele>6.508445283398032</ele>
        <time>2026-09-18T00:06:29.500000Z</time>
        <extensions>
          <gpxtpx:TrackPointExtension>
            <gpxtpx:hr>105</gpxtpx:hr>
          </gpxtpx:TrackPointExtension>
        </extensions>
      </trkpt>
      <trkpt lat="22.546548073212794" lon="114.10616653077238">
        <ele>6.586796503514051</ele>
        <time>2026-09-18T00:06:30.500000Z</time>
        <extensions>
          <gpxtpx:TrackPointExtension>
            <gpxtpx:hr>106</gpxtpx:hr>
          </gpxtpx:TrackPointExtension>
        </extensions>
      </trkpt>
      <trkpt lat="22.54654756591333" lon="114.1061675507346">
        <ele>6.659355073235929</ele>
        <time>2026-09-18T00:06:31.500000Z</time>
        <extensions>
          <gpxtpx:TrackPointExtension>
            <gpxtpx:hr>106</gpxtpx:hr>
          </gpxtpx:TrackPointExtension>
        </extensions>
      </trkpt>
      <trkpt lat="22.546546997947974" lon="114.10616850975954">
        <ele>6.722500786185265</ele>
        <time>2026-09-18T00:06:32.500000Z</time>
        <extensions>
          <gpxtpx:TrackPointExtension>
            <gpxtpx:hr>106</gpxtpx:hr>
          </gpxtpx:TrackPointExtension>
        </extensions>
      </trkpt>
      <trkpt lat="22.546546424860544" lon="114.10616945334101">
        <ele>6.776409512385726</ele>
        <time>2026-09-18T00:06:33.500000Z</time>
        <extensions>
          <gpxtpx:TrackPointExtension>
            <gpxtpx:hr>106</gpxtpx:hr>
          </gpxtpx:TrackPointExtension>
        </extensions>
      </trkpt>
      <trkpt lat="22.546545786505153" lon="114.10617038697531">
        <ele>6.821403193287551</ele>
        <time>2026-09-18T00:06:34.500000Z</time>
        <extensions>
          <gpxtpx:TrackPointExtension>
            <gpxtpx:hr>108</gpxtpx:hr>
          </gpxtpx:TrackPointExtension>
        </extensions>
      </trkpt>
      <trkpt lat="22.546545126707088" lon="114.10617130835158">
        <ele>6.858156036585569</ele>
        <time>2026-09-18T00:06:35.500000Z</time>
        <extensions>
          <gpxtpx:TrackPointExtension>
            <gpxtpx:hr>108</gpxtpx:hr>
          </gpxtpx:TrackPointExtension>
        </extensions>
      </trkpt>
      <trkpt lat="22.54654445365563" lon="114.10617216623264">
        <ele>6.887702868320048</ele>
        <time>2026-09-18T00:06:36.500000Z</time>
        <extensions>
          <gpxtpx:TrackPointExtension>
            <gpxtpx:hr>108</gpxtpx:hr>
          </gpxtpx:TrackPointExtension>
        </extensions>
      </trkpt>
      <trkpt lat="22.546543863190124" lon="114.10617281476407">
        <ele>6.908104116097093</ele>
        <time>2026-09-18T00:06:37.500000Z</time>
        <extensions>
          <gpxtpx:TrackPointExtension>
            <gpxtpx:hr>108</gpxtpx:hr>
          </gpxtpx:TrackPointExtension>
        </extensions>
      </trkpt>
      <trkpt lat="22.54654343638626" lon="114.10617321397491">
        <ele>6.9174561109393835</ele>
        <time>2026-09-18T00:06:38.500000Z</time>
        <extensions>
          <gpxtpx:TrackPointExtension>
            <gpxtpx:hr>108</gpxtpx:hr>
          </gpxtpx:TrackPointExtension>
        </extensions>
      </trkpt>
      <trkpt lat="22.54654309284207" lon="114.1061733826583">
        <ele>6.919674121774733</ele>
        <time>2026-09-18T00:06:39.500000Z</time>
        <extensions>
          <gpxtpx:TrackPointExtension>
            <gpxtpx:hr>104</gpxtpx:hr>
          </gpxtpx:TrackPointExtension>
        </extensions>
      </trkpt>
      <trkpt lat="22.546542798001028" lon="114.10617335130361">
        <ele>6.917782595381141</ele>
        <time>2026-09-18T00:06:40.500000Z</time>
        <extensions>
          <gpxtpx:TrackPointExtension>
            <gpxtpx:hr>104</gpxtpx:hr>
          </gpxtpx:TrackPointExtension>
        </extensions>
      </trkpt>
      <trkpt lat="22.546542544910853" lon="114.1061731968979">
        <ele>6.911864494904876</ele>
        <time>2026-09-18T00:06:41.500000Z</time>
        <extensions>
          <gpxtpx:TrackPointExtension>
            <gpxtpx:hr>104</gpxtpx:hr>
          </gpxtpx:TrackPointExtension>
        </extensions>
      </trkpt>
      <trkpt lat="22.546542342260462" lon="114.1061729365201">
        <ele>6.903793608769774</ele>
        <time>2026-09-18T00:06:42.500000Z</time>
        <extensions>
          <gpxtpx:TrackPointExtension>
            <gpxtpx:hr>104</gpxtpx:hr>
          </gpxtpx:TrackPointExtension>
        </extensions>
      </trkpt>
      <trkpt lat="22.54654220078222" lon="114.10617255331456">
        <ele>6.891902390867472</ele>
        <time>2026-09-18T00:06:43.500000Z</time>
        <extensions>
          <gpxtpx:TrackPointExtension>
            <gpxtpx:hr>104</gpxtpx:hr>
          </gpxtpx:TrackPointExtension>
        </extensions>
      </trkpt>
      <trkpt lat="22.54654211045538" lon="114.1061720128221">
        <ele>6.876244880259037</ele>
        <time>2026-09-18T00:06:44.500000Z</time>
        <extensions>
          <gpxtpx:TrackPointExtension>
            <gpxtpx:hr>103</gpxtpx:hr>
          </gpxtpx:TrackPointExtension>
        </extensions>
      </trkpt>
      <trkpt lat="22.546542035159497" lon="114.10617127241692">
        <ele>6.878055239096284</ele>
        <time>2026-09-18T00:06:45.500000Z</time>
        <extensions>
          <gpxtpx:TrackPointExtension>
            <gpxtpx:hr>103</gpxtpx:hr>
          </gpxtpx:TrackPointExtension>
        </extensions>
      </trkpt>
      <trkpt lat="22.54654193886498" lon="114.10617031246207">
        <ele>6.8813920030370355</ele>
        <time>2026-09-18T00:06:46.500000Z</time>
        <extensions>
          <gpxtpx:TrackPointExtension>
            <gpxtpx:hr>103</gpxtpx:hr>
          </gpxtpx:TrackPointExtension>
        </extensions>
      </trkpt>
      <trkpt lat="22.546541738991266" lon="114.10616918131522">
        <ele>6.888096684589982</ele>
        <time>2026-09-18T00:06:47.500000Z</time>
        <extensions>
          <gpxtpx:TrackPointExtension>
            <gpxtpx:hr>103</gpxtpx:hr>
          </gpxtpx:TrackPointExtension>
        </extensions>
      </trkpt>
      <trkpt lat="22.546541391968667" lon="114.10616801428222">
        <ele>6.931238552555442</ele>
        <time>2026-09-18T00:06:48.500000Z</time>
        <extensions>
          <gpxtpx:TrackPointExtension>
            <gpxtpx:hr>103</gpxtpx:hr>
          </gpxtpx:TrackPointExtension>
        </extensions>
      </trkpt>
      <trkpt lat="22.546540917016348" lon="114.10616692288158">
        <ele>6.984866575337946</ele>
        <time>2026-09-18T00:06:49.500000Z</time>
        <extensions>
          <gpxtpx:TrackPointExtension>
            <gpxtpx:hr>101</gpxtpx:hr>
          </gpxtpx:TrackPointExtension>
        </extensions>
      </trkpt>
      <trkpt lat="22.54654038333099" lon="114.10616593855819">
        <ele>7.055336359888315</ele>
        <time>2026-09-18T00:06:50.500000Z</time>
        <extensions>
          <gpxtpx:TrackPointExtension>
            <gpxtpx:hr>101</gpxtpx:hr>
          </gpxtpx:TrackPointExtension>
        </extensions>
      </trkpt>
      <trkpt lat="22.546539899084458" lon="114.10616514313429">
        <ele>7.141368311829865</ele>
        <time>2026-09-18T00:06:51.500000Z</time>
        <extensions>
          <gpxtpx:TrackPointExtension>
            <gpxtpx:hr>101</gpxtpx:hr>
          </gpxtpx:TrackPointExtension>
        </extensions>
      </trkpt>
      <trkpt lat="22.546539428208668" lon="114.1061645155923">
        <ele>7.244449802674353</ele>
        <time>2026-09-18T00:06:52.500000Z</time>
        <extensions>
          <gpxtpx:TrackPointExtension>
            <gpxtpx:hr>101</gpxtpx:hr>
          </gpxtpx:TrackPointExtension>
        </extensions>
      </trkpt>
      <trkpt lat="22.546538936490407" lon="114.10616398658716">
        <ele>7.361259672790766</ele>
        <time>2026-09-18T00:06:53.500000Z</time>
        <extensions>
          <gpxtpx:TrackPointExtension>
            <gpxtpx:hr>101</gpxtpx:hr>
          </gpxtpx:TrackPointExtension>
        </extensions>
      </trkpt>
      <trkpt lat="22.546538416462692" lon="114.10616355616337">
        <ele>7.492541125044227</ele>
        <time>2026-09-18T00:06:54.500000Z</time>
        <extensions>
          <gpxtpx:TrackPointExtension>
            <gpxtpx:hr>101</gpxtpx:hr>
          </gpxtpx:TrackPointExtension>
        </extensions>
      </trkpt>
      <trkpt lat="22.546537800742062" lon="114.10616317674207">
        <ele>7.636565662920475</ele>
        <time>2026-09-18T00:06:55.500000Z</time>
        <extensions>
          <gpxtpx:TrackPointExtension>
            <gpxtpx:hr>101</gpxtpx:hr>
          </gpxtpx:TrackPointExtension>
        </extensions>
      </trkpt>
      <trkpt lat="22.546537192353902" lon="114.10616284574873">
        <ele>7.778252093121409</ele>
        <time>2026-09-18T00:06:56.500000Z</time>
        <extensions>
          <gpxtpx:TrackPointExtension>
            <gpxtpx:hr>101</gpxtpx:hr>
          </gpxtpx:TrackPointExtension>
        </extensions>
      </trkpt>
      <trkpt lat="22.54653669280348" lon="114.10616254208915">
        <ele>7.914951050654054</ele>
        <time>2026-09-18T00:06:57.500000Z</time>
        <extensions>
          <gpxtpx:TrackPointExtension>
            <gpxtpx:hr>101</gpxtpx:hr>
          </gpxtpx:TrackPointExtension>
        </extensions>
      </trkpt>
      <trkpt lat="22.546536194466032" lon="114.10616221900506">
        <ele>8.029307158663869</ele>
        <time>2026-09-18T00:06:58.500000Z</time>
        <extensions>
          <gpxtpx:TrackPointExtension>
            <gpxtpx:hr>101</gpxtpx:hr>
          </gpxtpx:TrackPointExtension>
        </extensions>
      </trkpt>
      <trkpt lat="22.54653573028483" lon="114.106161838825">
        <ele>8.115668975748122</ele>
        <time>2026-09-18T00:06:59.500000Z</time>
        <extensions>
          <gpxtpx:TrackPointExtension>
            <gpxtpx:hr>101</gpxtpx:hr>
          </gpxtpx:TrackPointExtension>
        </extensions>
      </trkpt>
      <trkpt lat="22.54653534650335" lon="114.10616138436073">
        <ele>8.172718700952828</ele>
        <time>2026-09-18T00:07:00.500000Z</time>
        <extensions>
          <gpxtpx:TrackPointExtension>
            <gpxtpx:hr>101</gpxtpx:hr>
          </gpxtpx:TrackPointExtension>
        </extensions>
      </trkpt>
      <trkpt lat="22.546535101819213" lon="114.10616086801306">
        <ele>8.206721431575716</ele>
        <time>2026-09-18T00:07:01.500000Z</time>
        <extensions>
          <gpxtpx:TrackPointExtension>
            <gpxtpx:hr>101</gpxtpx:hr>
          </gpxtpx:TrackPointExtension>
        </extensions>
      </trkpt>
      <trkpt lat="22.546534971957648" lon="114.106160289365">
        <ele>8.205412602983415</ele>
        <time>2026-09-18T00:07:02.500000Z</time>
        <extensions>
          <gpxtpx:TrackPointExtension>
            <gpxtpx:hr>101</gpxtpx:hr>
          </gpxtpx:TrackPointExtension>
        </extensions>
      </trkpt>
      <trkpt lat="22.546534811605014" lon="114.10615966662137">
        <ele>8.175637523643672</ele>
        <time>2026-09-18T00:07:03.500000Z</time>
        <extensions>
          <gpxtpx:TrackPointExtension>
            <gpxtpx:hr>101</gpxtpx:hr>
          </gpxtpx:TrackPointExtension>
        </extensions>
      </trkpt>
      <trkpt lat="22.546534424681134" lon="114.10615900830828">
        <ele>8.123672536574304</ele>
        <time>2026-09-18T00:07:04.500000Z</time>
        <extensions>
          <gpxtpx:TrackPointExtension>
            <gpxtpx:hr>104</gpxtpx:hr>
          </gpxtpx:TrackPointExtension>
        </extensions>
      </trkpt>
      <trkpt lat="22.54653362655596" lon="114.10615815706736">
        <ele>8.035367105156183</ele>
        <time>2026-09-18T00:07:05.500000Z</time>
        <extensions>
          <gpxtpx:TrackPointExtension>
            <gpxtpx:hr>104</gpxtpx:hr>
          </gpxtpx:TrackPointExtension>
        </extensions>
      </trkpt>
      <trkpt lat="22.546531934087174" lon="114.1061567916716">
        <ele>7.9181308364495635</ele>
        <time>2026-09-18T00:07:06.500000Z</time>
        <extensions>
          <gpxtpx:TrackPointExtension>
            <gpxtpx:hr>104</gpxtpx:hr>
          </gpxtpx:TrackPointExtension>
        </extensions>
      </trkpt>
      <trkpt lat="22.54652897001488" lon="114.10615459611917">
        <ele>7.782174666412175</ele>
        <time>2026-09-18T00:07:07.500000Z</time>
        <extensions>
          <gpxtpx:TrackPointExtension>
            <gpxtpx:hr>104</gpxtpx:hr>
          </gpxtpx:TrackPointExtension>
        </extensions>
      </trkpt>
      <trkpt lat="22.546524614836226" lon="114.10615143133032">
        <ele>7.625040264800191</ele>
        <time>2026-09-18T00:07:08.500000Z</time>
        <extensions>
          <gpxtpx:TrackPointExtension>
            <gpxtpx:hr>104</gpxtpx:hr>
          </gpxtpx:TrackPointExtension>
        </extensions>
      </trkpt>
      <trkpt lat="22.54651839794986" lon="114.10614667941732">
        <ele>7.469508771784604</ele>
        <time>2026-09-18T00:07:09.500000Z</time>
        <extensions>
          <gpxtpx:TrackPointExtension>
            <gpxtpx:hr>104</gpxtpx:hr>
          </gpxtpx:TrackPointExtension>
        </extensions>
      </trkpt>
      <trkpt lat="22.546511202049622" lon="114.10614049776616">
        <ele>7.314533789642155</ele>
        <time>2026-09-18T00:07:10.500000Z</time>
        <extensions>
          <gpxtpx:TrackPointExtension>
            <gpxtpx:hr>104</gpxtpx:hr>
          </gpxtpx:TrackPointExtension>
        </extensions>
      </trkpt>
      <trkpt lat="22.54650484816226" lon="114.10613331039619">
        <ele>7.158143171109259</ele>
        <time>2026-09-18T00:07:11.500000Z</time>
        <extensions>
          <gpxtpx:TrackPointExtension>
            <gpxtpx:hr>104</gpxtpx:hr>
          </gpxtpx:TrackPointExtension>
        </extensions>
      </trkpt>
      <trkpt lat="22.546500005440613" lon="114.10612551343726">
        <ele>7.008063707500696</ele>
        <time>2026-09-18T00:07:12.500000Z</time>
        <extensions>
          <gpxtpx:TrackPointExtension>
            <gpxtpx:hr>104</gpxtpx:hr>
          </gpxtpx:TrackPointExtension>
        </extensions>
      </trkpt>
      <trkpt lat="22.54649583405867" lon="114.10611786469275">
        <ele>6.873133515007794</ele>
        <time>2026-09-18T00:07:13.500000Z</time>
        <extensions>
          <gpxtpx:TrackPointExtension>
            <gpxtpx:hr>104</gpxtpx:hr>
          </gpxtpx:TrackPointExtension>
        </extensions>
      </trkpt>
      <trkpt lat="22.54649135058653" lon="114.10611063367764">
        <ele>6.743843739852309</ele>
        <time>2026-09-18T00:07:14.500000Z</time>
        <extensions>
          <gpxtpx:TrackPointExtension>
            <gpxtpx:hr>105</gpxtpx:hr>
          </gpxtpx:TrackPointExtension>
        </extensions>
      </trkpt>
      <trkpt lat="22.546486384060987" lon="114.10610331386803">
        <ele>6.6107269786298275</ele>
        <time>2026-09-18T00:07:15.500000Z</time>
        <extensions>
          <gpxtpx:TrackPointExtension>
            <gpxtpx:hr>105</gpxtpx:hr>
          </gpxtpx:TrackPointExtension>
        </extensions>
      </trkpt>
      <trkpt lat="22.54648053646135" lon="114.1060947876347">
        <ele>6.502630268223584</ele>
        <time>2026-09-18T00:07:16.500000Z</time>
        <extensions>
          <gpxtpx:TrackPointExtension>
            <gpxtpx:hr>105</gpxtpx:hr>
          </gpxtpx:TrackPointExtension>
        </extensions>
      </trkpt>
      <trkpt lat="22.54647379085648" lon="114.1060846807125">
        <ele>6.399583307094872</ele>
        <time>2026-09-18T00:07:17.500000Z</time>
        <extensions>
          <gpxtpx:TrackPointExtension>
            <gpxtpx:hr>105</gpxtpx:hr>
          </gpxtpx:TrackPointExtension>
        </extensions>
      </trkpt>
      <trkpt lat="22.54646691359579" lon="114.10607401508491">
        <ele>6.328623305074871</ele>
        <time>2026-09-18T00:07:18.500000Z</time>
        <extensions>
          <gpxtpx:TrackPointExtension>
            <gpxtpx:hr>105</gpxtpx:hr>
          </gpxtpx:TrackPointExtension>
        </extensions>
      </trkpt>
      <trkpt lat="22.546460384747178" lon="114.10606316777887">
        <ele>6.2796745570376515</ele>
        <time>2026-09-18T00:07:19.500000Z</time>
        <extensions>
          <gpxtpx:TrackPointExtension>
            <gpxtpx:hr>104</gpxtpx:hr>
          </gpxtpx:TrackPointExtension>
        </extensions>
      </trkpt>
      <trkpt lat="22.546454324057333" lon="114.10605186961828">
        <ele>6.243270517326891</ele>
        <time>2026-09-18T00:07:20.500000Z</time>
        <extensions>
          <gpxtpx:TrackPointExtension>
            <gpxtpx:hr>104</gpxtpx:hr>
          </gpxtpx:TrackPointExtension>
        </extensions>
      </trkpt>
      <trkpt lat="22.546448849332567" lon="114.10604045876725">
        <ele>6.222497625276446</ele>
        <time>2026-09-18T00:07:21.500000Z</time>
        <extensions>
          <gpxtpx:TrackPointExtension>
            <gpxtpx:hr>104</gpxtpx:hr>
          </gpxtpx:TrackPointExtension>
        </extensions>
      </trkpt>
      <trkpt lat="22.546444140679835" lon="114.10602917019187">
        <ele>6.208913870155811</ele>
        <time>2026-09-18T00:07:22.500000Z</time>
        <extensions>
          <gpxtpx:TrackPointExtension>
            <gpxtpx:hr>104</gpxtpx:hr>
          </gpxtpx:TrackPointExtension>
        </extensions>
      </trkpt>
      <trkpt lat="22.54644001152041" lon="114.10601793121963">
        <ele>6.1920961467549205</ele>
        <time>2026-09-18T00:07:23.500000Z</time>
        <extensions>
          <gpxtpx:TrackPointExtension>
            <gpxtpx:hr>104</gpxtpx:hr>
          </gpxtpx:TrackPointExtension>
        </extensions>
      </trkpt>
      <trkpt lat="22.54643612852438" lon="114.10600689895227">
        <ele>6.182842181995511</ele>
        <time>2026-09-18T00:07:24.500000Z</time>
        <extensions>
          <gpxtpx:TrackPointExtension>
            <gpxtpx:hr>105</gpxtpx:hr>
          </gpxtpx:TrackPointExtension>
        </extensions>
      </trkpt>
      <trkpt lat="22.54643287489715" lon="114.10599647554903">
        <ele>6.177217596210539</ele>
        <time>2026-09-18T00:07:25.500000Z</time>
        <extensions>
          <gpxtpx:TrackPointExtension>
            <gpxtpx:hr>105</gpxtpx:hr>
          </gpxtpx:TrackPointExtension>
        </extensions>
      </trkpt>
      <trkpt lat="22.546429950368985" lon="114.10598691175268">
        <ele>6.17434217967093</ele>
        <time>2026-09-18T00:07:26.500000Z</time>
        <extensions>
          <gpxtpx:TrackPointExtension>
            <gpxtpx:hr>105</gpxtpx:hr>
          </gpxtpx:TrackPointExtension>
        </extensions>
      </trkpt>
      <trkpt lat="22.546426700098266" lon="114.10597798510268">
        <ele>6.173286985605955</ele>
        <time>2026-09-18T00:07:27.500000Z</time>
        <extensions>
          <gpxtpx:TrackPointExtension>
            <gpxtpx:hr>105</gpxtpx:hr>
          </gpxtpx:TrackPointExtension>
        </extensions>
      </trkpt>
      <trkpt lat="22.54642283059772" lon="114.105969061423">
        <ele>6.147980572655797</ele>
        <time>2026-09-18T00:07:28.500000Z</time>
        <extensions>
          <gpxtpx:TrackPointExtension>
            <gpxtpx:hr>105</gpxtpx:hr>
          </gpxtpx:TrackPointExtension>
        </extensions>
      </trkpt>
      <trkpt lat="22.546418175538847" lon="114.10595969534529">
        <ele>6.11596230790019</ele>
        <time>2026-09-18T00:07:29.500000Z</time>
        <extensions>
          <gpxtpx:TrackPointExtension>
            <gpxtpx:hr>106</gpxtpx:hr>
          </gpxtpx:TrackPointExtension>
        </extensions>
      </trkpt>
      <trkpt lat="22.54641286632315" lon="114.10594985768552">
        <ele>6.0725842993706465</ele>
        <time>2026-09-18T00:07:30.500000Z</time>
        <extensions>
          <gpxtpx:TrackPointExtension>
            <gpxtpx:hr>106</gpxtpx:hr>
          </gpxtpx:TrackPointExtension>
        </extensions>
      </trkpt>
      <trkpt lat="22.546407322043983" lon="114.10594028537624">
        <ele>6.014563710428774</ele>
        <time>2026-09-18T00:07:31.500000Z</time>
        <extensions>
          <gpxtpx:TrackPointExtension>
            <gpxtpx:hr>106</gpxtpx:hr>
          </gpxtpx:TrackPointExtension>
        </extensions>
      </trkpt>
      <trkpt lat="22.546401682804376" lon="114.10593134871418">
        <ele>5.9351171823218465</ele>
        <time>2026-09-18T00:07:32.500000Z</time>
        <extensions>
          <gpxtpx:TrackPointExtension>
            <gpxtpx:hr>106</gpxtpx:hr>
          </gpxtpx:TrackPointExtension>
        </extensions>
      </trkpt>
      <trkpt lat="22.546395800602998" lon="114.10592285466252">
        <ele>5.859442689456046</ele>
        <time>2026-09-18T00:07:33.500000Z</time>
        <extensions>
          <gpxtpx:TrackPointExtension>
            <gpxtpx:hr>106</gpxtpx:hr>
          </gpxtpx:TrackPointExtension>
        </extensions>
      </trkpt>
      <trkpt lat="22.5463896506248" lon="114.10591442850921">
        <ele>5.786935850977898</ele>
        <time>2026-09-18T00:07:34.500000Z</time>
        <extensions>
          <gpxtpx:TrackPointExtension>
            <gpxtpx:hr>106</gpxtpx:hr>
          </gpxtpx:TrackPointExtension>
        </extensions>
      </trkpt>
      <trkpt lat="22.546383124894916" lon="114.10590559436741">
        <ele>5.709206975996494</ele>
        <time>2026-09-18T00:07:35.500000Z</time>
        <extensions>
          <gpxtpx:TrackPointExtension>
            <gpxtpx:hr>106</gpxtpx:hr>
          </gpxtpx:TrackPointExtension>
        </extensions>
      </trkpt>
      <trkpt lat="22.546376441250708" lon="114.10589604018107">
        <ele>5.640932987444103</ele>
        <time>2026-09-18T00:07:36.500000Z</time>
        <extensions>
          <gpxtpx:TrackPointExtension>
            <gpxtpx:hr>105</gpxtpx:hr>
          </gpxtpx:TrackPointExtension>
        </extensions>
      </trkpt>
      <trkpt lat="22.546370170762636" lon="114.10588582350762">
        <ele>5.583556025288999</ele>
        <time>2026-09-18T00:07:37.500000Z</time>
        <extensions>
          <gpxtpx:TrackPointExtension>
            <gpxtpx:hr>105</gpxtpx:hr>
          </gpxtpx:TrackPointExtension>
        </extensions>
      </trkpt>
      <trkpt lat="22.546364546271942" lon="114.10587543350468">
        <ele>5.540090681985021</ele>
        <time>2026-09-18T00:07:38.500000Z</time>
        <extensions>
          <gpxtpx:TrackPointExtension>
            <gpxtpx:hr>105</gpxtpx:hr>
          </gpxtpx:TrackPointExtension>
        </extensions>
      </trkpt>
      <trkpt lat="22.54635970798417" lon="114.10586497110545">
        <ele>5.53331904578954</ele>
        <time>2026-09-18T00:07:39.500000Z</time>
        <extensions>
          <gpxtpx:TrackPointExtension>
            <gpxtpx:hr>105</gpxtpx:hr>
          </gpxtpx:TrackPointExtension>
        </extensions>
      </trkpt>
      <trkpt lat="22.546354901456375" lon="114.10585381005617">
        <ele>5.549281128682196</ele>
        <time>2026-09-18T00:07:40.500000Z</time>
        <extensions>
          <gpxtpx:TrackPointExtension>
            <gpxtpx:hr>104</gpxtpx:hr>
          </gpxtpx:TrackPointExtension>
        </extensions>
      </trkpt>
      <trkpt lat="22.546349404240264" lon="114.10584185771302">
        <ele>5.601004920899868</ele>
        <time>2026-09-18T00:07:41.500000Z</time>
        <extensions>
          <gpxtpx:TrackPointExtension>
            <gpxtpx:hr>104</gpxtpx:hr>
          </gpxtpx:TrackPointExtension>
        </extensions>
      </trkpt>
      <trkpt lat="22.546343597702972" lon="114.10582951964146">
        <ele>5.690180528908968</ele>
        <time>2026-09-18T00:07:42.500000Z</time>
        <extensions>
          <gpxtpx:TrackPointExtension>
            <gpxtpx:hr>104</gpxtpx:hr>
          </gpxtpx:TrackPointExtension>
        </extensions>
      </trkpt>
      <trkpt lat="22.54633784592838" lon="114.10581682283167">
        <ele>5.826972134411335</ele>
        <time>2026-09-18T00:07:43.500000Z</time>
        <extensions>
          <gpxtpx:TrackPointExtension>
            <gpxtpx:hr>104</gpxtpx:hr>
          </gpxtpx:TrackPointExtension>
        </extensions>
      </trkpt>
      <trkpt lat="22.54633226487544" lon="114.10580361147524">
        <ele>5.9961636839434505</ele>
        <time>2026-09-18T00:07:44.500000Z</time>
        <extensions>
          <gpxtpx:TrackPointExtension>
            <gpxtpx:hr>104</gpxtpx:hr>
          </gpxtpx:TrackPointExtension>
        </extensions>
      </trkpt>
      <trkpt lat="22.546326776176514" lon="114.10579010121918">
        <ele>6.199762376956642</ele>
        <time>2026-09-18T00:07:45.500000Z</time>
        <extensions>
          <gpxtpx:TrackPointExtension>
            <gpxtpx:hr>104</gpxtpx:hr>
          </gpxtpx:TrackPointExtension>
        </extensions>
      </trkpt>
      <trkpt lat="22.54632126790529" lon="114.1057769481724">
        <ele>6.435869071632624</ele>
        <time>2026-09-18T00:07:46.500000Z</time>
        <extensions>
          <gpxtpx:TrackPointExtension>
            <gpxtpx:hr>104</gpxtpx:hr>
          </gpxtpx:TrackPointExtension>
        </extensions>
      </trkpt>
      <trkpt lat="22.546315754529942" lon="114.105763889726">
        <ele>6.685868431814015</ele>
        <time>2026-09-18T00:07:47.500000Z</time>
        <extensions>
          <gpxtpx:TrackPointExtension>
            <gpxtpx:hr>104</gpxtpx:hr>
          </gpxtpx:TrackPointExtension>
        </extensions>
      </trkpt>
      <trkpt lat="22.54630996275304" lon="114.105750511204">
        <ele>6.960661632940173</ele>
        <time>2026-09-18T00:07:48.500000Z</time>
        <extensions>
          <gpxtpx:TrackPointExtension>
            <gpxtpx:hr>104</gpxtpx:hr>
          </gpxtpx:TrackPointExtension>
        </extensions>
      </trkpt>
      <trkpt lat="22.546303708196607" lon="114.10573713378524">
        <ele>7.256460159085691</ele>
        <time>2026-09-18T00:07:49.500000Z</time>
        <extensions>
          <gpxtpx:TrackPointExtension>
            <gpxtpx:hr>105</gpxtpx:hr>
          </gpxtpx:TrackPointExtension>
        </extensions>
      </trkpt>
      <trkpt lat="22.546296993492337" lon="114.10572376696402">
        <ele>7.554675880819559</ele>
        <time>2026-09-18T00:07:50.500000Z</time>
        <extensions>
          <gpxtpx:TrackPointExtension>
            <gpxtpx:hr>105</gpxtpx:hr>
          </gpxtpx:TrackPointExtension>
        </extensions>
      </trkpt>
      <trkpt lat="22.546290008071797" lon="114.1057103248015">
        <ele>7.864796709269285</ele>
        <time>2026-09-18T00:07:51.500000Z</time>
        <extensions>
          <gpxtpx:TrackPointExtension>
            <gpxtpx:hr>105</gpxtpx:hr>
          </gpxtpx:TrackPointExtension>
        </extensions>
      </trkpt>
      <trkpt lat="22.546283276765458" lon="114.10569677319722">
        <ele>8.17942364513874</ele>
        <time>2026-09-18T00:07:52.500000Z</time>
        <extensions>
          <gpxtpx:TrackPointExtension>
            <gpxtpx:hr>105</gpxtpx:hr>
          </gpxtpx:TrackPointExtension>
        </extensions>
      </trkpt>
      <trkpt lat="22.54627718924801" lon="114.10568303324149">
        <ele>8.506155603565276</ele>
        <time>2026-09-18T00:07:53.500000Z</time>
        <extensions>
          <gpxtpx:TrackPointExtension>
            <gpxtpx:hr>108</gpxtpx:hr>
          </gpxtpx:TrackPointExtension>
        </extensions>
      </trkpt>
      <trkpt lat="22.546271836526255" lon="114.10566912090613">
        <ele>8.819341183640063</ele>
        <time>2026-09-18T00:07:54.500000Z</time>
        <extensions>
          <gpxtpx:TrackPointExtension>
            <gpxtpx:hr>108</gpxtpx:hr>
          </gpxtpx:TrackPointExtension>
        </extensions>
      </trkpt>
      <trkpt lat="22.54626705011412" lon="114.10565553286882">
        <ele>9.127414681017399</ele>
        <time>2026-09-18T00:07:55.500000Z</time>
        <extensions>
          <gpxtpx:TrackPointExtension>
            <gpxtpx:hr>108</gpxtpx:hr>
          </gpxtpx:TrackPointExtension>
        </extensions>
      </trkpt>
      <trkpt lat="22.546262413108188" lon="114.10564258090389">
        <ele>9.447025777772069</ele>
        <time>2026-09-18T00:07:56.500000Z</time>
        <extensions>
          <gpxtpx:TrackPointExtension>
            <gpxtpx:hr>108</gpxtpx:hr>
          </gpxtpx:TrackPointExtension>
        </extensions>
      </trkpt>
      <trkpt lat="22.54625830558051" lon="114.10563041962395">
        <ele>9.752924935892224</ele>
        <time>2026-09-18T00:07:57.500000Z</time>
        <extensions>
          <gpxtpx:TrackPointExtension>
            <gpxtpx:hr>108</gpxtpx:hr>
          </gpxtpx:TrackPointExtension>
        </extensions>
      </trkpt>
      <trkpt lat="22.546254872335457" lon="114.1056186870918">
        <ele>10.057267087511718</ele>
        <time>2026-09-18T00:07:58.500000Z</time>
        <extensions>
          <gpxtpx:TrackPointExtension>
            <gpxtpx:hr>108</gpxtpx:hr>
          </gpxtpx:TrackPointExtension>
        </extensions>
      </trkpt>
      <trkpt lat="22.546251428938003" lon="114.10560671999681">
        <ele>10.33207633253187</ele>
        <time>2026-09-18T00:07:59.500000Z</time>
        <extensions>
          <gpxtpx:TrackPointExtension>
            <gpxtpx:hr>109</gpxtpx:hr>
          </gpxtpx:TrackPointExtension>
        </extensions>
      </trkpt>
      <trkpt lat="22.546247198916014" lon="114.1055941681004">
        <ele>10.594478316605091</ele>
        <time>2026-09-18T00:08:00.500000Z</time>
        <extensions>
          <gpxtpx:TrackPointExtension>
            <gpxtpx:hr>109</gpxtpx:hr>
          </gpxtpx:TrackPointExtension>
        </extensions>
      </trkpt>
      <trkpt lat="22.54624242225344" lon="114.10558099523897">
        <ele>10.865654155611992</ele>
        <time>2026-09-18T00:08:01.500000Z</time>
        <extensions>
          <gpxtpx:TrackPointExtension>
            <gpxtpx:hr>109</gpxtpx:hr>
          </gpxtpx:TrackPointExtension>
        </extensions>
      </trkpt>
      <trkpt lat="22.5462380034951" lon="114.10556794904412">
        <ele>11.110576847568154</ele>
        <time>2026-09-18T00:08:02.500000Z</time>
        <extensions>
          <gpxtpx:TrackPointExtension>
            <gpxtpx:hr>109</gpxtpx:hr>
          </gpxtpx:TrackPointExtension>
        </extensions>
      </trkpt>
      <trkpt lat="22.54623410144736" lon="114.10555549151952">
        <ele>11.351178544573486</ele>
        <time>2026-09-18T00:08:03.500000Z</time>
        <extensions>
          <gpxtpx:TrackPointExtension>
            <gpxtpx:hr>109</gpxtpx:hr>
          </gpxtpx:TrackPointExtension>
        </extensions>
      </trkpt>
      <trkpt lat="22.54623043619187" lon="114.10554353826384">
        <ele>11.567420310340822</ele>
        <time>2026-09-18T00:08:04.500000Z</time>
        <extensions>
          <gpxtpx:TrackPointExtension>
            <gpxtpx:hr>109</gpxtpx:hr>
          </gpxtpx:TrackPointExtension>
        </extensions>
      </trkpt>
      <trkpt lat="22.546226867740913" lon="114.10553144115661">
        <ele>11.76729732286185</ele>
        <time>2026-09-18T00:08:05.500000Z</time>
        <extensions>
          <gpxtpx:TrackPointExtension>
            <gpxtpx:hr>109</gpxtpx:hr>
          </gpxtpx:TrackPointExtension>
        </extensions>
      </trkpt>
      <trkpt lat="22.546223754818282" lon="114.10551927581035">
        <ele>11.937148783355951</ele>
        <time>2026-09-18T00:08:06.500000Z</time>
        <extensions>
          <gpxtpx:TrackPointExtension>
            <gpxtpx:hr>109</gpxtpx:hr>
          </gpxtpx:TrackPointExtension>
        </extensions>
      </trkpt>
      <trkpt lat="22.54622085772361" lon="114.10550742337705">
        <ele>12.097815706394613</ele>
        <time>2026-09-18T00:08:07.500000Z</time>
        <extensions>
          <gpxtpx:TrackPointExtension>
            <gpxtpx:hr>109</gpxtpx:hr>
          </gpxtpx:TrackPointExtension>
        </extensions>
      </trkpt>
      <trkpt lat="22.546217516864566" lon="114.10549549009694">
        <ele>12.256355918943882</ele>
        <time>2026-09-18T00:08:08.500000Z</time>
        <extensions>
          <gpxtpx:TrackPointExtension>
            <gpxtpx:hr>109</gpxtpx:hr>
          </gpxtpx:TrackPointExtension>
        </extensions>
      </trkpt>
      <trkpt lat="22.546213876068382" lon="114.1054833799785">
        <ele>12.38122832402587</ele>
        <time>2026-09-18T00:08:09.500000Z</time>
        <extensions>
          <gpxtpx:TrackPointExtension>
            <gpxtpx:hr>110</gpxtpx:hr>
          </gpxtpx:TrackPointExtension>
        </extensions>
      </trkpt>
      <trkpt lat="22.546209565093903" lon="114.10547163249863">
        <ele>12.487180911935866</ele>
        <time>2026-09-18T00:08:10.500000Z</time>
        <extensions>
          <gpxtpx:TrackPointExtension>
            <gpxtpx:hr>110</gpxtpx:hr>
          </gpxtpx:TrackPointExtension>
        </extensions>
      </trkpt>
      <trkpt lat="22.546204616151023" lon="114.10546034635199">
        <ele>12.5941332699731</ele>
        <time>2026-09-18T00:08:11.500000Z</time>
        <extensions>
          <gpxtpx:TrackPointExtension>
            <gpxtpx:hr>110</gpxtpx:hr>
          </gpxtpx:TrackPointExtension>
        </extensions>
      </trkpt>
      <trkpt lat="22.546200201363405" lon="114.10544870321718">
        <ele>12.709757709875703</ele>
        <time>2026-09-18T00:08:12.500000Z</time>
        <extensions>
          <gpxtpx:TrackPointExtension>
            <gpxtpx:hr>110</gpxtpx:hr>
          </gpxtpx:TrackPointExtension>
        </extensions>
      </trkpt>
      <trkpt lat="22.54619581543427" lon="114.105436208535">
        <ele>12.818402822129428</ele>
        <time>2026-09-18T00:08:13.500000Z</time>
        <extensions>
          <gpxtpx:TrackPointExtension>
            <gpxtpx:hr>109</gpxtpx:hr>
          </gpxtpx:TrackPointExtension>
        </extensions>
      </trkpt>
      <trkpt lat="22.54619061933833" lon="114.10542344963395">
        <ele>12.919790412299335</ele>
        <time>2026-09-18T00:08:14.500000Z</time>
        <extensions>
          <gpxtpx:TrackPointExtension>
            <gpxtpx:hr>109</gpxtpx:hr>
          </gpxtpx:TrackPointExtension>
        </extensions>
      </trkpt>
      <trkpt lat="22.546184994770645" lon="114.10541071934702">
        <ele>13.029491032473743</ele>
        <time>2026-09-18T00:08:15.500000Z</time>
        <extensions>
          <gpxtpx:TrackPointExtension>
            <gpxtpx:hr>109</gpxtpx:hr>
          </gpxtpx:TrackPointExtension>
        </extensions>
      </trkpt>
      <trkpt lat="22.546179711222962" lon="114.10539752705594">
        <ele>13.15812798589468</ele>
        <time>2026-09-18T00:08:16.500000Z</time>
        <extensions>
          <gpxtpx:TrackPointExtension>
            <gpxtpx:hr>109</gpxtpx:hr>
          </gpxtpx:TrackPointExtension>
        </extensions>
      </trkpt>
      <trkpt lat="22.546174637364533" lon="114.1053837304675">
        <ele>13.296871931292117</ele>
        <time>2026-09-18T00:08:17.500000Z</time>
        <extensions>
          <gpxtpx:TrackPointExtension>
            <gpxtpx:hr>109</gpxtpx:hr>
          </gpxtpx:TrackPointExtension>
        </extensions>
      </trkpt>
      <trkpt lat="22.54616870770729" lon="114.10536875597353">
        <ele>13.45453795325011</ele>
        <time>2026-09-18T00:08:18.500000Z</time>
        <extensions>
          <gpxtpx:TrackPointExtension>
            <gpxtpx:hr>111</gpxtpx:hr>
          </gpxtpx:TrackPointExtension>
        </extensions>
      </trkpt>
      <trkpt lat="22.546162101824766" lon="114.10535423545097">
        <ele>13.631112975999713</ele>
        <time>2026-09-18T00:08:19.500000Z</time>
        <extensions>
          <gpxtpx:TrackPointExtension>
            <gpxtpx:hr>111</gpxtpx:hr>
          </gpxtpx:TrackPointExtension>
        </extensions>
      </trkpt>
      <trkpt lat="22.54615519713302" lon="114.10534075053731">
        <ele>13.830076306127012</ele>
        <time>2026-09-18T00:08:20.500000Z</time>
        <extensions>
          <gpxtpx:TrackPointExtension>
            <gpxtpx:hr>111</gpxtpx:hr>
          </gpxtpx:TrackPointExtension>
        </extensions>
      </trkpt>
      <trkpt lat="22.546148200161685" lon="114.10532789408843">
        <ele>14.057175007648766</ele>
        <time>2026-09-18T00:08:21.500000Z</time>
        <extensions>
          <gpxtpx:TrackPointExtension>
            <gpxtpx:hr>111</gpxtpx:hr>
          </gpxtpx:TrackPointExtension>
        </extensions>
      </trkpt>
      <trkpt lat="22.546141417315994" lon="114.10531534031695">
        <ele>14.340514635667205</ele>
        <time>2026-09-18T00:08:22.500000Z</time>
        <extensions>
          <gpxtpx:TrackPointExtension>
            <gpxtpx:hr>111</gpxtpx:hr>
          </gpxtpx:TrackPointExtension>
        </extensions>
      </trkpt>
      <trkpt lat="22.546134928743495" lon="114.10530287552027">
        <ele>14.628828327171504</ele>
        <time>2026-09-18T00:08:23.500000Z</time>
        <extensions>
          <gpxtpx:TrackPointExtension>
            <gpxtpx:hr>115</gpxtpx:hr>
          </gpxtpx:TrackPointExtension>
        </extensions>
      </trkpt>
      <trkpt lat="22.54612910340068" lon="114.10529137850766">
        <ele>14.909972861409187</ele>
        <time>2026-09-18T00:08:24.500000Z</time>
        <extensions>
          <gpxtpx:TrackPointExtension>
            <gpxtpx:hr>115</gpxtpx:hr>
          </gpxtpx:TrackPointExtension>
        </extensions>
      </trkpt>
      <trkpt lat="22.546123613600997" lon="114.10528011807605">
        <ele>15.197641694918275</ele>
        <time>2026-09-18T00:08:25.500000Z</time>
        <extensions>
          <gpxtpx:TrackPointExtension>
            <gpxtpx:hr>115</gpxtpx:hr>
          </gpxtpx:TrackPointExtension>
        </extensions>
      </trkpt>
      <trkpt lat="22.546117717493107" lon="114.10526778447142">
        <ele>15.463523924350739</ele>
        <time>2026-09-18T00:08:26.500000Z</time>
        <extensions>
          <gpxtpx:TrackPointExtension>
            <gpxtpx:hr>115</gpxtpx:hr>
          </gpxtpx:TrackPointExtension>
        </extensions>
      </trkpt>
      <trkpt lat="22.54611111920172" lon="114.1052544141055">
        <ele>15.720882377587259</ele>
        <time>2026-09-18T00:08:27.500000Z</time>
        <extensions>
          <gpxtpx:TrackPointExtension>
            <gpxtpx:hr>115</gpxtpx:hr>
          </gpxtpx:TrackPointExtension>
        </extensions>
      </trkpt>
      <trkpt lat="22.54610379971881" lon="114.10524162605208">
        <ele>15.977050841785967</ele>
        <time>2026-09-18T00:08:28.500000Z</time>
        <extensions>
          <gpxtpx:TrackPointExtension>
            <gpxtpx:hr>115</gpxtpx:hr>
          </gpxtpx:TrackPointExtension>
        </extensions>
      </trkpt>
      <trkpt lat="22.546095915235078" lon="114.10523000311636">
        <ele>16.21195739507675</ele>
        <time>2026-09-18T00:08:29.500000Z</time>
        <extensions>
          <gpxtpx:TrackPointExtension>
            <gpxtpx:hr>115</gpxtpx:hr>
          </gpxtpx:TrackPointExtension>
        </extensions>
      </trkpt>
      <trkpt lat="22.54608864339318" lon="114.10521971123052">
        <ele>16.423824169673026</ele>
        <time>2026-09-18T00:08:30.500000Z</time>
        <extensions>
          <gpxtpx:TrackPointExtension>
            <gpxtpx:hr>114</gpxtpx:hr>
          </gpxtpx:TrackPointExtension>
        </extensions>
      </trkpt>
      <trkpt lat="22.54608240756757" lon="114.10521043917376">
        <ele>16.61447145137936</ele>
        <time>2026-09-18T00:08:31.500000Z</time>
        <extensions>
          <gpxtpx:TrackPointExtension>
            <gpxtpx:hr>114</gpxtpx:hr>
          </gpxtpx:TrackPointExtension>
        </extensions>
      </trkpt>
      <trkpt lat="22.546076320977924" lon="114.10520146821845">
        <ele>16.79290654603392</ele>
        <time>2026-09-18T00:08:32.500000Z</time>
        <extensions>
          <gpxtpx:TrackPointExtension>
            <gpxtpx:hr>114</gpxtpx:hr>
          </gpxtpx:TrackPointExtension>
        </extensions>
      </trkpt>
      <trkpt lat="22.546069885879263" lon="114.10519170475018">
        <ele>16.940647460520267</ele>
        <time>2026-09-18T00:08:33.500000Z</time>
        <extensions>
          <gpxtpx:TrackPointExtension>
            <gpxtpx:hr>114</gpxtpx:hr>
          </gpxtpx:TrackPointExtension>
        </extensions>
      </trkpt>
      <trkpt lat="22.54606302828164" lon="114.10518063810703">
        <ele>17.070448577404022</ele>
        <time>2026-09-18T00:08:34.500000Z</time>
        <extensions>
          <gpxtpx:TrackPointExtension>
            <gpxtpx:hr>114</gpxtpx:hr>
          </gpxtpx:TrackPointExtension>
        </extensions>
      </trkpt>
      <trkpt lat="22.546055891235653" lon="114.10516902720913">
        <ele>17.16994150262326</ele>
        <time>2026-09-18T00:08:35.500000Z</time>
        <extensions>
          <gpxtpx:TrackPointExtension>
            <gpxtpx:hr>114</gpxtpx:hr>
          </gpxtpx:TrackPointExtension>
        </extensions>
      </trkpt>
      <trkpt lat="22.546048603083932" lon="114.10515762351878">
        <ele>17.27514335885644</ele>
        <time>2026-09-18T00:08:36.500000Z</time>
        <extensions>
          <gpxtpx:TrackPointExtension>
            <gpxtpx:hr>113</gpxtpx:hr>
          </gpxtpx:TrackPointExtension>
        </extensions>
      </trkpt>
      <trkpt lat="22.546041727014412" lon="114.1051468281466">
        <ele>17.375308342278004</ele>
        <time>2026-09-18T00:08:37.500000Z</time>
        <extensions>
          <gpxtpx:TrackPointExtension>
            <gpxtpx:hr>113</gpxtpx:hr>
          </gpxtpx:TrackPointExtension>
        </extensions>
      </trkpt>
      <trkpt lat="22.54603552665687" lon="114.105136656824">
        <ele>17.479590253904462</ele>
        <time>2026-09-18T00:08:38.500000Z</time>
        <extensions>
          <gpxtpx:TrackPointExtension>
            <gpxtpx:hr>113</gpxtpx:hr>
          </gpxtpx:TrackPointExtension>
        </extensions>
      </trkpt>
      <trkpt lat="22.546029809004683" lon="114.10512638528971">
        <ele>17.58064254745841</ele>
        <time>2026-09-18T00:08:39.500000Z</time>
        <extensions>
          <gpxtpx:TrackPointExtension>
            <gpxtpx:hr>113</gpxtpx:hr>
          </gpxtpx:TrackPointExtension>
        </extensions>
      </trkpt>
      <trkpt lat="22.54602400567057" lon="114.10511566463906">
        <ele>17.684262023307383</ele>
        <time>2026-09-18T00:08:40.500000Z</time>
        <extensions>
          <gpxtpx:TrackPointExtension>
            <gpxtpx:hr>113</gpxtpx:hr>
          </gpxtpx:TrackPointExtension>
        </extensions>
      </trkpt>
      <trkpt lat="22.546018245718777" lon="114.10510449610645">
        <ele>17.818717427551746</ele>
        <time>2026-09-18T00:08:41.500000Z</time>
        <extensions>
          <gpxtpx:TrackPointExtension>
            <gpxtpx:hr>113</gpxtpx:hr>
          </gpxtpx:TrackPointExtension>
        </extensions>
      </trkpt>
      <trkpt lat="22.54601250329234" lon="114.10509246155009">
        <ele>17.968345117755234</ele>
        <time>2026-09-18T00:08:42.500000Z</time>
        <extensions>
          <gpxtpx:TrackPointExtension>
            <gpxtpx:hr>113</gpxtpx:hr>
          </gpxtpx:TrackPointExtension>
        </extensions>
      </trkpt>
      <trkpt lat="22.546006006689787" lon="114.1050797357065">
        <ele>18.131682585924864</ele>
        <time>2026-09-18T00:08:43.500000Z</time>
        <extensions>
          <gpxtpx:TrackPointExtension>
            <gpxtpx:hr>113</gpxtpx:hr>
          </gpxtpx:TrackPointExtension>
        </extensions>
      </trkpt>
      <trkpt lat="22.54599862865738" lon="114.1050674209977">
        <ele>18.335738252848387</ele>
        <time>2026-09-18T00:08:44.500000Z</time>
        <extensions>
          <gpxtpx:TrackPointExtension>
            <gpxtpx:hr>113</gpxtpx:hr>
          </gpxtpx:TrackPointExtension>
        </extensions>
      </trkpt>
      <trkpt lat="22.545991106338732" lon="114.105055979702">
        <ele>18.527517915703356</ele>
        <time>2026-09-18T00:08:45.500000Z</time>
        <extensions>
          <gpxtpx:TrackPointExtension>
            <gpxtpx:hr>113</gpxtpx:hr>
          </gpxtpx:TrackPointExtension>
        </extensions>
      </trkpt>
      <trkpt lat="22.545983658616905" lon="114.10504513280706">
        <ele>18.71301635261625</ele>
        <time>2026-09-18T00:08:46.500000Z</time>
        <extensions>
          <gpxtpx:TrackPointExtension>
            <gpxtpx:hr>113</gpxtpx:hr>
          </gpxtpx:TrackPointExtension>
        </extensions>
      </trkpt>
      <trkpt lat="22.545976514060936" lon="114.10503444159102">
        <ele>18.88187815155834</ele>
        <time>2026-09-18T00:08:47.500000Z</time>
        <extensions>
          <gpxtpx:TrackPointExtension>
            <gpxtpx:hr>110</gpxtpx:hr>
          </gpxtpx:TrackPointExtension>
        </extensions>
      </trkpt>
      <trkpt lat="22.54596978756983" lon="114.10502428297599">
        <ele>19.052252816967666</ele>
        <time>2026-09-18T00:08:48.500000Z</time>
        <extensions>
          <gpxtpx:TrackPointExtension>
            <gpxtpx:hr>110</gpxtpx:hr>
          </gpxtpx:TrackPointExtension>
        </extensions>
      </trkpt>
      <trkpt lat="22.545963151209826" lon="114.10501457017898">
        <ele>19.21560064330697</ele>
        <time>2026-09-18T00:08:49.500000Z</time>
        <extensions>
          <gpxtpx:TrackPointExtension>
            <gpxtpx:hr>110</gpxtpx:hr>
          </gpxtpx:TrackPointExtension>
        </extensions>
      </trkpt>
      <trkpt lat="22.54595604703107" lon="114.10500528052576">
        <ele>19.383889780379832</ele>
        <time>2026-09-18T00:08:50.500000Z</time>
        <extensions>
          <gpxtpx:TrackPointExtension>
            <gpxtpx:hr>110</gpxtpx:hr>
          </gpxtpx:TrackPointExtension>
        </extensions>
      </trkpt>
      <trkpt lat="22.545948229532076" lon="114.10499696982683">
        <ele>19.532362229190767</ele>
        <time>2026-09-18T00:08:51.500000Z</time>
        <extensions>
          <gpxtpx:TrackPointExtension>
            <gpxtpx:hr>109</gpxtpx:hr>
          </gpxtpx:TrackPointExtension>
        </extensions>
      </trkpt>
      <trkpt lat="22.545940055136974" lon="114.10498965205797">
        <ele>19.654004592448473</ele>
        <time>2026-09-18T00:08:52.500000Z</time>
        <extensions>
          <gpxtpx:TrackPointExtension>
            <gpxtpx:hr>109</gpxtpx:hr>
          </gpxtpx:TrackPointExtension>
        </extensions>
      </trkpt>
      <trkpt lat="22.545931970558794" lon="114.10498260436279">
        <ele>19.765970007516444</ele>
        <time>2026-09-18T00:08:53.500000Z</time>
        <extensions>
          <gpxtpx:TrackPointExtension>
            <gpxtpx:hr>109</gpxtpx:hr>
          </gpxtpx:TrackPointExtension>
        </extensions>
      </trkpt>
      <trkpt lat="22.54592423003619" lon="114.10497514945115">
        <ele>19.853312282823026</ele>
        <time>2026-09-18T00:08:54.500000Z</time>
        <extensions>
          <gpxtpx:TrackPointExtension>
            <gpxtpx:hr>109</gpxtpx:hr>
          </gpxtpx:TrackPointExtension>
        </extensions>
      </trkpt>
      <trkpt lat="22.545916550880925" lon="114.10496725823376">
        <ele>19.937463863752782</ele>
        <time>2026-09-18T00:08:55.500000Z</time>
        <extensions>
          <gpxtpx:TrackPointExtension>
            <gpxtpx:hr>109</gpxtpx:hr>
          </gpxtpx:TrackPointExtension>
        </extensions>
      </trkpt>
      <trkpt lat="22.545908616400876" lon="114.10495893711884">
        <ele>20.005294483155012</ele>
        <time>2026-09-18T00:08:56.500000Z</time>
        <extensions>
          <gpxtpx:TrackPointExtension>
            <gpxtpx:hr>109</gpxtpx:hr>
          </gpxtpx:TrackPointExtension>
        </extensions>
      </trkpt>
      <trkpt lat="22.545900638933283" lon="114.10495045959638">
        <ele>20.1023108381778</ele>
        <time>2026-09-18T00:08:57.500000Z</time>
        <extensions>
          <gpxtpx:TrackPointExtension>
            <gpxtpx:hr>109</gpxtpx:hr>
          </gpxtpx:TrackPointExtension>
        </extensions>
      </trkpt>
      <trkpt lat="22.5458928396677" lon="114.10494251948887">
        <ele>20.203806430101395</ele>
        <time>2026-09-18T00:08:58.500000Z</time>
        <extensions>
          <gpxtpx:TrackPointExtension>
            <gpxtpx:hr>109</gpxtpx:hr>
          </gpxtpx:TrackPointExtension>
        </extensions>
      </trkpt>
      <trkpt lat="22.545885099182424" lon="114.10493483215036">
        <ele>20.26991283521056</ele>
        <time>2026-09-18T00:08:59.500000Z</time>
        <extensions>
          <gpxtpx:TrackPointExtension>
            <gpxtpx:hr>109</gpxtpx:hr>
          </gpxtpx:TrackPointExtension>
        </extensions>
      </trkpt>
      <trkpt lat="22.545877362821614" lon="114.10492633056128">
        <ele>20.314365821890533</ele>
        <time>2026-09-18T00:09:00.500000Z</time>
        <extensions>
          <gpxtpx:TrackPointExtension>
            <gpxtpx:hr>109</gpxtpx:hr>
          </gpxtpx:TrackPointExtension>
        </extensions>
      </trkpt>
      <trkpt lat="22.54586969834477" lon="114.10491663313007">
        <ele>20.406348818913102</ele>
        <time>2026-09-18T00:09:01.500000Z</time>
        <extensions>
          <gpxtpx:TrackPointExtension>
            <gpxtpx:hr>109</gpxtpx:hr>
          </gpxtpx:TrackPointExtension>
        </extensions>
      </trkpt>
      <trkpt lat="22.545862703715837" lon="114.10490644964318">
        <ele>20.521529108285904</ele>
        <time>2026-09-18T00:09:02.500000Z</time>
        <extensions>
          <gpxtpx:TrackPointExtension>
            <gpxtpx:hr>109</gpxtpx:hr>
          </gpxtpx:TrackPointExtension>
        </extensions>
      </trkpt>
      <trkpt lat="22.5458563337784" lon="114.10489617531519">
        <ele>20.63543597701937</ele>
        <time>2026-09-18T00:09:03.500000Z</time>
        <extensions>
          <gpxtpx:TrackPointExtension>
            <gpxtpx:hr>109</gpxtpx:hr>
          </gpxtpx:TrackPointExtension>
        </extensions>
      </trkpt>
      <trkpt lat="22.54585018289328" lon="114.10488590161162">
        <ele>20.787292500026524</ele>
        <time>2026-09-18T00:09:04.500000Z</time>
        <extensions>
          <gpxtpx:TrackPointExtension>
            <gpxtpx:hr>109</gpxtpx:hr>
          </gpxtpx:TrackPointExtension>
        </extensions>
      </trkpt>
      <trkpt lat="22.545844000663248" lon="114.10487578115178">
        <ele>20.94828392844647</ele>
        <time>2026-09-18T00:09:05.500000Z</time>
        <extensions>
          <gpxtpx:TrackPointExtension>
            <gpxtpx:hr>109</gpxtpx:hr>
          </gpxtpx:TrackPointExtension>
        </extensions>
      </trkpt>
      <trkpt lat="22.545837616505967" lon="114.10486623161076">
        <ele>21.120129223912954</ele>
        <time>2026-09-18T00:09:06.500000Z</time>
        <extensions>
          <gpxtpx:TrackPointExtension>
            <gpxtpx:hr>108</gpxtpx:hr>
          </gpxtpx:TrackPointExtension>
        </extensions>
      </trkpt>
      <trkpt lat="22.545830954855774" lon="114.10485713998867">
        <ele>21.27890141494572</ele>
        <time>2026-09-18T00:09:07.500000Z</time>
        <extensions>
          <gpxtpx:TrackPointExtension>
            <gpxtpx:hr>108</gpxtpx:hr>
          </gpxtpx:TrackPointExtension>
        </extensions>
      </trkpt>
      <trkpt lat="22.545824070702814" lon="114.10484815068932">
        <ele>21.470020993612707</ele>
        <time>2026-09-18T00:09:08.500000Z</time>
        <extensions>
          <gpxtpx:TrackPointExtension>
            <gpxtpx:hr>108</gpxtpx:hr>
          </gpxtpx:TrackPointExtension>
        </extensions>
      </trkpt>
      <trkpt lat="22.545817362925995" lon="114.10483918015225">
        <ele>21.67017272207886</ele>
        <time>2026-09-18T00:09:09.500000Z</time>
        <extensions>
          <gpxtpx:TrackPointExtension>
            <gpxtpx:hr>108</gpxtpx:hr>
          </gpxtpx:TrackPointExtension>
        </extensions>
      </trkpt>
      <trkpt lat="22.54581064521981" lon="114.10482990851668">
        <ele>21.920442146249115</ele>
        <time>2026-09-18T00:09:10.500000Z</time>
        <extensions>
          <gpxtpx:TrackPointExtension>
            <gpxtpx:hr>108</gpxtpx:hr>
          </gpxtpx:TrackPointExtension>
        </extensions>
      </trkpt>
      <trkpt lat="22.545803508618473" lon="114.10482022685255">
        <ele>22.19504013285041</ele>
        <time>2026-09-18T00:09:11.500000Z</time>
        <extensions>
          <gpxtpx:TrackPointExtension>
            <gpxtpx:hr>108</gpxtpx:hr>
          </gpxtpx:TrackPointExtension>
        </extensions>
      </trkpt>
      <trkpt lat="22.54579590438486" lon="114.10481022455261">
        <ele>22.464351186528802</ele>
        <time>2026-09-18T00:09:12.500000Z</time>
        <extensions>
          <gpxtpx:TrackPointExtension>
            <gpxtpx:hr>108</gpxtpx:hr>
          </gpxtpx:TrackPointExtension>
        </extensions>
      </trkpt>
      <trkpt lat="22.545788083901638" lon="114.10480009435328">
        <ele>22.73724160436541</ele>
        <time>2026-09-18T00:09:13.500000Z</time>
        <extensions>
          <gpxtpx:TrackPointExtension>
            <gpxtpx:hr>109</gpxtpx:hr>
          </gpxtpx:TrackPointExtension>
        </extensions>
      </trkpt>
      <trkpt lat="22.545780500040497" lon="114.10478977644185">
        <ele>22.994935682043433</ele>
        <time>2026-09-18T00:09:14.500000Z</time>
        <extensions>
          <gpxtpx:TrackPointExtension>
            <gpxtpx:hr>109</gpxtpx:hr>
          </gpxtpx:TrackPointExtension>
        </extensions>
      </trkpt>
      <trkpt lat="22.545773481590977" lon="114.10477927240171">
        <ele>23.24524298403412</ele>
        <time>2026-09-18T00:09:15.500000Z</time>
        <extensions>
          <gpxtpx:TrackPointExtension>
            <gpxtpx:hr>109</gpxtpx:hr>
          </gpxtpx:TrackPointExtension>
        </extensions>
      </trkpt>
      <trkpt lat="22.54576687207721" lon="114.10476879504094">
        <ele>23.4708779361099</ele>
        <time>2026-09-18T00:09:16.500000Z</time>
        <extensions>
          <gpxtpx:TrackPointExtension>
            <gpxtpx:hr>109</gpxtpx:hr>
          </gpxtpx:TrackPointExtension>
        </extensions>
      </trkpt>
      <trkpt lat="22.545760325333156" lon="114.10475826957625">
        <ele>23.676453303545713</ele>
        <time>2026-09-18T00:09:17.500000Z</time>
        <extensions>
          <gpxtpx:TrackPointExtension>
            <gpxtpx:hr>109</gpxtpx:hr>
          </gpxtpx:TrackPointExtension>
        </extensions>
      </trkpt>
      <trkpt lat="22.5457536605526" lon="114.10474747344617">
        <ele>23.86240556370467</ele>
        <time>2026-09-18T00:09:18.500000Z</time>
        <extensions>
          <gpxtpx:TrackPointExtension>
            <gpxtpx:hr>109</gpxtpx:hr>
          </gpxtpx:TrackPointExtension>
        </extensions>
      </trkpt>
      <trkpt lat="22.545747091543117" lon="114.10473662433901">
        <ele>24.030056794174016</ele>
        <time>2026-09-18T00:09:19.500000Z</time>
        <extensions>
          <gpxtpx:TrackPointExtension>
            <gpxtpx:hr>109</gpxtpx:hr>
          </gpxtpx:TrackPointExtension>
        </extensions>
      </trkpt>
      <trkpt lat="22.545740904200727" lon="114.10472588575138">
        <ele>24.175474802963436</ele>
        <time>2026-09-18T00:09:20.500000Z</time>
        <extensions>
          <gpxtpx:TrackPointExtension>
            <gpxtpx:hr>109</gpxtpx:hr>
          </gpxtpx:TrackPointExtension>
        </extensions>
      </trkpt>
      <trkpt lat="22.54573519035504" lon="114.10471530394332">
        <ele>24.28593468759209</ele>
        <time>2026-09-18T00:09:21.500000Z</time>
        <extensions>
          <gpxtpx:TrackPointExtension>
            <gpxtpx:hr>109</gpxtpx:hr>
          </gpxtpx:TrackPointExtension>
        </extensions>
      </trkpt>
      <trkpt lat="22.545730155275646" lon="114.10470435401831">
        <ele>24.35611855983734</ele>
        <time>2026-09-18T00:09:22.500000Z</time>
        <extensions>
          <gpxtpx:TrackPointExtension>
            <gpxtpx:hr>109</gpxtpx:hr>
          </gpxtpx:TrackPointExtension>
        </extensions>
      </trkpt>
      <trkpt lat="22.545725555938276" lon="114.10469328192525">
        <ele>24.383046503178775</ele>
        <time>2026-09-18T00:09:23.500000Z</time>
        <extensions>
          <gpxtpx:TrackPointExtension>
            <gpxtpx:hr>109</gpxtpx:hr>
          </gpxtpx:TrackPointExtension>
        </extensions>
      </trkpt>
      <trkpt lat="22.545721407215453" lon="114.10468300525206">
        <ele>24.36237508058548</ele>
        <time>2026-09-18T00:09:24.500000Z</time>
        <extensions>
          <gpxtpx:TrackPointExtension>
            <gpxtpx:hr>109</gpxtpx:hr>
          </gpxtpx:TrackPointExtension>
        </extensions>
      </trkpt>
      <trkpt lat="22.545717973183947" lon="114.10467349656591">
        <ele>24.314479590393603</ele>
        <time>2026-09-18T00:09:25.500000Z</time>
        <extensions>
          <gpxtpx:TrackPointExtension>
            <gpxtpx:hr>109</gpxtpx:hr>
          </gpxtpx:TrackPointExtension>
        </extensions>
      </trkpt>
      <trkpt lat="22.545714550620893" lon="114.10466369052642">
        <ele>24.254519085399806</ele>
        <time>2026-09-18T00:09:26.500000Z</time>
        <extensions>
          <gpxtpx:TrackPointExtension>
            <gpxtpx:hr>109</gpxtpx:hr>
          </gpxtpx:TrackPointExtension>
        </extensions>
      </trkpt>
      <trkpt lat="22.545710394886683" lon="114.10465300753424">
        <ele>24.169393384829164</ele>
        <time>2026-09-18T00:09:27.500000Z</time>
        <extensions>
          <gpxtpx:TrackPointExtension>
            <gpxtpx:hr>109</gpxtpx:hr>
          </gpxtpx:TrackPointExtension>
        </extensions>
      </trkpt>
      <trkpt lat="22.545705708960117" lon="114.10464172859196">
        <ele>24.08280072454363</ele>
        <time>2026-09-18T00:09:28.500000Z</time>
        <extensions>
          <gpxtpx:TrackPointExtension>
            <gpxtpx:hr>109</gpxtpx:hr>
          </gpxtpx:TrackPointExtension>
        </extensions>
      </trkpt>
      <trkpt lat="22.54570089889013" lon="114.10463041362536">
        <ele>24.00276433583349</ele>
        <time>2026-09-18T00:09:29.500000Z</time>
        <extensions>
          <gpxtpx:TrackPointExtension>
            <gpxtpx:hr>109</gpxtpx:hr>
          </gpxtpx:TrackPointExtension>
        </extensions>
      </trkpt>
      <trkpt lat="22.5456958664098" lon="114.10461877381478">
        <ele>23.90674714744091</ele>
        <time>2026-09-18T00:09:30.500000Z</time>
        <extensions>
          <gpxtpx:TrackPointExtension>
            <gpxtpx:hr>109</gpxtpx:hr>
          </gpxtpx:TrackPointExtension>
        </extensions>
      </trkpt>
      <trkpt lat="22.545690833091562" lon="114.10460715468876">
        <ele>23.812507254071534</ele>
        <time>2026-09-18T00:09:31.500000Z</time>
        <extensions>
          <gpxtpx:TrackPointExtension>
            <gpxtpx:hr>109</gpxtpx:hr>
          </gpxtpx:TrackPointExtension>
        </extensions>
      </trkpt>
      <trkpt lat="22.545686088867033" lon="114.10459593088515">
        <ele>23.726287237368524</ele>
        <time>2026-09-18T00:09:32.500000Z</time>
        <extensions>
          <gpxtpx:TrackPointExtension>
            <gpxtpx:hr>109</gpxtpx:hr>
          </gpxtpx:TrackPointExtension>
        </extensions>
      </trkpt>
      <trkpt lat="22.545681392501173" lon="114.10458492568576">
        <ele>23.65507335960865</ele>
        <time>2026-09-18T00:09:33.500000Z</time>
        <extensions>
          <gpxtpx:TrackPointExtension>
            <gpxtpx:hr>109</gpxtpx:hr>
          </gpxtpx:TrackPointExtension>
        </extensions>
      </trkpt>
      <trkpt lat="22.545676436339768" lon="114.10457400093829">
        <ele>23.61202215217054</ele>
        <time>2026-09-18T00:09:34.500000Z</time>
        <extensions>
          <gpxtpx:TrackPointExtension>
            <gpxtpx:hr>108</gpxtpx:hr>
          </gpxtpx:TrackPointExtension>
        </extensions>
      </trkpt>
      <trkpt lat="22.545671130986673" lon="114.10456241685064">
        <ele>23.57669617701322</ele>
        <time>2026-09-18T00:09:35.500000Z</time>
        <extensions>
          <gpxtpx:TrackPointExtension>
            <gpxtpx:hr>108</gpxtpx:hr>
          </gpxtpx:TrackPointExtension>
        </extensions>
      </trkpt>
      <trkpt lat="22.54566549615432" lon="114.10455029286497">
        <ele>23.57343813125044</ele>
        <time>2026-09-18T00:09:36.500000Z</time>
        <extensions>
          <gpxtpx:TrackPointExtension>
            <gpxtpx:hr>108</gpxtpx:hr>
          </gpxtpx:TrackPointExtension>
        </extensions>
      </trkpt>
      <trkpt lat="22.545659587068243" lon="114.10453822590877">
        <ele>23.613502910360694</ele>
        <time>2026-09-18T00:09:37.500000Z</time>
        <extensions>
          <gpxtpx:TrackPointExtension>
            <gpxtpx:hr>108</gpxtpx:hr>
          </gpxtpx:TrackPointExtension>
        </extensions>
      </trkpt>
      <trkpt lat="22.545653597684296" lon="114.1045261469838">
        <ele>23.662815934047103</ele>
        <time>2026-09-18T00:09:38.500000Z</time>
        <extensions>
          <gpxtpx:TrackPointExtension>
            <gpxtpx:hr>108</gpxtpx:hr>
          </gpxtpx:TrackPointExtension>
        </extensions>
      </trkpt>
      <trkpt lat="22.545647436586826" lon="114.104513835699">
        <ele>23.734483086504042</ele>
        <time>2026-09-18T00:09:39.500000Z</time>
        <extensions>
          <gpxtpx:TrackPointExtension>
            <gpxtpx:hr>108</gpxtpx:hr>
          </gpxtpx:TrackPointExtension>
        </extensions>
      </trkpt>
      <trkpt lat="22.545640748995215" lon="114.1045013038134">
        <ele>23.801292306743562</ele>
        <time>2026-09-18T00:09:40.500000Z</time>
        <extensions>
          <gpxtpx:TrackPointExtension>
            <gpxtpx:hr>108</gpxtpx:hr>
          </gpxtpx:TrackPointExtension>
        </extensions>
      </trkpt>
      <trkpt lat="22.54563377226503" lon="114.10448887113625">
        <ele>23.883856828324497</ele>
        <time>2026-09-18T00:09:41.500000Z</time>
        <extensions>
          <gpxtpx:TrackPointExtension>
            <gpxtpx:hr>108</gpxtpx:hr>
          </gpxtpx:TrackPointExtension>
        </extensions>
      </trkpt>
      <trkpt lat="22.545627126673395" lon="114.10447724664728">
        <ele>23.950808805413544</ele>
        <time>2026-09-18T00:09:42.500000Z</time>
        <extensions>
          <gpxtpx:TrackPointExtension>
            <gpxtpx:hr>108</gpxtpx:hr>
          </gpxtpx:TrackPointExtension>
        </extensions>
      </trkpt>
      <trkpt lat="22.54562080808279" lon="114.10446644969834">
        <ele>24.021895221434534</ele>
        <time>2026-09-18T00:09:43.500000Z</time>
        <extensions>
          <gpxtpx:TrackPointExtension>
            <gpxtpx:hr>108</gpxtpx:hr>
          </gpxtpx:TrackPointExtension>
        </extensions>
      </trkpt>
      <trkpt lat="22.54561484165537" lon="114.10445596886242">
        <ele>24.072805606760085</ele>
        <time>2026-09-18T00:09:44.500000Z</time>
        <extensions>
          <gpxtpx:TrackPointExtension>
            <gpxtpx:hr>108</gpxtpx:hr>
          </gpxtpx:TrackPointExtension>
        </extensions>
      </trkpt>
      <trkpt lat="22.545609248751383" lon="114.10444532926927">
        <ele>24.124000519514084</ele>
        <time>2026-09-18T00:09:45.500000Z</time>
        <extensions>
          <gpxtpx:TrackPointExtension>
            <gpxtpx:hr>110</gpxtpx:hr>
          </gpxtpx:TrackPointExtension>
        </extensions>
      </trkpt>
      <trkpt lat="22.54560413343557" lon="114.10443468862195">
        <ele>24.17843192163855</ele>
        <time>2026-09-18T00:09:46.500000Z</time>
        <extensions>
          <gpxtpx:TrackPointExtension>
            <gpxtpx:hr>110</gpxtpx:hr>
          </gpxtpx:TrackPointExtension>
        </extensions>
      </trkpt>
      <trkpt lat="22.545599652266915" lon="114.10442447964671">
        <ele>24.220319222658873</ele>
        <time>2026-09-18T00:09:47.500000Z</time>
        <extensions>
          <gpxtpx:TrackPointExtension>
            <gpxtpx:hr>110</gpxtpx:hr>
          </gpxtpx:TrackPointExtension>
        </extensions>
      </trkpt>
      <trkpt lat="22.545595668637112" lon="114.10441503551303">
        <ele>24.254325661808252</ele>
        <time>2026-09-18T00:09:48.500000Z</time>
        <extensions>
          <gpxtpx:TrackPointExtension>
            <gpxtpx:hr>110</gpxtpx:hr>
          </gpxtpx:TrackPointExtension>
        </extensions>
      </trkpt>
      <trkpt lat="22.545592227600157" lon="114.10440601426396">
        <ele>24.251470996066928</ele>
        <time>2026-09-18T00:09:49.500000Z</time>
        <extensions>
          <gpxtpx:TrackPointExtension>
            <gpxtpx:hr>110</gpxtpx:hr>
          </gpxtpx:TrackPointExtension>
        </extensions>
      </trkpt>
      <trkpt lat="22.54558895866449" lon="114.10439759372261">
        <ele>24.22780784778297</ele>
        <time>2026-09-18T00:09:50.500000Z</time>
        <extensions>
          <gpxtpx:TrackPointExtension>
            <gpxtpx:hr>110</gpxtpx:hr>
          </gpxtpx:TrackPointExtension>
        </extensions>
      </trkpt>
      <trkpt lat="22.54558532490273" lon="114.10439000602764">
        <ele>24.196831022389233</ele>
        <time>2026-09-18T00:09:51.500000Z</time>
        <extensions>
          <gpxtpx:TrackPointExtension>
            <gpxtpx:hr>111</gpxtpx:hr>
          </gpxtpx:TrackPointExtension>
        </extensions>
      </trkpt>
      <trkpt lat="22.54558126574715" lon="114.10438299551808">
        <ele>24.157469019293785</ele>
        <time>2026-09-18T00:09:52.500000Z</time>
        <extensions>
          <gpxtpx:TrackPointExtension>
            <gpxtpx:hr>111</gpxtpx:hr>
          </gpxtpx:TrackPointExtension>
        </extensions>
      </trkpt>
      <trkpt lat="22.54557686835511" lon="114.10437647235328">
        <ele>24.10928098950535</ele>
        <time>2026-09-18T00:09:53.500000Z</time>
        <extensions>
          <gpxtpx:TrackPointExtension>
            <gpxtpx:hr>111</gpxtpx:hr>
          </gpxtpx:TrackPointExtension>
        </extensions>
      </trkpt>
      <trkpt lat="22.54557226279015" lon="114.10436999640145">
        <ele>24.046508639119565</ele>
        <time>2026-09-18T00:09:54.500000Z</time>
        <extensions>
          <gpxtpx:TrackPointExtension>
            <gpxtpx:hr>110</gpxtpx:hr>
          </gpxtpx:TrackPointExtension>
        </extensions>
      </trkpt>
      <trkpt lat="22.545567456834764" lon="114.1043630719709">
        <ele>23.95930068474263</ele>
        <time>2026-09-18T00:09:55.500000Z</time>
        <extensions>
          <gpxtpx:TrackPointExtension>
            <gpxtpx:hr>110</gpxtpx:hr>
          </gpxtpx:TrackPointExtension>
        </extensions>
      </trkpt>
      <trkpt lat="22.54556211457057" lon="114.10435493112465">
        <ele>23.84995881281793</ele>
        <time>2026-09-18T00:09:56.500000Z</time>
        <extensions>
          <gpxtpx:TrackPointExtension>
            <gpxtpx:hr>110</gpxtpx:hr>
          </gpxtpx:TrackPointExtension>
        </extensions>
      </trkpt>
      <trkpt lat="22.54555561108833" lon="114.10434483296066">
        <ele>23.74503101594746</ele>
        <time>2026-09-18T00:09:57.500000Z</time>
        <extensions>
          <gpxtpx:TrackPointExtension>
            <gpxtpx:hr>110</gpxtpx:hr>
          </gpxtpx:TrackPointExtension>
        </extensions>
      </trkpt>
      <trkpt lat="22.54554838360441" lon="114.10433358372129">
        <ele>23.629108254797757</ele>
        <time>2026-09-18T00:09:58.500000Z</time>
        <extensions>
          <gpxtpx:TrackPointExtension>
            <gpxtpx:hr>110</gpxtpx:hr>
          </gpxtpx:TrackPointExtension>
        </extensions>
      </trkpt>
      <trkpt lat="22.545540846216547" lon="114.10432256414953">
        <ele>23.49966349452734</ele>
        <time>2026-09-18T00:09:59.500000Z</time>
        <extensions>
          <gpxtpx:TrackPointExtension>
            <gpxtpx:hr>110</gpxtpx:hr>
          </gpxtpx:TrackPointExtension>
        </extensions>
      </trkpt>
      <trkpt lat="22.545533343515583" lon="114.10431224285945">
        <ele>23.364015338011086</ele>
        <time>2026-09-18T00:10:00.500000Z</time>
        <extensions>
          <gpxtpx:TrackPointExtension>
            <gpxtpx:hr>110</gpxtpx:hr>
          </gpxtpx:TrackPointExtension>
        </extensions>
      </trkpt>
      <trkpt lat="22.54552645232401" lon="114.10430246012729">
        <ele>23.214555853046477</ele>
        <time>2026-09-18T00:10:01.500000Z</time>
        <extensions>
          <gpxtpx:TrackPointExtension>
            <gpxtpx:hr>110</gpxtpx:hr>
          </gpxtpx:TrackPointExtension>
        </extensions>
      </trkpt>
      <trkpt lat="22.54552012459967" lon="114.10429233318479">
        <ele>23.06740778591484</ele>
        <time>2026-09-18T00:10:02.500000Z</time>
        <extensions>
          <gpxtpx:TrackPointExtension>
            <gpxtpx:hr>110</gpxtpx:hr>
          </gpxtpx:TrackPointExtension>
        </extensions>
      </trkpt>
      <trkpt lat="22.545514416342932" lon="114.10428168208571">
        <ele>22.92712277546525</ele>
        <time>2026-09-18T00:10:03.500000Z</time>
        <extensions>
          <gpxtpx:TrackPointExtension>
            <gpxtpx:hr>110</gpxtpx:hr>
          </gpxtpx:TrackPointExtension>
        </extensions>
      </trkpt>
      <trkpt lat="22.545509397550063" lon="114.10427081258436">
        <ele>22.78797118458897</ele>
        <time>2026-09-18T00:10:04.500000Z</time>
        <extensions>
          <gpxtpx:TrackPointExtension>
            <gpxtpx:hr>110</gpxtpx:hr>
          </gpxtpx:TrackPointExtension>
        </extensions>
      </trkpt>
      <trkpt lat="22.545504726949368" lon="114.10425950254992">
        <ele>22.64815912116319</ele>
        <time>2026-09-18T00:10:05.500000Z</time>
        <extensions>
          <gpxtpx:TrackPointExtension>
            <gpxtpx:hr>110</gpxtpx:hr>
          </gpxtpx:TrackPointExtension>
        </extensions>
      </trkpt>
      <trkpt lat="22.545499908417945" lon="114.10424756346819">
        <ele>22.509945407509804</ele>
        <time>2026-09-18T00:10:06.500000Z</time>
        <extensions>
          <gpxtpx:TrackPointExtension>
            <gpxtpx:hr>110</gpxtpx:hr>
          </gpxtpx:TrackPointExtension>
        </extensions>
      </trkpt>
      <trkpt lat="22.545494981682463" lon="114.10423525397934">
        <ele>22.381733383983374</ele>
        <time>2026-09-18T00:10:07.500000Z</time>
        <extensions>
          <gpxtpx:TrackPointExtension>
            <gpxtpx:hr>110</gpxtpx:hr>
          </gpxtpx:TrackPointExtension>
        </extensions>
      </trkpt>
      <trkpt lat="22.545490109187067" lon="114.10422274705267">
        <ele>22.24201477970928</ele>
        <time>2026-09-18T00:10:08.500000Z</time>
        <extensions>
          <gpxtpx:TrackPointExtension>
            <gpxtpx:hr>110</gpxtpx:hr>
          </gpxtpx:TrackPointExtension>
        </extensions>
      </trkpt>
      <trkpt lat="22.54548495803687" lon="114.10421032052567">
        <ele>22.145740940235555</ele>
        <time>2026-09-18T00:10:09.500000Z</time>
        <extensions>
          <gpxtpx:TrackPointExtension>
            <gpxtpx:hr>110</gpxtpx:hr>
          </gpxtpx:TrackPointExtension>
        </extensions>
      </trkpt>
      <trkpt lat="22.545479390954746" lon="114.10419750253295">
        <ele>22.062341864220798</ele>
        <time>2026-09-18T00:10:10.500000Z</time>
        <extensions>
          <gpxtpx:TrackPointExtension>
            <gpxtpx:hr>110</gpxtpx:hr>
          </gpxtpx:TrackPointExtension>
        </extensions>
      </trkpt>
      <trkpt lat="22.54547378755102" lon="114.10418413837749">
        <ele>22.001092800870538</ele>
        <time>2026-09-18T00:10:11.500000Z</time>
        <extensions>
          <gpxtpx:TrackPointExtension>
            <gpxtpx:hr>110</gpxtpx:hr>
          </gpxtpx:TrackPointExtension>
        </extensions>
      </trkpt>
      <trkpt lat="22.54546839538132" lon="114.1041707074214">
        <ele>21.9616856649518</ele>
        <time>2026-09-18T00:10:12.500000Z</time>
        <extensions>
          <gpxtpx:TrackPointExtension>
            <gpxtpx:hr>110</gpxtpx:hr>
          </gpxtpx:TrackPointExtension>
        </extensions>
      </trkpt>
      <trkpt lat="22.545463219565075" lon="114.10415756025164">
        <ele>21.956305880099535</ele>
        <time>2026-09-18T00:10:13.500000Z</time>
        <extensions>
          <gpxtpx:TrackPointExtension>
            <gpxtpx:hr>110</gpxtpx:hr>
          </gpxtpx:TrackPointExtension>
        </extensions>
      </trkpt>
      <trkpt lat="22.5454581417876" lon="114.10414507526022">
        <ele>21.966031753458083</ele>
        <time>2026-09-18T00:10:14.500000Z</time>
        <extensions>
          <gpxtpx:TrackPointExtension>
            <gpxtpx:hr>110</gpxtpx:hr>
          </gpxtpx:TrackPointExtension>
        </extensions>
      </trkpt>
      <trkpt lat="22.54545280006507" lon="114.1041333841554">
        <ele>21.98957699444145</ele>
        <time>2026-09-18T00:10:15.500000Z</time>
        <extensions>
          <gpxtpx:TrackPointExtension>
            <gpxtpx:hr>110</gpxtpx:hr>
          </gpxtpx:TrackPointExtension>
        </extensions>
      </trkpt>
      <trkpt lat="22.545446954249115" lon="114.10412156394068">
        <ele>22.037685670889914</ele>
        <time>2026-09-18T00:10:16.500000Z</time>
        <extensions>
          <gpxtpx:TrackPointExtension>
            <gpxtpx:hr>110</gpxtpx:hr>
          </gpxtpx:TrackPointExtension>
        </extensions>
      </trkpt>
      <trkpt lat="22.545440458334788" lon="114.10410866086595">
        <ele>22.094728666357696</ele>
        <time>2026-09-18T00:10:17.500000Z</time>
        <extensions>
          <gpxtpx:TrackPointExtension>
            <gpxtpx:hr>110</gpxtpx:hr>
          </gpxtpx:TrackPointExtension>
        </extensions>
      </trkpt>
      <trkpt lat="22.545434050192835" lon="114.10409549194272">
        <ele>22.167940113693476</ele>
        <time>2026-09-18T00:10:18.500000Z</time>
        <extensions>
          <gpxtpx:TrackPointExtension>
            <gpxtpx:hr>110</gpxtpx:hr>
          </gpxtpx:TrackPointExtension>
        </extensions>
      </trkpt>
      <trkpt lat="22.545428079105605" lon="114.10408341508551">
        <ele>22.25881096161902</ele>
        <time>2026-09-18T00:10:19.500000Z</time>
        <extensions>
          <gpxtpx:TrackPointExtension>
            <gpxtpx:hr>110</gpxtpx:hr>
          </gpxtpx:TrackPointExtension>
        </extensions>
      </trkpt>
      <trkpt lat="22.54542213650308" lon="114.10407230062806">
        <ele>22.362862506881356</ele>
        <time>2026-09-18T00:10:20.500000Z</time>
        <extensions>
          <gpxtpx:TrackPointExtension>
            <gpxtpx:hr>109</gpxtpx:hr>
          </gpxtpx:TrackPointExtension>
        </extensions>
      </trkpt>
      <trkpt lat="22.545415843976944" lon="114.104061662345">
        <ele>22.47309319768101</ele>
        <time>2026-09-18T00:10:21.500000Z</time>
        <extensions>
          <gpxtpx:TrackPointExtension>
            <gpxtpx:hr>109</gpxtpx:hr>
          </gpxtpx:TrackPointExtension>
        </extensions>
      </trkpt>
      <trkpt lat="22.54540891249366" lon="114.10405090169192">
        <ele>22.57007090561092</ele>
        <time>2026-09-18T00:10:22.500000Z</time>
        <extensions>
          <gpxtpx:TrackPointExtension>
            <gpxtpx:hr>109</gpxtpx:hr>
          </gpxtpx:TrackPointExtension>
        </extensions>
      </trkpt>
      <trkpt lat="22.545401421944824" lon="114.1040395823389">
        <ele>22.661702817305923</ele>
        <time>2026-09-18T00:10:23.500000Z</time>
        <extensions>
          <gpxtpx:TrackPointExtension>
            <gpxtpx:hr>109</gpxtpx:hr>
          </gpxtpx:TrackPointExtension>
        </extensions>
      </trkpt>
      <trkpt lat="22.545393753338793" lon="114.10402795238117">
        <ele>22.737053888849914</ele>
        <time>2026-09-18T00:10:24.500000Z</time>
        <extensions>
          <gpxtpx:TrackPointExtension>
            <gpxtpx:hr>109</gpxtpx:hr>
          </gpxtpx:TrackPointExtension>
        </extensions>
      </trkpt>
      <trkpt lat="22.545386147684418" lon="114.10401605267408">
        <ele>22.82225922960788</ele>
        <time>2026-09-18T00:10:25.500000Z</time>
        <extensions>
          <gpxtpx:TrackPointExtension>
            <gpxtpx:hr>109</gpxtpx:hr>
          </gpxtpx:TrackPointExtension>
        </extensions>
      </trkpt>
      <trkpt lat="22.545378395150525" lon="114.10400398826691">
        <ele>22.9017574172467</ele>
        <time>2026-09-18T00:10:26.500000Z</time>
        <extensions>
          <gpxtpx:TrackPointExtension>
            <gpxtpx:hr>109</gpxtpx:hr>
          </gpxtpx:TrackPointExtension>
        </extensions>
      </trkpt>
      <trkpt lat="22.545370640827162" lon="114.10399258741566">
        <ele>23.0172320837155</ele>
        <time>2026-09-18T00:10:27.500000Z</time>
        <extensions>
          <gpxtpx:TrackPointExtension>
            <gpxtpx:hr>109</gpxtpx:hr>
          </gpxtpx:TrackPointExtension>
        </extensions>
      </trkpt>
      <trkpt lat="22.54536286596168" lon="114.10398192577715">
        <ele>23.122758597135544</ele>
        <time>2026-09-18T00:10:28.500000Z</time>
        <extensions>
          <gpxtpx:TrackPointExtension>
            <gpxtpx:hr>109</gpxtpx:hr>
          </gpxtpx:TrackPointExtension>
        </extensions>
      </trkpt>
      <trkpt lat="22.545354924499325" lon="114.10397155180485">
        <ele>23.257192634046078</ele>
        <time>2026-09-18T00:10:29.500000Z</time>
        <extensions>
          <gpxtpx:TrackPointExtension>
            <gpxtpx:hr>109</gpxtpx:hr>
          </gpxtpx:TrackPointExtension>
        </extensions>
      </trkpt>
      <trkpt lat="22.54534658536992" lon="114.10396121128018">
        <ele>23.399875498376787</ele>
        <time>2026-09-18T00:10:30.500000Z</time>
        <extensions>
          <gpxtpx:TrackPointExtension>
            <gpxtpx:hr>109</gpxtpx:hr>
          </gpxtpx:TrackPointExtension>
        </extensions>
      </trkpt>
      <trkpt lat="22.545338192203744" lon="114.10395069765246">
        <ele>23.519162747077644</ele>
        <time>2026-09-18T00:10:31.500000Z</time>
        <extensions>
          <gpxtpx:TrackPointExtension>
            <gpxtpx:hr>108</gpxtpx:hr>
          </gpxtpx:TrackPointExtension>
        </extensions>
      </trkpt>
      <trkpt lat="22.545330293557974" lon="114.10394011612401">
        <ele>23.641569251194596</ele>
        <time>2026-09-18T00:10:32.500000Z</time>
        <extensions>
          <gpxtpx:TrackPointExtension>
            <gpxtpx:hr>108</gpxtpx:hr>
          </gpxtpx:TrackPointExtension>
        </extensions>
      </trkpt>
      <trkpt lat="22.54532286576172" lon="114.10392960895462">
        <ele>23.737261942587793</ele>
        <time>2026-09-18T00:10:33.500000Z</time>
        <extensions>
          <gpxtpx:TrackPointExtension>
            <gpxtpx:hr>108</gpxtpx:hr>
          </gpxtpx:TrackPointExtension>
        </extensions>
      </trkpt>
      <trkpt lat="22.545315438574796" lon="114.10391923144157">
        <ele>23.787767400965095</ele>
        <time>2026-09-18T00:10:34.500000Z</time>
        <extensions>
          <gpxtpx:TrackPointExtension>
            <gpxtpx:hr>108</gpxtpx:hr>
          </gpxtpx:TrackPointExtension>
        </extensions>
      </trkpt>
      <trkpt lat="22.545308072671816" lon="114.10390931833572">
        <ele>23.79146536719054</ele>
        <time>2026-09-18T00:10:35.500000Z</time>
        <extensions>
          <gpxtpx:TrackPointExtension>
            <gpxtpx:hr>108</gpxtpx:hr>
          </gpxtpx:TrackPointExtension>
        </extensions>
      </trkpt>
      <trkpt lat="22.545301533395463" lon="114.10389985263971">
        <ele>23.72868390660733</ele>
        <time>2026-09-18T00:10:36.500000Z</time>
        <extensions>
          <gpxtpx:TrackPointExtension>
            <gpxtpx:hr>108</gpxtpx:hr>
          </gpxtpx:TrackPointExtension>
        </extensions>
      </trkpt>
      <trkpt lat="22.54529550651452" lon="114.10389063397044">
        <ele>23.634291596710682</ele>
        <time>2026-09-18T00:10:37.500000Z</time>
        <extensions>
          <gpxtpx:TrackPointExtension>
            <gpxtpx:hr>108</gpxtpx:hr>
          </gpxtpx:TrackPointExtension>
        </extensions>
      </trkpt>
      <trkpt lat="22.545289083603837" lon="114.10388092780659">
        <ele>23.51280392240733</ele>
        <time>2026-09-18T00:10:38.500000Z</time>
        <extensions>
          <gpxtpx:TrackPointExtension>
            <gpxtpx:hr>108</gpxtpx:hr>
          </gpxtpx:TrackPointExtension>
        </extensions>
      </trkpt>
      <trkpt lat="22.545281769818978" lon="114.10387014880808">
        <ele>23.353190305642784</ele>
        <time>2026-09-18T00:10:39.500000Z</time>
        <extensions>
          <gpxtpx:TrackPointExtension>
            <gpxtpx:hr>110</gpxtpx:hr>
          </gpxtpx:TrackPointExtension>
        </extensions>
      </trkpt>
      <trkpt lat="22.545273778133083" lon="114.10385842308479">
        <ele>23.142544390633702</ele>
        <time>2026-09-18T00:10:40.500000Z</time>
        <extensions>
          <gpxtpx:TrackPointExtension>
            <gpxtpx:hr>110</gpxtpx:hr>
          </gpxtpx:TrackPointExtension>
        </extensions>
      </trkpt>
      <trkpt lat="22.545265544018743" lon="114.10384590331202">
        <ele>22.876631043851376</ele>
        <time>2026-09-18T00:10:41.500000Z</time>
        <extensions>
          <gpxtpx:TrackPointExtension>
            <gpxtpx:hr>110</gpxtpx:hr>
          </gpxtpx:TrackPointExtension>
        </extensions>
      </trkpt>
      <trkpt lat="22.54525789356688" lon="114.10383421986414">
        <ele>22.57750290352851</ele>
        <time>2026-09-18T00:10:42.500000Z</time>
        <extensions>
          <gpxtpx:TrackPointExtension>
            <gpxtpx:hr>110</gpxtpx:hr>
          </gpxtpx:TrackPointExtension>
        </extensions>
      </trkpt>
      <trkpt lat="22.54525156727882" lon="114.10382578162556">
        <ele>22.24375949986279</ele>
        <time>2026-09-18T00:10:43.500000Z</time>
        <extensions>
          <gpxtpx:TrackPointExtension>
            <gpxtpx:hr>110</gpxtpx:hr>
          </gpxtpx:TrackPointExtension>
        </extensions>
      </trkpt>
      <trkpt lat="22.545245674435193" lon="114.10381975379843">
        <ele>21.89584071841091</ele>
        <time>2026-09-18T00:10:44.500000Z</time>
        <extensions>
          <gpxtpx:TrackPointExtension>
            <gpxtpx:hr>110</gpxtpx:hr>
          </gpxtpx:TrackPointExtension>
        </extensions>
      </trkpt>
      <trkpt lat="22.545239047660733" lon="114.10381316957977">
        <ele>21.536327096633613</ele>
        <time>2026-09-18T00:10:45.500000Z</time>
        <extensions>
          <gpxtpx:TrackPointExtension>
            <gpxtpx:hr>107</gpxtpx:hr>
          </gpxtpx:TrackPointExtension>
        </extensions>
      </trkpt>
      <trkpt lat="22.54523217674083" lon="114.10380498755859">
        <ele>21.181352651678026</ele>
        <time>2026-09-18T00:10:46.500000Z</time>
        <extensions>
          <gpxtpx:TrackPointExtension>
            <gpxtpx:hr>107</gpxtpx:hr>
          </gpxtpx:TrackPointExtension>
        </extensions>
      </trkpt>
      <trkpt lat="22.545226172987466" lon="114.10379632275314">
        <ele>20.83246780652553</ele>
        <time>2026-09-18T00:10:47.500000Z</time>
        <extensions>
          <gpxtpx:TrackPointExtension>
            <gpxtpx:hr>107</gpxtpx:hr>
          </gpxtpx:TrackPointExtension>
        </extensions>
      </trkpt>
      <trkpt lat="22.545221264575577" lon="114.10378775019032">
        <ele>20.48834069352597</ele>
        <time>2026-09-18T00:10:48.500000Z</time>
        <extensions>
          <gpxtpx:TrackPointExtension>
            <gpxtpx:hr>107</gpxtpx:hr>
          </gpxtpx:TrackPointExtension>
        </extensions>
      </trkpt>
      <trkpt lat="22.545216429051415" lon="114.1037787284076">
        <ele>20.178112612105906</ele>
        <time>2026-09-18T00:10:49.500000Z</time>
        <extensions>
          <gpxtpx:TrackPointExtension>
            <gpxtpx:hr>107</gpxtpx:hr>
          </gpxtpx:TrackPointExtension>
        </extensions>
      </trkpt>
      <trkpt lat="22.545211040101137" lon="114.10376904286774">
        <ele>19.89019508101046</ele>
        <time>2026-09-18T00:10:50.500000Z</time>
        <extensions>
          <gpxtpx:TrackPointExtension>
            <gpxtpx:hr>107</gpxtpx:hr>
          </gpxtpx:TrackPointExtension>
        </extensions>
      </trkpt>
      <trkpt lat="22.545205463527704" lon="114.1037591557088">
        <ele>19.68216518033296</ele>
        <time>2026-09-18T00:10:51.500000Z</time>
        <extensions>
          <gpxtpx:TrackPointExtension>
            <gpxtpx:hr>107</gpxtpx:hr>
          </gpxtpx:TrackPointExtension>
        </extensions>
      </trkpt>
      <trkpt lat="22.545199517540276" lon="114.10374913110168">
        <ele>19.503292620182037</ele>
        <time>2026-09-18T00:10:52.500000Z</time>
        <extensions>
          <gpxtpx:TrackPointExtension>
            <gpxtpx:hr>107</gpxtpx:hr>
          </gpxtpx:TrackPointExtension>
        </extensions>
      </trkpt>
      <trkpt lat="22.545192831373463" lon="114.10373924674887">
        <ele>19.395461902953684</ele>
        <time>2026-09-18T00:10:53.500000Z</time>
        <extensions>
          <gpxtpx:TrackPointExtension>
            <gpxtpx:hr>107</gpxtpx:hr>
          </gpxtpx:TrackPointExtension>
        </extensions>
      </trkpt>
      <trkpt lat="22.545185455628907" lon="114.10373051804628">
        <ele>19.35583803616464</ele>
        <time>2026-09-18T00:10:54.500000Z</time>
        <extensions>
          <gpxtpx:TrackPointExtension>
            <gpxtpx:hr>107</gpxtpx:hr>
          </gpxtpx:TrackPointExtension>
        </extensions>
      </trkpt>
      <trkpt lat="22.54517759061676" lon="114.10372292133557">
        <ele>19.344740371219814</ele>
        <time>2026-09-18T00:10:55.500000Z</time>
        <extensions>
          <gpxtpx:TrackPointExtension>
            <gpxtpx:hr>105</gpxtpx:hr>
          </gpxtpx:TrackPointExtension>
        </extensions>
      </trkpt>
      <trkpt lat="22.545168867104266" lon="114.1037153079894">
        <ele>19.384218344464898</ele>
        <time>2026-09-18T00:10:56.500000Z</time>
        <extensions>
          <gpxtpx:TrackPointExtension>
            <gpxtpx:hr>105</gpxtpx:hr>
          </gpxtpx:TrackPointExtension>
        </extensions>
      </trkpt>
      <trkpt lat="22.54515932822504" lon="114.1037072882418">
        <ele>19.436878826469183</ele>
        <time>2026-09-18T00:10:57.500000Z</time>
        <extensions>
          <gpxtpx:TrackPointExtension>
            <gpxtpx:hr>105</gpxtpx:hr>
          </gpxtpx:TrackPointExtension>
        </extensions>
      </trkpt>
      <trkpt lat="22.54514991752727" lon="114.10369945458918">
        <ele>19.499077571555972</ele>
        <time>2026-09-18T00:10:58.500000Z</time>
        <extensions>
          <gpxtpx:TrackPointExtension>
            <gpxtpx:hr>105</gpxtpx:hr>
          </gpxtpx:TrackPointExtension>
        </extensions>
      </trkpt>
      <trkpt lat="22.54514098964267" lon="114.10369344201827">
        <ele>19.589809821918607</ele>
        <time>2026-09-18T00:10:59.500000Z</time>
        <extensions>
          <gpxtpx:TrackPointExtension>
            <gpxtpx:hr>105</gpxtpx:hr>
          </gpxtpx:TrackPointExtension>
        </extensions>
      </trkpt>
      <trkpt lat="22.54513211382544" lon="114.10368969299677">
        <ele>19.706848848611116</ele>
        <time>2026-09-18T00:11:00.500000Z</time>
        <extensions>
          <gpxtpx:TrackPointExtension>
            <gpxtpx:hr>105</gpxtpx:hr>
          </gpxtpx:TrackPointExtension>
        </extensions>
      </trkpt>
      <trkpt lat="22.545123109844617" lon="114.1036876879836">
        <ele>19.84524185117334</ele>
        <time>2026-09-18T00:11:01.500000Z</time>
        <extensions>
          <gpxtpx:TrackPointExtension>
            <gpxtpx:hr>105</gpxtpx:hr>
          </gpxtpx:TrackPointExtension>
        </extensions>
      </trkpt>
      <trkpt lat="22.545113984197226" lon="114.10368638644917">
        <ele>20.00022204220295</ele>
        <time>2026-09-18T00:11:02.500000Z</time>
        <extensions>
          <gpxtpx:TrackPointExtension>
            <gpxtpx:hr>105</gpxtpx:hr>
          </gpxtpx:TrackPointExtension>
        </extensions>
      </trkpt>
      <trkpt lat="22.545105610006114" lon="114.10368488504508">
        <ele>20.154295686632395</ele>
        <time>2026-09-18T00:11:03.500000Z</time>
        <extensions>
          <gpxtpx:TrackPointExtension>
            <gpxtpx:hr>107</gpxtpx:hr>
          </gpxtpx:TrackPointExtension>
        </extensions>
      </trkpt>
      <trkpt lat="22.54509904795686" lon="114.10368285550356">
        <ele>20.313772587105632</ele>
        <time>2026-09-18T00:11:04.500000Z</time>
        <extensions>
          <gpxtpx:TrackPointExtension>
            <gpxtpx:hr>107</gpxtpx:hr>
          </gpxtpx:TrackPointExtension>
        </extensions>
      </trkpt>
      <trkpt lat="22.545093644166734" lon="114.10368019733353">
        <ele>20.465018867515028</ele>
        <time>2026-09-18T00:11:05.500000Z</time>
        <extensions>
          <gpxtpx:TrackPointExtension>
            <gpxtpx:hr>107</gpxtpx:hr>
          </gpxtpx:TrackPointExtension>
        </extensions>
      </trkpt>
      <trkpt lat="22.545087852978302" lon="114.10367487485703">
        <ele>20.605684935115278</ele>
        <time>2026-09-18T00:11:06.500000Z</time>
        <extensions>
          <gpxtpx:TrackPointExtension>
            <gpxtpx:hr>107</gpxtpx:hr>
          </gpxtpx:TrackPointExtension>
        </extensions>
      </trkpt>
      <trkpt lat="22.545081714655137" lon="114.10366541033788">
        <ele>20.727529504336417</ele>
        <time>2026-09-18T00:11:07.500000Z</time>
        <extensions>
          <gpxtpx:TrackPointExtension>
            <gpxtpx:hr>107</gpxtpx:hr>
          </gpxtpx:TrackPointExtension>
        </extensions>
      </trkpt>
      <trkpt lat="22.545075789503585" lon="114.10365262166036">
        <ele>20.823831548914313</ele>
        <time>2026-09-18T00:11:08.500000Z</time>
        <extensions>
          <gpxtpx:TrackPointExtension>
            <gpxtpx:hr>109</gpxtpx:hr>
          </gpxtpx:TrackPointExtension>
        </extensions>
      </trkpt>
      <trkpt lat="22.545070343150524" lon="114.10363871119193">
        <ele>20.882343185134232</ele>
        <time>2026-09-18T00:11:09.500000Z</time>
        <extensions>
          <gpxtpx:TrackPointExtension>
            <gpxtpx:hr>109</gpxtpx:hr>
          </gpxtpx:TrackPointExtension>
        </extensions>
      </trkpt>
      <trkpt lat="22.545065799547473" lon="114.10362404984636">
        <ele>20.92121982295066</ele>
        <time>2026-09-18T00:11:10.500000Z</time>
        <extensions>
          <gpxtpx:TrackPointExtension>
            <gpxtpx:hr>109</gpxtpx:hr>
          </gpxtpx:TrackPointExtension>
        </extensions>
      </trkpt>
      <trkpt lat="22.54506154497221" lon="114.10360742629014">
        <ele>20.935216118581593</ele>
        <time>2026-09-18T00:11:11.500000Z</time>
        <extensions>
          <gpxtpx:TrackPointExtension>
            <gpxtpx:hr>109</gpxtpx:hr>
          </gpxtpx:TrackPointExtension>
        </extensions>
      </trkpt>
      <trkpt lat="22.545056065596963" lon="114.10358990839187">
        <ele>20.928109948523343</ele>
        <time>2026-09-18T00:11:12.500000Z</time>
        <extensions>
          <gpxtpx:TrackPointExtension>
            <gpxtpx:hr>109</gpxtpx:hr>
          </gpxtpx:TrackPointExtension>
        </extensions>
      </trkpt>
      <trkpt lat="22.545049216100622" lon="114.10357279677108">
        <ele>20.904760266654193</ele>
        <time>2026-09-18T00:11:13.500000Z</time>
        <extensions>
          <gpxtpx:TrackPointExtension>
            <gpxtpx:hr>109</gpxtpx:hr>
          </gpxtpx:TrackPointExtension>
        </extensions>
      </trkpt>
      <trkpt lat="22.545041891517695" lon="114.10355608680922">
        <ele>20.86658396013081</ele>
        <time>2026-09-18T00:11:14.500000Z</time>
        <extensions>
          <gpxtpx:TrackPointExtension>
            <gpxtpx:hr>109</gpxtpx:hr>
          </gpxtpx:TrackPointExtension>
        </extensions>
      </trkpt>
      <trkpt lat="22.545034496800028" lon="114.10353940368864">
        <ele>20.81447174679488</ele>
        <time>2026-09-18T00:11:15.500000Z</time>
        <extensions>
          <gpxtpx:TrackPointExtension>
            <gpxtpx:hr>108</gpxtpx:hr>
          </gpxtpx:TrackPointExtension>
        </extensions>
      </trkpt>
      <trkpt lat="22.545027233264925" lon="114.10352242422908">
        <ele>20.73052387777716</ele>
        <time>2026-09-18T00:11:16.500000Z</time>
        <extensions>
          <gpxtpx:TrackPointExtension>
            <gpxtpx:hr>108</gpxtpx:hr>
          </gpxtpx:TrackPointExtension>
        </extensions>
      </trkpt>
      <trkpt lat="22.54502039960123" lon="114.10350590051806">
        <ele>20.604771997779608</ele>
        <time>2026-09-18T00:11:17.500000Z</time>
        <extensions>
          <gpxtpx:TrackPointExtension>
            <gpxtpx:hr>108</gpxtpx:hr>
          </gpxtpx:TrackPointExtension>
        </extensions>
      </trkpt>
      <trkpt lat="22.545013849753516" lon="114.10349039379247">
        <ele>20.48370783776045</ele>
        <time>2026-09-18T00:11:18.500000Z</time>
        <extensions>
          <gpxtpx:TrackPointExtension>
            <gpxtpx:hr>108</gpxtpx:hr>
          </gpxtpx:TrackPointExtension>
        </extensions>
      </trkpt>
      <trkpt lat="22.54500733297382" lon="114.10347589404557">
        <ele>20.352504868991673</ele>
        <time>2026-09-18T00:11:19.500000Z</time>
        <extensions>
          <gpxtpx:TrackPointExtension>
            <gpxtpx:hr>108</gpxtpx:hr>
          </gpxtpx:TrackPointExtension>
        </extensions>
      </trkpt>
      <trkpt lat="22.545000291075635" lon="114.10346183379417">
        <ele>20.217831291258335</ele>
        <time>2026-09-18T00:11:20.500000Z</time>
        <extensions>
          <gpxtpx:TrackPointExtension>
            <gpxtpx:hr>108</gpxtpx:hr>
          </gpxtpx:TrackPointExtension>
        </extensions>
      </trkpt>
      <trkpt lat="22.544992508267303" lon="114.1034471715444">
        <ele>20.08994834125042</ele>
        <time>2026-09-18T00:11:21.500000Z</time>
        <extensions>
          <gpxtpx:TrackPointExtension>
            <gpxtpx:hr>108</gpxtpx:hr>
          </gpxtpx:TrackPointExtension>
        </extensions>
      </trkpt>
      <trkpt lat="22.544984939497855" lon="114.10343254726764">
        <ele>19.964345660060644</ele>
        <time>2026-09-18T00:11:22.500000Z</time>
        <extensions>
          <gpxtpx:TrackPointExtension>
            <gpxtpx:hr>108</gpxtpx:hr>
          </gpxtpx:TrackPointExtension>
        </extensions>
      </trkpt>
      <trkpt lat="22.544977665948164" lon="114.10341891403117">
        <ele>19.84515339229256</ele>
        <time>2026-09-18T00:11:23.500000Z</time>
        <extensions>
          <gpxtpx:TrackPointExtension>
            <gpxtpx:hr>108</gpxtpx:hr>
          </gpxtpx:TrackPointExtension>
        </extensions>
      </trkpt>
      <trkpt lat="22.54497017029747" lon="114.10340590363809">
        <ele>19.71790497843176</ele>
        <time>2026-09-18T00:11:24.500000Z</time>
        <extensions>
          <gpxtpx:TrackPointExtension>
            <gpxtpx:hr>109</gpxtpx:hr>
          </gpxtpx:TrackPointExtension>
        </extensions>
      </trkpt>
      <trkpt lat="22.544963009372484" lon="114.1033935592568">
        <ele>19.619410548359156</ele>
        <time>2026-09-18T00:11:25.500000Z</time>
        <extensions>
          <gpxtpx:TrackPointExtension>
            <gpxtpx:hr>109</gpxtpx:hr>
          </gpxtpx:TrackPointExtension>
        </extensions>
      </trkpt>
      <trkpt lat="22.544956675057314" lon="114.10338119619253">
        <ele>19.534322055988014</ele>
        <time>2026-09-18T00:11:26.500000Z</time>
        <extensions>
          <gpxtpx:TrackPointExtension>
            <gpxtpx:hr>109</gpxtpx:hr>
          </gpxtpx:TrackPointExtension>
        </extensions>
      </trkpt>
      <trkpt lat="22.544951743561203" lon="114.1033686539505">
        <ele>19.466460390016437</ele>
        <time>2026-09-18T00:11:27.500000Z</time>
        <extensions>
          <gpxtpx:TrackPointExtension>
            <gpxtpx:hr>109</gpxtpx:hr>
          </gpxtpx:TrackPointExtension>
        </extensions>
      </trkpt>
      <trkpt lat="22.544947616962634" lon="114.1033554722934">
        <ele>19.423575215041637</ele>
        <time>2026-09-18T00:11:28.500000Z</time>
        <extensions>
          <gpxtpx:TrackPointExtension>
            <gpxtpx:hr>109</gpxtpx:hr>
          </gpxtpx:TrackPointExtension>
        </extensions>
      </trkpt>
      <trkpt lat="22.544942667264955" lon="114.10334139127698">
        <ele>19.39026462379843</ele>
        <time>2026-09-18T00:11:29.500000Z</time>
        <extensions>
          <gpxtpx:TrackPointExtension>
            <gpxtpx:hr>109</gpxtpx:hr>
          </gpxtpx:TrackPointExtension>
        </extensions>
      </trkpt>
      <trkpt lat="22.544936574120403" lon="114.10332739873006">
        <ele>19.367493285797536</ele>
        <time>2026-09-18T00:11:30.500000Z</time>
        <extensions>
          <gpxtpx:TrackPointExtension>
            <gpxtpx:hr>109</gpxtpx:hr>
          </gpxtpx:TrackPointExtension>
        </extensions>
      </trkpt>
      <trkpt lat="22.54492983403112" lon="114.10331442871646">
        <ele>19.338675587438047</ele>
        <time>2026-09-18T00:11:31.500000Z</time>
        <extensions>
          <gpxtpx:TrackPointExtension>
            <gpxtpx:hr>109</gpxtpx:hr>
          </gpxtpx:TrackPointExtension>
        </extensions>
      </trkpt>
      <trkpt lat="22.54492304274642" lon="114.10330334263017">
        <ele>19.31034315470606</ele>
        <time>2026-09-18T00:11:32.500000Z</time>
        <extensions>
          <gpxtpx:TrackPointExtension>
            <gpxtpx:hr>109</gpxtpx:hr>
          </gpxtpx:TrackPointExtension>
        </extensions>
      </trkpt>
      <trkpt lat="22.54491659507253" lon="114.10329382899727">
        <ele>19.276376373134553</ele>
        <time>2026-09-18T00:11:33.500000Z</time>
        <extensions>
          <gpxtpx:TrackPointExtension>
            <gpxtpx:hr>109</gpxtpx:hr>
          </gpxtpx:TrackPointExtension>
        </extensions>
      </trkpt>
      <trkpt lat="22.54491057535323" lon="114.10328481794178">
        <ele>19.238836381584406</ele>
        <time>2026-09-18T00:11:34.500000Z</time>
        <extensions>
          <gpxtpx:TrackPointExtension>
            <gpxtpx:hr>109</gpxtpx:hr>
          </gpxtpx:TrackPointExtension>
        </extensions>
      </trkpt>
      <trkpt lat="22.54490431795549" lon="114.10327556710861">
        <ele>19.208050216548145</ele>
        <time>2026-09-18T00:11:35.500000Z</time>
        <extensions>
          <gpxtpx:TrackPointExtension>
            <gpxtpx:hr>109</gpxtpx:hr>
          </gpxtpx:TrackPointExtension>
        </extensions>
      </trkpt>
      <trkpt lat="22.544897498376255" lon="114.10326556346693">
        <ele>19.177904579788446</ele>
        <time>2026-09-18T00:11:36.500000Z</time>
        <extensions>
          <gpxtpx:TrackPointExtension>
            <gpxtpx:hr>109</gpxtpx:hr>
          </gpxtpx:TrackPointExtension>
        </extensions>
      </trkpt>
      <trkpt lat="22.544889977637748" lon="114.10325501975183">
        <ele>19.151248880662024</ele>
        <time>2026-09-18T00:11:37.500000Z</time>
        <extensions>
          <gpxtpx:TrackPointExtension>
            <gpxtpx:hr>109</gpxtpx:hr>
          </gpxtpx:TrackPointExtension>
        </extensions>
      </trkpt>
      <trkpt lat="22.544881689637112" lon="114.10324425624191">
        <ele>19.10800663381815</ele>
        <time>2026-09-18T00:11:38.500000Z</time>
        <extensions>
          <gpxtpx:TrackPointExtension>
            <gpxtpx:hr>109</gpxtpx:hr>
          </gpxtpx:TrackPointExtension>
        </extensions>
      </trkpt>
      <trkpt lat="22.544872739732625" lon="114.10323299460686">
        <ele>19.044897303916514</ele>
        <time>2026-09-18T00:11:39.500000Z</time>
        <extensions>
          <gpxtpx:TrackPointExtension>
            <gpxtpx:hr>109</gpxtpx:hr>
          </gpxtpx:TrackPointExtension>
        </extensions>
      </trkpt>
      <trkpt lat="22.544863629809196" lon="114.103221965489">
        <ele>18.951076625846326</ele>
        <time>2026-09-18T00:11:40.500000Z</time>
        <extensions>
          <gpxtpx:TrackPointExtension>
            <gpxtpx:hr>109</gpxtpx:hr>
          </gpxtpx:TrackPointExtension>
        </extensions>
      </trkpt>
      <trkpt lat="22.544853938183003" lon="114.1032100200021">
        <ele>18.83802982699126</ele>
        <time>2026-09-18T00:11:41.500000Z</time>
        <extensions>
          <gpxtpx:TrackPointExtension>
            <gpxtpx:hr>110</gpxtpx:hr>
          </gpxtpx:TrackPointExtension>
        </extensions>
      </trkpt>
      <trkpt lat="22.544844111609244" lon="114.10319650793443">
        <ele>18.70353159867227</ele>
        <time>2026-09-18T00:11:42.500000Z</time>
        <extensions>
          <gpxtpx:TrackPointExtension>
            <gpxtpx:hr>110</gpxtpx:hr>
          </gpxtpx:TrackPointExtension>
        </extensions>
      </trkpt>
      <trkpt lat="22.544834573187785" lon="114.1031825979303">
        <ele>18.574164414778352</ele>
        <time>2026-09-18T00:11:43.500000Z</time>
        <extensions>
          <gpxtpx:TrackPointExtension>
            <gpxtpx:hr>110</gpxtpx:hr>
          </gpxtpx:TrackPointExtension>
        </extensions>
      </trkpt>
      <trkpt lat="22.544825632920208" lon="114.10316864447654">
        <ele>18.408888750709593</ele>
        <time>2026-09-18T00:11:44.500000Z</time>
        <extensions>
          <gpxtpx:TrackPointExtension>
            <gpxtpx:hr>110</gpxtpx:hr>
          </gpxtpx:TrackPointExtension>
        </extensions>
      </trkpt>
      <trkpt lat="22.544817719583115" lon="114.10315484527935">
        <ele>18.233295953832567</ele>
        <time>2026-09-18T00:11:45.500000Z</time>
        <extensions>
          <gpxtpx:TrackPointExtension>
            <gpxtpx:hr>110</gpxtpx:hr>
          </gpxtpx:TrackPointExtension>
        </extensions>
      </trkpt>
      <trkpt lat="22.544810522317064" lon="114.10314137912034">
        <ele>18.068223926238716</ele>
        <time>2026-09-18T00:11:46.500000Z</time>
        <extensions>
          <gpxtpx:TrackPointExtension>
            <gpxtpx:hr>110</gpxtpx:hr>
          </gpxtpx:TrackPointExtension>
        </extensions>
      </trkpt>
      <trkpt lat="22.544804370658" lon="114.10312973192347">
        <ele>17.876992841251194</ele>
        <time>2026-09-18T00:11:47.500000Z</time>
        <extensions>
          <gpxtpx:TrackPointExtension>
            <gpxtpx:hr>110</gpxtpx:hr>
          </gpxtpx:TrackPointExtension>
        </extensions>
      </trkpt>
      <trkpt lat="22.54480037658005" lon="114.10311918620481">
        <ele>17.651414208114147</ele>
        <time>2026-09-18T00:11:48.500000Z</time>
        <extensions>
          <gpxtpx:TrackPointExtension>
            <gpxtpx:hr>110</gpxtpx:hr>
          </gpxtpx:TrackPointExtension>
        </extensions>
      </trkpt>
      <trkpt lat="22.54479862834015" lon="114.10310740810749">
        <ele>17.40173912793398</ele>
        <time>2026-09-18T00:11:49.500000Z</time>
        <extensions>
          <gpxtpx:TrackPointExtension>
            <gpxtpx:hr>110</gpxtpx:hr>
          </gpxtpx:TrackPointExtension>
        </extensions>
      </trkpt>
      <trkpt lat="22.544797508628925" lon="114.10309409966001">
        <ele>17.118352935649455</ele>
        <time>2026-09-18T00:11:50.500000Z</time>
        <extensions>
          <gpxtpx:TrackPointExtension>
            <gpxtpx:hr>110</gpxtpx:hr>
          </gpxtpx:TrackPointExtension>
        </extensions>
      </trkpt>
      <trkpt lat="22.54479609943723" lon="114.10308047213586">
        <ele>16.82905224058777</ele>
        <time>2026-09-18T00:11:51.500000Z</time>
        <extensions>
          <gpxtpx:TrackPointExtension>
            <gpxtpx:hr>110</gpxtpx:hr>
          </gpxtpx:TrackPointExtension>
        </extensions>
      </trkpt>
      <trkpt lat="22.544794601628112" lon="114.10306650564091">
        <ele>16.51391655113548</ele>
        <time>2026-09-18T00:11:52.500000Z</time>
        <extensions>
          <gpxtpx:TrackPointExtension>
            <gpxtpx:hr>110</gpxtpx:hr>
          </gpxtpx:TrackPointExtension>
        </extensions>
      </trkpt>
      <trkpt lat="22.544793290135782" lon="114.10305199386707">
        <ele>16.17228154744953</ele>
        <time>2026-09-18T00:11:53.500000Z</time>
        <extensions>
          <gpxtpx:TrackPointExtension>
            <gpxtpx:hr>110</gpxtpx:hr>
          </gpxtpx:TrackPointExtension>
        </extensions>
      </trkpt>
      <trkpt lat="22.544791901490395" lon="114.10303688250056">
        <ele>15.820110061205924</ele>
        <time>2026-09-18T00:11:54.500000Z</time>
        <extensions>
          <gpxtpx:TrackPointExtension>
            <gpxtpx:hr>110</gpxtpx:hr>
          </gpxtpx:TrackPointExtension>
        </extensions>
      </trkpt>
      <trkpt lat="22.544790509633273" lon="114.10302130132251">
        <ele>15.480577415786684</ele>
        <time>2026-09-18T00:11:55.500000Z</time>
        <extensions>
          <gpxtpx:TrackPointExtension>
            <gpxtpx:hr>110</gpxtpx:hr>
          </gpxtpx:TrackPointExtension>
        </extensions>
      </trkpt>
      <trkpt lat="22.544788797907977" lon="114.10300722397467">
        <ele>15.129124069586396</ele>
        <time>2026-09-18T00:11:56.500000Z</time>
        <extensions>
          <gpxtpx:TrackPointExtension>
            <gpxtpx:hr>110</gpxtpx:hr>
          </gpxtpx:TrackPointExtension>
        </extensions>
      </trkpt>
      <trkpt lat="22.54478645036392" lon="114.10299502699797">
        <ele>14.764596092514694</ele>
        <time>2026-09-18T00:11:57.500000Z</time>
        <extensions>
          <gpxtpx:TrackPointExtension>
            <gpxtpx:hr>110</gpxtpx:hr>
          </gpxtpx:TrackPointExtension>
        </extensions>
      </trkpt>
      <trkpt lat="22.54478348851016" lon="114.10298301489387">
        <ele>14.395259343087673</ele>
        <time>2026-09-18T00:11:58.500000Z</time>
        <extensions>
          <gpxtpx:TrackPointExtension>
            <gpxtpx:hr>110</gpxtpx:hr>
          </gpxtpx:TrackPointExtension>
        </extensions>
      </trkpt>
      <trkpt lat="22.54477945992726" lon="114.10296995054108">
        <ele>14.050810465589166</ele>
        <time>2026-09-18T00:11:59.500000Z</time>
        <extensions>
          <gpxtpx:TrackPointExtension>
            <gpxtpx:hr>110</gpxtpx:hr>
          </gpxtpx:TrackPointExtension>
        </extensions>
      </trkpt>
      <trkpt lat="22.54477354317683" lon="114.10295587164767">
        <ele>13.735171496868134</ele>
        <time>2026-09-18T00:12:00.500000Z</time>
        <extensions>
          <gpxtpx:TrackPointExtension>
            <gpxtpx:hr>110</gpxtpx:hr>
          </gpxtpx:TrackPointExtension>
        </extensions>
      </trkpt>
      <trkpt lat="22.544766322157333" lon="114.10294229416347">
        <ele>13.435674958862364</ele>
        <time>2026-09-18T00:12:01.500000Z</time>
        <extensions>
          <gpxtpx:TrackPointExtension>
            <gpxtpx:hr>110</gpxtpx:hr>
          </gpxtpx:TrackPointExtension>
        </extensions>
      </trkpt>
      <trkpt lat="22.544759060562313" lon="114.10293023266199">
        <ele>13.172140624374151</ele>
        <time>2026-09-18T00:12:02.500000Z</time>
        <extensions>
          <gpxtpx:TrackPointExtension>
            <gpxtpx:hr>110</gpxtpx:hr>
          </gpxtpx:TrackPointExtension>
        </extensions>
      </trkpt>
      <trkpt lat="22.54475197075554" lon="114.10291952418385">
        <ele>12.923096445389092</ele>
        <time>2026-09-18T00:12:03.500000Z</time>
        <extensions>
          <gpxtpx:TrackPointExtension>
            <gpxtpx:hr>110</gpxtpx:hr>
          </gpxtpx:TrackPointExtension>
        </extensions>
      </trkpt>
      <trkpt lat="22.54474456489721" lon="114.10290921096203">
        <ele>12.711958846077323</ele>
        <time>2026-09-18T00:12:04.500000Z</time>
        <extensions>
          <gpxtpx:TrackPointExtension>
            <gpxtpx:hr>111</gpxtpx:hr>
          </gpxtpx:TrackPointExtension>
        </extensions>
      </trkpt>
      <trkpt lat="22.544736787710946" lon="114.10289885355432">
        <ele>12.539403471164405</ele>
        <time>2026-09-18T00:12:05.500000Z</time>
        <extensions>
          <gpxtpx:TrackPointExtension>
            <gpxtpx:hr>111</gpxtpx:hr>
          </gpxtpx:TrackPointExtension>
        </extensions>
      </trkpt>
      <trkpt lat="22.544729286528483" lon="114.10288863958404">
        <ele>12.414979295805097</ele>
        <time>2026-09-18T00:12:06.500000Z</time>
        <extensions>
          <gpxtpx:TrackPointExtension>
            <gpxtpx:hr>111</gpxtpx:hr>
          </gpxtpx:TrackPointExtension>
        </extensions>
      </trkpt>
      <trkpt lat="22.5447227644325" lon="114.10287925906245">
        <ele>12.330536446534097</ele>
        <time>2026-09-18T00:12:07.500000Z</time>
        <extensions>
          <gpxtpx:TrackPointExtension>
            <gpxtpx:hr>111</gpxtpx:hr>
          </gpxtpx:TrackPointExtension>
        </extensions>
      </trkpt>
      <trkpt lat="22.544717306115615" lon="114.10287079652464">
        <ele>12.270398519933224</ele>
        <time>2026-09-18T00:12:08.500000Z</time>
        <extensions>
          <gpxtpx:TrackPointExtension>
            <gpxtpx:hr>111</gpxtpx:hr>
          </gpxtpx:TrackPointExtension>
        </extensions>
      </trkpt>
      <trkpt lat="22.54471123104571" lon="114.10286013121707">
        <ele>12.223747406154871</ele>
        <time>2026-09-18T00:12:09.500000Z</time>
        <extensions>
          <gpxtpx:TrackPointExtension>
            <gpxtpx:hr>111</gpxtpx:hr>
          </gpxtpx:TrackPointExtension>
        </extensions>
      </trkpt>
      <trkpt lat="22.544703356672667" lon="114.10284544070396">
        <ele>12.205252815037966</ele>
        <time>2026-09-18T00:12:10.500000Z</time>
        <extensions>
          <gpxtpx:TrackPointExtension>
            <gpxtpx:hr>113</gpxtpx:hr>
          </gpxtpx:TrackPointExtension>
        </extensions>
      </trkpt>
      <trkpt lat="22.54469541857169" lon="114.10283048572173">
        <ele>12.194348548538983</ele>
        <time>2026-09-18T00:12:11.500000Z</time>
        <extensions>
          <gpxtpx:TrackPointExtension>
            <gpxtpx:hr>113</gpxtpx:hr>
          </gpxtpx:TrackPointExtension>
        </extensions>
      </trkpt>
      <trkpt lat="22.544688441730298" lon="114.10281707357872">
        <ele>12.197294718585908</ele>
        <time>2026-09-18T00:12:12.500000Z</time>
        <extensions>
          <gpxtpx:TrackPointExtension>
            <gpxtpx:hr>113</gpxtpx:hr>
          </gpxtpx:TrackPointExtension>
        </extensions>
      </trkpt>
      <trkpt lat="22.544682480636432" lon="114.10280444264656">
        <ele>12.184021207503974</ele>
        <time>2026-09-18T00:12:13.500000Z</time>
        <extensions>
          <gpxtpx:TrackPointExtension>
            <gpxtpx:hr>113</gpxtpx:hr>
          </gpxtpx:TrackPointExtension>
        </extensions>
      </trkpt>
      <trkpt lat="22.544677105628683" lon="114.10279122831331">
        <ele>12.183184063993394</ele>
        <time>2026-09-18T00:12:14.500000Z</time>
        <extensions>
          <gpxtpx:TrackPointExtension>
            <gpxtpx:hr>113</gpxtpx:hr>
          </gpxtpx:TrackPointExtension>
        </extensions>
      </trkpt>
      <trkpt lat="22.544671075488324" lon="114.10277610524342">
        <ele>12.16432407964021</ele>
        <time>2026-09-18T00:12:15.500000Z</time>
        <extensions>
          <gpxtpx:TrackPointExtension>
            <gpxtpx:hr>113</gpxtpx:hr>
          </gpxtpx:TrackPointExtension>
        </extensions>
      </trkpt>
      <trkpt lat="22.544664235188794" lon="114.10276026188433">
        <ele>12.146004762500525</ele>
        <time>2026-09-18T00:12:16.500000Z</time>
        <extensions>
          <gpxtpx:TrackPointExtension>
            <gpxtpx:hr>113</gpxtpx:hr>
          </gpxtpx:TrackPointExtension>
        </extensions>
      </trkpt>
      <trkpt lat="22.54465728976101" lon="114.10274510706047">
        <ele>12.126393677666783</ele>
        <time>2026-09-18T00:12:17.500000Z</time>
        <extensions>
          <gpxtpx:TrackPointExtension>
            <gpxtpx:hr>113</gpxtpx:hr>
          </gpxtpx:TrackPointExtension>
        </extensions>
      </trkpt>
      <trkpt lat="22.544650789770678" lon="114.10273078477624">
        <ele>12.100350072607398</ele>
        <time>2026-09-18T00:12:18.500000Z</time>
        <extensions>
          <gpxtpx:TrackPointExtension>
            <gpxtpx:hr>113</gpxtpx:hr>
          </gpxtpx:TrackPointExtension>
        </extensions>
      </trkpt>
      <trkpt lat="22.544644496956035" lon="114.10271787570828">
        <ele>12.06237973831594</ele>
        <time>2026-09-18T00:12:19.500000Z</time>
        <extensions>
          <gpxtpx:TrackPointExtension>
            <gpxtpx:hr>113</gpxtpx:hr>
          </gpxtpx:TrackPointExtension>
        </extensions>
      </trkpt>
      <trkpt lat="22.544637500400633" lon="114.1027062462972">
        <ele>12.006666598841548</ele>
        <time>2026-09-18T00:12:20.500000Z</time>
        <extensions>
          <gpxtpx:TrackPointExtension>
            <gpxtpx:hr>113</gpxtpx:hr>
          </gpxtpx:TrackPointExtension>
        </extensions>
      </trkpt>
      <trkpt lat="22.544629404062462" lon="114.10269442195305">
        <ele>11.94546031486243</ele>
        <time>2026-09-18T00:12:21.500000Z</time>
        <extensions>
          <gpxtpx:TrackPointExtension>
            <gpxtpx:hr>113</gpxtpx:hr>
          </gpxtpx:TrackPointExtension>
        </extensions>
      </trkpt>
      <trkpt lat="22.544620990837203" lon="114.1026824222904">
        <ele>11.865349058061838</ele>
        <time>2026-09-18T00:12:22.500000Z</time>
        <extensions>
          <gpxtpx:TrackPointExtension>
            <gpxtpx:hr>113</gpxtpx:hr>
          </gpxtpx:TrackPointExtension>
        </extensions>
      </trkpt>
      <trkpt lat="22.54461185538051" lon="114.1026702854477">
        <ele>11.765642269514501</ele>
        <time>2026-09-18T00:12:23.500000Z</time>
        <extensions>
          <gpxtpx:TrackPointExtension>
            <gpxtpx:hr>113</gpxtpx:hr>
          </gpxtpx:TrackPointExtension>
        </extensions>
      </trkpt>
      <trkpt lat="22.544601804377024" lon="114.10265804388067">
        <ele>11.641353975981474</ele>
        <time>2026-09-18T00:12:24.500000Z</time>
        <extensions>
          <gpxtpx:TrackPointExtension>
            <gpxtpx:hr>113</gpxtpx:hr>
          </gpxtpx:TrackPointExtension>
        </extensions>
      </trkpt>
      <trkpt lat="22.54459145108666" lon="114.10264565587686">
        <ele>11.512812295928597</ele>
        <time>2026-09-18T00:12:25.500000Z</time>
        <extensions>
          <gpxtpx:TrackPointExtension>
            <gpxtpx:hr>112</gpxtpx:hr>
          </gpxtpx:TrackPointExtension>
        </extensions>
      </trkpt>
      <trkpt lat="22.544582178426364" lon="114.10263306750443">
        <ele>11.392026274465024</ele>
        <time>2026-09-18T00:12:26.500000Z</time>
        <extensions>
          <gpxtpx:TrackPointExtension>
            <gpxtpx:hr>112</gpxtpx:hr>
          </gpxtpx:TrackPointExtension>
        </extensions>
      </trkpt>
      <trkpt lat="22.544573909438945" lon="114.10262110372354">
        <ele>11.304848684929311</ele>
        <time>2026-09-18T00:12:27.500000Z</time>
        <extensions>
          <gpxtpx:TrackPointExtension>
            <gpxtpx:hr>112</gpxtpx:hr>
          </gpxtpx:TrackPointExtension>
        </extensions>
      </trkpt>
      <trkpt lat="22.544565488744595" lon="114.10261000888818">
        <ele>11.213384642265737</ele>
        <time>2026-09-18T00:12:28.500000Z</time>
        <extensions>
          <gpxtpx:TrackPointExtension>
            <gpxtpx:hr>112</gpxtpx:hr>
          </gpxtpx:TrackPointExtension>
        </extensions>
      </trkpt>
      <trkpt lat="22.54455636586468" lon="114.10259925202705">
        <ele>11.115023832768202</ele>
        <time>2026-09-18T00:12:29.500000Z</time>
        <extensions>
          <gpxtpx:TrackPointExtension>
            <gpxtpx:hr>112</gpxtpx:hr>
          </gpxtpx:TrackPointExtension>
        </extensions>
      </trkpt>
      <trkpt lat="22.54454620995591" lon="114.10258862985997">
        <ele>11.01241162698716</ele>
        <time>2026-09-18T00:12:30.500000Z</time>
        <extensions>
          <gpxtpx:TrackPointExtension>
            <gpxtpx:hr>112</gpxtpx:hr>
          </gpxtpx:TrackPointExtension>
        </extensions>
      </trkpt>
      <trkpt lat="22.544536257335388" lon="114.10257789186674">
        <ele>10.929108586162329</ele>
        <time>2026-09-18T00:12:31.500000Z</time>
        <extensions>
          <gpxtpx:TrackPointExtension>
            <gpxtpx:hr>113</gpxtpx:hr>
          </gpxtpx:TrackPointExtension>
        </extensions>
      </trkpt>
      <trkpt lat="22.544527109503754" lon="114.10256612787164">
        <ele>10.863199568353593</ele>
        <time>2026-09-18T00:12:32.500000Z</time>
        <extensions>
          <gpxtpx:TrackPointExtension>
            <gpxtpx:hr>113</gpxtpx:hr>
          </gpxtpx:TrackPointExtension>
        </extensions>
      </trkpt>
      <trkpt lat="22.54451862375022" lon="114.10255356192162">
        <ele>10.835015518590808</ele>
        <time>2026-09-18T00:12:33.500000Z</time>
        <extensions>
          <gpxtpx:TrackPointExtension>
            <gpxtpx:hr>113</gpxtpx:hr>
          </gpxtpx:TrackPointExtension>
        </extensions>
      </trkpt>
      <trkpt lat="22.544510434907604" lon="114.1025410630486">
        <ele>10.844210051000118</ele>
        <time>2026-09-18T00:12:34.500000Z</time>
        <extensions>
          <gpxtpx:TrackPointExtension>
            <gpxtpx:hr>113</gpxtpx:hr>
          </gpxtpx:TrackPointExtension>
        </extensions>
      </trkpt>
      <trkpt lat="22.5445015788785" lon="114.1025297584524">
        <ele>10.89557128213346</ele>
        <time>2026-09-18T00:12:35.500000Z</time>
        <extensions>
          <gpxtpx:TrackPointExtension>
            <gpxtpx:hr>113</gpxtpx:hr>
          </gpxtpx:TrackPointExtension>
        </extensions>
      </trkpt>
      <trkpt lat="22.544491316823024" lon="114.1025194752611">
        <ele>10.962293329648674</ele>
        <time>2026-09-18T00:12:36.500000Z</time>
        <extensions>
          <gpxtpx:TrackPointExtension>
            <gpxtpx:hr>113</gpxtpx:hr>
          </gpxtpx:TrackPointExtension>
        </extensions>
      </trkpt>
      <trkpt lat="22.544480585144683" lon="114.10250976797803">
        <ele>11.051465009339154</ele>
        <time>2026-09-18T00:12:37.500000Z</time>
        <extensions>
          <gpxtpx:TrackPointExtension>
            <gpxtpx:hr>113</gpxtpx:hr>
          </gpxtpx:TrackPointExtension>
        </extensions>
      </trkpt>
      <trkpt lat="22.54447061286799" lon="114.10250036679373">
        <ele>11.159365998581052</ele>
        <time>2026-09-18T00:12:38.500000Z</time>
        <extensions>
          <gpxtpx:TrackPointExtension>
            <gpxtpx:hr>113</gpxtpx:hr>
          </gpxtpx:TrackPointExtension>
        </extensions>
      </trkpt>
      <trkpt lat="22.54446094508291" lon="114.10248949782905">
        <ele>11.28518081177026</ele>
        <time>2026-09-18T00:12:39.500000Z</time>
        <extensions>
          <gpxtpx:TrackPointExtension>
            <gpxtpx:hr>113</gpxtpx:hr>
          </gpxtpx:TrackPointExtension>
        </extensions>
      </trkpt>
      <trkpt lat="22.54445072751798" lon="114.10247615493672">
        <ele>11.419521746225655</ele>
        <time>2026-09-18T00:12:40.500000Z</time>
        <extensions>
          <gpxtpx:TrackPointExtension>
            <gpxtpx:hr>113</gpxtpx:hr>
          </gpxtpx:TrackPointExtension>
        </extensions>
      </trkpt>
      <trkpt lat="22.54444124582798" lon="114.10246248808654">
        <ele>11.574836431071162</ele>
        <time>2026-09-18T00:12:41.500000Z</time>
        <extensions>
          <gpxtpx:TrackPointExtension>
            <gpxtpx:hr>111</gpxtpx:hr>
          </gpxtpx:TrackPointExtension>
        </extensions>
      </trkpt>
      <trkpt lat="22.544433110454843" lon="114.10244995254934">
        <ele>11.71586090233177</ele>
        <time>2026-09-18T00:12:42.500000Z</time>
        <extensions>
          <gpxtpx:TrackPointExtension>
            <gpxtpx:hr>111</gpxtpx:hr>
          </gpxtpx:TrackPointExtension>
        </extensions>
      </trkpt>
      <trkpt lat="22.544425765643968" lon="114.10243845653397">
        <ele>11.87012607511133</ele>
        <time>2026-09-18T00:12:43.500000Z</time>
        <extensions>
          <gpxtpx:TrackPointExtension>
            <gpxtpx:hr>111</gpxtpx:hr>
          </gpxtpx:TrackPointExtension>
        </extensions>
      </trkpt>
      <trkpt lat="22.544419096013605" lon="114.10242785112077">
        <ele>12.0284273205325</ele>
        <time>2026-09-18T00:12:44.500000Z</time>
        <extensions>
          <gpxtpx:TrackPointExtension>
            <gpxtpx:hr>111</gpxtpx:hr>
          </gpxtpx:TrackPointExtension>
        </extensions>
      </trkpt>
      <trkpt lat="22.544412737902483" lon="114.10241750904335">
        <ele>12.185597132891417</ele>
        <time>2026-09-18T00:12:45.500000Z</time>
        <extensions>
          <gpxtpx:TrackPointExtension>
            <gpxtpx:hr>111</gpxtpx:hr>
          </gpxtpx:TrackPointExtension>
        </extensions>
      </trkpt>
      <trkpt lat="22.544406258545017" lon="114.10240656694106">
        <ele>12.347322486341</ele>
        <time>2026-09-18T00:12:46.500000Z</time>
        <extensions>
          <gpxtpx:TrackPointExtension>
            <gpxtpx:hr>109</gpxtpx:hr>
          </gpxtpx:TrackPointExtension>
        </extensions>
      </trkpt>
      <trkpt lat="22.544399257542395" lon="114.10239414809048">
        <ele>12.510947631672025</ele>
        <time>2026-09-18T00:12:47.500000Z</time>
        <extensions>
          <gpxtpx:TrackPointExtension>
            <gpxtpx:hr>109</gpxtpx:hr>
          </gpxtpx:TrackPointExtension>
        </extensions>
      </trkpt>
      <trkpt lat="22.544391918005527" lon="114.10238075265974">
        <ele>12.683614674024284</ele>
        <time>2026-09-18T00:12:48.500000Z</time>
        <extensions>
          <gpxtpx:TrackPointExtension>
            <gpxtpx:hr>109</gpxtpx:hr>
          </gpxtpx:TrackPointExtension>
        </extensions>
      </trkpt>
      <trkpt lat="22.544384443417638" lon="114.10236702790279">
        <ele>12.845809154212475</ele>
        <time>2026-09-18T00:12:49.500000Z</time>
        <extensions>
          <gpxtpx:TrackPointExtension>
            <gpxtpx:hr>109</gpxtpx:hr>
          </gpxtpx:TrackPointExtension>
        </extensions>
      </trkpt>
      <trkpt lat="22.54437684375854" lon="114.10235311788072">
        <ele>12.968060571700335</ele>
        <time>2026-09-18T00:12:50.500000Z</time>
        <extensions>
          <gpxtpx:TrackPointExtension>
            <gpxtpx:hr>109</gpxtpx:hr>
          </gpxtpx:TrackPointExtension>
        </extensions>
      </trkpt>
      <trkpt lat="22.544369133581363" lon="114.10233938507575">
        <ele>13.081725833937526</ele>
        <time>2026-09-18T00:12:51.500000Z</time>
        <extensions>
          <gpxtpx:TrackPointExtension>
            <gpxtpx:hr>107</gpxtpx:hr>
          </gpxtpx:TrackPointExtension>
        </extensions>
      </trkpt>
      <trkpt lat="22.54436137973333" lon="114.1023262207431">
        <ele>13.203289220109582</ele>
        <time>2026-09-18T00:12:52.500000Z</time>
        <extensions>
          <gpxtpx:TrackPointExtension>
            <gpxtpx:hr>107</gpxtpx:hr>
          </gpxtpx:TrackPointExtension>
        </extensions>
      </trkpt>
      <trkpt lat="22.544353637860105" lon="114.10231382669218">
        <ele>13.320623520761728</ele>
        <time>2026-09-18T00:12:53.500000Z</time>
        <extensions>
          <gpxtpx:TrackPointExtension>
            <gpxtpx:hr>107</gpxtpx:hr>
          </gpxtpx:TrackPointExtension>
        </extensions>
      </trkpt>
      <trkpt lat="22.544345797287637" lon="114.1023022437738">
        <ele>13.437297877855599</ele>
        <time>2026-09-18T00:12:54.500000Z</time>
        <extensions>
          <gpxtpx:TrackPointExtension>
            <gpxtpx:hr>107</gpxtpx:hr>
          </gpxtpx:TrackPointExtension>
        </extensions>
      </trkpt>
      <trkpt lat="22.54433811950347" lon="114.10229175167368">
        <ele>13.551268547773361</ele>
        <time>2026-09-18T00:12:55.500000Z</time>
        <extensions>
          <gpxtpx:TrackPointExtension>
            <gpxtpx:hr>107</gpxtpx:hr>
          </gpxtpx:TrackPointExtension>
        </extensions>
      </trkpt>
      <trkpt lat="22.544331579098575" lon="114.10228238837462">
        <ele>13.687965586781502</ele>
        <time>2026-09-18T00:12:56.500000Z</time>
        <extensions>
          <gpxtpx:TrackPointExtension>
            <gpxtpx:hr>105</gpxtpx:hr>
          </gpxtpx:TrackPointExtension>
        </extensions>
      </trkpt>
      <trkpt lat="22.544326516128375" lon="114.10227347148536">
        <ele>13.804842601530254</ele>
        <time>2026-09-18T00:12:57.500000Z</time>
        <extensions>
          <gpxtpx:TrackPointExtension>
            <gpxtpx:hr>105</gpxtpx:hr>
          </gpxtpx:TrackPointExtension>
        </extensions>
      </trkpt>
      <trkpt lat="22.544322297506312" lon="114.10226393114492">
        <ele>13.899441471323371</ele>
        <time>2026-09-18T00:12:58.500000Z</time>
        <extensions>
          <gpxtpx:TrackPointExtension>
            <gpxtpx:hr>105</gpxtpx:hr>
          </gpxtpx:TrackPointExtension>
        </extensions>
      </trkpt>
      <trkpt lat="22.544317885069354" lon="114.10225407660391">
        <ele>14.006141246296465</ele>
        <time>2026-09-18T00:12:59.500000Z</time>
        <extensions>
          <gpxtpx:TrackPointExtension>
            <gpxtpx:hr>105</gpxtpx:hr>
          </gpxtpx:TrackPointExtension>
        </extensions>
      </trkpt>
      <trkpt lat="22.54431268868976" lon="114.10224456961842">
        <ele>14.094691487029195</ele>
        <time>2026-09-18T00:13:00.500000Z</time>
        <extensions>
          <gpxtpx:TrackPointExtension>
            <gpxtpx:hr>105</gpxtpx:hr>
          </gpxtpx:TrackPointExtension>
        </extensions>
      </trkpt>
      <trkpt lat="22.544306698701103" lon="114.10223524945363">
        <ele>14.156363761983812</ele>
        <time>2026-09-18T00:13:01.500000Z</time>
        <extensions>
          <gpxtpx:TrackPointExtension>
            <gpxtpx:hr>108</gpxtpx:hr>
          </gpxtpx:TrackPointExtension>
        </extensions>
      </trkpt>
      <trkpt lat="22.544300370029685" lon="114.10222562304209">
        <ele>14.213007832877338</ele>
        <time>2026-09-18T00:13:02.500000Z</time>
        <extensions>
          <gpxtpx:TrackPointExtension>
            <gpxtpx:hr>108</gpxtpx:hr>
          </gpxtpx:TrackPointExtension>
        </extensions>
      </trkpt>
      <trkpt lat="22.54429371680538" lon="114.10221551056439">
        <ele>14.256802534684539</ele>
        <time>2026-09-18T00:13:03.500000Z</time>
        <extensions>
          <gpxtpx:TrackPointExtension>
            <gpxtpx:hr>108</gpxtpx:hr>
          </gpxtpx:TrackPointExtension>
        </extensions>
      </trkpt>
      <trkpt lat="22.544286807412657" lon="114.10220475844437">
        <ele>14.29036878887564</ele>
        <time>2026-09-18T00:13:04.500000Z</time>
        <extensions>
          <gpxtpx:TrackPointExtension>
            <gpxtpx:hr>108</gpxtpx:hr>
          </gpxtpx:TrackPointExtension>
        </extensions>
      </trkpt>
      <trkpt lat="22.544279590116055" lon="114.10219277214816">
        <ele>14.318218390457332</ele>
        <time>2026-09-18T00:13:05.500000Z</time>
        <extensions>
          <gpxtpx:TrackPointExtension>
            <gpxtpx:hr>108</gpxtpx:hr>
          </gpxtpx:TrackPointExtension>
        </extensions>
      </trkpt>
      <trkpt lat="22.544271847346995" lon="114.1021794184347">
        <ele>14.324663345701993</ele>
        <time>2026-09-18T00:13:06.500000Z</time>
        <extensions>
          <gpxtpx:TrackPointExtension>
            <gpxtpx:hr>109</gpxtpx:hr>
          </gpxtpx:TrackPointExtension>
        </extensions>
      </trkpt>
      <trkpt lat="22.544264306905493" lon="114.10216568147973">
        <ele>14.280741416849196</ele>
        <time>2026-09-18T00:13:07.500000Z</time>
        <extensions>
          <gpxtpx:TrackPointExtension>
            <gpxtpx:hr>109</gpxtpx:hr>
          </gpxtpx:TrackPointExtension>
        </extensions>
      </trkpt>
      <trkpt lat="22.544256920213655" lon="114.10215291865964">
        <ele>14.163537460379303</ele>
        <time>2026-09-18T00:13:08.500000Z</time>
        <extensions>
          <gpxtpx:TrackPointExtension>
            <gpxtpx:hr>109</gpxtpx:hr>
          </gpxtpx:TrackPointExtension>
        </extensions>
      </trkpt>
      <trkpt lat="22.544249195656047" lon="114.10214124878313">
        <ele>14.019328563474119</ele>
        <time>2026-09-18T00:13:09.500000Z</time>
        <extensions>
          <gpxtpx:TrackPointExtension>
            <gpxtpx:hr>108</gpxtpx:hr>
          </gpxtpx:TrackPointExtension>
        </extensions>
      </trkpt>
      <trkpt lat="22.54424071607066" lon="114.10212951899767">
        <ele>13.857114340178668</ele>
        <time>2026-09-18T00:13:10.500000Z</time>
        <extensions>
          <gpxtpx:TrackPointExtension>
            <gpxtpx:hr>108</gpxtpx:hr>
          </gpxtpx:TrackPointExtension>
        </extensions>
      </trkpt>
      <trkpt lat="22.54423111587728" lon="114.10211645067781">
        <ele>13.66777909360826</ele>
        <time>2026-09-18T00:13:11.500000Z</time>
        <extensions>
          <gpxtpx:TrackPointExtension>
            <gpxtpx:hr>108</gpxtpx:hr>
          </gpxtpx:TrackPointExtension>
        </extensions>
      </trkpt>
      <trkpt lat="22.54422182831933" lon="114.1021030619677">
        <ele>13.463406317867339</ele>
        <time>2026-09-18T00:13:12.500000Z</time>
        <extensions>
          <gpxtpx:TrackPointExtension>
            <gpxtpx:hr>108</gpxtpx:hr>
          </gpxtpx:TrackPointExtension>
        </extensions>
      </trkpt>
      <trkpt lat="22.544214239719746" lon="114.10209092716475">
        <ele>13.248952371068299</ele>
        <time>2026-09-18T00:13:13.500000Z</time>
        <extensions>
          <gpxtpx:TrackPointExtension>
            <gpxtpx:hr>108</gpxtpx:hr>
          </gpxtpx:TrackPointExtension>
        </extensions>
      </trkpt>
      <trkpt lat="22.544208299064387" lon="114.1020806030843">
        <ele>13.012384883128107</ele>
        <time>2026-09-18T00:13:14.500000Z</time>
        <extensions>
          <gpxtpx:TrackPointExtension>
            <gpxtpx:hr>108</gpxtpx:hr>
          </gpxtpx:TrackPointExtension>
        </extensions>
      </trkpt>
      <trkpt lat="22.544202980939968" lon="114.10207085817423">
        <ele>12.758945907466114</ele>
        <time>2026-09-18T00:13:15.500000Z</time>
        <extensions>
          <gpxtpx:TrackPointExtension>
            <gpxtpx:hr>109</gpxtpx:hr>
          </gpxtpx:TrackPointExtension>
        </extensions>
      </trkpt>
      <trkpt lat="22.544196817918298" lon="114.10205970465023">
        <ele>12.495503196492791</ele>
        <time>2026-09-18T00:13:16.500000Z</time>
        <extensions>
          <gpxtpx:TrackPointExtension>
            <gpxtpx:hr>109</gpxtpx:hr>
          </gpxtpx:TrackPointExtension>
        </extensions>
      </trkpt>
      <trkpt lat="22.544189337295478" lon="114.10204680548709">
        <ele>12.243675958365202</ele>
        <time>2026-09-18T00:13:17.500000Z</time>
        <extensions>
          <gpxtpx:TrackPointExtension>
            <gpxtpx:hr>109</gpxtpx:hr>
          </gpxtpx:TrackPointExtension>
        </extensions>
      </trkpt>
      <trkpt lat="22.544181038225673" lon="114.10203394454741">
        <ele>11.986585690639913</ele>
        <time>2026-09-18T00:13:18.500000Z</time>
        <extensions>
          <gpxtpx:TrackPointExtension>
            <gpxtpx:hr>109</gpxtpx:hr>
          </gpxtpx:TrackPointExtension>
        </extensions>
      </trkpt>
      <trkpt lat="22.544172792995678" lon="114.10202194731241">
        <ele>11.749454882927239</ele>
        <time>2026-09-18T00:13:19.500000Z</time>
        <extensions>
          <gpxtpx:TrackPointExtension>
            <gpxtpx:hr>109</gpxtpx:hr>
          </gpxtpx:TrackPointExtension>
        </extensions>
      </trkpt>
      <trkpt lat="22.544164689151636" lon="114.1020089478481">
        <ele>11.538327284157276</ele>
        <time>2026-09-18T00:13:20.500000Z</time>
        <extensions>
          <gpxtpx:TrackPointExtension>
            <gpxtpx:hr>109</gpxtpx:hr>
          </gpxtpx:TrackPointExtension>
        </extensions>
      </trkpt>
      <trkpt lat="22.544157063943274" lon="114.10199487879557">
        <ele>11.33182005956769</ele>
        <time>2026-09-18T00:13:21.500000Z</time>
        <extensions>
          <gpxtpx:TrackPointExtension>
            <gpxtpx:hr>109</gpxtpx:hr>
          </gpxtpx:TrackPointExtension>
        </extensions>
      </trkpt>
      <trkpt lat="22.544149963011684" lon="114.10198039608682">
        <ele>11.154507266357541</ele>
        <time>2026-09-18T00:13:22.500000Z</time>
        <extensions>
          <gpxtpx:TrackPointExtension>
            <gpxtpx:hr>109</gpxtpx:hr>
          </gpxtpx:TrackPointExtension>
        </extensions>
      </trkpt>
      <trkpt lat="22.544142986442004" lon="114.10196574990931">
        <ele>11.05692136567086</ele>
        <time>2026-09-18T00:13:23.500000Z</time>
        <extensions>
          <gpxtpx:TrackPointExtension>
            <gpxtpx:hr>110</gpxtpx:hr>
          </gpxtpx:TrackPointExtension>
        </extensions>
      </trkpt>
      <trkpt lat="22.544136176352087" lon="114.1019500093292">
        <ele>11.003364654257894</ele>
        <time>2026-09-18T00:13:24.500000Z</time>
        <extensions>
          <gpxtpx:TrackPointExtension>
            <gpxtpx:hr>110</gpxtpx:hr>
          </gpxtpx:TrackPointExtension>
        </extensions>
      </trkpt>
      <trkpt lat="22.544130491627147" lon="114.10193395399679">
        <ele>10.987102879211307</ele>
        <time>2026-09-18T00:13:25.500000Z</time>
        <extensions>
          <gpxtpx:TrackPointExtension>
            <gpxtpx:hr>110</gpxtpx:hr>
          </gpxtpx:TrackPointExtension>
        </extensions>
      </trkpt>
      <trkpt lat="22.54412640394362" lon="114.10191835901847">
        <ele>10.999857638962567</ele>
        <time>2026-09-18T00:13:26.500000Z</time>
        <extensions>
          <gpxtpx:TrackPointExtension>
            <gpxtpx:hr>110</gpxtpx:hr>
          </gpxtpx:TrackPointExtension>
        </extensions>
      </trkpt>
      <trkpt lat="22.54412383093195" lon="114.10190281837518">
        <ele>11.039769126102328</ele>
        <time>2026-09-18T00:13:27.500000Z</time>
        <extensions>
          <gpxtpx:TrackPointExtension>
            <gpxtpx:hr>110</gpxtpx:hr>
          </gpxtpx:TrackPointExtension>
        </extensions>
      </trkpt>
      <trkpt lat="22.544122675240576" lon="114.10188775164336">
        <ele>11.073262218385935</ele>
        <time>2026-09-18T00:13:28.500000Z</time>
        <extensions>
          <gpxtpx:TrackPointExtension>
            <gpxtpx:hr>109</gpxtpx:hr>
          </gpxtpx:TrackPointExtension>
        </extensions>
      </trkpt>
      <trkpt lat="22.54412243795513" lon="114.10187357393067">
        <ele>11.127875404432416</ele>
        <time>2026-09-18T00:13:29.500000Z</time>
        <extensions>
          <gpxtpx:TrackPointExtension>
            <gpxtpx:hr>109</gpxtpx:hr>
          </gpxtpx:TrackPointExtension>
        </extensions>
      </trkpt>
      <trkpt lat="22.544121865347538" lon="114.10185995298481">
        <ele>11.187985566444695</ele>
        <time>2026-09-18T00:13:30.500000Z</time>
        <extensions>
          <gpxtpx:TrackPointExtension>
            <gpxtpx:hr>109</gpxtpx:hr>
          </gpxtpx:TrackPointExtension>
        </extensions>
      </trkpt>
      <trkpt lat="22.54411976016165" lon="114.10184530461014">
        <ele>11.258039044216275</ele>
        <time>2026-09-18T00:13:31.500000Z</time>
        <extensions>
          <gpxtpx:TrackPointExtension>
            <gpxtpx:hr>109</gpxtpx:hr>
          </gpxtpx:TrackPointExtension>
        </extensions>
      </trkpt>
      <trkpt lat="22.544116119678222" lon="114.10183053472912">
        <ele>11.368581749498844</ele>
        <time>2026-09-18T00:13:32.500000Z</time>
        <extensions>
          <gpxtpx:TrackPointExtension>
            <gpxtpx:hr>109</gpxtpx:hr>
          </gpxtpx:TrackPointExtension>
        </extensions>
      </trkpt>
      <trkpt lat="22.544111567337303" lon="114.10181673858692">
        <ele>11.507723471149802</ele>
        <time>2026-09-18T00:13:33.500000Z</time>
        <extensions>
          <gpxtpx:TrackPointExtension>
            <gpxtpx:hr>109</gpxtpx:hr>
          </gpxtpx:TrackPointExtension>
        </extensions>
      </trkpt>
      <trkpt lat="22.544106699916377" lon="114.10180263807605">
        <ele>11.65358741208911</ele>
        <time>2026-09-18T00:13:34.500000Z</time>
        <extensions>
          <gpxtpx:TrackPointExtension>
            <gpxtpx:hr>113</gpxtpx:hr>
          </gpxtpx:TrackPointExtension>
        </extensions>
      </trkpt>
      <trkpt lat="22.544101595460855" lon="114.10178784015429">
        <ele>11.82448174059391</ele>
        <time>2026-09-18T00:13:35.500000Z</time>
        <extensions>
          <gpxtpx:TrackPointExtension>
            <gpxtpx:hr>113</gpxtpx:hr>
          </gpxtpx:TrackPointExtension>
        </extensions>
      </trkpt>
      <trkpt lat="22.544096024679625" lon="114.10177305237964">
        <ele>12.016718624159694</ele>
        <time>2026-09-18T00:13:36.500000Z</time>
        <extensions>
          <gpxtpx:TrackPointExtension>
            <gpxtpx:hr>113</gpxtpx:hr>
          </gpxtpx:TrackPointExtension>
        </extensions>
      </trkpt>
      <trkpt lat="22.54408992237604" lon="114.10175895864353">
        <ele>12.218101028352976</ele>
        <time>2026-09-18T00:13:37.500000Z</time>
        <extensions>
          <gpxtpx:TrackPointExtension>
            <gpxtpx:hr>113</gpxtpx:hr>
          </gpxtpx:TrackPointExtension>
        </extensions>
      </trkpt>
      <trkpt lat="22.54408358771973" lon="114.10174543573717">
        <ele>12.43960141018033</ele>
        <time>2026-09-18T00:13:38.500000Z</time>
        <extensions>
          <gpxtpx:TrackPointExtension>
            <gpxtpx:hr>113</gpxtpx:hr>
          </gpxtpx:TrackPointExtension>
        </extensions>
      </trkpt>
      <trkpt lat="22.544076993701328" lon="114.10173212923058">
        <ele>12.643858870491385</ele>
        <time>2026-09-18T00:13:39.500000Z</time>
        <extensions>
          <gpxtpx:TrackPointExtension>
            <gpxtpx:hr>113</gpxtpx:hr>
          </gpxtpx:TrackPointExtension>
        </extensions>
      </trkpt>
      <trkpt lat="22.544069697008677" lon="114.10171784566492">
        <ele>12.841002208180726</ele>
        <time>2026-09-18T00:13:40.500000Z</time>
        <extensions>
          <gpxtpx:TrackPointExtension>
            <gpxtpx:hr>115</gpxtpx:hr>
          </gpxtpx:TrackPointExtension>
        </extensions>
      </trkpt>
      <trkpt lat="22.544061681718627" lon="114.10170194565406">
        <ele>13.065819211304188</ele>
        <time>2026-09-18T00:13:41.500000Z</time>
        <extensions>
          <gpxtpx:TrackPointExtension>
            <gpxtpx:hr>115</gpxtpx:hr>
          </gpxtpx:TrackPointExtension>
        </extensions>
      </trkpt>
      <trkpt lat="22.54405428822667" lon="114.10168642236397">
        <ele>13.272881679236889</ele>
        <time>2026-09-18T00:13:42.500000Z</time>
        <extensions>
          <gpxtpx:TrackPointExtension>
            <gpxtpx:hr>115</gpxtpx:hr>
          </gpxtpx:TrackPointExtension>
        </extensions>
      </trkpt>
      <trkpt lat="22.544048071534842" lon="114.10167273536786">
        <ele>13.501573890447617</ele>
        <time>2026-09-18T00:13:43.500000Z</time>
        <extensions>
          <gpxtpx:TrackPointExtension>
            <gpxtpx:hr>115</gpxtpx:hr>
          </gpxtpx:TrackPointExtension>
        </extensions>
      </trkpt>
      <trkpt lat="22.544042717180655" lon="114.10165974841264">
        <ele>13.749153818935156</ele>
        <time>2026-09-18T00:13:44.500000Z</time>
        <extensions>
          <gpxtpx:TrackPointExtension>
            <gpxtpx:hr>114</gpxtpx:hr>
          </gpxtpx:TrackPointExtension>
        </extensions>
      </trkpt>
      <trkpt lat="22.54403774493109" lon="114.1016463126606">
        <ele>13.9978352105245</ele>
        <time>2026-09-18T00:13:45.500000Z</time>
        <extensions>
          <gpxtpx:TrackPointExtension>
            <gpxtpx:hr>114</gpxtpx:hr>
          </gpxtpx:TrackPointExtension>
        </extensions>
      </trkpt>
      <trkpt lat="22.54403218962853" lon="114.10163171793388">
        <ele>14.20845709182322</ele>
        <time>2026-09-18T00:13:46.500000Z</time>
        <extensions>
          <gpxtpx:TrackPointExtension>
            <gpxtpx:hr>114</gpxtpx:hr>
          </gpxtpx:TrackPointExtension>
        </extensions>
      </trkpt>
      <trkpt lat="22.544026562475885" lon="114.10161677319266">
        <ele>14.410587459802628</ele>
        <time>2026-09-18T00:13:47.500000Z</time>
        <extensions>
          <gpxtpx:TrackPointExtension>
            <gpxtpx:hr>114</gpxtpx:hr>
          </gpxtpx:TrackPointExtension>
        </extensions>
      </trkpt>
      <trkpt lat="22.544021433647174" lon="114.10160240425525">
        <ele>14.607454704120755</ele>
        <time>2026-09-18T00:13:48.500000Z</time>
        <extensions>
          <gpxtpx:TrackPointExtension>
            <gpxtpx:hr>114</gpxtpx:hr>
          </gpxtpx:TrackPointExtension>
        </extensions>
      </trkpt>
      <trkpt lat="22.544016760025848" lon="114.10158813892474">
        <ele>14.8021839261055</ele>
        <time>2026-09-18T00:13:49.500000Z</time>
        <extensions>
          <gpxtpx:TrackPointExtension>
            <gpxtpx:hr>114</gpxtpx:hr>
          </gpxtpx:TrackPointExtension>
        </extensions>
      </trkpt>
      <trkpt lat="22.54401275472978" lon="114.10157352777681">
        <ele>14.98716782219708</ele>
        <time>2026-09-18T00:13:50.500000Z</time>
        <extensions>
          <gpxtpx:TrackPointExtension>
            <gpxtpx:hr>114</gpxtpx:hr>
          </gpxtpx:TrackPointExtension>
        </extensions>
      </trkpt>
      <trkpt lat="22.54400966829684" lon="114.10155912992211">
        <ele>15.156775588169694</ele>
        <time>2026-09-18T00:13:51.500000Z</time>
        <extensions>
          <gpxtpx:TrackPointExtension>
            <gpxtpx:hr>114</gpxtpx:hr>
          </gpxtpx:TrackPointExtension>
        </extensions>
      </trkpt>
      <trkpt lat="22.544007585127734" lon="114.10154425772699">
        <ele>15.319584291428328</ele>
        <time>2026-09-18T00:13:52.500000Z</time>
        <extensions>
          <gpxtpx:TrackPointExtension>
            <gpxtpx:hr>114</gpxtpx:hr>
          </gpxtpx:TrackPointExtension>
        </extensions>
      </trkpt>
      <trkpt lat="22.544006541840815" lon="114.10152844209576">
        <ele>15.476103713735938</ele>
        <time>2026-09-18T00:13:53.500000Z</time>
        <extensions>
          <gpxtpx:TrackPointExtension>
            <gpxtpx:hr>114</gpxtpx:hr>
          </gpxtpx:TrackPointExtension>
        </extensions>
      </trkpt>
      <trkpt lat="22.544006247329655" lon="114.10151232766142">
        <ele>15.622113391757011</ele>
        <time>2026-09-18T00:13:54.500000Z</time>
        <extensions>
          <gpxtpx:TrackPointExtension>
            <gpxtpx:hr>114</gpxtpx:hr>
          </gpxtpx:TrackPointExtension>
        </extensions>
      </trkpt>
      <trkpt lat="22.544006540432452" lon="114.10149542711699">
        <ele>15.772196795791388</ele>
        <time>2026-09-18T00:13:55.500000Z</time>
        <extensions>
          <gpxtpx:TrackPointExtension>
            <gpxtpx:hr>114</gpxtpx:hr>
          </gpxtpx:TrackPointExtension>
        </extensions>
      </trkpt>
      <trkpt lat="22.544007818577157" lon="114.10147928220654">
        <ele>15.919027904048562</ele>
        <time>2026-09-18T00:13:56.500000Z</time>
        <extensions>
          <gpxtpx:TrackPointExtension>
            <gpxtpx:hr>114</gpxtpx:hr>
          </gpxtpx:TrackPointExtension>
        </extensions>
      </trkpt>
      <trkpt lat="22.5440102522415" lon="114.10146430219108">
        <ele>16.04409346729517</ele>
        <time>2026-09-18T00:13:57.500000Z</time>
        <extensions>
          <gpxtpx:TrackPointExtension>
            <gpxtpx:hr>114</gpxtpx:hr>
          </gpxtpx:TrackPointExtension>
        </extensions>
      </trkpt>
      <trkpt lat="22.544013235805696" lon="114.10144936254554">
        <ele>16.140481817536056</ele>
        <time>2026-09-18T00:13:58.500000Z</time>
        <extensions>
          <gpxtpx:TrackPointExtension>
            <gpxtpx:hr>114</gpxtpx:hr>
          </gpxtpx:TrackPointExtension>
        </extensions>
      </trkpt>
      <trkpt lat="22.544016229195332" lon="114.10143486789428">
        <ele>16.21631022170186</ele>
        <time>2026-09-18T00:13:59.500000Z</time>
        <extensions>
          <gpxtpx:TrackPointExtension>
            <gpxtpx:hr>114</gpxtpx:hr>
          </gpxtpx:TrackPointExtension>
        </extensions>
      </trkpt>
      <trkpt lat="22.544019221248774" lon="114.1014210252576">
        <ele>16.253509340807796</ele>
        <time>2026-09-18T00:14:00.500000Z</time>
        <extensions>
          <gpxtpx:TrackPointExtension>
            <gpxtpx:hr>114</gpxtpx:hr>
          </gpxtpx:TrackPointExtension>
        </extensions>
      </trkpt>
      <trkpt lat="22.544022404850235" lon="114.10140727124413">
        <ele>16.27169882133603</ele>
        <time>2026-09-18T00:14:01.500000Z</time>
        <extensions>
          <gpxtpx:TrackPointExtension>
            <gpxtpx:hr>114</gpxtpx:hr>
          </gpxtpx:TrackPointExtension>
        </extensions>
      </trkpt>
      <trkpt lat="22.544026160420998" lon="114.10139318033195">
        <ele>16.244001074694097</ele>
        <time>2026-09-18T00:14:02.500000Z</time>
        <extensions>
          <gpxtpx:TrackPointExtension>
            <gpxtpx:hr>114</gpxtpx:hr>
          </gpxtpx:TrackPointExtension>
        </extensions>
      </trkpt>
      <trkpt lat="22.544030933061123" lon="114.10137927272943">
        <ele>16.186567563563585</ele>
        <time>2026-09-18T00:14:03.500000Z</time>
        <extensions>
          <gpxtpx:TrackPointExtension>
            <gpxtpx:hr>114</gpxtpx:hr>
          </gpxtpx:TrackPointExtension>
        </extensions>
      </trkpt>
      <trkpt lat="22.54403666361214" lon="114.10136614188004">
        <ele>16.08226079121232</ele>
        <time>2026-09-18T00:14:04.500000Z</time>
        <extensions>
          <gpxtpx:TrackPointExtension>
            <gpxtpx:hr>114</gpxtpx:hr>
          </gpxtpx:TrackPointExtension>
        </extensions>
      </trkpt>
      <trkpt lat="22.54404337879307" lon="114.10135358123948">
        <ele>15.909612463787198</ele>
        <time>2026-09-18T00:14:05.500000Z</time>
        <extensions>
          <gpxtpx:TrackPointExtension>
            <gpxtpx:hr>114</gpxtpx:hr>
          </gpxtpx:TrackPointExtension>
        </extensions>
      </trkpt>
      <trkpt lat="22.544051124388773" lon="114.10134118984816">
        <ele>15.64078244753182</ele>
        <time>2026-09-18T00:14:06.500000Z</time>
        <extensions>
          <gpxtpx:TrackPointExtension>
            <gpxtpx:hr>113</gpxtpx:hr>
          </gpxtpx:TrackPointExtension>
        </extensions>
      </trkpt>
      <trkpt lat="22.54405990863652" lon="114.1013284122895">
        <ele>15.344188023358583</ele>
        <time>2026-09-18T00:14:07.500000Z</time>
        <extensions>
          <gpxtpx:TrackPointExtension>
            <gpxtpx:hr>113</gpxtpx:hr>
          </gpxtpx:TrackPointExtension>
        </extensions>
      </trkpt>
      <trkpt lat="22.54406962502407" lon="114.10131466531813">
        <ele>15.018225667998195</ele>
        <time>2026-09-18T00:14:08.500000Z</time>
        <extensions>
          <gpxtpx:TrackPointExtension>
            <gpxtpx:hr>113</gpxtpx:hr>
          </gpxtpx:TrackPointExtension>
        </extensions>
      </trkpt>
      <trkpt lat="22.54407961918121" lon="114.10130022733858">
        <ele>14.659525560215116</ele>
        <time>2026-09-18T00:14:09.500000Z</time>
        <extensions>
          <gpxtpx:TrackPointExtension>
            <gpxtpx:hr>113</gpxtpx:hr>
          </gpxtpx:TrackPointExtension>
        </extensions>
      </trkpt>
      <trkpt lat="22.544089155199586" lon="114.101285874809">
        <ele>14.297317240387201</ele>
        <time>2026-09-18T00:14:10.500000Z</time>
        <extensions>
          <gpxtpx:TrackPointExtension>
            <gpxtpx:hr>113</gpxtpx:hr>
          </gpxtpx:TrackPointExtension>
        </extensions>
      </trkpt>
      <trkpt lat="22.544096791906075" lon="114.1012737936804">
        <ele>13.92634704709053</ele>
        <time>2026-09-18T00:14:11.500000Z</time>
        <extensions>
          <gpxtpx:TrackPointExtension>
            <gpxtpx:hr>113</gpxtpx:hr>
          </gpxtpx:TrackPointExtension>
        </extensions>
      </trkpt>
      <trkpt lat="22.544104045331913" lon="114.10126251258387">
        <ele>13.576871417462826</ele>
        <time>2026-09-18T00:14:12.500000Z</time>
        <extensions>
          <gpxtpx:TrackPointExtension>
            <gpxtpx:hr>113</gpxtpx:hr>
          </gpxtpx:TrackPointExtension>
        </extensions>
      </trkpt>
      <trkpt lat="22.54411290495494" lon="114.10124900715549">
        <ele>13.217224824242294</ele>
        <time>2026-09-18T00:14:13.500000Z</time>
        <extensions>
          <gpxtpx:TrackPointExtension>
            <gpxtpx:hr>113</gpxtpx:hr>
          </gpxtpx:TrackPointExtension>
        </extensions>
      </trkpt>
      <trkpt lat="22.54412192405344" lon="114.10123484065095">
        <ele>12.8809419805184</ele>
        <time>2026-09-18T00:14:14.500000Z</time>
        <extensions>
          <gpxtpx:TrackPointExtension>
            <gpxtpx:hr>113</gpxtpx:hr>
          </gpxtpx:TrackPointExtension>
        </extensions>
      </trkpt>
      <trkpt lat="22.544130111324474" lon="114.1012210192275">
        <ele>12.598417614586651</ele>
        <time>2026-09-18T00:14:15.500000Z</time>
        <extensions>
          <gpxtpx:TrackPointExtension>
            <gpxtpx:hr>113</gpxtpx:hr>
          </gpxtpx:TrackPointExtension>
        </extensions>
      </trkpt>
      <trkpt lat="22.54413722302932" lon="114.10120768139853">
        <ele>12.378618077374995</ele>
        <time>2026-09-18T00:14:16.500000Z</time>
        <extensions>
          <gpxtpx:TrackPointExtension>
            <gpxtpx:hr>112</gpxtpx:hr>
          </gpxtpx:TrackPointExtension>
        </extensions>
      </trkpt>
      <trkpt lat="22.544143166723984" lon="114.10119396423646">
        <ele>12.226462979801</ele>
        <time>2026-09-18T00:14:17.500000Z</time>
        <extensions>
          <gpxtpx:TrackPointExtension>
            <gpxtpx:hr>112</gpxtpx:hr>
          </gpxtpx:TrackPointExtension>
        </extensions>
      </trkpt>
      <trkpt lat="22.54414765914375" lon="114.10117880224198">
        <ele>12.138273941352963</ele>
        <time>2026-09-18T00:14:18.500000Z</time>
        <extensions>
          <gpxtpx:TrackPointExtension>
            <gpxtpx:hr>112</gpxtpx:hr>
          </gpxtpx:TrackPointExtension>
        </extensions>
      </trkpt>
      <trkpt lat="22.544149816434732" lon="114.1011623753452">
        <ele>12.084605033509433</ele>
        <time>2026-09-18T00:14:19.500000Z</time>
        <extensions>
          <gpxtpx:TrackPointExtension>
            <gpxtpx:hr>112</gpxtpx:hr>
          </gpxtpx:TrackPointExtension>
        </extensions>
      </trkpt>
      <trkpt lat="22.544149878870005" lon="114.10114581737047">
        <ele>12.067561713047326</ele>
        <time>2026-09-18T00:14:20.500000Z</time>
        <extensions>
          <gpxtpx:TrackPointExtension>
            <gpxtpx:hr>112</gpxtpx:hr>
          </gpxtpx:TrackPointExtension>
        </extensions>
      </trkpt>
      <trkpt lat="22.54414844757673" lon="114.10113116613988">
        <ele>12.104005095548928</ele>
        <time>2026-09-18T00:14:21.500000Z</time>
        <extensions>
          <gpxtpx:TrackPointExtension>
            <gpxtpx:hr>112</gpxtpx:hr>
          </gpxtpx:TrackPointExtension>
        </extensions>
      </trkpt>
      <trkpt lat="22.544146065321502" lon="114.10111805983928">
        <ele>12.166965520940721</ele>
        <time>2026-09-18T00:14:22.500000Z</time>
        <extensions>
          <gpxtpx:TrackPointExtension>
            <gpxtpx:hr>112</gpxtpx:hr>
          </gpxtpx:TrackPointExtension>
        </extensions>
      </trkpt>
      <trkpt lat="22.544143452373774" lon="114.10110525387773">
        <ele>12.256417166441679</ele>
        <time>2026-09-18T00:14:23.500000Z</time>
        <extensions>
          <gpxtpx:TrackPointExtension>
            <gpxtpx:hr>112</gpxtpx:hr>
          </gpxtpx:TrackPointExtension>
        </extensions>
      </trkpt>
      <trkpt lat="22.544140819362777" lon="114.10109189360664">
        <ele>12.352776363492012</ele>
        <time>2026-09-18T00:14:24.500000Z</time>
        <extensions>
          <gpxtpx:TrackPointExtension>
            <gpxtpx:hr>112</gpxtpx:hr>
          </gpxtpx:TrackPointExtension>
        </extensions>
      </trkpt>
      <trkpt lat="22.544138111322887" lon="114.10107820988422">
        <ele>12.45519618038088</ele>
        <time>2026-09-18T00:14:25.500000Z</time>
        <extensions>
          <gpxtpx:TrackPointExtension>
            <gpxtpx:hr>112</gpxtpx:hr>
          </gpxtpx:TrackPointExtension>
        </extensions>
      </trkpt>
      <trkpt lat="22.544135862469677" lon="114.10106552502593">
        <ele>12.55943336058408</ele>
        <time>2026-09-18T00:14:26.500000Z</time>
        <extensions>
          <gpxtpx:TrackPointExtension>
            <gpxtpx:hr>112</gpxtpx:hr>
          </gpxtpx:TrackPointExtension>
        </extensions>
      </trkpt>
      <trkpt lat="22.544133346329893" lon="114.1010532929554">
        <ele>12.650074984878302</ele>
        <time>2026-09-18T00:14:27.500000Z</time>
        <extensions>
          <gpxtpx:TrackPointExtension>
            <gpxtpx:hr>112</gpxtpx:hr>
          </gpxtpx:TrackPointExtension>
        </extensions>
      </trkpt>
      <trkpt lat="22.54412920646001" lon="114.10104082816474">
        <ele>12.730983146466315</ele>
        <time>2026-09-18T00:14:28.500000Z</time>
        <extensions>
          <gpxtpx:TrackPointExtension>
            <gpxtpx:hr>112</gpxtpx:hr>
          </gpxtpx:TrackPointExtension>
        </extensions>
      </trkpt>
      <trkpt lat="22.544123587542117" lon="114.1010287027066">
        <ele>12.79693741723895</ele>
        <time>2026-09-18T00:14:29.500000Z</time>
        <extensions>
          <gpxtpx:TrackPointExtension>
            <gpxtpx:hr>111</gpxtpx:hr>
          </gpxtpx:TrackPointExtension>
        </extensions>
      </trkpt>
      <trkpt lat="22.544117375615535" lon="114.10101762775926">
        <ele>12.819921869784594</ele>
        <time>2026-09-18T00:14:30.500000Z</time>
        <extensions>
          <gpxtpx:TrackPointExtension>
            <gpxtpx:hr>111</gpxtpx:hr>
          </gpxtpx:TrackPointExtension>
        </extensions>
      </trkpt>
      <trkpt lat="22.544110416812465" lon="114.10100690926012">
        <ele>12.795624741353095</ele>
        <time>2026-09-18T00:14:31.500000Z</time>
        <extensions>
          <gpxtpx:TrackPointExtension>
            <gpxtpx:hr>111</gpxtpx:hr>
          </gpxtpx:TrackPointExtension>
        </extensions>
      </trkpt>
      <trkpt lat="22.544103450602037" lon="114.10099551662461">
        <ele>12.746514244005084</ele>
        <time>2026-09-18T00:14:32.500000Z</time>
        <extensions>
          <gpxtpx:TrackPointExtension>
            <gpxtpx:hr>111</gpxtpx:hr>
          </gpxtpx:TrackPointExtension>
        </extensions>
      </trkpt>
      <trkpt lat="22.544098806579044" lon="114.10098339946504">
        <ele>12.685448347590864</ele>
        <time>2026-09-18T00:14:33.500000Z</time>
        <extensions>
          <gpxtpx:TrackPointExtension>
            <gpxtpx:hr>111</gpxtpx:hr>
          </gpxtpx:TrackPointExtension>
        </extensions>
      </trkpt>
      <trkpt lat="22.54409740927364" lon="114.10097064306798">
        <ele>12.580653684213758</ele>
        <time>2026-09-18T00:14:34.500000Z</time>
        <extensions>
          <gpxtpx:TrackPointExtension>
            <gpxtpx:hr>111</gpxtpx:hr>
          </gpxtpx:TrackPointExtension>
        </extensions>
      </trkpt>
      <trkpt lat="22.544097900766236" lon="114.10095693709577">
        <ele>12.44645226560533</ele>
        <time>2026-09-18T00:14:35.500000Z</time>
        <extensions>
          <gpxtpx:TrackPointExtension>
            <gpxtpx:hr>114</gpxtpx:hr>
          </gpxtpx:TrackPointExtension>
        </extensions>
      </trkpt>
      <trkpt lat="22.544099005263973" lon="114.10094229400676">
        <ele>12.276572497561574</ele>
        <time>2026-09-18T00:14:36.500000Z</time>
        <extensions>
          <gpxtpx:TrackPointExtension>
            <gpxtpx:hr>114</gpxtpx:hr>
          </gpxtpx:TrackPointExtension>
        </extensions>
      </trkpt>
      <trkpt lat="22.54410055762488" lon="114.10092729762776">
        <ele>12.06680167838931</ele>
        <time>2026-09-18T00:14:37.500000Z</time>
        <extensions>
          <gpxtpx:TrackPointExtension>
            <gpxtpx:hr>114</gpxtpx:hr>
          </gpxtpx:TrackPointExtension>
        </extensions>
      </trkpt>
      <trkpt lat="22.54410194807773" lon="114.1009123919043">
        <ele>11.83444573264569</ele>
        <time>2026-09-18T00:14:38.500000Z</time>
        <extensions>
          <gpxtpx:TrackPointExtension>
            <gpxtpx:hr>114</gpxtpx:hr>
          </gpxtpx:TrackPointExtension>
        </extensions>
      </trkpt>
      <trkpt lat="22.544101633984404" lon="114.10089816569997">
        <ele>11.596076163463295</ele>
        <time>2026-09-18T00:14:39.500000Z</time>
        <extensions>
          <gpxtpx:TrackPointExtension>
            <gpxtpx:hr>114</gpxtpx:hr>
          </gpxtpx:TrackPointExtension>
        </extensions>
      </trkpt>
      <trkpt lat="22.544099462207438" lon="114.10088530994317">
        <ele>11.326628065668046</ele>
        <time>2026-09-18T00:14:40.500000Z</time>
        <extensions>
          <gpxtpx:TrackPointExtension>
            <gpxtpx:hr>113</gpxtpx:hr>
          </gpxtpx:TrackPointExtension>
        </extensions>
      </trkpt>
      <trkpt lat="22.544096685409716" lon="114.10087357898901">
        <ele>11.044460400938988</ele>
        <time>2026-09-18T00:14:41.500000Z</time>
        <extensions>
          <gpxtpx:TrackPointExtension>
            <gpxtpx:hr>113</gpxtpx:hr>
          </gpxtpx:TrackPointExtension>
        </extensions>
      </trkpt>
      <trkpt lat="22.544094253118534" lon="114.10086169198645">
        <ele>10.74685649946332</ele>
        <time>2026-09-18T00:14:42.500000Z</time>
        <extensions>
          <gpxtpx:TrackPointExtension>
            <gpxtpx:hr>113</gpxtpx:hr>
          </gpxtpx:TrackPointExtension>
        </extensions>
      </trkpt>
      <trkpt lat="22.54409252441966" lon="114.10084803838653">
        <ele>10.430613733828068</ele>
        <time>2026-09-18T00:14:43.500000Z</time>
        <extensions>
          <gpxtpx:TrackPointExtension>
            <gpxtpx:hr>113</gpxtpx:hr>
          </gpxtpx:TrackPointExtension>
        </extensions>
      </trkpt>
      <trkpt lat="22.544091774017673" lon="114.1008331397663">
        <ele>10.108829209581017</ele>
        <time>2026-09-18T00:14:44.500000Z</time>
        <extensions>
          <gpxtpx:TrackPointExtension>
            <gpxtpx:hr>113</gpxtpx:hr>
          </gpxtpx:TrackPointExtension>
        </extensions>
      </trkpt>
      <trkpt lat="22.5440912068225" lon="114.10081856240637">
        <ele>9.780807211063802</ele>
        <time>2026-09-18T00:14:45.500000Z</time>
        <extensions>
          <gpxtpx:TrackPointExtension>
            <gpxtpx:hr>111</gpxtpx:hr>
          </gpxtpx:TrackPointExtension>
        </extensions>
      </trkpt>
      <trkpt lat="22.544089506159974" lon="114.10080463317408">
        <ele>9.461193140596151</ele>
        <time>2026-09-18T00:14:46.500000Z</time>
        <extensions>
          <gpxtpx:TrackPointExtension>
            <gpxtpx:hr>111</gpxtpx:hr>
          </gpxtpx:TrackPointExtension>
        </extensions>
      </trkpt>
      <trkpt lat="22.544086793097552" lon="114.10079158828889">
        <ele>9.180456569418311</ele>
        <time>2026-09-18T00:14:47.500000Z</time>
        <extensions>
          <gpxtpx:TrackPointExtension>
            <gpxtpx:hr>111</gpxtpx:hr>
          </gpxtpx:TrackPointExtension>
        </extensions>
      </trkpt>
      <trkpt lat="22.544084182370774" lon="114.10077940236441">
        <ele>8.93422117177397</ele>
        <time>2026-09-18T00:14:48.500000Z</time>
        <extensions>
          <gpxtpx:TrackPointExtension>
            <gpxtpx:hr>111</gpxtpx:hr>
          </gpxtpx:TrackPointExtension>
        </extensions>
      </trkpt>
      <trkpt lat="22.544082598451492" lon="114.10076762932182">
        <ele>8.712883383966982</ele>
        <time>2026-09-18T00:14:49.500000Z</time>
        <extensions>
          <gpxtpx:TrackPointExtension>
            <gpxtpx:hr>111</gpxtpx:hr>
          </gpxtpx:TrackPointExtension>
        </extensions>
      </trkpt>
      <trkpt lat="22.544081973759948" lon="114.10075583006619">
        <ele>8.511144262738526</ele>
        <time>2026-09-18T00:14:50.500000Z</time>
        <extensions>
          <gpxtpx:TrackPointExtension>
            <gpxtpx:hr>111</gpxtpx:hr>
          </gpxtpx:TrackPointExtension>
        </extensions>
      </trkpt>
      <trkpt lat="22.544081764966943" lon="114.10074389554785">
        <ele>8.338510307483375</ele>
        <time>2026-09-18T00:14:51.500000Z</time>
        <extensions>
          <gpxtpx:TrackPointExtension>
            <gpxtpx:hr>111</gpxtpx:hr>
          </gpxtpx:TrackPointExtension>
        </extensions>
      </trkpt>
      <trkpt lat="22.544081917435538" lon="114.10073139445508">
        <ele>8.188953684642911</ele>
        <time>2026-09-18T00:14:52.500000Z</time>
        <extensions>
          <gpxtpx:TrackPointExtension>
            <gpxtpx:hr>111</gpxtpx:hr>
          </gpxtpx:TrackPointExtension>
        </extensions>
      </trkpt>
      <trkpt lat="22.544082155739343" lon="114.10071796794828">
        <ele>8.052536873146892</ele>
        <time>2026-09-18T00:14:53.500000Z</time>
        <extensions>
          <gpxtpx:TrackPointExtension>
            <gpxtpx:hr>111</gpxtpx:hr>
          </gpxtpx:TrackPointExtension>
        </extensions>
      </trkpt>
      <trkpt lat="22.544082349612353" lon="114.10070366741357">
        <ele>7.934563365764916</ele>
        <time>2026-09-18T00:14:54.500000Z</time>
        <extensions>
          <gpxtpx:TrackPointExtension>
            <gpxtpx:hr>111</gpxtpx:hr>
          </gpxtpx:TrackPointExtension>
        </extensions>
      </trkpt>
      <trkpt lat="22.544082642194777" lon="114.10068905934175">
        <ele>7.833100789226592</ele>
        <time>2026-09-18T00:14:55.500000Z</time>
        <extensions>
          <gpxtpx:TrackPointExtension>
            <gpxtpx:hr>111</gpxtpx:hr>
          </gpxtpx:TrackPointExtension>
        </extensions>
      </trkpt>
      <trkpt lat="22.544083011627574" lon="114.1006744055333">
        <ele>7.766646661795676</ele>
        <time>2026-09-18T00:14:56.500000Z</time>
        <extensions>
          <gpxtpx:TrackPointExtension>
            <gpxtpx:hr>111</gpxtpx:hr>
          </gpxtpx:TrackPointExtension>
        </extensions>
      </trkpt>
      <trkpt lat="22.5440832629026" lon="114.100659576865">
        <ele>7.722317507490516</ele>
        <time>2026-09-18T00:14:57.500000Z</time>
        <extensions>
          <gpxtpx:TrackPointExtension>
            <gpxtpx:hr>111</gpxtpx:hr>
          </gpxtpx:TrackPointExtension>
        </extensions>
      </trkpt>
      <trkpt lat="22.54408347016868" lon="114.10064438850057">
        <ele>7.688252895139158</ele>
        <time>2026-09-18T00:14:58.500000Z</time>
        <extensions>
          <gpxtpx:TrackPointExtension>
            <gpxtpx:hr>109</gpxtpx:hr>
          </gpxtpx:TrackPointExtension>
        </extensions>
      </trkpt>
      <trkpt lat="22.5440838064957" lon="114.10062961292147">
        <ele>7.6691458113491535</ele>
        <time>2026-09-18T00:14:59.500000Z</time>
        <extensions>
          <gpxtpx:TrackPointExtension>
            <gpxtpx:hr>109</gpxtpx:hr>
          </gpxtpx:TrackPointExtension>
        </extensions>
      </trkpt>
      <trkpt lat="22.54408437035341" lon="114.1006166159934">
        <ele>7.648608467541635</ele>
        <time>2026-09-18T00:15:00.500000Z</time>
        <extensions>
          <gpxtpx:TrackPointExtension>
            <gpxtpx:hr>109</gpxtpx:hr>
          </gpxtpx:TrackPointExtension>
        </extensions>
      </trkpt>
      <trkpt lat="22.544084095035156" lon="114.10060411550566">
        <ele>7.631371430121362</ele>
        <time>2026-09-18T00:15:01.500000Z</time>
        <extensions>
          <gpxtpx:TrackPointExtension>
            <gpxtpx:hr>109</gpxtpx:hr>
          </gpxtpx:TrackPointExtension>
        </extensions>
      </trkpt>
      <trkpt lat="22.544081329727778" lon="114.10059022132049">
        <ele>7.600268309935927</ele>
        <time>2026-09-18T00:15:02.500000Z</time>
        <extensions>
          <gpxtpx:TrackPointExtension>
            <gpxtpx:hr>109</gpxtpx:hr>
          </gpxtpx:TrackPointExtension>
        </extensions>
      </trkpt>
      <trkpt lat="22.544075309753" lon="114.100576552683">
        <ele>7.566645851358771</ele>
        <time>2026-09-18T00:15:03.500000Z</time>
        <extensions>
          <gpxtpx:TrackPointExtension>
            <gpxtpx:hr>109</gpxtpx:hr>
          </gpxtpx:TrackPointExtension>
        </extensions>
      </trkpt>
      <trkpt lat="22.544066548238472" lon="114.10056469578039">
        <ele>7.544887661002576</ele>
        <time>2026-09-18T00:15:04.500000Z</time>
        <extensions>
          <gpxtpx:TrackPointExtension>
            <gpxtpx:hr>109</gpxtpx:hr>
          </gpxtpx:TrackPointExtension>
        </extensions>
      </trkpt>
      <trkpt lat="22.544056778769615" lon="114.10055397173676">
        <ele>7.529043521732092</ele>
        <time>2026-09-18T00:15:05.500000Z</time>
        <extensions>
          <gpxtpx:TrackPointExtension>
            <gpxtpx:hr>109</gpxtpx:hr>
          </gpxtpx:TrackPointExtension>
        </extensions>
      </trkpt>
      <trkpt lat="22.54404715640183" lon="114.1005429786536">
        <ele>7.519399864599109</ele>
        <time>2026-09-18T00:15:06.500000Z</time>
        <extensions>
          <gpxtpx:TrackPointExtension>
            <gpxtpx:hr>109</gpxtpx:hr>
          </gpxtpx:TrackPointExtension>
        </extensions>
      </trkpt>
      <trkpt lat="22.544037769692693" lon="114.1005312954936">
        <ele>7.504048136994243</ele>
        <time>2026-09-18T00:15:07.500000Z</time>
        <extensions>
          <gpxtpx:TrackPointExtension>
            <gpxtpx:hr>109</gpxtpx:hr>
          </gpxtpx:TrackPointExtension>
        </extensions>
      </trkpt>
      <trkpt lat="22.54402828603483" lon="114.10051872471506">
        <ele>7.486871944740415</ele>
        <time>2026-09-18T00:15:08.500000Z</time>
        <extensions>
          <gpxtpx:TrackPointExtension>
            <gpxtpx:hr>112</gpxtpx:hr>
          </gpxtpx:TrackPointExtension>
        </extensions>
      </trkpt>
      <trkpt lat="22.544018884239918" lon="114.10050594468562">
        <ele>7.467363496311009</ele>
        <time>2026-09-18T00:15:09.500000Z</time>
        <extensions>
          <gpxtpx:TrackPointExtension>
            <gpxtpx:hr>112</gpxtpx:hr>
          </gpxtpx:TrackPointExtension>
        </extensions>
      </trkpt>
      <trkpt lat="22.544009554061056" lon="114.10049383462436">
        <ele>7.448891293257475</ele>
        <time>2026-09-18T00:15:10.500000Z</time>
        <extensions>
          <gpxtpx:TrackPointExtension>
            <gpxtpx:hr>112</gpxtpx:hr>
          </gpxtpx:TrackPointExtension>
        </extensions>
      </trkpt>
      <trkpt lat="22.544000340048598" lon="114.10048181911884">
        <ele>7.424438008107245</ele>
        <time>2026-09-18T00:15:11.500000Z</time>
        <extensions>
          <gpxtpx:TrackPointExtension>
            <gpxtpx:hr>112</gpxtpx:hr>
          </gpxtpx:TrackPointExtension>
        </extensions>
      </trkpt>
      <trkpt lat="22.543991786015912" lon="114.10047023608351">
        <ele>7.381329890340567</ele>
        <time>2026-09-18T00:15:12.500000Z</time>
        <extensions>
          <gpxtpx:TrackPointExtension>
            <gpxtpx:hr>112</gpxtpx:hr>
          </gpxtpx:TrackPointExtension>
        </extensions>
      </trkpt>
      <trkpt lat="22.54398376383063" lon="114.10045902555152">
        <ele>7.312870037741959</ele>
        <time>2026-09-18T00:15:13.500000Z</time>
        <extensions>
          <gpxtpx:TrackPointExtension>
            <gpxtpx:hr>112</gpxtpx:hr>
          </gpxtpx:TrackPointExtension>
        </extensions>
      </trkpt>
      <trkpt lat="22.543975468457226" lon="114.1004473415484">
        <ele>7.24665452260524</ele>
        <time>2026-09-18T00:15:14.500000Z</time>
        <extensions>
          <gpxtpx:TrackPointExtension>
            <gpxtpx:hr>115</gpxtpx:hr>
          </gpxtpx:TrackPointExtension>
        </extensions>
      </trkpt>
      <trkpt lat="22.543966607733985" lon="114.10043560911659">
        <ele>7.168899620883167</ele>
        <time>2026-09-18T00:15:15.500000Z</time>
        <extensions>
          <gpxtpx:TrackPointExtension>
            <gpxtpx:hr>115</gpxtpx:hr>
          </gpxtpx:TrackPointExtension>
        </extensions>
      </trkpt>
      <trkpt lat="22.54395727968536" lon="114.10042465032616">
        <ele>7.079995824955404</ele>
        <time>2026-09-18T00:15:16.500000Z</time>
        <extensions>
          <gpxtpx:TrackPointExtension>
            <gpxtpx:hr>115</gpxtpx:hr>
          </gpxtpx:TrackPointExtension>
        </extensions>
      </trkpt>
      <trkpt lat="22.54394754430888" lon="114.10041467066053">
        <ele>6.9661230416968465</ele>
        <time>2026-09-18T00:15:17.500000Z</time>
        <extensions>
          <gpxtpx:TrackPointExtension>
            <gpxtpx:hr>115</gpxtpx:hr>
          </gpxtpx:TrackPointExtension>
        </extensions>
      </trkpt>
      <trkpt lat="22.543937612908035" lon="114.10040554682428">
        <ele>6.841713671572506</ele>
        <time>2026-09-18T00:15:18.500000Z</time>
        <extensions>
          <gpxtpx:TrackPointExtension>
            <gpxtpx:hr>115</gpxtpx:hr>
          </gpxtpx:TrackPointExtension>
        </extensions>
      </trkpt>
      <trkpt lat="22.543928112472972" lon="114.10039718779706">
        <ele>6.713988286443055</ele>
        <time>2026-09-18T00:15:19.500000Z</time>
        <extensions>
          <gpxtpx:TrackPointExtension>
            <gpxtpx:hr>115</gpxtpx:hr>
          </gpxtpx:TrackPointExtension>
        </extensions>
      </trkpt>
      <trkpt lat="22.543919398760266" lon="114.10038958338545">
        <ele>6.585528325289488</ele>
        <time>2026-09-18T00:15:20.500000Z</time>
        <extensions>
          <gpxtpx:TrackPointExtension>
            <gpxtpx:hr>115</gpxtpx:hr>
          </gpxtpx:TrackPointExtension>
        </extensions>
      </trkpt>
      <trkpt lat="22.54391047171593" lon="114.10038097912074">
        <ele>6.4545659478753805</ele>
        <time>2026-09-18T00:15:21.500000Z</time>
        <extensions>
          <gpxtpx:TrackPointExtension>
            <gpxtpx:hr>115</gpxtpx:hr>
          </gpxtpx:TrackPointExtension>
        </extensions>
      </trkpt>
      <trkpt lat="22.54390120648991" lon="114.10037042306347">
        <ele>6.317161452025175</ele>
        <time>2026-09-18T00:15:22.500000Z</time>
        <extensions>
          <gpxtpx:TrackPointExtension>
            <gpxtpx:hr>115</gpxtpx:hr>
          </gpxtpx:TrackPointExtension>
        </extensions>
      </trkpt>
      <trkpt lat="22.54389243810305" lon="114.10035884269554">
        <ele>6.182946002110839</ele>
        <time>2026-09-18T00:15:23.500000Z</time>
        <extensions>
          <gpxtpx:TrackPointExtension>
            <gpxtpx:hr>115</gpxtpx:hr>
          </gpxtpx:TrackPointExtension>
        </extensions>
      </trkpt>
      <trkpt lat="22.543884334425062" lon="114.1003465423114">
        <ele>6.058289718814194</ele>
        <time>2026-09-18T00:15:24.500000Z</time>
        <extensions>
          <gpxtpx:TrackPointExtension>
            <gpxtpx:hr>115</gpxtpx:hr>
          </gpxtpx:TrackPointExtension>
        </extensions>
      </trkpt>
      <trkpt lat="22.543876890585643" lon="114.10033367590593">
        <ele>5.928722210228443</ele>
        <time>2026-09-18T00:15:25.500000Z</time>
        <extensions>
          <gpxtpx:TrackPointExtension>
            <gpxtpx:hr>115</gpxtpx:hr>
          </gpxtpx:TrackPointExtension>
        </extensions>
      </trkpt>
      <trkpt lat="22.543870143635274" lon="114.10032066646805">
        <ele>5.824294245801866</ele>
        <time>2026-09-18T00:15:26.500000Z</time>
        <extensions>
          <gpxtpx:TrackPointExtension>
            <gpxtpx:hr>115</gpxtpx:hr>
          </gpxtpx:TrackPointExtension>
        </extensions>
      </trkpt>
      <trkpt lat="22.543864248308868" lon="114.10030800661072">
        <ele>5.753558018244803</ele>
        <time>2026-09-18T00:15:27.500000Z</time>
        <extensions>
          <gpxtpx:TrackPointExtension>
            <gpxtpx:hr>115</gpxtpx:hr>
          </gpxtpx:TrackPointExtension>
        </extensions>
      </trkpt>
      <trkpt lat="22.543859048517167" lon="114.10029599646535">
        <ele>5.713781792670488</ele>
        <time>2026-09-18T00:15:28.500000Z</time>
        <extensions>
          <gpxtpx:TrackPointExtension>
            <gpxtpx:hr>115</gpxtpx:hr>
          </gpxtpx:TrackPointExtension>
        </extensions>
      </trkpt>
      <trkpt lat="22.543853124721508" lon="114.10028317351794">
        <ele>5.6831059968099</ele>
        <time>2026-09-18T00:15:29.500000Z</time>
        <extensions>
          <gpxtpx:TrackPointExtension>
            <gpxtpx:hr>114</gpxtpx:hr>
          </gpxtpx:TrackPointExtension>
        </extensions>
      </trkpt>
      <trkpt lat="22.543846138928863" lon="114.10026905769959">
        <ele>5.633273186162114</ele>
        <time>2026-09-18T00:15:30.500000Z</time>
        <extensions>
          <gpxtpx:TrackPointExtension>
            <gpxtpx:hr>114</gpxtpx:hr>
          </gpxtpx:TrackPointExtension>
        </extensions>
      </trkpt>
      <trkpt lat="22.543839025265246" lon="114.10025503096077">
        <ele>5.602268627844751</ele>
        <time>2026-09-18T00:15:31.500000Z</time>
        <extensions>
          <gpxtpx:TrackPointExtension>
            <gpxtpx:hr>114</gpxtpx:hr>
          </gpxtpx:TrackPointExtension>
        </extensions>
      </trkpt>
      <trkpt lat="22.54383225600726" lon="114.10024160903338">
        <ele>5.57947104703635</ele>
        <time>2026-09-18T00:15:32.500000Z</time>
        <extensions>
          <gpxtpx:TrackPointExtension>
            <gpxtpx:hr>114</gpxtpx:hr>
          </gpxtpx:TrackPointExtension>
        </extensions>
      </trkpt>
      <trkpt lat="22.543825792847354" lon="114.10022829617638">
        <ele>5.5552629586309195</ele>
        <time>2026-09-18T00:15:33.500000Z</time>
        <extensions>
          <gpxtpx:TrackPointExtension>
            <gpxtpx:hr>114</gpxtpx:hr>
          </gpxtpx:TrackPointExtension>
        </extensions>
      </trkpt>
      <trkpt lat="22.543819733515164" lon="114.1002148095502">
        <ele>5.542705089785159</ele>
        <time>2026-09-18T00:15:34.500000Z</time>
        <extensions>
          <gpxtpx:TrackPointExtension>
            <gpxtpx:hr>114</gpxtpx:hr>
          </gpxtpx:TrackPointExtension>
        </extensions>
      </trkpt>
      <trkpt lat="22.54381447629054" lon="114.10020089017814">
        <ele>5.561792857944965</ele>
        <time>2026-09-18T00:15:35.500000Z</time>
        <extensions>
          <gpxtpx:TrackPointExtension>
            <gpxtpx:hr>114</gpxtpx:hr>
          </gpxtpx:TrackPointExtension>
        </extensions>
      </trkpt>
      <trkpt lat="22.543810337300606" lon="114.10018693801433">
        <ele>5.5585847934708</ele>
        <time>2026-09-18T00:15:36.500000Z</time>
        <extensions>
          <gpxtpx:TrackPointExtension>
            <gpxtpx:hr>113</gpxtpx:hr>
          </gpxtpx:TrackPointExtension>
        </extensions>
      </trkpt>
      <trkpt lat="22.54380720513505" lon="114.10017434989105">
        <ele>5.5481065809726715</ele>
        <time>2026-09-18T00:15:37.500000Z</time>
        <extensions>
          <gpxtpx:TrackPointExtension>
            <gpxtpx:hr>113</gpxtpx:hr>
          </gpxtpx:TrackPointExtension>
        </extensions>
      </trkpt>
      <trkpt lat="22.54380526766621" lon="114.10016371598387">
        <ele>5.541837448254228</ele>
        <time>2026-09-18T00:15:38.500000Z</time>
        <extensions>
          <gpxtpx:TrackPointExtension>
            <gpxtpx:hr>113</gpxtpx:hr>
          </gpxtpx:TrackPointExtension>
        </extensions>
      </trkpt>
      <trkpt lat="22.54380461410698" lon="114.10015455046307">
        <ele>5.529989785514772</ele>
        <time>2026-09-18T00:15:39.500000Z</time>
        <extensions>
          <gpxtpx:TrackPointExtension>
            <gpxtpx:hr>113</gpxtpx:hr>
          </gpxtpx:TrackPointExtension>
        </extensions>
      </trkpt>
      <trkpt lat="22.54380500313384" lon="114.10014603062268">
        <ele>5.51784841530025</ele>
        <time>2026-09-18T00:15:40.500000Z</time>
        <extensions>
          <gpxtpx:TrackPointExtension>
            <gpxtpx:hr>113</gpxtpx:hr>
          </gpxtpx:TrackPointExtension>
        </extensions>
      </trkpt>
      <trkpt lat="22.54380616738579" lon="114.10013774906598">
        <ele>5.503228610381484</ele>
        <time>2026-09-18T00:15:41.500000Z</time>
        <extensions>
          <gpxtpx:TrackPointExtension>
            <gpxtpx:hr>113</gpxtpx:hr>
          </gpxtpx:TrackPointExtension>
        </extensions>
      </trkpt>
      <trkpt lat="22.543807808932698" lon="114.10012997241878">
        <ele>5.492573047056794</ele>
        <time>2026-09-18T00:15:42.500000Z</time>
        <extensions>
          <gpxtpx:TrackPointExtension>
            <gpxtpx:hr>113</gpxtpx:hr>
          </gpxtpx:TrackPointExtension>
        </extensions>
      </trkpt>
      <trkpt lat="22.54380945695209" lon="114.1001219409641">
        <ele>5.48724152520299</ele>
        <time>2026-09-18T00:15:43.500000Z</time>
        <extensions>
          <gpxtpx:TrackPointExtension>
            <gpxtpx:hr>113</gpxtpx:hr>
          </gpxtpx:TrackPointExtension>
        </extensions>
      </trkpt>
      <trkpt lat="22.543810718084675" lon="114.10011221573428">
        <ele>5.4572736928239465</ele>
        <time>2026-09-18T00:15:44.500000Z</time>
        <extensions>
          <gpxtpx:TrackPointExtension>
            <gpxtpx:hr>113</gpxtpx:hr>
          </gpxtpx:TrackPointExtension>
        </extensions>
      </trkpt>
      <trkpt lat="22.54381122258146" lon="114.10010127615736">
        <ele>5.424503051675856</ele>
        <time>2026-09-18T00:15:45.500000Z</time>
        <extensions>
          <gpxtpx:TrackPointExtension>
            <gpxtpx:hr>113</gpxtpx:hr>
          </gpxtpx:TrackPointExtension>
        </extensions>
      </trkpt>
      <trkpt lat="22.543810887875452" lon="114.10009092328798">
        <ele>5.385920197702944</ele>
        <time>2026-09-18T00:15:46.500000Z</time>
        <extensions>
          <gpxtpx:TrackPointExtension>
            <gpxtpx:hr>113</gpxtpx:hr>
          </gpxtpx:TrackPointExtension>
        </extensions>
      </trkpt>
      <trkpt lat="22.543810293201066" lon="114.10008301774126">
        <ele>5.342154702171683</ele>
        <time>2026-09-18T00:15:47.500000Z</time>
        <extensions>
          <gpxtpx:TrackPointExtension>
            <gpxtpx:hr>113</gpxtpx:hr>
          </gpxtpx:TrackPointExtension>
        </extensions>
      </trkpt>
      <trkpt lat="22.54381044827101" lon="114.10007801753973">
        <ele>5.292910862714052</ele>
        <time>2026-09-18T00:15:48.500000Z</time>
        <extensions>
          <gpxtpx:TrackPointExtension>
            <gpxtpx:hr>113</gpxtpx:hr>
          </gpxtpx:TrackPointExtension>
        </extensions>
      </trkpt>
      <trkpt lat="22.543811679536233" lon="114.10007480832093">
        <ele>5.232106301933527</ele>
        <time>2026-09-18T00:15:49.500000Z</time>
        <extensions>
          <gpxtpx:TrackPointExtension>
            <gpxtpx:hr>116</gpxtpx:hr>
          </gpxtpx:TrackPointExtension>
        </extensions>
      </trkpt>
      <trkpt lat="22.54381358018779" lon="114.10007220082662">
        <ele>5.152919107116759</ele>
        <time>2026-09-18T00:15:50.500000Z</time>
        <extensions>
          <gpxtpx:TrackPointExtension>
            <gpxtpx:hr>116</gpxtpx:hr>
          </gpxtpx:TrackPointExtension>
        </extensions>
      </trkpt>
      <trkpt lat="22.543815726513763" lon="114.10006933355174">
        <ele>5.051486439071596</ele>
        <time>2026-09-18T00:15:51.500000Z</time>
        <extensions>
          <gpxtpx:TrackPointExtension>
            <gpxtpx:hr>116</gpxtpx:hr>
          </gpxtpx:TrackPointExtension>
        </extensions>
      </trkpt>
      <trkpt lat="22.543817755036024" lon="114.10006532954819">
        <ele>4.927723743021488</ele>
        <time>2026-09-18T00:15:52.500000Z</time>
        <extensions>
          <gpxtpx:TrackPointExtension>
            <gpxtpx:hr>116</gpxtpx:hr>
          </gpxtpx:TrackPointExtension>
        </extensions>
      </trkpt>
      <trkpt lat="22.543819380472954" lon="114.10005904899499">
        <ele>4.782324839383364</ele>
        <time>2026-09-18T00:15:53.500000Z</time>
        <extensions>
          <gpxtpx:TrackPointExtension>
            <gpxtpx:hr>116</gpxtpx:hr>
          </gpxtpx:TrackPointExtension>
        </extensions>
      </trkpt>
      <trkpt lat="22.543820527884748" lon="114.10004908073944">
        <ele>4.620224637910724</ele>
        <time>2026-09-18T00:15:54.500000Z</time>
        <extensions>
          <gpxtpx:TrackPointExtension>
            <gpxtpx:hr>116</gpxtpx:hr>
          </gpxtpx:TrackPointExtension>
        </extensions>
      </trkpt>
      <trkpt lat="22.543821019276077" lon="114.10003513738606">
        <ele>4.463382358662784</ele>
        <time>2026-09-18T00:15:55.500000Z</time>
        <extensions>
          <gpxtpx:TrackPointExtension>
            <gpxtpx:hr>116</gpxtpx:hr>
          </gpxtpx:TrackPointExtension>
        </extensions>
      </trkpt>
      <trkpt lat="22.543820676899557" lon="114.10001864828945">
        <ele>4.317627312615514</ele>
        <time>2026-09-18T00:15:56.500000Z</time>
        <extensions>
          <gpxtpx:TrackPointExtension>
            <gpxtpx:hr>116</gpxtpx:hr>
          </gpxtpx:TrackPointExtension>
        </extensions>
      </trkpt>
      <trkpt lat="22.543819677783308" lon="114.10000257299636">
        <ele>4.189439191482961</ele>
        <time>2026-09-18T00:15:57.500000Z</time>
        <extensions>
          <gpxtpx:TrackPointExtension>
            <gpxtpx:hr>116</gpxtpx:hr>
          </gpxtpx:TrackPointExtension>
        </extensions>
      </trkpt>
      <trkpt lat="22.543818665677705" lon="114.09998833262942">
        <ele>4.0860132379457355</ele>
        <time>2026-09-18T00:15:58.500000Z</time>
        <extensions>
          <gpxtpx:TrackPointExtension>
            <gpxtpx:hr>116</gpxtpx:hr>
          </gpxtpx:TrackPointExtension>
        </extensions>
      </trkpt>
      <trkpt lat="22.543818171662405" lon="114.09997485183162">
        <ele>4.0141961285844445</ele>
        <time>2026-09-18T00:15:59.500000Z</time>
        <extensions>
          <gpxtpx:TrackPointExtension>
            <gpxtpx:hr>117</gpxtpx:hr>
          </gpxtpx:TrackPointExtension>
        </extensions>
      </trkpt>
      <trkpt lat="22.543818367744173" lon="114.09996153830738">
        <ele>3.981207578442991</ele>
        <time>2026-09-18T00:16:00.500000Z</time>
        <extensions>
          <gpxtpx:TrackPointExtension>
            <gpxtpx:hr>117</gpxtpx:hr>
          </gpxtpx:TrackPointExtension>
        </extensions>
      </trkpt>
      <trkpt lat="22.54381910062105" lon="114.09994846081405">
        <ele>3.9913026317954063</ele>
        <time>2026-09-18T00:16:01.500000Z</time>
        <extensions>
          <gpxtpx:TrackPointExtension>
            <gpxtpx:hr>117</gpxtpx:hr>
          </gpxtpx:TrackPointExtension>
        </extensions>
      </trkpt>
      <trkpt lat="22.543820189026775" lon="114.09993603901914">
        <ele>4.042905456386507</ele>
        <time>2026-09-18T00:16:02.500000Z</time>
        <extensions>
          <gpxtpx:TrackPointExtension>
            <gpxtpx:hr>117</gpxtpx:hr>
          </gpxtpx:TrackPointExtension>
        </extensions>
      </trkpt>
      <trkpt lat="22.54382159843679" lon="114.09992459658017">
        <ele>4.129810784012079</ele>
        <time>2026-09-18T00:16:03.500000Z</time>
        <extensions>
          <gpxtpx:TrackPointExtension>
            <gpxtpx:hr>117</gpxtpx:hr>
          </gpxtpx:TrackPointExtension>
        </extensions>
      </trkpt>
      <trkpt lat="22.54382308209933" lon="114.0999143665842">
        <ele>4.24269884172827</ele>
        <time>2026-09-18T00:16:04.500000Z</time>
        <extensions>
          <gpxtpx:TrackPointExtension>
            <gpxtpx:hr>117</gpxtpx:hr>
          </gpxtpx:TrackPointExtension>
        </extensions>
      </trkpt>
      <trkpt lat="22.543824553313645" lon="114.09990480539516">
        <ele>4.375518133863807</ele>
        <time>2026-09-18T00:16:05.600000Z</time>
        <extensions>
          <gpxtpx:TrackPointExtension>
            <gpxtpx:hr>114</gpxtpx:hr>
          </gpxtpx:TrackPointExtension>
        </extensions>
      </trkpt>
      <trkpt lat="22.543817238135226" lon="114.09893521104672">
        <ele>5.56800729688257</ele>
        <time>2026-09-18T00:17:43.500000Z</time>
        <extensions>
          <gpxtpx:TrackPointExtension>
            <gpxtpx:hr>128</gpxtpx:hr>
          </gpxtpx:TrackPointExtension>
        </extensions>
      </trkpt>
      <trkpt lat="22.543818986988985" lon="114.0989266052432">
        <ele>5.736349391750991</ele>
        <time>2026-09-18T00:17:44.500000Z</time>
        <extensions>
          <gpxtpx:TrackPointExtension>
            <gpxtpx:hr>128</gpxtpx:hr>
          </gpxtpx:TrackPointExtension>
        </extensions>
      </trkpt>
      <trkpt lat="22.543819865192205" lon="114.09891780665025">
        <ele>5.938241354189813</ele>
        <time>2026-09-18T00:17:45.500000Z</time>
        <extensions>
          <gpxtpx:TrackPointExtension>
            <gpxtpx:hr>128</gpxtpx:hr>
          </gpxtpx:TrackPointExtension>
        </extensions>
      </trkpt>
      <trkpt lat="22.543819632083082" lon="114.09890940765403">
        <ele>6.174645381979644</ele>
        <time>2026-09-18T00:17:46.500000Z</time>
        <extensions>
          <gpxtpx:TrackPointExtension>
            <gpxtpx:hr>132</gpxtpx:hr>
          </gpxtpx:TrackPointExtension>
        </extensions>
      </trkpt>
      <trkpt lat="22.54381809079791" lon="114.09890223188481">
        <ele>6.47953821811825</ele>
        <time>2026-09-18T00:17:47.500000Z</time>
        <extensions>
          <gpxtpx:TrackPointExtension>
            <gpxtpx:hr>132</gpxtpx:hr>
          </gpxtpx:TrackPointExtension>
        </extensions>
      </trkpt>
      <trkpt lat="22.543816106113685" lon="114.09889545465671">
        <ele>6.861872339621186</ele>
        <time>2026-09-18T00:17:48.500000Z</time>
        <extensions>
          <gpxtpx:TrackPointExtension>
            <gpxtpx:hr>132</gpxtpx:hr>
          </gpxtpx:TrackPointExtension>
        </extensions>
      </trkpt>
      <trkpt lat="22.5438146829641" lon="114.0988881791334">
        <ele>7.268029933795333</ele>
        <time>2026-09-18T00:17:49.500000Z</time>
        <extensions>
          <gpxtpx:TrackPointExtension>
            <gpxtpx:hr>132</gpxtpx:hr>
          </gpxtpx:TrackPointExtension>
        </extensions>
      </trkpt>
      <trkpt lat="22.543813343167727" lon="114.09888118824203">
        <ele>7.67895220220089</ele>
        <time>2026-09-18T00:17:50.500000Z</time>
        <extensions>
          <gpxtpx:TrackPointExtension>
            <gpxtpx:hr>132</gpxtpx:hr>
          </gpxtpx:TrackPointExtension>
        </extensions>
      </trkpt>
      <trkpt lat="22.543810917857133" lon="114.09887471019411">
        <ele>8.07549667172134</ele>
        <time>2026-09-18T00:17:51.500000Z</time>
        <extensions>
          <gpxtpx:TrackPointExtension>
            <gpxtpx:hr>135</gpxtpx:hr>
          </gpxtpx:TrackPointExtension>
        </extensions>
      </trkpt>
      <trkpt lat="22.543807103950304" lon="114.09886823290788">
        <ele>8.45182744320482</ele>
        <time>2026-09-18T00:17:52.500000Z</time>
        <extensions>
          <gpxtpx:TrackPointExtension>
            <gpxtpx:hr>135</gpxtpx:hr>
          </gpxtpx:TrackPointExtension>
        </extensions>
      </trkpt>
      <trkpt lat="22.543802541563206" lon="114.0988615078768">
        <ele>8.797442060895264</ele>
        <time>2026-09-18T00:17:53.500000Z</time>
        <extensions>
          <gpxtpx:TrackPointExtension>
            <gpxtpx:hr>135</gpxtpx:hr>
          </gpxtpx:TrackPointExtension>
        </extensions>
      </trkpt>
      <trkpt lat="22.543798172906293" lon="114.09885442859597">
        <ele>9.10334293730557</ele>
        <time>2026-09-18T00:17:54.500000Z</time>
        <extensions>
          <gpxtpx:TrackPointExtension>
            <gpxtpx:hr>135</gpxtpx:hr>
          </gpxtpx:TrackPointExtension>
        </extensions>
      </trkpt>
      <trkpt lat="22.543794233630457" lon="114.09884735419483">
        <ele>9.340345290489495</ele>
        <time>2026-09-18T00:17:55.500000Z</time>
        <extensions>
          <gpxtpx:TrackPointExtension>
            <gpxtpx:hr>136</gpxtpx:hr>
          </gpxtpx:TrackPointExtension>
        </extensions>
      </trkpt>
      <trkpt lat="22.543790730573807" lon="114.09884026340761">
        <ele>9.52398894354701</ele>
        <time>2026-09-18T00:17:56.500000Z</time>
        <extensions>
          <gpxtpx:TrackPointExtension>
            <gpxtpx:hr>136</gpxtpx:hr>
          </gpxtpx:TrackPointExtension>
        </extensions>
      </trkpt>
      <trkpt lat="22.543787704023146" lon="114.09883315517878">
        <ele>9.650000173598528</ele>
        <time>2026-09-18T00:17:57.500000Z</time>
        <extensions>
          <gpxtpx:TrackPointExtension>
            <gpxtpx:hr>136</gpxtpx:hr>
          </gpxtpx:TrackPointExtension>
        </extensions>
      </trkpt>
      <trkpt lat="22.54378440436309" lon="114.0988264852232">
        <ele>9.713494284078479</ele>
        <time>2026-09-18T00:17:58.500000Z</time>
        <extensions>
          <gpxtpx:TrackPointExtension>
            <gpxtpx:hr>138</gpxtpx:hr>
          </gpxtpx:TrackPointExtension>
        </extensions>
      </trkpt>
      <trkpt lat="22.543779774033442" lon="114.09881959659238">
        <ele>9.72267787065357</ele>
        <time>2026-09-18T00:17:59.500000Z</time>
        <extensions>
          <gpxtpx:TrackPointExtension>
            <gpxtpx:hr>138</gpxtpx:hr>
          </gpxtpx:TrackPointExtension>
        </extensions>
      </trkpt>
      <trkpt lat="22.543773908702377" lon="114.09881184566554">
        <ele>9.696228466928005</ele>
        <time>2026-09-18T00:18:00.500000Z</time>
        <extensions>
          <gpxtpx:TrackPointExtension>
            <gpxtpx:hr>138</gpxtpx:hr>
          </gpxtpx:TrackPointExtension>
        </extensions>
      </trkpt>
      <trkpt lat="22.54376737596594" lon="114.09880309472419">
        <ele>9.631362158805132</ele>
        <time>2026-09-18T00:18:01.500000Z</time>
        <extensions>
          <gpxtpx:TrackPointExtension>
            <gpxtpx:hr>138</gpxtpx:hr>
          </gpxtpx:TrackPointExtension>
        </extensions>
      </trkpt>
      <trkpt lat="22.543760381914904" lon="114.09879254440679">
        <ele>9.519770813174546</ele>
        <time>2026-09-18T00:18:02.500000Z</time>
        <extensions>
          <gpxtpx:TrackPointExtension>
            <gpxtpx:hr>138</gpxtpx:hr>
          </gpxtpx:TrackPointExtension>
        </extensions>
      </trkpt>
      <trkpt lat="22.54375337998631" lon="114.09877981872434">
        <ele>9.39442538190633</ele>
        <time>2026-09-18T00:18:03.500000Z</time>
        <extensions>
          <gpxtpx:TrackPointExtension>
            <gpxtpx:hr>138</gpxtpx:hr>
          </gpxtpx:TrackPointExtension>
        </extensions>
      </trkpt>
      <trkpt lat="22.54374742089873" lon="114.0987661725171">
        <ele>9.252532727085054</ele>
        <time>2026-09-18T00:18:04.500000Z</time>
        <extensions>
          <gpxtpx:TrackPointExtension>
            <gpxtpx:hr>139</gpxtpx:hr>
          </gpxtpx:TrackPointExtension>
        </extensions>
      </trkpt>
      <trkpt lat="22.54374255788993" lon="114.09875301790477">
        <ele>9.11120088584721</ele>
        <time>2026-09-18T00:18:05.500000Z</time>
        <extensions>
          <gpxtpx:TrackPointExtension>
            <gpxtpx:hr>139</gpxtpx:hr>
          </gpxtpx:TrackPointExtension>
        </extensions>
      </trkpt>
      <trkpt lat="22.543738267166734" lon="114.09874024480094">
        <ele>8.98279232904315</ele>
        <time>2026-09-18T00:18:06.500000Z</time>
        <extensions>
          <gpxtpx:TrackPointExtension>
            <gpxtpx:hr>139</gpxtpx:hr>
          </gpxtpx:TrackPointExtension>
        </extensions>
      </trkpt>
      <trkpt lat="22.54373390328124" lon="114.0987266542359">
        <ele>8.88189599942416</ele>
        <time>2026-09-18T00:18:07.500000Z</time>
        <extensions>
          <gpxtpx:TrackPointExtension>
            <gpxtpx:hr>139</gpxtpx:hr>
          </gpxtpx:TrackPointExtension>
        </extensions>
      </trkpt>
      <trkpt lat="22.54372849858924" lon="114.09871258252902">
        <ele>8.798705083318055</ele>
        <time>2026-09-18T00:18:08.500000Z</time>
        <extensions>
          <gpxtpx:TrackPointExtension>
            <gpxtpx:hr>139</gpxtpx:hr>
          </gpxtpx:TrackPointExtension>
        </extensions>
      </trkpt>
      <trkpt lat="22.54372182686391" lon="114.09869913754216">
        <ele>8.74366509821266</ele>
        <time>2026-09-18T00:18:09.500000Z</time>
        <extensions>
          <gpxtpx:TrackPointExtension>
            <gpxtpx:hr>139</gpxtpx:hr>
          </gpxtpx:TrackPointExtension>
        </extensions>
      </trkpt>
      <trkpt lat="22.543715154715663" lon="114.09868638278068">
        <ele>8.721696747466922</ele>
        <time>2026-09-18T00:18:10.500000Z</time>
        <extensions>
          <gpxtpx:TrackPointExtension>
            <gpxtpx:hr>139</gpxtpx:hr>
          </gpxtpx:TrackPointExtension>
        </extensions>
      </trkpt>
      <trkpt lat="22.543709367305063" lon="114.0986742878926">
        <ele>8.724472437985241</ele>
        <time>2026-09-18T00:18:11.500000Z</time>
        <extensions>
          <gpxtpx:TrackPointExtension>
            <gpxtpx:hr>139</gpxtpx:hr>
          </gpxtpx:TrackPointExtension>
        </extensions>
      </trkpt>
      <trkpt lat="22.54370416840361" lon="114.09866247263956">
        <ele>8.760696405544877</ele>
        <time>2026-09-18T00:18:12.500000Z</time>
        <extensions>
          <gpxtpx:TrackPointExtension>
            <gpxtpx:hr>139</gpxtpx:hr>
          </gpxtpx:TrackPointExtension>
        </extensions>
      </trkpt>
      <trkpt lat="22.543699460269185" lon="114.09865118578308">
        <ele>8.820782509632409</ele>
        <time>2026-09-18T00:18:13.500000Z</time>
        <extensions>
          <gpxtpx:TrackPointExtension>
            <gpxtpx:hr>139</gpxtpx:hr>
          </gpxtpx:TrackPointExtension>
        </extensions>
      </trkpt>
      <trkpt lat="22.543695451376554" lon="114.0986404981763">
        <ele>8.916051743552089</ele>
        <time>2026-09-18T00:18:14.500000Z</time>
        <extensions>
          <gpxtpx:TrackPointExtension>
            <gpxtpx:hr>138</gpxtpx:hr>
          </gpxtpx:TrackPointExtension>
        </extensions>
      </trkpt>
      <trkpt lat="22.543692148260206" lon="114.09862960179312">
        <ele>9.024377605877817</ele>
        <time>2026-09-18T00:18:15.500000Z</time>
        <extensions>
          <gpxtpx:TrackPointExtension>
            <gpxtpx:hr>138</gpxtpx:hr>
          </gpxtpx:TrackPointExtension>
        </extensions>
      </trkpt>
      <trkpt lat="22.543688872913823" lon="114.09861772816883">
        <ele>9.18035448063165</ele>
        <time>2026-09-18T00:18:16.500000Z</time>
        <extensions>
          <gpxtpx:TrackPointExtension>
            <gpxtpx:hr>138</gpxtpx:hr>
          </gpxtpx:TrackPointExtension>
        </extensions>
      </trkpt>
      <trkpt lat="22.54368500964072" lon="114.09860547171904">
        <ele>9.3598170010373</ele>
        <time>2026-09-18T00:18:17.500000Z</time>
        <extensions>
          <gpxtpx:TrackPointExtension>
            <gpxtpx:hr>138</gpxtpx:hr>
          </gpxtpx:TrackPointExtension>
        </extensions>
      </trkpt>
      <trkpt lat="22.543680945967754" lon="114.09859402364971">
        <ele>9.564269796945155</ele>
        <time>2026-09-18T00:18:18.500000Z</time>
        <extensions>
          <gpxtpx:TrackPointExtension>
            <gpxtpx:hr>138</gpxtpx:hr>
          </gpxtpx:TrackPointExtension>
        </extensions>
      </trkpt>
      <trkpt lat="22.543676879459866" lon="114.09858321340668">
        <ele>9.792317286133766</ele>
        <time>2026-09-18T00:18:19.500000Z</time>
        <extensions>
          <gpxtpx:TrackPointExtension>
            <gpxtpx:hr>138</gpxtpx:hr>
          </gpxtpx:TrackPointExtension>
        </extensions>
      </trkpt>
      <trkpt lat="22.543672664626275" lon="114.09857164561485">
        <ele>10.03137555718422</ele>
        <time>2026-09-18T00:18:20.500000Z</time>
        <extensions>
          <gpxtpx:TrackPointExtension>
            <gpxtpx:hr>138</gpxtpx:hr>
          </gpxtpx:TrackPointExtension>
        </extensions>
      </trkpt>
      <trkpt lat="22.543668287649385" lon="114.09855792972238">
        <ele>10.27334717195481</ele>
        <time>2026-09-18T00:18:21.500000Z</time>
        <extensions>
          <gpxtpx:TrackPointExtension>
            <gpxtpx:hr>135</gpxtpx:hr>
          </gpxtpx:TrackPointExtension>
        </extensions>
      </trkpt>
      <trkpt lat="22.543664408919128" lon="114.09854243678743">
        <ele>10.51896031294018</ele>
        <time>2026-09-18T00:18:22.500000Z</time>
        <extensions>
          <gpxtpx:TrackPointExtension>
            <gpxtpx:hr>135</gpxtpx:hr>
          </gpxtpx:TrackPointExtension>
        </extensions>
      </trkpt>
      <trkpt lat="22.543662251091146" lon="114.09852717585875">
        <ele>10.765485243871808</ele>
        <time>2026-09-18T00:18:23.500000Z</time>
        <extensions>
          <gpxtpx:TrackPointExtension>
            <gpxtpx:hr>135</gpxtpx:hr>
          </gpxtpx:TrackPointExtension>
        </extensions>
      </trkpt>
      <trkpt lat="22.54366109186422" lon="114.09851263115073">
        <ele>11.010628106072545</ele>
        <time>2026-09-18T00:18:24.500000Z</time>
        <extensions>
          <gpxtpx:TrackPointExtension>
            <gpxtpx:hr>135</gpxtpx:hr>
          </gpxtpx:TrackPointExtension>
        </extensions>
      </trkpt>
      <trkpt lat="22.543659394963225" lon="114.09849819250904">
        <ele>11.243355265818536</ele>
        <time>2026-09-18T00:18:25.500000Z</time>
        <extensions>
          <gpxtpx:TrackPointExtension>
            <gpxtpx:hr>135</gpxtpx:hr>
          </gpxtpx:TrackPointExtension>
        </extensions>
      </trkpt>
      <trkpt lat="22.543656729585816" lon="114.09848391864344">
        <ele>11.475471219047904</ele>
        <time>2026-09-18T00:18:26.500000Z</time>
        <extensions>
          <gpxtpx:TrackPointExtension>
            <gpxtpx:hr>135</gpxtpx:hr>
          </gpxtpx:TrackPointExtension>
        </extensions>
      </trkpt>
      <trkpt lat="22.543653056635403" lon="114.09846923938005">
        <ele>11.700108718127012</ele>
        <time>2026-09-18T00:18:27.500000Z</time>
        <extensions>
          <gpxtpx:TrackPointExtension>
            <gpxtpx:hr>135</gpxtpx:hr>
          </gpxtpx:TrackPointExtension>
        </extensions>
      </trkpt>
      <trkpt lat="22.543648904670345" lon="114.09845356990381">
        <ele>11.921678852289915</ele>
        <time>2026-09-18T00:18:28.500000Z</time>
        <extensions>
          <gpxtpx:TrackPointExtension>
            <gpxtpx:hr>132</gpxtpx:hr>
          </gpxtpx:TrackPointExtension>
        </extensions>
      </trkpt>
      <trkpt lat="22.543645071445745" lon="114.09843672592595">
        <ele>12.133613298647106</ele>
        <time>2026-09-18T00:18:29.500000Z</time>
        <extensions>
          <gpxtpx:TrackPointExtension>
            <gpxtpx:hr>132</gpxtpx:hr>
          </gpxtpx:TrackPointExtension>
        </extensions>
      </trkpt>
      <trkpt lat="22.54364156728399" lon="114.09841928498943">
        <ele>12.337040326558053</ele>
        <time>2026-09-18T00:18:30.500000Z</time>
        <extensions>
          <gpxtpx:TrackPointExtension>
            <gpxtpx:hr>132</gpxtpx:hr>
          </gpxtpx:TrackPointExtension>
        </extensions>
      </trkpt>
      <trkpt lat="22.543638355185394" lon="114.09840197976294">
        <ele>12.504351314157248</ele>
        <time>2026-09-18T00:18:31.500000Z</time>
        <extensions>
          <gpxtpx:TrackPointExtension>
            <gpxtpx:hr>132</gpxtpx:hr>
          </gpxtpx:TrackPointExtension>
        </extensions>
      </trkpt>
      <trkpt lat="22.543635336961934" lon="114.09838534590541">
        <ele>12.656679848209023</ele>
        <time>2026-09-18T00:18:32.500000Z</time>
        <extensions>
          <gpxtpx:TrackPointExtension>
            <gpxtpx:hr>132</gpxtpx:hr>
          </gpxtpx:TrackPointExtension>
        </extensions>
      </trkpt>
      <trkpt lat="22.54363247261569" lon="114.09836898626203">
        <ele>12.783038282766938</ele>
        <time>2026-09-18T00:18:33.500000Z</time>
        <extensions>
          <gpxtpx:TrackPointExtension>
            <gpxtpx:hr>132</gpxtpx:hr>
          </gpxtpx:TrackPointExtension>
        </extensions>
      </trkpt>
      <trkpt lat="22.54362963205053" lon="114.09835285848065">
        <ele>12.888444542884827</ele>
        <time>2026-09-18T00:18:34.500000Z</time>
        <extensions>
          <gpxtpx:TrackPointExtension>
            <gpxtpx:hr>132</gpxtpx:hr>
          </gpxtpx:TrackPointExtension>
        </extensions>
      </trkpt>
      <trkpt lat="22.543626755654532" lon="114.09833668961464">
        <ele>12.973199741914868</ele>
        <time>2026-09-18T00:18:35.500000Z</time>
        <extensions>
          <gpxtpx:TrackPointExtension>
            <gpxtpx:hr>127</gpxtpx:hr>
          </gpxtpx:TrackPointExtension>
        </extensions>
      </trkpt>
      <trkpt lat="22.543623968810063" lon="114.09831960082805">
        <ele>13.062716165557504</ele>
        <time>2026-09-18T00:18:36.500000Z</time>
        <extensions>
          <gpxtpx:TrackPointExtension>
            <gpxtpx:hr>127</gpxtpx:hr>
          </gpxtpx:TrackPointExtension>
        </extensions>
      </trkpt>
      <trkpt lat="22.543621453179522" lon="114.0983017661703">
        <ele>13.15277374535799</ele>
        <time>2026-09-18T00:18:37.500000Z</time>
        <extensions>
          <gpxtpx:TrackPointExtension>
            <gpxtpx:hr>127</gpxtpx:hr>
          </gpxtpx:TrackPointExtension>
        </extensions>
      </trkpt>
      <trkpt lat="22.54361886675317" lon="114.09828444686738">
        <ele>13.284551405347884</ele>
        <time>2026-09-18T00:18:38.500000Z</time>
        <extensions>
          <gpxtpx:TrackPointExtension>
            <gpxtpx:hr>127</gpxtpx:hr>
          </gpxtpx:TrackPointExtension>
        </extensions>
      </trkpt>
      <trkpt lat="22.54361617757184" lon="114.0982680994971">
        <ele>13.478242292068899</ele>
        <time>2026-09-18T00:18:39.500000Z</time>
        <extensions>
          <gpxtpx:TrackPointExtension>
            <gpxtpx:hr>127</gpxtpx:hr>
          </gpxtpx:TrackPointExtension>
        </extensions>
      </trkpt>
      <trkpt lat="22.543613756597832" lon="114.09825271314469">
        <ele>13.696549776941538</ele>
        <time>2026-09-18T00:18:40.500000Z</time>
        <extensions>
          <gpxtpx:TrackPointExtension>
            <gpxtpx:hr>127</gpxtpx:hr>
          </gpxtpx:TrackPointExtension>
        </extensions>
      </trkpt>
      <trkpt lat="22.543612372274108" lon="114.09823794932765">
        <ele>13.966922879219055</ele>
        <time>2026-09-18T00:18:41.500000Z</time>
        <extensions>
          <gpxtpx:TrackPointExtension>
            <gpxtpx:hr>127</gpxtpx:hr>
          </gpxtpx:TrackPointExtension>
        </extensions>
      </trkpt>
      <trkpt lat="22.54361276764763" lon="114.09822318995572">
        <ele>14.268397400155663</ele>
        <time>2026-09-18T00:18:42.500000Z</time>
        <extensions>
          <gpxtpx:TrackPointExtension>
            <gpxtpx:hr>127</gpxtpx:hr>
          </gpxtpx:TrackPointExtension>
        </extensions>
      </trkpt>
      <trkpt lat="22.54361508242445" lon="114.09820778339103">
        <ele>14.621851556003094</ele>
        <time>2026-09-18T00:18:43.500000Z</time>
        <extensions>
          <gpxtpx:TrackPointExtension>
            <gpxtpx:hr>127</gpxtpx:hr>
          </gpxtpx:TrackPointExtension>
        </extensions>
      </trkpt>
      <trkpt lat="22.543618661335323" lon="114.0981912248382">
        <ele>15.030407204292715</ele>
        <time>2026-09-18T00:18:44.500000Z</time>
        <extensions>
          <gpxtpx:TrackPointExtension>
            <gpxtpx:hr>127</gpxtpx:hr>
          </gpxtpx:TrackPointExtension>
        </extensions>
      </trkpt>
      <trkpt lat="22.543622473133123" lon="114.09817431336445">
        <ele>15.499313905835152</ele>
        <time>2026-09-18T00:18:45.500000Z</time>
        <extensions>
          <gpxtpx:TrackPointExtension>
            <gpxtpx:hr>123</gpxtpx:hr>
          </gpxtpx:TrackPointExtension>
        </extensions>
      </trkpt>
      <trkpt lat="22.543625964623278" lon="114.09815834773715">
        <ele>16.000146402046084</ele>
        <time>2026-09-18T00:18:46.500000Z</time>
        <extensions>
          <gpxtpx:TrackPointExtension>
            <gpxtpx:hr>123</gpxtpx:hr>
          </gpxtpx:TrackPointExtension>
        </extensions>
      </trkpt>
      <trkpt lat="22.543629298070435" lon="114.09814368976406">
        <ele>16.526774540543556</ele>
        <time>2026-09-18T00:18:47.500000Z</time>
        <extensions>
          <gpxtpx:TrackPointExtension>
            <gpxtpx:hr>123</gpxtpx:hr>
          </gpxtpx:TrackPointExtension>
        </extensions>
      </trkpt>
      <trkpt lat="22.543632739565286" lon="114.09813078836795">
        <ele>17.08098281174898</ele>
        <time>2026-09-18T00:18:48.500000Z</time>
        <extensions>
          <gpxtpx:TrackPointExtension>
            <gpxtpx:hr>123</gpxtpx:hr>
          </gpxtpx:TrackPointExtension>
        </extensions>
      </trkpt>
      <trkpt lat="22.543636809773805" lon="114.09811884790322">
        <ele>17.70017588417977</ele>
        <time>2026-09-18T00:18:49.500000Z</time>
        <extensions>
          <gpxtpx:TrackPointExtension>
            <gpxtpx:hr>123</gpxtpx:hr>
          </gpxtpx:TrackPointExtension>
        </extensions>
      </trkpt>
      <trkpt lat="22.543642239561155" lon="114.09810695413282">
        <ele>18.33291383739561</ele>
        <time>2026-09-18T00:18:50.500000Z</time>
        <extensions>
          <gpxtpx:TrackPointExtension>
            <gpxtpx:hr>123</gpxtpx:hr>
          </gpxtpx:TrackPointExtension>
        </extensions>
      </trkpt>
      <trkpt lat="22.543648745470737" lon="114.09809535744272">
        <ele>18.949228980578482</ele>
        <time>2026-09-18T00:18:51.500000Z</time>
        <extensions>
          <gpxtpx:TrackPointExtension>
            <gpxtpx:hr>123</gpxtpx:hr>
          </gpxtpx:TrackPointExtension>
        </extensions>
      </trkpt>
      <trkpt lat="22.543655546609212" lon="114.09808472927385">
        <ele>19.536550062708557</ele>
        <time>2026-09-18T00:18:52.500000Z</time>
        <extensions>
          <gpxtpx:TrackPointExtension>
            <gpxtpx:hr>123</gpxtpx:hr>
          </gpxtpx:TrackPointExtension>
        </extensions>
      </trkpt>
      <trkpt lat="22.543662833600422" lon="114.09807494689092">
        <ele>20.067572569474578</ele>
        <time>2026-09-18T00:18:53.500000Z</time>
        <extensions>
          <gpxtpx:TrackPointExtension>
            <gpxtpx:hr>123</gpxtpx:hr>
          </gpxtpx:TrackPointExtension>
        </extensions>
      </trkpt>
      <trkpt lat="22.543670967812645" lon="114.09806537628835">
        <ele>20.52484337799251</ele>
        <time>2026-09-18T00:18:54.500000Z</time>
        <extensions>
          <gpxtpx:TrackPointExtension>
            <gpxtpx:hr>123</gpxtpx:hr>
          </gpxtpx:TrackPointExtension>
        </extensions>
      </trkpt>
      <trkpt lat="22.54367954498388" lon="114.09805573106202">
        <ele>20.901741904206574</ele>
        <time>2026-09-18T00:18:55.500000Z</time>
        <extensions>
          <gpxtpx:TrackPointExtension>
            <gpxtpx:hr>120</gpxtpx:hr>
          </gpxtpx:TrackPointExtension>
        </extensions>
      </trkpt>
      <trkpt lat="22.54368775301205" lon="114.09804593329032">
        <ele>21.22203310765326</ele>
        <time>2026-09-18T00:18:56.500000Z</time>
        <extensions>
          <gpxtpx:TrackPointExtension>
            <gpxtpx:hr>120</gpxtpx:hr>
          </gpxtpx:TrackPointExtension>
        </extensions>
      </trkpt>
      <trkpt lat="22.54369439294006" lon="114.09803621467775">
        <ele>21.488591657951474</ele>
        <time>2026-09-18T00:18:57.500000Z</time>
        <extensions>
          <gpxtpx:TrackPointExtension>
            <gpxtpx:hr>120</gpxtpx:hr>
          </gpxtpx:TrackPointExtension>
        </extensions>
      </trkpt>
      <trkpt lat="22.543699023206493" lon="114.09802659733936">
        <ele>21.697013133205473</ele>
        <time>2026-09-18T00:18:58.500000Z</time>
        <extensions>
          <gpxtpx:TrackPointExtension>
            <gpxtpx:hr>120</gpxtpx:hr>
          </gpxtpx:TrackPointExtension>
        </extensions>
      </trkpt>
      <trkpt lat="22.543701629342703" lon="114.09801752383012">
        <ele>21.850550185889006</ele>
        <time>2026-09-18T00:18:59.500000Z</time>
        <extensions>
          <gpxtpx:TrackPointExtension>
            <gpxtpx:hr>120</gpxtpx:hr>
          </gpxtpx:TrackPointExtension>
        </extensions>
      </trkpt>
      <trkpt lat="22.543702627069578" lon="114.09801043572708">
        <ele>21.954531162045896</ele>
        <time>2026-09-18T00:19:00.500000Z</time>
        <extensions>
          <gpxtpx:TrackPointExtension>
            <gpxtpx:hr>120</gpxtpx:hr>
          </gpxtpx:TrackPointExtension>
        </extensions>
      </trkpt>
      <trkpt lat="22.543702891564546" lon="114.09800301296187">
        <ele>21.995186635293067</ele>
        <time>2026-09-18T00:19:01.500000Z</time>
        <extensions>
          <gpxtpx:TrackPointExtension>
            <gpxtpx:hr>119</gpxtpx:hr>
          </gpxtpx:TrackPointExtension>
        </extensions>
      </trkpt>
      <trkpt lat="22.54370228262448" lon="114.09799329586374">
        <ele>21.982611902989447</ele>
        <time>2026-09-18T00:19:02.500000Z</time>
        <extensions>
          <gpxtpx:TrackPointExtension>
            <gpxtpx:hr>119</gpxtpx:hr>
          </gpxtpx:TrackPointExtension>
        </extensions>
      </trkpt>
      <trkpt lat="22.54370133577978" lon="114.0979832011342">
        <ele>21.914116056635976</ele>
        <time>2026-09-18T00:19:03.500000Z</time>
        <extensions>
          <gpxtpx:TrackPointExtension>
            <gpxtpx:hr>119</gpxtpx:hr>
          </gpxtpx:TrackPointExtension>
        </extensions>
      </trkpt>
      <trkpt lat="22.543701006934086" lon="114.09797263490279">
        <ele>21.790481929667294</ele>
        <time>2026-09-18T00:19:04.500000Z</time>
        <extensions>
          <gpxtpx:TrackPointExtension>
            <gpxtpx:hr>119</gpxtpx:hr>
          </gpxtpx:TrackPointExtension>
        </extensions>
      </trkpt>
      <trkpt lat="22.54370156786661" lon="114.09796045043859">
        <ele>21.628821270540357</ele>
        <time>2026-09-18T00:19:05.500000Z</time>
        <extensions>
          <gpxtpx:TrackPointExtension>
            <gpxtpx:hr>119</gpxtpx:hr>
          </gpxtpx:TrackPointExtension>
        </extensions>
      </trkpt>
      <trkpt lat="22.543703041753172" lon="114.09794654347562">
        <ele>21.429215925745666</ele>
        <time>2026-09-18T00:19:06.500000Z</time>
        <extensions>
          <gpxtpx:TrackPointExtension>
            <gpxtpx:hr>119</gpxtpx:hr>
          </gpxtpx:TrackPointExtension>
        </extensions>
      </trkpt>
      <trkpt lat="22.543704889589637" lon="114.09793155954873">
        <ele>21.230947114527225</ele>
        <time>2026-09-18T00:19:07.500000Z</time>
        <extensions>
          <gpxtpx:TrackPointExtension>
            <gpxtpx:hr>119</gpxtpx:hr>
          </gpxtpx:TrackPointExtension>
        </extensions>
      </trkpt>
      <trkpt lat="22.543706650776596" lon="114.097916415199">
        <ele>21.022253525443375</ele>
        <time>2026-09-18T00:19:08.500000Z</time>
        <extensions>
          <gpxtpx:TrackPointExtension>
            <gpxtpx:hr>118</gpxtpx:hr>
          </gpxtpx:TrackPointExtension>
        </extensions>
      </trkpt>
      <trkpt lat="22.543708324286705" lon="114.09790199982893">
        <ele>20.80910199228674</ele>
        <time>2026-09-18T00:19:09.500000Z</time>
        <extensions>
          <gpxtpx:TrackPointExtension>
            <gpxtpx:hr>118</gpxtpx:hr>
          </gpxtpx:TrackPointExtension>
        </extensions>
      </trkpt>
      <trkpt lat="22.54371018897417" lon="114.09788794049119">
        <ele>20.601229480467737</ele>
        <time>2026-09-18T00:19:10.500000Z</time>
        <extensions>
          <gpxtpx:TrackPointExtension>
            <gpxtpx:hr>118</gpxtpx:hr>
          </gpxtpx:TrackPointExtension>
        </extensions>
      </trkpt>
      <trkpt lat="22.54371227014889" lon="114.09787371830214">
        <ele>20.393406848423183</ele>
        <time>2026-09-18T00:19:11.500000Z</time>
        <extensions>
          <gpxtpx:TrackPointExtension>
            <gpxtpx:hr>118</gpxtpx:hr>
          </gpxtpx:TrackPointExtension>
        </extensions>
      </trkpt>
      <trkpt lat="22.543714010401736" lon="114.09785927481174">
        <ele>20.197300601750612</ele>
        <time>2026-09-18T00:19:12.500000Z</time>
        <extensions>
          <gpxtpx:TrackPointExtension>
            <gpxtpx:hr>118</gpxtpx:hr>
          </gpxtpx:TrackPointExtension>
        </extensions>
      </trkpt>
      <trkpt lat="22.543714912270065" lon="114.09784483470709">
        <ele>20.008918659761548</ele>
        <time>2026-09-18T00:19:13.500000Z</time>
        <extensions>
          <gpxtpx:TrackPointExtension>
            <gpxtpx:hr>118</gpxtpx:hr>
          </gpxtpx:TrackPointExtension>
        </extensions>
      </trkpt>
      <trkpt lat="22.543714727359124" lon="114.09783087889724">
        <ele>19.813507102429867</ele>
        <time>2026-09-18T00:19:14.500000Z</time>
        <extensions>
          <gpxtpx:TrackPointExtension>
            <gpxtpx:hr>116</gpxtpx:hr>
          </gpxtpx:TrackPointExtension>
        </extensions>
      </trkpt>
      <trkpt lat="22.54371360443366" lon="114.09781777874142">
        <ele>19.637252105399966</ele>
        <time>2026-09-18T00:19:15.500000Z</time>
        <extensions>
          <gpxtpx:TrackPointExtension>
            <gpxtpx:hr>116</gpxtpx:hr>
          </gpxtpx:TrackPointExtension>
        </extensions>
      </trkpt>
      <trkpt lat="22.543711972923564" lon="114.09780513287848">
        <ele>19.48076682072133</ele>
        <time>2026-09-18T00:19:16.500000Z</time>
        <extensions>
          <gpxtpx:TrackPointExtension>
            <gpxtpx:hr>116</gpxtpx:hr>
          </gpxtpx:TrackPointExtension>
        </extensions>
      </trkpt>
      <trkpt lat="22.54371036040495" lon="114.09779256437363">
        <ele>19.35073031950742</ele>
        <time>2026-09-18T00:19:17.500000Z</time>
        <extensions>
          <gpxtpx:TrackPointExtension>
            <gpxtpx:hr>116</gpxtpx:hr>
          </gpxtpx:TrackPointExtension>
        </extensions>
      </trkpt>
      <trkpt lat="22.543708955000973" lon="114.09778006681171">
        <ele>19.261896826326847</ele>
        <time>2026-09-18T00:19:18.500000Z</time>
        <extensions>
          <gpxtpx:TrackPointExtension>
            <gpxtpx:hr>116</gpxtpx:hr>
          </gpxtpx:TrackPointExtension>
        </extensions>
      </trkpt>
      <trkpt lat="22.54370796329167" lon="114.09776750332831">
        <ele>19.198123786598444</ele>
        <time>2026-09-18T00:19:19.500000Z</time>
        <extensions>
          <gpxtpx:TrackPointExtension>
            <gpxtpx:hr>116</gpxtpx:hr>
          </gpxtpx:TrackPointExtension>
        </extensions>
      </trkpt>
      <trkpt lat="22.54370751483114" lon="114.09775503141758">
        <ele>19.14973833784461</ele>
        <time>2026-09-18T00:19:20.500000Z</time>
        <extensions>
          <gpxtpx:TrackPointExtension>
            <gpxtpx:hr>114</gpxtpx:hr>
          </gpxtpx:TrackPointExtension>
        </extensions>
      </trkpt>
      <trkpt lat="22.543707802568562" lon="114.09774283524078">
        <ele>19.115310011431575</ele>
        <time>2026-09-18T00:19:21.500000Z</time>
        <extensions>
          <gpxtpx:TrackPointExtension>
            <gpxtpx:hr>114</gpxtpx:hr>
          </gpxtpx:TrackPointExtension>
        </extensions>
      </trkpt>
      <trkpt lat="22.54370904361279" lon="114.0977307747745">
        <ele>19.095999911427498</ele>
        <time>2026-09-18T00:19:22.500000Z</time>
        <extensions>
          <gpxtpx:TrackPointExtension>
            <gpxtpx:hr>114</gpxtpx:hr>
          </gpxtpx:TrackPointExtension>
        </extensions>
      </trkpt>
      <trkpt lat="22.543711384189702" lon="114.09771843086403">
        <ele>19.094911631196737</ele>
        <time>2026-09-18T00:19:23.500000Z</time>
        <extensions>
          <gpxtpx:TrackPointExtension>
            <gpxtpx:hr>114</gpxtpx:hr>
          </gpxtpx:TrackPointExtension>
        </extensions>
      </trkpt>
      <trkpt lat="22.54371435728399" lon="114.09770570209085">
        <ele>19.11434544902295</ele>
        <time>2026-09-18T00:19:24.500000Z</time>
        <extensions>
          <gpxtpx:TrackPointExtension>
            <gpxtpx:hr>114</gpxtpx:hr>
          </gpxtpx:TrackPointExtension>
        </extensions>
      </trkpt>
      <trkpt lat="22.543717417987708" lon="114.09769269692733">
        <ele>19.129314021207392</ele>
        <time>2026-09-18T00:19:25.500000Z</time>
        <extensions>
          <gpxtpx:TrackPointExtension>
            <gpxtpx:hr>114</gpxtpx:hr>
          </gpxtpx:TrackPointExtension>
        </extensions>
      </trkpt>
      <trkpt lat="22.54372052289494" lon="114.09767974417606">
        <ele>19.117434518411756</ele>
        <time>2026-09-18T00:19:26.500000Z</time>
        <extensions>
          <gpxtpx:TrackPointExtension>
            <gpxtpx:hr>114</gpxtpx:hr>
          </gpxtpx:TrackPointExtension>
        </extensions>
      </trkpt>
      <trkpt lat="22.543723154333474" lon="114.09766686255296">
        <ele>19.1098621385172</ele>
        <time>2026-09-18T00:19:27.500000Z</time>
        <extensions>
          <gpxtpx:TrackPointExtension>
            <gpxtpx:hr>114</gpxtpx:hr>
          </gpxtpx:TrackPointExtension>
        </extensions>
      </trkpt>
      <trkpt lat="22.543725062219938" lon="114.09765465091621">
        <ele>19.10754029545933</ele>
        <time>2026-09-18T00:19:28.500000Z</time>
        <extensions>
          <gpxtpx:TrackPointExtension>
            <gpxtpx:hr>114</gpxtpx:hr>
          </gpxtpx:TrackPointExtension>
        </extensions>
      </trkpt>
      <trkpt lat="22.54372646785087" lon="114.09764278833718">
        <ele>19.09836517740041</ele>
        <time>2026-09-18T00:19:29.500000Z</time>
        <extensions>
          <gpxtpx:TrackPointExtension>
            <gpxtpx:hr>114</gpxtpx:hr>
          </gpxtpx:TrackPointExtension>
        </extensions>
      </trkpt>
      <trkpt lat="22.543727835892934" lon="114.09763099235484">
        <ele>19.058447811752558</ele>
        <time>2026-09-18T00:19:30.500000Z</time>
        <extensions>
          <gpxtpx:TrackPointExtension>
            <gpxtpx:hr>114</gpxtpx:hr>
          </gpxtpx:TrackPointExtension>
        </extensions>
      </trkpt>
      <trkpt lat="22.543728976122825" lon="114.09761980847823">
        <ele>18.977243710309267</ele>
        <time>2026-09-18T00:19:31.500000Z</time>
        <extensions>
          <gpxtpx:TrackPointExtension>
            <gpxtpx:hr>114</gpxtpx:hr>
          </gpxtpx:TrackPointExtension>
        </extensions>
      </trkpt>
      <trkpt lat="22.543729499208624" lon="114.0976099000186">
        <ele>18.850414462387562</ele>
        <time>2026-09-18T00:19:32.500000Z</time>
        <extensions>
          <gpxtpx:TrackPointExtension>
            <gpxtpx:hr>114</gpxtpx:hr>
          </gpxtpx:TrackPointExtension>
        </extensions>
      </trkpt>
      <trkpt lat="22.54372926652306" lon="114.09760085323813">
        <ele>18.698922068811953</ele>
        <time>2026-09-18T00:19:33.500000Z</time>
        <extensions>
          <gpxtpx:TrackPointExtension>
            <gpxtpx:hr>114</gpxtpx:hr>
          </gpxtpx:TrackPointExtension>
        </extensions>
      </trkpt>
      <trkpt lat="22.543728373933945" lon="114.0975917018578">
        <ele>18.561620868742466</ele>
        <time>2026-09-18T00:19:34.500000Z</time>
        <extensions>
          <gpxtpx:TrackPointExtension>
            <gpxtpx:hr>115</gpxtpx:hr>
          </gpxtpx:TrackPointExtension>
        </extensions>
      </trkpt>
      <trkpt lat="22.54372672725649" lon="114.09758152210973">
        <ele>18.406565724872053</ele>
        <time>2026-09-18T00:19:35.500000Z</time>
        <extensions>
          <gpxtpx:TrackPointExtension>
            <gpxtpx:hr>115</gpxtpx:hr>
          </gpxtpx:TrackPointExtension>
        </extensions>
      </trkpt>
      <trkpt lat="22.543723634403456" lon="114.09757082870118">
        <ele>18.244750942103565</ele>
        <time>2026-09-18T00:19:36.500000Z</time>
        <extensions>
          <gpxtpx:TrackPointExtension>
            <gpxtpx:hr>115</gpxtpx:hr>
          </gpxtpx:TrackPointExtension>
        </extensions>
      </trkpt>
      <trkpt lat="22.54371954971714" lon="114.09756095409399">
        <ele>18.072760425508022</ele>
        <time>2026-09-18T00:19:37.500000Z</time>
        <extensions>
          <gpxtpx:TrackPointExtension>
            <gpxtpx:hr>115</gpxtpx:hr>
          </gpxtpx:TrackPointExtension>
        </extensions>
      </trkpt>
      <trkpt lat="22.543715499910316" lon="114.09755039148885">
        <ele>17.91446252539754</ele>
        <time>2026-09-18T00:19:38.500000Z</time>
        <extensions>
          <gpxtpx:TrackPointExtension>
            <gpxtpx:hr>115</gpxtpx:hr>
          </gpxtpx:TrackPointExtension>
        </extensions>
      </trkpt>
      <trkpt lat="22.54371103893266" lon="114.09753806895642">
        <ele>17.766923259943724</ele>
        <time>2026-09-18T00:19:39.500000Z</time>
        <extensions>
          <gpxtpx:TrackPointExtension>
            <gpxtpx:hr>115</gpxtpx:hr>
          </gpxtpx:TrackPointExtension>
        </extensions>
      </trkpt>
      <trkpt lat="22.543706607402818" lon="114.09752606131592">
        <ele>17.62366792652756</ele>
        <time>2026-09-18T00:19:40.500000Z</time>
        <extensions>
          <gpxtpx:TrackPointExtension>
            <gpxtpx:hr>115</gpxtpx:hr>
          </gpxtpx:TrackPointExtension>
        </extensions>
      </trkpt>
      <trkpt lat="22.543702821871022" lon="114.09751532449361">
        <ele>17.48300653975457</ele>
        <time>2026-09-18T00:19:41.500000Z</time>
        <extensions>
          <gpxtpx:TrackPointExtension>
            <gpxtpx:hr>115</gpxtpx:hr>
          </gpxtpx:TrackPointExtension>
        </extensions>
      </trkpt>
      <trkpt lat="22.543700450759403" lon="114.09750542914917">
        <ele>17.370376804843545</ele>
        <time>2026-09-18T00:19:42.500000Z</time>
        <extensions>
          <gpxtpx:TrackPointExtension>
            <gpxtpx:hr>115</gpxtpx:hr>
          </gpxtpx:TrackPointExtension>
        </extensions>
      </trkpt>
      <trkpt lat="22.543700055793128" lon="114.0974955196399">
        <ele>17.29819322936237</ele>
        <time>2026-09-18T00:19:43.500000Z</time>
        <extensions>
          <gpxtpx:TrackPointExtension>
            <gpxtpx:hr>115</gpxtpx:hr>
          </gpxtpx:TrackPointExtension>
        </extensions>
      </trkpt>
      <trkpt lat="22.543701986485026" lon="114.09748417301876">
        <ele>17.275775440968573</ele>
        <time>2026-09-18T00:19:44.500000Z</time>
        <extensions>
          <gpxtpx:TrackPointExtension>
            <gpxtpx:hr>115</gpxtpx:hr>
          </gpxtpx:TrackPointExtension>
        </extensions>
      </trkpt>
      <trkpt lat="22.54370527949865" lon="114.09747139299772">
        <ele>17.28568796813488</ele>
        <time>2026-09-18T00:19:45.500000Z</time>
        <extensions>
          <gpxtpx:TrackPointExtension>
            <gpxtpx:hr>115</gpxtpx:hr>
          </gpxtpx:TrackPointExtension>
        </extensions>
      </trkpt>
      <trkpt lat="22.543707930921244" lon="114.0974582537131">
        <ele>17.324747312813997</ele>
        <time>2026-09-18T00:19:46.500000Z</time>
        <extensions>
          <gpxtpx:TrackPointExtension>
            <gpxtpx:hr>116</gpxtpx:hr>
          </gpxtpx:TrackPointExtension>
        </extensions>
      </trkpt>
      <trkpt lat="22.543708826581174" lon="114.09744461529858">
        <ele>17.368075324222445</ele>
        <time>2026-09-18T00:19:47.500000Z</time>
        <extensions>
          <gpxtpx:TrackPointExtension>
            <gpxtpx:hr>116</gpxtpx:hr>
          </gpxtpx:TrackPointExtension>
        </extensions>
      </trkpt>
      <trkpt lat="22.54370822937569" lon="114.09743005086426">
        <ele>17.42664698511362</ele>
        <time>2026-09-18T00:19:48.500000Z</time>
        <extensions>
          <gpxtpx:TrackPointExtension>
            <gpxtpx:hr>116</gpxtpx:hr>
          </gpxtpx:TrackPointExtension>
        </extensions>
      </trkpt>
      <trkpt lat="22.543707232120667" lon="114.0974142810751">
        <ele>17.49020432587713</ele>
        <time>2026-09-18T00:19:49.500000Z</time>
        <extensions>
          <gpxtpx:TrackPointExtension>
            <gpxtpx:hr>116</gpxtpx:hr>
          </gpxtpx:TrackPointExtension>
        </extensions>
      </trkpt>
      <trkpt lat="22.543706253834156" lon="114.09739692131804">
        <ele>17.56738567724824</ele>
        <time>2026-09-18T00:19:50.500000Z</time>
        <extensions>
          <gpxtpx:TrackPointExtension>
            <gpxtpx:hr>116</gpxtpx:hr>
          </gpxtpx:TrackPointExtension>
        </extensions>
      </trkpt>
      <trkpt lat="22.54370535744062" lon="114.09737897785557">
        <ele>17.641960012726486</ele>
        <time>2026-09-18T00:19:51.500000Z</time>
        <extensions>
          <gpxtpx:TrackPointExtension>
            <gpxtpx:hr>116</gpxtpx:hr>
          </gpxtpx:TrackPointExtension>
        </extensions>
      </trkpt>
      <trkpt lat="22.543704280898996" lon="114.09736202809876">
        <ele>17.728337408974767</ele>
        <time>2026-09-18T00:19:52.500000Z</time>
        <extensions>
          <gpxtpx:TrackPointExtension>
            <gpxtpx:hr>116</gpxtpx:hr>
          </gpxtpx:TrackPointExtension>
        </extensions>
      </trkpt>
      <trkpt lat="22.54370239016708" lon="114.09734605735704">
        <ele>17.80703641474247</ele>
        <time>2026-09-18T00:19:53.500000Z</time>
        <extensions>
          <gpxtpx:TrackPointExtension>
            <gpxtpx:hr>116</gpxtpx:hr>
          </gpxtpx:TrackPointExtension>
        </extensions>
      </trkpt>
      <trkpt lat="22.543699641795282" lon="114.09733007220312">
        <ele>17.906973437406123</ele>
        <time>2026-09-18T00:19:54.500000Z</time>
        <extensions>
          <gpxtpx:TrackPointExtension>
            <gpxtpx:hr>116</gpxtpx:hr>
          </gpxtpx:TrackPointExtension>
        </extensions>
      </trkpt>
      <trkpt lat="22.543696288165037" lon="114.09731390831016">
        <ele>17.99563670437783</ele>
        <time>2026-09-18T00:19:55.500000Z</time>
        <extensions>
          <gpxtpx:TrackPointExtension>
            <gpxtpx:hr>116</gpxtpx:hr>
          </gpxtpx:TrackPointExtension>
        </extensions>
      </trkpt>
      <trkpt lat="22.543691845218902" lon="114.09729828978233">
        <ele>18.095546966418624</ele>
        <time>2026-09-18T00:19:56.500000Z</time>
        <extensions>
          <gpxtpx:TrackPointExtension>
            <gpxtpx:hr>114</gpxtpx:hr>
          </gpxtpx:TrackPointExtension>
        </extensions>
      </trkpt>
      <trkpt lat="22.543686509851256" lon="114.0972837805288">
        <ele>18.210554456338286</ele>
        <time>2026-09-18T00:19:57.500000Z</time>
        <extensions>
          <gpxtpx:TrackPointExtension>
            <gpxtpx:hr>114</gpxtpx:hr>
          </gpxtpx:TrackPointExtension>
        </extensions>
      </trkpt>
      <trkpt lat="22.54368127744722" lon="114.09726995462056">
        <ele>18.323230833746493</ele>
        <time>2026-09-18T00:19:58.500000Z</time>
        <extensions>
          <gpxtpx:TrackPointExtension>
            <gpxtpx:hr>114</gpxtpx:hr>
          </gpxtpx:TrackPointExtension>
        </extensions>
      </trkpt>
      <trkpt lat="22.543676428974507" lon="114.097256877276">
        <ele>18.451589718461037</ele>
        <time>2026-09-18T00:19:59.500000Z</time>
        <extensions>
          <gpxtpx:TrackPointExtension>
            <gpxtpx:hr>114</gpxtpx:hr>
          </gpxtpx:TrackPointExtension>
        </extensions>
      </trkpt>
      <trkpt lat="22.54367216653252" lon="114.09724488007866">
        <ele>18.580399787053466</ele>
        <time>2026-09-18T00:20:00.500000Z</time>
        <extensions>
          <gpxtpx:TrackPointExtension>
            <gpxtpx:hr>114</gpxtpx:hr>
          </gpxtpx:TrackPointExtension>
        </extensions>
      </trkpt>
      <trkpt lat="22.54366887583283" lon="114.09723358386613">
        <ele>18.72242175694555</ele>
        <time>2026-09-18T00:20:01.500000Z</time>
        <extensions>
          <gpxtpx:TrackPointExtension>
            <gpxtpx:hr>115</gpxtpx:hr>
          </gpxtpx:TrackPointExtension>
        </extensions>
      </trkpt>
      <trkpt lat="22.543667193974926" lon="114.09722283422124">
        <ele>18.899273683317006</ele>
        <time>2026-09-18T00:20:02.500000Z</time>
        <extensions>
          <gpxtpx:TrackPointExtension>
            <gpxtpx:hr>115</gpxtpx:hr>
          </gpxtpx:TrackPointExtension>
        </extensions>
      </trkpt>
      <trkpt lat="22.54366700278954" lon="114.09721235538835">
        <ele>19.091273833997548</ele>
        <time>2026-09-18T00:20:03.500000Z</time>
        <extensions>
          <gpxtpx:TrackPointExtension>
            <gpxtpx:hr>115</gpxtpx:hr>
          </gpxtpx:TrackPointExtension>
        </extensions>
      </trkpt>
      <trkpt lat="22.543667457002144" lon="114.09720179543709">
        <ele>19.312977978028357</ele>
        <time>2026-09-18T00:20:04.500000Z</time>
        <extensions>
          <gpxtpx:TrackPointExtension>
            <gpxtpx:hr>115</gpxtpx:hr>
          </gpxtpx:TrackPointExtension>
        </extensions>
      </trkpt>
      <trkpt lat="22.543667703024695" lon="114.09719116695476">
        <ele>19.5371050266549</ele>
        <time>2026-09-18T00:20:05.500000Z</time>
        <extensions>
          <gpxtpx:TrackPointExtension>
            <gpxtpx:hr>115</gpxtpx:hr>
          </gpxtpx:TrackPointExtension>
        </extensions>
      </trkpt>
      <trkpt lat="22.543667391924462" lon="114.09718049940535">
        <ele>19.758651287294924</ele>
        <time>2026-09-18T00:20:06.500000Z</time>
        <extensions>
          <gpxtpx:TrackPointExtension>
            <gpxtpx:hr>114</gpxtpx:hr>
          </gpxtpx:TrackPointExtension>
        </extensions>
      </trkpt>
      <trkpt lat="22.543666597418618" lon="114.09716952239764">
        <ele>19.982262179255486</ele>
        <time>2026-09-18T00:20:07.500000Z</time>
        <extensions>
          <gpxtpx:TrackPointExtension>
            <gpxtpx:hr>114</gpxtpx:hr>
          </gpxtpx:TrackPointExtension>
        </extensions>
      </trkpt>
      <trkpt lat="22.543665511125074" lon="114.09715787090451">
        <ele>20.190993569791317</ele>
        <time>2026-09-18T00:20:08.500000Z</time>
        <extensions>
          <gpxtpx:TrackPointExtension>
            <gpxtpx:hr>114</gpxtpx:hr>
          </gpxtpx:TrackPointExtension>
        </extensions>
      </trkpt>
      <trkpt lat="22.543664161451353" lon="114.09714555488559">
        <ele>20.36708024237305</ele>
        <time>2026-09-18T00:20:09.500000Z</time>
        <extensions>
          <gpxtpx:TrackPointExtension>
            <gpxtpx:hr>114</gpxtpx:hr>
          </gpxtpx:TrackPointExtension>
        </extensions>
      </trkpt>
      <trkpt lat="22.543662305596538" lon="114.09713311751945">
        <ele>20.519169868901372</ele>
        <time>2026-09-18T00:20:10.500000Z</time>
        <extensions>
          <gpxtpx:TrackPointExtension>
            <gpxtpx:hr>114</gpxtpx:hr>
          </gpxtpx:TrackPointExtension>
        </extensions>
      </trkpt>
      <trkpt lat="22.543659785197317" lon="114.0971206355877">
        <ele>20.647094674408436</ele>
        <time>2026-09-18T00:20:11.500000Z</time>
        <extensions>
          <gpxtpx:TrackPointExtension>
            <gpxtpx:hr>113</gpxtpx:hr>
          </gpxtpx:TrackPointExtension>
        </extensions>
      </trkpt>
      <trkpt lat="22.543656774238627" lon="114.0971077996676">
        <ele>20.726699995808303</ele>
        <time>2026-09-18T00:20:12.500000Z</time>
        <extensions>
          <gpxtpx:TrackPointExtension>
            <gpxtpx:hr>113</gpxtpx:hr>
          </gpxtpx:TrackPointExtension>
        </extensions>
      </trkpt>
      <trkpt lat="22.543653444182677" lon="114.09709448054463">
        <ele>20.7423727940768</ele>
        <time>2026-09-18T00:20:13.500000Z</time>
        <extensions>
          <gpxtpx:TrackPointExtension>
            <gpxtpx:hr>113</gpxtpx:hr>
          </gpxtpx:TrackPointExtension>
        </extensions>
      </trkpt>
      <trkpt lat="22.54364966795031" lon="114.09708057643294">
        <ele>20.69313041958958</ele>
        <time>2026-09-18T00:20:14.500000Z</time>
        <extensions>
          <gpxtpx:TrackPointExtension>
            <gpxtpx:hr>113</gpxtpx:hr>
          </gpxtpx:TrackPointExtension>
        </extensions>
      </trkpt>
      <trkpt lat="22.543645524970927" lon="114.09706634533674">
        <ele>20.595840144902468</ele>
        <time>2026-09-18T00:20:15.500000Z</time>
        <extensions>
          <gpxtpx:TrackPointExtension>
            <gpxtpx:hr>114</gpxtpx:hr>
          </gpxtpx:TrackPointExtension>
        </extensions>
      </trkpt>
      <trkpt lat="22.543641731755656" lon="114.09705234275549">
        <ele>20.468340422026813</ele>
        <time>2026-09-18T00:20:16.500000Z</time>
        <extensions>
          <gpxtpx:TrackPointExtension>
            <gpxtpx:hr>114</gpxtpx:hr>
          </gpxtpx:TrackPointExtension>
        </extensions>
      </trkpt>
      <trkpt lat="22.54363882601504" lon="114.09703886146215">
        <ele>20.275547809898853</ele>
        <time>2026-09-18T00:20:17.500000Z</time>
        <extensions>
          <gpxtpx:TrackPointExtension>
            <gpxtpx:hr>114</gpxtpx:hr>
          </gpxtpx:TrackPointExtension>
        </extensions>
      </trkpt>
      <trkpt lat="22.54363667489782" lon="114.09702575358016">
        <ele>20.034194712527096</ele>
        <time>2026-09-18T00:20:18.500000Z</time>
        <extensions>
          <gpxtpx:TrackPointExtension>
            <gpxtpx:hr>114</gpxtpx:hr>
          </gpxtpx:TrackPointExtension>
        </extensions>
      </trkpt>
      <trkpt lat="22.543635037618326" lon="114.09701300292662">
        <ele>19.733916541561484</ele>
        <time>2026-09-18T00:20:19.500000Z</time>
        <extensions>
          <gpxtpx:TrackPointExtension>
            <gpxtpx:hr>114</gpxtpx:hr>
          </gpxtpx:TrackPointExtension>
        </extensions>
      </trkpt>
      <trkpt lat="22.543633684608047" lon="114.0969998005478">
        <ele>19.391035119071603</ele>
        <time>2026-09-18T00:20:20.500000Z</time>
        <extensions>
          <gpxtpx:TrackPointExtension>
            <gpxtpx:hr>114</gpxtpx:hr>
          </gpxtpx:TrackPointExtension>
        </extensions>
      </trkpt>
      <trkpt lat="22.54363268461182" lon="114.09698602862109">
        <ele>19.02070407476276</ele>
        <time>2026-09-18T00:20:21.500000Z</time>
        <extensions>
          <gpxtpx:TrackPointExtension>
            <gpxtpx:hr>114</gpxtpx:hr>
          </gpxtpx:TrackPointExtension>
        </extensions>
      </trkpt>
      <trkpt lat="22.543632519527986" lon="114.09697210721895">
        <ele>18.603650266304612</ele>
        <time>2026-09-18T00:20:22.500000Z</time>
        <extensions>
          <gpxtpx:TrackPointExtension>
            <gpxtpx:hr>114</gpxtpx:hr>
          </gpxtpx:TrackPointExtension>
        </extensions>
      </trkpt>
      <trkpt lat="22.543633599700293" lon="114.0969577705865">
        <ele>18.16470917314291</ele>
        <time>2026-09-18T00:20:23.500000Z</time>
        <extensions>
          <gpxtpx:TrackPointExtension>
            <gpxtpx:hr>114</gpxtpx:hr>
          </gpxtpx:TrackPointExtension>
        </extensions>
      </trkpt>
      <trkpt lat="22.543635347785052" lon="114.0969425455749">
        <ele>17.711058053188026</ele>
        <time>2026-09-18T00:20:24.500000Z</time>
        <extensions>
          <gpxtpx:TrackPointExtension>
            <gpxtpx:hr>114</gpxtpx:hr>
          </gpxtpx:TrackPointExtension>
        </extensions>
      </trkpt>
      <trkpt lat="22.543636410682833" lon="114.09692619320263">
        <ele>17.249434449709952</ele>
        <time>2026-09-18T00:20:25.500000Z</time>
        <extensions>
          <gpxtpx:TrackPointExtension>
            <gpxtpx:hr>114</gpxtpx:hr>
          </gpxtpx:TrackPointExtension>
        </extensions>
      </trkpt>
      <trkpt lat="22.543636234615562" lon="114.09691004691594">
        <ele>16.805635324679315</ele>
        <time>2026-09-18T00:20:26.500000Z</time>
        <extensions>
          <gpxtpx:TrackPointExtension>
            <gpxtpx:hr>114</gpxtpx:hr>
          </gpxtpx:TrackPointExtension>
        </extensions>
      </trkpt>
      <trkpt lat="22.543635255769164" lon="114.09689478971491">
        <ele>16.37373113632202</ele>
        <time>2026-09-18T00:20:27.500000Z</time>
        <extensions>
          <gpxtpx:TrackPointExtension>
            <gpxtpx:hr>114</gpxtpx:hr>
          </gpxtpx:TrackPointExtension>
        </extensions>
      </trkpt>
      <trkpt lat="22.543634457433512" lon="114.096879676817">
        <ele>15.949629997834563</ele>
        <time>2026-09-18T00:20:28.500000Z</time>
        <extensions>
          <gpxtpx:TrackPointExtension>
            <gpxtpx:hr>114</gpxtpx:hr>
          </gpxtpx:TrackPointExtension>
        </extensions>
      </trkpt>
      <trkpt lat="22.54363445684234" lon="114.09686494126508">
        <ele>15.54927927069366</ele>
        <time>2026-09-18T00:20:29.500000Z</time>
        <extensions>
          <gpxtpx:TrackPointExtension>
            <gpxtpx:hr>115</gpxtpx:hr>
          </gpxtpx:TrackPointExtension>
        </extensions>
      </trkpt>
      <trkpt lat="22.543635260652973" lon="114.09685037605826">
        <ele>15.179036881774664</ele>
        <time>2026-09-18T00:20:30.500000Z</time>
        <extensions>
          <gpxtpx:TrackPointExtension>
            <gpxtpx:hr>115</gpxtpx:hr>
          </gpxtpx:TrackPointExtension>
        </extensions>
      </trkpt>
      <trkpt lat="22.54363658503818" lon="114.09683494481999">
        <ele>14.828806121833622</ele>
        <time>2026-09-18T00:20:31.500000Z</time>
        <extensions>
          <gpxtpx:TrackPointExtension>
            <gpxtpx:hr>115</gpxtpx:hr>
          </gpxtpx:TrackPointExtension>
        </extensions>
      </trkpt>
      <trkpt lat="22.543638449461444" lon="114.09681827428541">
        <ele>14.507504545152187</ele>
        <time>2026-09-18T00:20:32.500000Z</time>
        <extensions>
          <gpxtpx:TrackPointExtension>
            <gpxtpx:hr>115</gpxtpx:hr>
          </gpxtpx:TrackPointExtension>
        </extensions>
      </trkpt>
      <trkpt lat="22.543640667944025" lon="114.0968014376151">
        <ele>14.227876751683652</ele>
        <time>2026-09-18T00:20:33.500000Z</time>
        <extensions>
          <gpxtpx:TrackPointExtension>
            <gpxtpx:hr>113</gpxtpx:hr>
          </gpxtpx:TrackPointExtension>
        </extensions>
      </trkpt>
      <trkpt lat="22.543642478448533" lon="114.09678569189282">
        <ele>13.99251168500632</ele>
        <time>2026-09-18T00:20:34.500000Z</time>
        <extensions>
          <gpxtpx:TrackPointExtension>
            <gpxtpx:hr>113</gpxtpx:hr>
          </gpxtpx:TrackPointExtension>
        </extensions>
      </trkpt>
      <trkpt lat="22.543642962612836" lon="114.09677088202514">
        <ele>13.81403337046504</ele>
        <time>2026-09-18T00:20:35.500000Z</time>
        <extensions>
          <gpxtpx:TrackPointExtension>
            <gpxtpx:hr>113</gpxtpx:hr>
          </gpxtpx:TrackPointExtension>
        </extensions>
      </trkpt>
      <trkpt lat="22.54364231887106" lon="114.09675632931834">
        <ele>13.683292572386563</ele>
        <time>2026-09-18T00:20:36.500000Z</time>
        <extensions>
          <gpxtpx:TrackPointExtension>
            <gpxtpx:hr>113</gpxtpx:hr>
          </gpxtpx:TrackPointExtension>
        </extensions>
      </trkpt>
      <trkpt lat="22.543641487807328" lon="114.09674227657163">
        <ele>13.597552914172411</ele>
        <time>2026-09-18T00:20:37.500000Z</time>
        <extensions>
          <gpxtpx:TrackPointExtension>
            <gpxtpx:hr>113</gpxtpx:hr>
          </gpxtpx:TrackPointExtension>
        </extensions>
      </trkpt>
      <trkpt lat="22.54364168523555" lon="114.09672948486508">
        <ele>13.557294978760183</ele>
        <time>2026-09-18T00:20:38.500000Z</time>
        <extensions>
          <gpxtpx:TrackPointExtension>
            <gpxtpx:hr>112</gpxtpx:hr>
          </gpxtpx:TrackPointExtension>
        </extensions>
      </trkpt>
      <trkpt lat="22.54364295705163" lon="114.09671759361329">
        <ele>13.571383453905582</ele>
        <time>2026-09-18T00:20:39.500000Z</time>
        <extensions>
          <gpxtpx:TrackPointExtension>
            <gpxtpx:hr>112</gpxtpx:hr>
          </gpxtpx:TrackPointExtension>
        </extensions>
      </trkpt>
      <trkpt lat="22.54364435993505" lon="114.0967056986727">
        <ele>13.613980797119439</ele>
        <time>2026-09-18T00:20:40.500000Z</time>
        <extensions>
          <gpxtpx:TrackPointExtension>
            <gpxtpx:hr>112</gpxtpx:hr>
          </gpxtpx:TrackPointExtension>
        </extensions>
      </trkpt>
      <trkpt lat="22.543645143834176" lon="114.09669271602263">
        <ele>13.696946253068745</ele>
        <time>2026-09-18T00:20:41.500000Z</time>
        <extensions>
          <gpxtpx:TrackPointExtension>
            <gpxtpx:hr>112</gpxtpx:hr>
          </gpxtpx:TrackPointExtension>
        </extensions>
      </trkpt>
      <trkpt lat="22.543644982828745" lon="114.09667910974585">
        <ele>13.801656076684594</ele>
        <time>2026-09-18T00:20:42.500000Z</time>
        <extensions>
          <gpxtpx:TrackPointExtension>
            <gpxtpx:hr>112</gpxtpx:hr>
          </gpxtpx:TrackPointExtension>
        </extensions>
      </trkpt>
      <trkpt lat="22.543644129587403" lon="114.09666563491403">
        <ele>13.952064288780093</ele>
        <time>2026-09-18T00:20:43.500000Z</time>
        <extensions>
          <gpxtpx:TrackPointExtension>
            <gpxtpx:hr>115</gpxtpx:hr>
          </gpxtpx:TrackPointExtension>
        </extensions>
      </trkpt>
      <trkpt lat="22.543642777697606" lon="114.09665248663421">
        <ele>14.125168250873685</ele>
        <time>2026-09-18T00:20:44.500000Z</time>
        <extensions>
          <gpxtpx:TrackPointExtension>
            <gpxtpx:hr>115</gpxtpx:hr>
          </gpxtpx:TrackPointExtension>
        </extensions>
      </trkpt>
      <trkpt lat="22.54364093873742" lon="114.0966399882125">
        <ele>14.324157082475722</ele>
        <time>2026-09-18T00:20:45.500000Z</time>
        <extensions>
          <gpxtpx:TrackPointExtension>
            <gpxtpx:hr>115</gpxtpx:hr>
          </gpxtpx:TrackPointExtension>
        </extensions>
      </trkpt>
      <trkpt lat="22.54363882787789" lon="114.09662836959578">
        <ele>14.560165464878082</ele>
        <time>2026-09-18T00:20:46.500000Z</time>
        <extensions>
          <gpxtpx:TrackPointExtension>
            <gpxtpx:hr>115</gpxtpx:hr>
          </gpxtpx:TrackPointExtension>
        </extensions>
      </trkpt>
      <trkpt lat="22.543636777667018" lon="114.09661754809063">
        <ele>14.835742259398103</ele>
        <time>2026-09-18T00:20:47.500000Z</time>
        <extensions>
          <gpxtpx:TrackPointExtension>
            <gpxtpx:hr>115</gpxtpx:hr>
          </gpxtpx:TrackPointExtension>
        </extensions>
      </trkpt>
      <trkpt lat="22.543635159488986" lon="114.09660726480381">
        <ele>15.119484477676451</ele>
        <time>2026-09-18T00:20:48.500000Z</time>
        <extensions>
          <gpxtpx:TrackPointExtension>
            <gpxtpx:hr>115</gpxtpx:hr>
          </gpxtpx:TrackPointExtension>
        </extensions>
      </trkpt>
      <trkpt lat="22.54363365684175" lon="114.09659667998204">
        <ele>15.410860572010279</ele>
        <time>2026-09-18T00:20:49.500000Z</time>
        <extensions>
          <gpxtpx:TrackPointExtension>
            <gpxtpx:hr>115</gpxtpx:hr>
          </gpxtpx:TrackPointExtension>
        </extensions>
      </trkpt>
      <trkpt lat="22.54363198525944" lon="114.09658513787952">
        <ele>15.703777875751257</ele>
        <time>2026-09-18T00:20:50.500000Z</time>
        <extensions>
          <gpxtpx:TrackPointExtension>
            <gpxtpx:hr>115</gpxtpx:hr>
          </gpxtpx:TrackPointExtension>
        </extensions>
      </trkpt>
      <trkpt lat="22.543630190595238" lon="114.09657273030552">
        <ele>16.016507633961737</ele>
        <time>2026-09-18T00:20:51.500000Z</time>
        <extensions>
          <gpxtpx:TrackPointExtension>
            <gpxtpx:hr>115</gpxtpx:hr>
          </gpxtpx:TrackPointExtension>
        </extensions>
      </trkpt>
      <trkpt lat="22.54362844281491" lon="114.09655923850971">
        <ele>16.321536201052368</ele>
        <time>2026-09-18T00:20:52.500000Z</time>
        <extensions>
          <gpxtpx:TrackPointExtension>
            <gpxtpx:hr>115</gpxtpx:hr>
          </gpxtpx:TrackPointExtension>
        </extensions>
      </trkpt>
      <trkpt lat="22.543626960530112" lon="114.09654487390588">
        <ele>16.624717018567026</ele>
        <time>2026-09-18T00:20:53.500000Z</time>
        <extensions>
          <gpxtpx:TrackPointExtension>
            <gpxtpx:hr>115</gpxtpx:hr>
          </gpxtpx:TrackPointExtension>
        </extensions>
      </trkpt>
      <trkpt lat="22.543625620822027" lon="114.0965302214267">
        <ele>16.917290319688618</ele>
        <time>2026-09-18T00:20:54.500000Z</time>
        <extensions>
          <gpxtpx:TrackPointExtension>
            <gpxtpx:hr>115</gpxtpx:hr>
          </gpxtpx:TrackPointExtension>
        </extensions>
      </trkpt>
      <trkpt lat="22.54362436275438" lon="114.09651510414642">
        <ele>17.192131528630853</ele>
        <time>2026-09-18T00:20:55.500000Z</time>
        <extensions>
          <gpxtpx:TrackPointExtension>
            <gpxtpx:hr>115</gpxtpx:hr>
          </gpxtpx:TrackPointExtension>
        </extensions>
      </trkpt>
      <trkpt lat="22.54362298897889" lon="114.096499135494">
        <ele>17.47993709333241</ele>
        <time>2026-09-18T00:20:56.500000Z</time>
        <extensions>
          <gpxtpx:TrackPointExtension>
            <gpxtpx:hr>115</gpxtpx:hr>
          </gpxtpx:TrackPointExtension>
        </extensions>
      </trkpt>
      <trkpt lat="22.543621340433468" lon="114.09648237813805">
        <ele>17.733237170614302</ele>
        <time>2026-09-18T00:20:57.500000Z</time>
        <extensions>
          <gpxtpx:TrackPointExtension>
            <gpxtpx:hr>115</gpxtpx:hr>
          </gpxtpx:TrackPointExtension>
        </extensions>
      </trkpt>
      <trkpt lat="22.54361942820328" lon="114.09646606397844">
        <ele>17.955850235186517</ele>
        <time>2026-09-18T00:20:58.500000Z</time>
        <extensions>
          <gpxtpx:TrackPointExtension>
            <gpxtpx:hr>115</gpxtpx:hr>
          </gpxtpx:TrackPointExtension>
        </extensions>
      </trkpt>
      <trkpt lat="22.5436173034988" lon="114.09645001285818">
        <ele>18.15444999653846</ele>
        <time>2026-09-18T00:20:59.500000Z</time>
        <extensions>
          <gpxtpx:TrackPointExtension>
            <gpxtpx:hr>115</gpxtpx:hr>
          </gpxtpx:TrackPointExtension>
        </extensions>
      </trkpt>
      <trkpt lat="22.543614793331173" lon="114.09643286402692">
        <ele>18.334701518528163</ele>
        <time>2026-09-18T00:21:00.500000Z</time>
        <extensions>
          <gpxtpx:TrackPointExtension>
            <gpxtpx:hr>115</gpxtpx:hr>
          </gpxtpx:TrackPointExtension>
        </extensions>
      </trkpt>
      <trkpt lat="22.543612133486516" lon="114.09641465029515">
        <ele>18.50688803847879</ele>
        <time>2026-09-18T00:21:01.500000Z</time>
        <extensions>
          <gpxtpx:TrackPointExtension>
            <gpxtpx:hr>114</gpxtpx:hr>
          </gpxtpx:TrackPointExtension>
        </extensions>
      </trkpt>
      <trkpt lat="22.54360940329977" lon="114.09639728255861">
        <ele>18.671847126446664</ele>
        <time>2026-09-18T00:21:02.500000Z</time>
        <extensions>
          <gpxtpx:TrackPointExtension>
            <gpxtpx:hr>114</gpxtpx:hr>
          </gpxtpx:TrackPointExtension>
        </extensions>
      </trkpt>
      <trkpt lat="22.543606557934815" lon="114.0963815850321">
        <ele>18.830536743626</ele>
        <time>2026-09-18T00:21:03.500000Z</time>
        <extensions>
          <gpxtpx:TrackPointExtension>
            <gpxtpx:hr>114</gpxtpx:hr>
          </gpxtpx:TrackPointExtension>
        </extensions>
      </trkpt>
      <trkpt lat="22.543603322093205" lon="114.09636671868023">
        <ele>18.978631882928312</ele>
        <time>2026-09-18T00:21:04.500000Z</time>
        <extensions>
          <gpxtpx:TrackPointExtension>
            <gpxtpx:hr>114</gpxtpx:hr>
          </gpxtpx:TrackPointExtension>
        </extensions>
      </trkpt>
      <trkpt lat="22.543599794608756" lon="114.09635166425126">
        <ele>19.11763614602387</ele>
        <time>2026-09-18T00:21:05.500000Z</time>
        <extensions>
          <gpxtpx:TrackPointExtension>
            <gpxtpx:hr>114</gpxtpx:hr>
          </gpxtpx:TrackPointExtension>
        </extensions>
      </trkpt>
      <trkpt lat="22.543596247251543" lon="114.09633555964675">
        <ele>19.25877045840025</ele>
        <time>2026-09-18T00:21:06.500000Z</time>
        <extensions>
          <gpxtpx:TrackPointExtension>
            <gpxtpx:hr>115</gpxtpx:hr>
          </gpxtpx:TrackPointExtension>
        </extensions>
      </trkpt>
      <trkpt lat="22.543593144488877" lon="114.0963193258153">
        <ele>19.391311925835907</ele>
        <time>2026-09-18T00:21:07.500000Z</time>
        <extensions>
          <gpxtpx:TrackPointExtension>
            <gpxtpx:hr>115</gpxtpx:hr>
          </gpxtpx:TrackPointExtension>
        </extensions>
      </trkpt>
      <trkpt lat="22.543590445260772" lon="114.0963033545494">
        <ele>19.528434365056455</ele>
        <time>2026-09-18T00:21:08.500000Z</time>
        <extensions>
          <gpxtpx:TrackPointExtension>
            <gpxtpx:hr>115</gpxtpx:hr>
          </gpxtpx:TrackPointExtension>
        </extensions>
      </trkpt>
      <trkpt lat="22.543587918622855" lon="114.09628683883837">
        <ele>19.676565574482083</ele>
        <time>2026-09-18T00:21:09.500000Z</time>
        <extensions>
          <gpxtpx:TrackPointExtension>
            <gpxtpx:hr>115</gpxtpx:hr>
          </gpxtpx:TrackPointExtension>
        </extensions>
      </trkpt>
      <trkpt lat="22.543585797726802" lon="114.0962695358482">
        <ele>19.84699268452823</ele>
        <time>2026-09-18T00:21:10.500000Z</time>
        <extensions>
          <gpxtpx:TrackPointExtension>
            <gpxtpx:hr>115</gpxtpx:hr>
          </gpxtpx:TrackPointExtension>
        </extensions>
      </trkpt>
      <trkpt lat="22.54358457664491" lon="114.09625273605629">
        <ele>20.040747289545834</ele>
        <time>2026-09-18T00:21:11.500000Z</time>
        <extensions>
          <gpxtpx:TrackPointExtension>
            <gpxtpx:hr>115</gpxtpx:hr>
          </gpxtpx:TrackPointExtension>
        </extensions>
      </trkpt>
      <trkpt lat="22.54358480352207" lon="114.09623669989139">
        <ele>20.237247383221984</ele>
        <time>2026-09-18T00:21:12.500000Z</time>
        <extensions>
          <gpxtpx:TrackPointExtension>
            <gpxtpx:hr>115</gpxtpx:hr>
          </gpxtpx:TrackPointExtension>
        </extensions>
      </trkpt>
      <trkpt lat="22.54358634930972" lon="114.09622066093957">
        <ele>20.426845245994627</ele>
        <time>2026-09-18T00:21:13.500000Z</time>
        <extensions>
          <gpxtpx:TrackPointExtension>
            <gpxtpx:hr>115</gpxtpx:hr>
          </gpxtpx:TrackPointExtension>
        </extensions>
      </trkpt>
      <trkpt lat="22.54358929197857" lon="114.09620504323578">
        <ele>20.624666678719223</ele>
        <time>2026-09-18T00:21:14.500000Z</time>
        <extensions>
          <gpxtpx:TrackPointExtension>
            <gpxtpx:hr>115</gpxtpx:hr>
          </gpxtpx:TrackPointExtension>
        </extensions>
      </trkpt>
      <trkpt lat="22.543593593876853" lon="114.09619013988886">
        <ele>20.830640967004</ele>
        <time>2026-09-18T00:21:15.500000Z</time>
        <extensions>
          <gpxtpx:TrackPointExtension>
            <gpxtpx:hr>117</gpxtpx:hr>
          </gpxtpx:TrackPointExtension>
        </extensions>
      </trkpt>
      <trkpt lat="22.54359859615458" lon="114.09617553065337">
        <ele>21.019294421188533</ele>
        <time>2026-09-18T00:21:16.500000Z</time>
        <extensions>
          <gpxtpx:TrackPointExtension>
            <gpxtpx:hr>117</gpxtpx:hr>
          </gpxtpx:TrackPointExtension>
        </extensions>
      </trkpt>
      <trkpt lat="22.54360431185722" lon="114.0961599465225">
        <ele>21.18513954989612</ele>
        <time>2026-09-18T00:21:17.500000Z</time>
        <extensions>
          <gpxtpx:TrackPointExtension>
            <gpxtpx:hr>117</gpxtpx:hr>
          </gpxtpx:TrackPointExtension>
        </extensions>
      </trkpt>
      <trkpt lat="22.543610560490766" lon="114.0961435011771">
        <ele>21.3537790607661</ele>
        <time>2026-09-18T00:21:18.500000Z</time>
        <extensions>
          <gpxtpx:TrackPointExtension>
            <gpxtpx:hr>117</gpxtpx:hr>
          </gpxtpx:TrackPointExtension>
        </extensions>
      </trkpt>
      <trkpt lat="22.543616911488833" lon="114.09612711218942">
        <ele>21.499474424868822</ele>
        <time>2026-09-18T00:21:19.500000Z</time>
        <extensions>
          <gpxtpx:TrackPointExtension>
            <gpxtpx:hr>117</gpxtpx:hr>
          </gpxtpx:TrackPointExtension>
        </extensions>
      </trkpt>
      <trkpt lat="22.54362352542013" lon="114.09611107511806">
        <ele>21.60479038581252</ele>
        <time>2026-09-18T00:21:20.500000Z</time>
        <extensions>
          <gpxtpx:TrackPointExtension>
            <gpxtpx:hr>117</gpxtpx:hr>
          </gpxtpx:TrackPointExtension>
        </extensions>
      </trkpt>
      <trkpt lat="22.543630000024667" lon="114.09609533620957">
        <ele>21.684014501981437</ele>
        <time>2026-09-18T00:21:21.500000Z</time>
        <extensions>
          <gpxtpx:TrackPointExtension>
            <gpxtpx:hr>116</gpxtpx:hr>
          </gpxtpx:TrackPointExtension>
        </extensions>
      </trkpt>
      <trkpt lat="22.543635452349548" lon="114.09608001847899">
        <ele>21.748833148740232</ele>
        <time>2026-09-18T00:21:22.500000Z</time>
        <extensions>
          <gpxtpx:TrackPointExtension>
            <gpxtpx:hr>116</gpxtpx:hr>
          </gpxtpx:TrackPointExtension>
        </extensions>
      </trkpt>
      <trkpt lat="22.543639804350182" lon="114.09606623837995">
        <ele>21.780237269587815</ele>
        <time>2026-09-18T00:21:23.500000Z</time>
        <extensions>
          <gpxtpx:TrackPointExtension>
            <gpxtpx:hr>116</gpxtpx:hr>
          </gpxtpx:TrackPointExtension>
        </extensions>
      </trkpt>
      <trkpt lat="22.543643562982897" lon="114.09605521637305">
        <ele>21.758198489435017</ele>
        <time>2026-09-18T00:21:24.500000Z</time>
        <extensions>
          <gpxtpx:TrackPointExtension>
            <gpxtpx:hr>115</gpxtpx:hr>
          </gpxtpx:TrackPointExtension>
        </extensions>
      </trkpt>
      <trkpt lat="22.54364690324952" lon="114.09604666751336">
        <ele>21.71912727598101</ele>
        <time>2026-09-18T00:21:25.500000Z</time>
        <extensions>
          <gpxtpx:TrackPointExtension>
            <gpxtpx:hr>115</gpxtpx:hr>
          </gpxtpx:TrackPointExtension>
        </extensions>
      </trkpt>
      <trkpt lat="22.543649622640324" lon="114.09603847112179">
        <ele>21.65810537803918</ele>
        <time>2026-09-18T00:21:26.500000Z</time>
        <extensions>
          <gpxtpx:TrackPointExtension>
            <gpxtpx:hr>115</gpxtpx:hr>
          </gpxtpx:TrackPointExtension>
        </extensions>
      </trkpt>
      <trkpt lat="22.54365164883637" lon="114.09602885985613">
        <ele>21.572061393409967</ele>
        <time>2026-09-18T00:21:27.500000Z</time>
        <extensions>
          <gpxtpx:TrackPointExtension>
            <gpxtpx:hr>115</gpxtpx:hr>
          </gpxtpx:TrackPointExtension>
        </extensions>
      </trkpt>
      <trkpt lat="22.543652384639618" lon="114.09601780512138">
        <ele>21.460764460265636</ele>
        <time>2026-09-18T00:21:28.500000Z</time>
        <extensions>
          <gpxtpx:TrackPointExtension>
            <gpxtpx:hr>115</gpxtpx:hr>
          </gpxtpx:TrackPointExtension>
        </extensions>
      </trkpt>
      <trkpt lat="22.543651401385393" lon="114.09600605634428">
        <ele>21.352649773471057</ele>
        <time>2026-09-18T00:21:29.500000Z</time>
        <extensions>
          <gpxtpx:TrackPointExtension>
            <gpxtpx:hr>115</gpxtpx:hr>
          </gpxtpx:TrackPointExtension>
        </extensions>
      </trkpt>
      <trkpt lat="22.54364973745162" lon="114.09599413270469">
        <ele>21.233420245349407</ele>
        <time>2026-09-18T00:21:30.500000Z</time>
        <extensions>
          <gpxtpx:TrackPointExtension>
            <gpxtpx:hr>116</gpxtpx:hr>
          </gpxtpx:TrackPointExtension>
        </extensions>
      </trkpt>
      <trkpt lat="22.543648990817715" lon="114.09598196512782">
        <ele>21.073268616572022</ele>
        <time>2026-09-18T00:21:31.500000Z</time>
        <extensions>
          <gpxtpx:TrackPointExtension>
            <gpxtpx:hr>116</gpxtpx:hr>
          </gpxtpx:TrackPointExtension>
        </extensions>
      </trkpt>
      <trkpt lat="22.5436496690828" lon="114.09596986524066">
        <ele>20.884057602845132</ele>
        <time>2026-09-18T00:21:32.500000Z</time>
        <extensions>
          <gpxtpx:TrackPointExtension>
            <gpxtpx:hr>116</gpxtpx:hr>
          </gpxtpx:TrackPointExtension>
        </extensions>
      </trkpt>
      <trkpt lat="22.5436504314426" lon="114.09595761757208">
        <ele>20.695328541100025</ele>
        <time>2026-09-18T00:21:33.500000Z</time>
        <extensions>
          <gpxtpx:TrackPointExtension>
            <gpxtpx:hr>116</gpxtpx:hr>
          </gpxtpx:TrackPointExtension>
        </extensions>
      </trkpt>
      <trkpt lat="22.543650034177205" lon="114.09594484343965">
        <ele>20.50701550580561</ele>
        <time>2026-09-18T00:21:34.500000Z</time>
        <extensions>
          <gpxtpx:TrackPointExtension>
            <gpxtpx:hr>116</gpxtpx:hr>
          </gpxtpx:TrackPointExtension>
        </extensions>
      </trkpt>
      <trkpt lat="22.54364931640628" lon="114.09593209443753">
        <ele>20.30386420339346</ele>
        <time>2026-09-18T00:21:35.500000Z</time>
        <extensions>
          <gpxtpx:TrackPointExtension>
            <gpxtpx:hr>116</gpxtpx:hr>
          </gpxtpx:TrackPointExtension>
        </extensions>
      </trkpt>
      <trkpt lat="22.543649181584502" lon="114.09591860033244">
        <ele>20.082573763094842</ele>
        <time>2026-09-18T00:21:36.500000Z</time>
        <extensions>
          <gpxtpx:TrackPointExtension>
            <gpxtpx:hr>116</gpxtpx:hr>
          </gpxtpx:TrackPointExtension>
        </extensions>
      </trkpt>
      <trkpt lat="22.543649515580363" lon="114.09590409732233">
        <ele>19.857554712332785</ele>
        <time>2026-09-18T00:21:37.500000Z</time>
        <extensions>
          <gpxtpx:TrackPointExtension>
            <gpxtpx:hr>115</gpxtpx:hr>
          </gpxtpx:TrackPointExtension>
        </extensions>
      </trkpt>
      <trkpt lat="22.543650077296657" lon="114.09588958910969">
        <ele>19.633177404291928</ele>
        <time>2026-09-18T00:21:38.500000Z</time>
        <extensions>
          <gpxtpx:TrackPointExtension>
            <gpxtpx:hr>115</gpxtpx:hr>
          </gpxtpx:TrackPointExtension>
        </extensions>
      </trkpt>
      <trkpt lat="22.543650477334936" lon="114.09587506770231">
        <ele>19.399352337233722</ele>
        <time>2026-09-18T00:21:39.500000Z</time>
        <extensions>
          <gpxtpx:TrackPointExtension>
            <gpxtpx:hr>115</gpxtpx:hr>
          </gpxtpx:TrackPointExtension>
        </extensions>
      </trkpt>
      <trkpt lat="22.543650793284318" lon="114.09586038713816">
        <ele>19.155515583232045</ele>
        <time>2026-09-18T00:21:40.500000Z</time>
        <extensions>
          <gpxtpx:TrackPointExtension>
            <gpxtpx:hr>115</gpxtpx:hr>
          </gpxtpx:TrackPointExtension>
        </extensions>
      </trkpt>
      <trkpt lat="22.543650767552375" lon="114.09584572941117">
        <ele>18.906206508167088</ele>
        <time>2026-09-18T00:21:41.500000Z</time>
        <extensions>
          <gpxtpx:TrackPointExtension>
            <gpxtpx:hr>115</gpxtpx:hr>
          </gpxtpx:TrackPointExtension>
        </extensions>
      </trkpt>
      <trkpt lat="22.54365053654073" lon="114.09583053214494">
        <ele>18.639685141853988</ele>
        <time>2026-09-18T00:21:42.500000Z</time>
        <extensions>
          <gpxtpx:TrackPointExtension>
            <gpxtpx:hr>116</gpxtpx:hr>
          </gpxtpx:TrackPointExtension>
        </extensions>
      </trkpt>
      <trkpt lat="22.543650473399083" lon="114.09581453576013">
        <ele>18.370565838180482</ele>
        <time>2026-09-18T00:21:43.500000Z</time>
        <extensions>
          <gpxtpx:TrackPointExtension>
            <gpxtpx:hr>116</gpxtpx:hr>
          </gpxtpx:TrackPointExtension>
        </extensions>
      </trkpt>
      <trkpt lat="22.543650549841466" lon="114.09579822897443">
        <ele>18.091765362769365</ele>
        <time>2026-09-18T00:21:44.500000Z</time>
        <extensions>
          <gpxtpx:TrackPointExtension>
            <gpxtpx:hr>116</gpxtpx:hr>
          </gpxtpx:TrackPointExtension>
        </extensions>
      </trkpt>
      <trkpt lat="22.543650291432016" lon="114.09578221242066">
        <ele>17.813202912919223</ele>
        <time>2026-09-18T00:21:45.500000Z</time>
        <extensions>
          <gpxtpx:TrackPointExtension>
            <gpxtpx:hr>115</gpxtpx:hr>
          </gpxtpx:TrackPointExtension>
        </extensions>
      </trkpt>
      <trkpt lat="22.54364980111927" lon="114.09576661513245">
        <ele>17.543843299150467</ele>
        <time>2026-09-18T00:21:46.500000Z</time>
        <extensions>
          <gpxtpx:TrackPointExtension>
            <gpxtpx:hr>115</gpxtpx:hr>
          </gpxtpx:TrackPointExtension>
        </extensions>
      </trkpt>
      <trkpt lat="22.543649401623643" lon="114.09575072186688">
        <ele>17.299044304527342</ele>
        <time>2026-09-18T00:21:47.500000Z</time>
        <extensions>
          <gpxtpx:TrackPointExtension>
            <gpxtpx:hr>115</gpxtpx:hr>
          </gpxtpx:TrackPointExtension>
        </extensions>
      </trkpt>
      <trkpt lat="22.54364911764882" lon="114.09573389204046">
        <ele>17.081118487752974</ele>
        <time>2026-09-18T00:21:48.500000Z</time>
        <extensions>
          <gpxtpx:TrackPointExtension>
            <gpxtpx:hr>116</gpxtpx:hr>
          </gpxtpx:TrackPointExtension>
        </extensions>
      </trkpt>
      <trkpt lat="22.543649008082358" lon="114.09571713720518">
        <ele>16.84936790727079</ele>
        <time>2026-09-18T00:21:49.500000Z</time>
        <extensions>
          <gpxtpx:TrackPointExtension>
            <gpxtpx:hr>116</gpxtpx:hr>
          </gpxtpx:TrackPointExtension>
        </extensions>
      </trkpt>
      <trkpt lat="22.543649108662823" lon="114.09570127410419">
        <ele>16.61371068842709</ele>
        <time>2026-09-18T00:21:50.500000Z</time>
        <extensions>
          <gpxtpx:TrackPointExtension>
            <gpxtpx:hr>116</gpxtpx:hr>
          </gpxtpx:TrackPointExtension>
        </extensions>
      </trkpt>
      <trkpt lat="22.543649482783053" lon="114.09568593177309">
        <ele>16.383972089737654</ele>
        <time>2026-09-18T00:21:51.500000Z</time>
        <extensions>
          <gpxtpx:TrackPointExtension>
            <gpxtpx:hr>116</gpxtpx:hr>
          </gpxtpx:TrackPointExtension>
        </extensions>
      </trkpt>
      <trkpt lat="22.543650204864715" lon="114.09567175376647">
        <ele>16.16602249071002</ele>
        <time>2026-09-18T00:21:52.500000Z</time>
        <extensions>
          <gpxtpx:TrackPointExtension>
            <gpxtpx:hr>116</gpxtpx:hr>
          </gpxtpx:TrackPointExtension>
        </extensions>
      </trkpt>
      <trkpt lat="22.543651148964056" lon="114.0956588328292">
        <ele>15.961939842440188</ele>
        <time>2026-09-18T00:21:53.500000Z</time>
        <extensions>
          <gpxtpx:TrackPointExtension>
            <gpxtpx:hr>116</gpxtpx:hr>
          </gpxtpx:TrackPointExtension>
        </extensions>
      </trkpt>
      <trkpt lat="22.543651923536693" lon="114.09564690960534">
        <ele>15.77359604369849</ele>
        <time>2026-09-18T00:21:54.500000Z</time>
        <extensions>
          <gpxtpx:TrackPointExtension>
            <gpxtpx:hr>116</gpxtpx:hr>
          </gpxtpx:TrackPointExtension>
        </extensions>
      </trkpt>
      <trkpt lat="22.543652555298802" lon="114.09563553100072">
        <ele>15.61185580957681</ele>
        <time>2026-09-18T00:21:55.500000Z</time>
        <extensions>
          <gpxtpx:TrackPointExtension>
            <gpxtpx:hr>116</gpxtpx:hr>
          </gpxtpx:TrackPointExtension>
        </extensions>
      </trkpt>
      <trkpt lat="22.5436532936594" lon="114.09562396566803">
        <ele>15.489672617055476</ele>
        <time>2026-09-18T00:21:56.500000Z</time>
        <extensions>
          <gpxtpx:TrackPointExtension>
            <gpxtpx:hr>116</gpxtpx:hr>
          </gpxtpx:TrackPointExtension>
        </extensions>
      </trkpt>
      <trkpt lat="22.543654355313397" lon="114.09561118809928">
        <ele>15.403418908827007</ele>
        <time>2026-09-18T00:21:57.500000Z</time>
        <extensions>
          <gpxtpx:TrackPointExtension>
            <gpxtpx:hr>116</gpxtpx:hr>
          </gpxtpx:TrackPointExtension>
        </extensions>
      </trkpt>
      <trkpt lat="22.54365545169487" lon="114.09559763288405">
        <ele>15.341091609559953</ele>
        <time>2026-09-18T00:21:58.500000Z</time>
        <extensions>
          <gpxtpx:TrackPointExtension>
            <gpxtpx:hr>116</gpxtpx:hr>
          </gpxtpx:TrackPointExtension>
        </extensions>
      </trkpt>
      <trkpt lat="22.543656291330244" lon="114.095584561771">
        <ele>15.295217311009765</ele>
        <time>2026-09-18T00:21:59.500000Z</time>
        <extensions>
          <gpxtpx:TrackPointExtension>
            <gpxtpx:hr>116</gpxtpx:hr>
          </gpxtpx:TrackPointExtension>
        </extensions>
      </trkpt>
      <trkpt lat="22.543656760805945" lon="114.09557248069441">
        <ele>15.254202593117952</ele>
        <time>2026-09-18T00:22:00.500000Z</time>
        <extensions>
          <gpxtpx:TrackPointExtension>
            <gpxtpx:hr>116</gpxtpx:hr>
          </gpxtpx:TrackPointExtension>
        </extensions>
      </trkpt>
      <trkpt lat="22.543656696319385" lon="114.09556017512097">
        <ele>15.250411699526012</ele>
        <time>2026-09-18T00:22:01.500000Z</time>
        <extensions>
          <gpxtpx:TrackPointExtension>
            <gpxtpx:hr>116</gpxtpx:hr>
          </gpxtpx:TrackPointExtension>
        </extensions>
      </trkpt>
      <trkpt lat="22.54365652547557" lon="114.0955469945134">
        <ele>15.279005052521825</ele>
        <time>2026-09-18T00:22:02.500000Z</time>
        <extensions>
          <gpxtpx:TrackPointExtension>
            <gpxtpx:hr>116</gpxtpx:hr>
          </gpxtpx:TrackPointExtension>
        </extensions>
      </trkpt>
      <trkpt lat="22.543656839137753" lon="114.09553293818048">
        <ele>15.341854250058532</ele>
        <time>2026-09-18T00:22:03.500000Z</time>
        <extensions>
          <gpxtpx:TrackPointExtension>
            <gpxtpx:hr>116</gpxtpx:hr>
          </gpxtpx:TrackPointExtension>
        </extensions>
      </trkpt>
      <trkpt lat="22.543657698913066" lon="114.09551812895772">
        <ele>15.439913220703602</ele>
        <time>2026-09-18T00:22:04.500000Z</time>
        <extensions>
          <gpxtpx:TrackPointExtension>
            <gpxtpx:hr>116</gpxtpx:hr>
          </gpxtpx:TrackPointExtension>
        </extensions>
      </trkpt>
      <trkpt lat="22.543658879759267" lon="114.09550377444582">
        <ele>15.542233885265887</ele>
        <time>2026-09-18T00:22:05.500000Z</time>
        <extensions>
          <gpxtpx:TrackPointExtension>
            <gpxtpx:hr>116</gpxtpx:hr>
          </gpxtpx:TrackPointExtension>
        </extensions>
      </trkpt>
      <trkpt lat="22.54365986374955" lon="114.09549080786348">
        <ele>15.644553610123694</ele>
        <time>2026-09-18T00:22:06.500000Z</time>
        <extensions>
          <gpxtpx:TrackPointExtension>
            <gpxtpx:hr>116</gpxtpx:hr>
          </gpxtpx:TrackPointExtension>
        </extensions>
      </trkpt>
      <trkpt lat="22.543659852955713" lon="114.09547977741474">
        <ele>15.73125484958291</ele>
        <time>2026-09-18T00:22:07.500000Z</time>
        <extensions>
          <gpxtpx:TrackPointExtension>
            <gpxtpx:hr>116</gpxtpx:hr>
          </gpxtpx:TrackPointExtension>
        </extensions>
      </trkpt>
      <trkpt lat="22.54365855067819" lon="114.09547049106584">
        <ele>15.819446684792638</ele>
        <time>2026-09-18T00:22:08.500000Z</time>
        <extensions>
          <gpxtpx:TrackPointExtension>
            <gpxtpx:hr>116</gpxtpx:hr>
          </gpxtpx:TrackPointExtension>
        </extensions>
      </trkpt>
      <trkpt lat="22.543656166615246" lon="114.09546156052595">
        <ele>15.879294763319194</ele>
        <time>2026-09-18T00:22:09.500000Z</time>
        <extensions>
          <gpxtpx:TrackPointExtension>
            <gpxtpx:hr>116</gpxtpx:hr>
          </gpxtpx:TrackPointExtension>
        </extensions>
      </trkpt>
      <trkpt lat="22.543652899118104" lon="114.09545314179488">
        <ele>15.90790646802634</ele>
        <time>2026-09-18T00:22:10.500000Z</time>
        <extensions>
          <gpxtpx:TrackPointExtension>
            <gpxtpx:hr>116</gpxtpx:hr>
          </gpxtpx:TrackPointExtension>
        </extensions>
      </trkpt>
      <trkpt lat="22.543648797092906" lon="114.09544584975198">
        <ele>15.912142531014979</ele>
        <time>2026-09-18T00:22:11.500000Z</time>
        <extensions>
          <gpxtpx:TrackPointExtension>
            <gpxtpx:hr>116</gpxtpx:hr>
          </gpxtpx:TrackPointExtension>
        </extensions>
      </trkpt>
      <trkpt lat="22.54364381566984" lon="114.09543850598598">
        <ele>15.874664503149688</ele>
        <time>2026-09-18T00:22:12.500000Z</time>
        <extensions>
          <gpxtpx:TrackPointExtension>
            <gpxtpx:hr>116</gpxtpx:hr>
          </gpxtpx:TrackPointExtension>
        </extensions>
      </trkpt>
      <trkpt lat="22.543638410338716" lon="114.09542914806424">
        <ele>15.823108069598675</ele>
        <time>2026-09-18T00:22:13.500000Z</time>
        <extensions>
          <gpxtpx:TrackPointExtension>
            <gpxtpx:hr>116</gpxtpx:hr>
          </gpxtpx:TrackPointExtension>
        </extensions>
      </trkpt>
      <trkpt lat="22.543632835769003" lon="114.09541772033626">
        <ele>15.743032501079142</ele>
        <time>2026-09-18T00:22:14.500000Z</time>
        <extensions>
          <gpxtpx:TrackPointExtension>
            <gpxtpx:hr>116</gpxtpx:hr>
          </gpxtpx:TrackPointExtension>
        </extensions>
      </trkpt>
      <trkpt lat="22.54362700244833" lon="114.0954060073532">
        <ele>15.635264326818287</ele>
        <time>2026-09-18T00:22:15.500000Z</time>
        <extensions>
          <gpxtpx:TrackPointExtension>
            <gpxtpx:hr>119</gpxtpx:hr>
          </gpxtpx:TrackPointExtension>
        </extensions>
      </trkpt>
      <trkpt lat="22.543620409518446" lon="114.09539542301196">
        <ele>15.483804596588016</ele>
        <time>2026-09-18T00:22:16.500000Z</time>
        <extensions>
          <gpxtpx:TrackPointExtension>
            <gpxtpx:hr>119</gpxtpx:hr>
          </gpxtpx:TrackPointExtension>
        </extensions>
      </trkpt>
      <trkpt lat="22.543613192497236" lon="114.09538641156314">
        <ele>15.305726073682308</ele>
        <time>2026-09-18T00:22:17.500000Z</time>
        <extensions>
          <gpxtpx:TrackPointExtension>
            <gpxtpx:hr>119</gpxtpx:hr>
          </gpxtpx:TrackPointExtension>
        </extensions>
      </trkpt>
      <trkpt lat="22.54360628614519" lon="114.09537788434119">
        <ele>15.109154266305268</ele>
        <time>2026-09-18T00:22:18.500000Z</time>
        <extensions>
          <gpxtpx:TrackPointExtension>
            <gpxtpx:hr>119</gpxtpx:hr>
          </gpxtpx:TrackPointExtension>
        </extensions>
      </trkpt>
      <trkpt lat="22.543600861217794" lon="114.09536845296898">
        <ele>14.900394580326974</ele>
        <time>2026-09-18T00:22:19.500000Z</time>
        <extensions>
          <gpxtpx:TrackPointExtension>
            <gpxtpx:hr>119</gpxtpx:hr>
          </gpxtpx:TrackPointExtension>
        </extensions>
      </trkpt>
      <trkpt lat="22.54359704572872" lon="114.09535739499695">
        <ele>14.688005527481437</ele>
        <time>2026-09-18T00:22:20.500000Z</time>
        <extensions>
          <gpxtpx:TrackPointExtension>
            <gpxtpx:hr>118</gpxtpx:hr>
          </gpxtpx:TrackPointExtension>
        </extensions>
      </trkpt>
      <trkpt lat="22.543594057297685" lon="114.09534448412069">
        <ele>14.472413600422442</ele>
        <time>2026-09-18T00:22:21.500000Z</time>
        <extensions>
          <gpxtpx:TrackPointExtension>
            <gpxtpx:hr>118</gpxtpx:hr>
          </gpxtpx:TrackPointExtension>
        </extensions>
      </trkpt>
      <trkpt lat="22.54359192816001" lon="114.09532994505378">
        <ele>14.274509016424417</ele>
        <time>2026-09-18T00:22:22.500000Z</time>
        <extensions>
          <gpxtpx:TrackPointExtension>
            <gpxtpx:hr>118</gpxtpx:hr>
          </gpxtpx:TrackPointExtension>
        </extensions>
      </trkpt>
      <trkpt lat="22.543590685911564" lon="114.09531427812418">
        <ele>14.112884843721986</ele>
        <time>2026-09-18T00:22:23.500000Z</time>
        <extensions>
          <gpxtpx:TrackPointExtension>
            <gpxtpx:hr>118</gpxtpx:hr>
          </gpxtpx:TrackPointExtension>
        </extensions>
      </trkpt>
      <trkpt lat="22.543589225080318" lon="114.0952979320322">
        <ele>13.985032288357615</ele>
        <time>2026-09-18T00:22:24.500000Z</time>
        <extensions>
          <gpxtpx:TrackPointExtension>
            <gpxtpx:hr>118</gpxtpx:hr>
          </gpxtpx:TrackPointExtension>
        </extensions>
      </trkpt>
      <trkpt lat="22.543586708207613" lon="114.09528105593652">
        <ele>13.905003495514393</ele>
        <time>2026-09-18T00:22:25.500000Z</time>
        <extensions>
          <gpxtpx:TrackPointExtension>
            <gpxtpx:hr>117</gpxtpx:hr>
          </gpxtpx:TrackPointExtension>
        </extensions>
      </trkpt>
      <trkpt lat="22.543583351972092" lon="114.09526419111303">
        <ele>13.851773957721889</ele>
        <time>2026-09-18T00:22:26.500000Z</time>
        <extensions>
          <gpxtpx:TrackPointExtension>
            <gpxtpx:hr>117</gpxtpx:hr>
          </gpxtpx:TrackPointExtension>
        </extensions>
      </trkpt>
      <trkpt lat="22.54357920905928" lon="114.09524654304683">
        <ele>13.811875218525529</ele>
        <time>2026-09-18T00:22:27.500000Z</time>
        <extensions>
          <gpxtpx:TrackPointExtension>
            <gpxtpx:hr>117</gpxtpx:hr>
          </gpxtpx:TrackPointExtension>
        </extensions>
      </trkpt>
      <trkpt lat="22.543574299940847" lon="114.09522755293162">
        <ele>13.789741525426507</ele>
        <time>2026-09-18T00:22:28.500000Z</time>
        <extensions>
          <gpxtpx:TrackPointExtension>
            <gpxtpx:hr>117</gpxtpx:hr>
          </gpxtpx:TrackPointExtension>
        </extensions>
      </trkpt>
      <trkpt lat="22.543569114130833" lon="114.09520816848051">
        <ele>13.795595371164382</ele>
        <time>2026-09-18T00:22:29.500000Z</time>
        <extensions>
          <gpxtpx:TrackPointExtension>
            <gpxtpx:hr>117</gpxtpx:hr>
          </gpxtpx:TrackPointExtension>
        </extensions>
      </trkpt>
      <trkpt lat="22.543564933532" lon="114.095190539781">
        <ele>13.817057933658361</ele>
        <time>2026-09-18T00:22:30.500000Z</time>
        <extensions>
          <gpxtpx:TrackPointExtension>
            <gpxtpx:hr>117</gpxtpx:hr>
          </gpxtpx:TrackPointExtension>
        </extensions>
      </trkpt>
      <trkpt lat="22.54356256419663" lon="114.09517421772888">
        <ele>13.860320705920458</ele>
        <time>2026-09-18T00:22:31.500000Z</time>
        <extensions>
          <gpxtpx:TrackPointExtension>
            <gpxtpx:hr>117</gpxtpx:hr>
          </gpxtpx:TrackPointExtension>
        </extensions>
      </trkpt>
      <trkpt lat="22.543562258593845" lon="114.09515795889415">
        <ele>13.918370080180466</ele>
        <time>2026-09-18T00:22:32.500000Z</time>
        <extensions>
          <gpxtpx:TrackPointExtension>
            <gpxtpx:hr>116</gpxtpx:hr>
          </gpxtpx:TrackPointExtension>
        </extensions>
      </trkpt>
      <trkpt lat="22.54356378511509" lon="114.09514239803435">
        <ele>13.957695072516799</ele>
        <time>2026-09-18T00:22:33.500000Z</time>
        <extensions>
          <gpxtpx:TrackPointExtension>
            <gpxtpx:hr>116</gpxtpx:hr>
          </gpxtpx:TrackPointExtension>
        </extensions>
      </trkpt>
      <trkpt lat="22.543566638278108" lon="114.0951275197115">
        <ele>13.972009351477027</ele>
        <time>2026-09-18T00:22:34.500000Z</time>
        <extensions>
          <gpxtpx:TrackPointExtension>
            <gpxtpx:hr>116</gpxtpx:hr>
          </gpxtpx:TrackPointExtension>
        </extensions>
      </trkpt>
      <trkpt lat="22.543570127155952" lon="114.0951131161287">
        <ele>14.005341604351997</ele>
        <time>2026-09-18T00:22:35.500000Z</time>
        <extensions>
          <gpxtpx:TrackPointExtension>
            <gpxtpx:hr>116</gpxtpx:hr>
          </gpxtpx:TrackPointExtension>
        </extensions>
      </trkpt>
      <trkpt lat="22.543573775768344" lon="114.095099081252">
        <ele>14.02925550378859</ele>
        <time>2026-09-18T00:22:36.500000Z</time>
        <extensions>
          <gpxtpx:TrackPointExtension>
            <gpxtpx:hr>116</gpxtpx:hr>
          </gpxtpx:TrackPointExtension>
        </extensions>
      </trkpt>
      <trkpt lat="22.543577474414317" lon="114.09508467739224">
        <ele>14.016958092339337</ele>
        <time>2026-09-18T00:22:37.500000Z</time>
        <extensions>
          <gpxtpx:TrackPointExtension>
            <gpxtpx:hr>116</gpxtpx:hr>
          </gpxtpx:TrackPointExtension>
        </extensions>
      </trkpt>
      <trkpt lat="22.543581152749237" lon="114.0950691251421">
        <ele>14.006962777115405</ele>
        <time>2026-09-18T00:22:38.500000Z</time>
        <extensions>
          <gpxtpx:TrackPointExtension>
            <gpxtpx:hr>116</gpxtpx:hr>
          </gpxtpx:TrackPointExtension>
        </extensions>
      </trkpt>
      <trkpt lat="22.54358446463575" lon="114.09505300833885">
        <ele>14.01274106092751</ele>
        <time>2026-09-18T00:22:39.500000Z</time>
        <extensions>
          <gpxtpx:TrackPointExtension>
            <gpxtpx:hr>116</gpxtpx:hr>
          </gpxtpx:TrackPointExtension>
        </extensions>
      </trkpt>
      <trkpt lat="22.543587127860683" lon="114.09503726659021">
        <ele>14.008864105679095</ele>
        <time>2026-09-18T00:22:40.500000Z</time>
        <extensions>
          <gpxtpx:TrackPointExtension>
            <gpxtpx:hr>116</gpxtpx:hr>
          </gpxtpx:TrackPointExtension>
        </extensions>
      </trkpt>
      <trkpt lat="22.543589100543706" lon="114.0950217413697">
        <ele>14.036193380132318</ele>
        <time>2026-09-18T00:22:41.500000Z</time>
        <extensions>
          <gpxtpx:TrackPointExtension>
            <gpxtpx:hr>116</gpxtpx:hr>
          </gpxtpx:TrackPointExtension>
        </extensions>
      </trkpt>
      <trkpt lat="22.543590465100515" lon="114.09500631371922">
        <ele>14.088622767478228</ele>
        <time>2026-09-18T00:22:42.500000Z</time>
        <extensions>
          <gpxtpx:TrackPointExtension>
            <gpxtpx:hr>116</gpxtpx:hr>
          </gpxtpx:TrackPointExtension>
        </extensions>
      </trkpt>
      <trkpt lat="22.543591276972325" lon="114.09499104769655">
        <ele>14.16086443606764</ele>
        <time>2026-09-18T00:22:43.500000Z</time>
        <extensions>
          <gpxtpx:TrackPointExtension>
            <gpxtpx:hr>116</gpxtpx:hr>
          </gpxtpx:TrackPointExtension>
        </extensions>
      </trkpt>
      <trkpt lat="22.543591781361375" lon="114.09497557652433">
        <ele>14.242095575667918</ele>
        <time>2026-09-18T00:22:44.500000Z</time>
        <extensions>
          <gpxtpx:TrackPointExtension>
            <gpxtpx:hr>117</gpxtpx:hr>
          </gpxtpx:TrackPointExtension>
        </extensions>
      </trkpt>
      <trkpt lat="22.54359229589025" lon="114.09495954347784">
        <ele>14.332484222017229</ele>
        <time>2026-09-18T00:22:45.500000Z</time>
        <extensions>
          <gpxtpx:TrackPointExtension>
            <gpxtpx:hr>117</gpxtpx:hr>
          </gpxtpx:TrackPointExtension>
        </extensions>
      </trkpt>
      <trkpt lat="22.543592761877512" lon="114.09494386660312">
        <ele>14.443204213865101</ele>
        <time>2026-09-18T00:22:46.500000Z</time>
        <extensions>
          <gpxtpx:TrackPointExtension>
            <gpxtpx:hr>117</gpxtpx:hr>
          </gpxtpx:TrackPointExtension>
        </extensions>
      </trkpt>
      <trkpt lat="22.543592951295388" lon="114.09492924272104">
        <ele>14.58694733120501</ele>
        <time>2026-09-18T00:22:47.500000Z</time>
        <extensions>
          <gpxtpx:TrackPointExtension>
            <gpxtpx:hr>117</gpxtpx:hr>
          </gpxtpx:TrackPointExtension>
        </extensions>
      </trkpt>
      <trkpt lat="22.543592854181657" lon="114.09491510964709">
        <ele>14.757049987092614</ele>
        <time>2026-09-18T00:22:48.500000Z</time>
        <extensions>
          <gpxtpx:TrackPointExtension>
            <gpxtpx:hr>117</gpxtpx:hr>
          </gpxtpx:TrackPointExtension>
        </extensions>
      </trkpt>
      <trkpt lat="22.54359273788268" lon="114.09490123534994">
        <ele>14.967828864231706</ele>
        <time>2026-09-18T00:22:49.500000Z</time>
        <extensions>
          <gpxtpx:TrackPointExtension>
            <gpxtpx:hr>117</gpxtpx:hr>
          </gpxtpx:TrackPointExtension>
        </extensions>
      </trkpt>
      <trkpt lat="22.54359284421069" lon="114.09488706153971">
        <ele>15.198827470652759</ele>
        <time>2026-09-18T00:22:50.500000Z</time>
        <extensions>
          <gpxtpx:TrackPointExtension>
            <gpxtpx:hr>114</gpxtpx:hr>
          </gpxtpx:TrackPointExtension>
        </extensions>
      </trkpt>
      <trkpt lat="22.543593259544487" lon="114.09487251198115">
        <ele>15.44805891532451</ele>
        <time>2026-09-18T00:22:51.500000Z</time>
        <extensions>
          <gpxtpx:TrackPointExtension>
            <gpxtpx:hr>114</gpxtpx:hr>
          </gpxtpx:TrackPointExtension>
        </extensions>
      </trkpt>
      <trkpt lat="22.543593947710942" lon="114.09485814663314">
        <ele>15.674790660850704</ele>
        <time>2026-09-18T00:22:52.500000Z</time>
        <extensions>
          <gpxtpx:TrackPointExtension>
            <gpxtpx:hr>114</gpxtpx:hr>
          </gpxtpx:TrackPointExtension>
        </extensions>
      </trkpt>
      <trkpt lat="22.54359492841393" lon="114.09484462761894">
        <ele>15.867534942924976</ele>
        <time>2026-09-18T00:22:53.500000Z</time>
        <extensions>
          <gpxtpx:TrackPointExtension>
            <gpxtpx:hr>114</gpxtpx:hr>
          </gpxtpx:TrackPointExtension>
        </extensions>
      </trkpt>
      <trkpt lat="22.54359623811497" lon="114.094832295886">
        <ele>16.06052252277732</ele>
        <time>2026-09-18T00:22:54.500000Z</time>
        <extensions>
          <gpxtpx:TrackPointExtension>
            <gpxtpx:hr>114</gpxtpx:hr>
          </gpxtpx:TrackPointExtension>
        </extensions>
      </trkpt>
      <trkpt lat="22.54359807367868" lon="114.09482005259231">
        <ele>16.22082730103284</ele>
        <time>2026-09-18T00:22:55.500000Z</time>
        <extensions>
          <gpxtpx:TrackPointExtension>
            <gpxtpx:hr>114</gpxtpx:hr>
          </gpxtpx:TrackPointExtension>
        </extensions>
      </trkpt>
      <trkpt lat="22.543600399907902" lon="114.09480675866683">
        <ele>16.36500528920442</ele>
        <time>2026-09-18T00:22:56.500000Z</time>
        <extensions>
          <gpxtpx:TrackPointExtension>
            <gpxtpx:hr>116</gpxtpx:hr>
          </gpxtpx:TrackPointExtension>
        </extensions>
      </trkpt>
      <trkpt lat="22.543602494649683" lon="114.09479263251826">
        <ele>16.483658757060766</ele>
        <time>2026-09-18T00:22:57.500000Z</time>
        <extensions>
          <gpxtpx:TrackPointExtension>
            <gpxtpx:hr>116</gpxtpx:hr>
          </gpxtpx:TrackPointExtension>
        </extensions>
      </trkpt>
      <trkpt lat="22.543603725431783" lon="114.09477819548113">
        <ele>16.577312131412327</ele>
        <time>2026-09-18T00:22:58.500000Z</time>
        <extensions>
          <gpxtpx:TrackPointExtension>
            <gpxtpx:hr>116</gpxtpx:hr>
          </gpxtpx:TrackPointExtension>
        </extensions>
      </trkpt>
      <trkpt lat="22.54360402334384" lon="114.09476364185704">
        <ele>16.61651173233986</ele>
        <time>2026-09-18T00:22:59.500000Z</time>
        <extensions>
          <gpxtpx:TrackPointExtension>
            <gpxtpx:hr>116</gpxtpx:hr>
          </gpxtpx:TrackPointExtension>
        </extensions>
      </trkpt>
      <trkpt lat="22.543603275817983" lon="114.09474819841822">
        <ele>16.63201474957168</ele>
        <time>2026-09-18T00:23:00.500000Z</time>
        <extensions>
          <gpxtpx:TrackPointExtension>
            <gpxtpx:hr>116</gpxtpx:hr>
          </gpxtpx:TrackPointExtension>
        </extensions>
      </trkpt>
      <trkpt lat="22.543601615172346" lon="114.09473171397693">
        <ele>16.619484830647707</ele>
        <time>2026-09-18T00:23:01.500000Z</time>
        <extensions>
          <gpxtpx:TrackPointExtension>
            <gpxtpx:hr>117</gpxtpx:hr>
          </gpxtpx:TrackPointExtension>
        </extensions>
      </trkpt>
      <trkpt lat="22.543599166686626" lon="114.09471532762481">
        <ele>16.56308236438781</ele>
        <time>2026-09-18T00:23:02.500000Z</time>
        <extensions>
          <gpxtpx:TrackPointExtension>
            <gpxtpx:hr>117</gpxtpx:hr>
          </gpxtpx:TrackPointExtension>
        </extensions>
      </trkpt>
      <trkpt lat="22.543595936939013" lon="114.09469873883808">
        <ele>16.476042020134628</ele>
        <time>2026-09-18T00:23:03.500000Z</time>
        <extensions>
          <gpxtpx:TrackPointExtension>
            <gpxtpx:hr>117</gpxtpx:hr>
          </gpxtpx:TrackPointExtension>
        </extensions>
      </trkpt>
      <trkpt lat="22.543592323451193" lon="114.09468285030572">
        <ele>16.368322970345616</ele>
        <time>2026-09-18T00:23:04.500000Z</time>
        <extensions>
          <gpxtpx:TrackPointExtension>
            <gpxtpx:hr>117</gpxtpx:hr>
          </gpxtpx:TrackPointExtension>
        </extensions>
      </trkpt>
      <trkpt lat="22.54358870451246" lon="114.09466794751832">
        <ele>16.240334150381386</ele>
        <time>2026-09-18T00:23:05.500000Z</time>
        <extensions>
          <gpxtpx:TrackPointExtension>
            <gpxtpx:hr>117</gpxtpx:hr>
          </gpxtpx:TrackPointExtension>
        </extensions>
      </trkpt>
      <trkpt lat="22.543585460979056" lon="114.09465355912967">
        <ele>16.096330925822258</ele>
        <time>2026-09-18T00:23:06.500000Z</time>
        <extensions>
          <gpxtpx:TrackPointExtension>
            <gpxtpx:hr>118</gpxtpx:hr>
          </gpxtpx:TrackPointExtension>
        </extensions>
      </trkpt>
      <trkpt lat="22.543583103673146" lon="114.09464007414796">
        <ele>15.922550092451274</ele>
        <time>2026-09-18T00:23:07.500000Z</time>
        <extensions>
          <gpxtpx:TrackPointExtension>
            <gpxtpx:hr>118</gpxtpx:hr>
          </gpxtpx:TrackPointExtension>
        </extensions>
      </trkpt>
      <trkpt lat="22.54358104863168" lon="114.09462665916068">
        <ele>15.722223307937384</ele>
        <time>2026-09-18T00:23:08.500000Z</time>
        <extensions>
          <gpxtpx:TrackPointExtension>
            <gpxtpx:hr>118</gpxtpx:hr>
          </gpxtpx:TrackPointExtension>
        </extensions>
      </trkpt>
      <trkpt lat="22.54357872975406" lon="114.09461221843289">
        <ele>15.48989548906684</ele>
        <time>2026-09-18T00:23:09.500000Z</time>
        <extensions>
          <gpxtpx:TrackPointExtension>
            <gpxtpx:hr>118</gpxtpx:hr>
          </gpxtpx:TrackPointExtension>
        </extensions>
      </trkpt>
      <trkpt lat="22.543576356309583" lon="114.09459720066695">
        <ele>15.242751140147448</ele>
        <time>2026-09-18T00:23:10.500000Z</time>
        <extensions>
          <gpxtpx:TrackPointExtension>
            <gpxtpx:hr>118</gpxtpx:hr>
          </gpxtpx:TrackPointExtension>
        </extensions>
      </trkpt>
      <trkpt lat="22.543574526472316" lon="114.0945824291979">
        <ele>14.951151016168296</ele>
        <time>2026-09-18T00:23:11.500000Z</time>
        <extensions>
          <gpxtpx:TrackPointExtension>
            <gpxtpx:hr>118</gpxtpx:hr>
          </gpxtpx:TrackPointExtension>
        </extensions>
      </trkpt>
      <trkpt lat="22.543573626780844" lon="114.09456828492031">
        <ele>14.647011622786522</ele>
        <time>2026-09-18T00:23:12.500000Z</time>
        <extensions>
          <gpxtpx:TrackPointExtension>
            <gpxtpx:hr>118</gpxtpx:hr>
          </gpxtpx:TrackPointExtension>
        </extensions>
      </trkpt>
      <trkpt lat="22.543573903087808" lon="114.09455577371793">
        <ele>14.318756778724492</ele>
        <time>2026-09-18T00:23:13.500000Z</time>
        <extensions>
          <gpxtpx:TrackPointExtension>
            <gpxtpx:hr>118</gpxtpx:hr>
          </gpxtpx:TrackPointExtension>
        </extensions>
      </trkpt>
      <trkpt lat="22.543575382604686" lon="114.0945447090649">
        <ele>13.957855643704534</ele>
        <time>2026-09-18T00:23:14.500000Z</time>
        <extensions>
          <gpxtpx:TrackPointExtension>
            <gpxtpx:hr>118</gpxtpx:hr>
          </gpxtpx:TrackPointExtension>
        </extensions>
      </trkpt>
      <trkpt lat="22.543578097626096" lon="114.09453376877987">
        <ele>13.57170086633414</ele>
        <time>2026-09-18T00:23:15.500000Z</time>
        <extensions>
          <gpxtpx:TrackPointExtension>
            <gpxtpx:hr>116</gpxtpx:hr>
          </gpxtpx:TrackPointExtension>
        </extensions>
      </trkpt>
      <trkpt lat="22.543581442370122" lon="114.09452180912538">
        <ele>13.161792400293052</ele>
        <time>2026-09-18T00:23:16.500000Z</time>
        <extensions>
          <gpxtpx:TrackPointExtension>
            <gpxtpx:hr>116</gpxtpx:hr>
          </gpxtpx:TrackPointExtension>
        </extensions>
      </trkpt>
      <trkpt lat="22.54358403290552" lon="114.09450872963241">
        <ele>12.731805338524282</ele>
        <time>2026-09-18T00:23:17.500000Z</time>
        <extensions>
          <gpxtpx:TrackPointExtension>
            <gpxtpx:hr>116</gpxtpx:hr>
          </gpxtpx:TrackPointExtension>
        </extensions>
      </trkpt>
      <trkpt lat="22.54358528279641" lon="114.09449537764968">
        <ele>12.292026466690004</ele>
        <time>2026-09-18T00:23:18.500000Z</time>
        <extensions>
          <gpxtpx:TrackPointExtension>
            <gpxtpx:hr>116</gpxtpx:hr>
          </gpxtpx:TrackPointExtension>
        </extensions>
      </trkpt>
      <trkpt lat="22.54358559731481" lon="114.09448228789869">
        <ele>11.842408244498074</ele>
        <time>2026-09-18T00:23:19.500000Z</time>
        <extensions>
          <gpxtpx:TrackPointExtension>
            <gpxtpx:hr>116</gpxtpx:hr>
          </gpxtpx:TrackPointExtension>
        </extensions>
      </trkpt>
      <trkpt lat="22.54358541055218" lon="114.09446908539493">
        <ele>11.362230599857867</ele>
        <time>2026-09-18T00:23:20.500000Z</time>
        <extensions>
          <gpxtpx:TrackPointExtension>
            <gpxtpx:hr>116</gpxtpx:hr>
          </gpxtpx:TrackPointExtension>
        </extensions>
      </trkpt>
      <trkpt lat="22.543584844303986" lon="114.09445552449093">
        <ele>10.868754525668919</ele>
        <time>2026-09-18T00:23:21.500000Z</time>
        <extensions>
          <gpxtpx:TrackPointExtension>
            <gpxtpx:hr>116</gpxtpx:hr>
          </gpxtpx:TrackPointExtension>
        </extensions>
      </trkpt>
      <trkpt lat="22.54358410275066" lon="114.09444237156788">
        <ele>10.410393529571593</ele>
        <time>2026-09-18T00:23:22.500000Z</time>
        <extensions>
          <gpxtpx:TrackPointExtension>
            <gpxtpx:hr>115</gpxtpx:hr>
          </gpxtpx:TrackPointExtension>
        </extensions>
      </trkpt>
      <trkpt lat="22.543583580009802" lon="114.09443002585422">
        <ele>9.968134120106697</ele>
        <time>2026-09-18T00:23:23.500000Z</time>
        <extensions>
          <gpxtpx:TrackPointExtension>
            <gpxtpx:hr>115</gpxtpx:hr>
          </gpxtpx:TrackPointExtension>
        </extensions>
      </trkpt>
      <trkpt lat="22.543583394325832" lon="114.09441805307814">
        <ele>9.5427768221125</ele>
        <time>2026-09-18T00:23:24.500000Z</time>
        <extensions>
          <gpxtpx:TrackPointExtension>
            <gpxtpx:hr>115</gpxtpx:hr>
          </gpxtpx:TrackPointExtension>
        </extensions>
      </trkpt>
      <trkpt lat="22.54358316109479" lon="114.09440614964734">
        <ele>9.12670084554702</ele>
        <time>2026-09-18T00:23:25.500000Z</time>
        <extensions>
          <gpxtpx:TrackPointExtension>
            <gpxtpx:hr>115</gpxtpx:hr>
          </gpxtpx:TrackPointExtension>
        </extensions>
      </trkpt>
      <trkpt lat="22.543582627403193" lon="114.09439405621654">
        <ele>8.737131559289992</ele>
        <time>2026-09-18T00:23:26.500000Z</time>
        <extensions>
          <gpxtpx:TrackPointExtension>
            <gpxtpx:hr>114</gpxtpx:hr>
          </gpxtpx:TrackPointExtension>
        </extensions>
      </trkpt>
      <trkpt lat="22.543582181697772" lon="114.09438169557227">
        <ele>8.366013548336923</ele>
        <time>2026-09-18T00:23:27.500000Z</time>
        <extensions>
          <gpxtpx:TrackPointExtension>
            <gpxtpx:hr>114</gpxtpx:hr>
          </gpxtpx:TrackPointExtension>
        </extensions>
      </trkpt>
      <trkpt lat="22.543582707274037" lon="114.09436867134451">
        <ele>8.007869446650147</ele>
        <time>2026-09-18T00:23:28.500000Z</time>
        <extensions>
          <gpxtpx:TrackPointExtension>
            <gpxtpx:hr>114</gpxtpx:hr>
          </gpxtpx:TrackPointExtension>
        </extensions>
      </trkpt>
      <trkpt lat="22.543584249318204" lon="114.0943547489378">
        <ele>7.665646931156516</ele>
        <time>2026-09-18T00:23:29.500000Z</time>
        <extensions>
          <gpxtpx:TrackPointExtension>
            <gpxtpx:hr>114</gpxtpx:hr>
          </gpxtpx:TrackPointExtension>
        </extensions>
      </trkpt>
      <trkpt lat="22.54358681981549" lon="114.09434024402655">
        <ele>7.372015453875065</ele>
        <time>2026-09-18T00:23:30.500000Z</time>
        <extensions>
          <gpxtpx:TrackPointExtension>
            <gpxtpx:hr>114</gpxtpx:hr>
          </gpxtpx:TrackPointExtension>
        </extensions>
      </trkpt>
      <trkpt lat="22.54359090840401" lon="114.09432569195475">
        <ele>7.108043351210654</ele>
        <time>2026-09-18T00:23:31.500000Z</time>
        <extensions>
          <gpxtpx:TrackPointExtension>
            <gpxtpx:hr>112</gpxtpx:hr>
          </gpxtpx:TrackPointExtension>
        </extensions>
      </trkpt>
      <trkpt lat="22.543595839073514" lon="114.09431074114615">
        <ele>6.8641633708029985</ele>
        <time>2026-09-18T00:23:32.500000Z</time>
        <extensions>
          <gpxtpx:TrackPointExtension>
            <gpxtpx:hr>112</gpxtpx:hr>
          </gpxtpx:TrackPointExtension>
        </extensions>
      </trkpt>
      <trkpt lat="22.543600306569243" lon="114.09429525477259">
        <ele>6.648697821423411</ele>
        <time>2026-09-18T00:23:33.500000Z</time>
        <extensions>
          <gpxtpx:TrackPointExtension>
            <gpxtpx:hr>112</gpxtpx:hr>
          </gpxtpx:TrackPointExtension>
        </extensions>
      </trkpt>
      <trkpt lat="22.54360342327356" lon="114.09428019052261">
        <ele>6.463825874961913</ele>
        <time>2026-09-18T00:23:34.500000Z</time>
        <extensions>
          <gpxtpx:TrackPointExtension>
            <gpxtpx:hr>112</gpxtpx:hr>
          </gpxtpx:TrackPointExtension>
        </extensions>
      </trkpt>
      <trkpt lat="22.543604815409406" lon="114.09426678371038">
        <ele>6.315774402581155</ele>
        <time>2026-09-18T00:23:35.500000Z</time>
        <extensions>
          <gpxtpx:TrackPointExtension>
            <gpxtpx:hr>112</gpxtpx:hr>
          </gpxtpx:TrackPointExtension>
        </extensions>
      </trkpt>
      <trkpt lat="22.54360460943096" lon="114.0942560953283">
        <ele>6.1935877269133925</ele>
        <time>2026-09-18T00:23:36.500000Z</time>
        <extensions>
          <gpxtpx:TrackPointExtension>
            <gpxtpx:hr>113</gpxtpx:hr>
          </gpxtpx:TrackPointExtension>
        </extensions>
      </trkpt>
      <trkpt lat="22.543603452054228" lon="114.09424898987191">
        <ele>6.096938222646713</ele>
        <time>2026-09-18T00:23:37.500000Z</time>
        <extensions>
          <gpxtpx:TrackPointExtension>
            <gpxtpx:hr>113</gpxtpx:hr>
          </gpxtpx:TrackPointExtension>
        </extensions>
      </trkpt>
      <trkpt lat="22.543601754637166" lon="114.09424323442038">
        <ele>6.0323127349838614</ele>
        <time>2026-09-18T00:23:38.500000Z</time>
        <extensions>
          <gpxtpx:TrackPointExtension>
            <gpxtpx:hr>113</gpxtpx:hr>
          </gpxtpx:TrackPointExtension>
        </extensions>
      </trkpt>
      <trkpt lat="22.543599784859275" lon="114.09423564574442">
        <ele>6.008651286363602</ele>
        <time>2026-09-18T00:23:39.500000Z</time>
        <extensions>
          <gpxtpx:TrackPointExtension>
            <gpxtpx:hr>113</gpxtpx:hr>
          </gpxtpx:TrackPointExtension>
        </extensions>
      </trkpt>
      <trkpt lat="22.54359803229424" lon="114.09422614789354">
        <ele>6.019263053312898</ele>
        <time>2026-09-18T00:23:40.500000Z</time>
        <extensions>
          <gpxtpx:TrackPointExtension>
            <gpxtpx:hr>113</gpxtpx:hr>
          </gpxtpx:TrackPointExtension>
        </extensions>
      </trkpt>
      <trkpt lat="22.543596795532213" lon="114.09421562577485">
        <ele>6.049421031028032</ele>
        <time>2026-09-18T00:23:41.500000Z</time>
        <extensions>
          <gpxtpx:TrackPointExtension>
            <gpxtpx:hr>113</gpxtpx:hr>
          </gpxtpx:TrackPointExtension>
        </extensions>
      </trkpt>
      <trkpt lat="22.543596160130377" lon="114.09420465440469">
        <ele>6.099943726323545</ele>
        <time>2026-09-18T00:23:42.500000Z</time>
        <extensions>
          <gpxtpx:TrackPointExtension>
            <gpxtpx:hr>113</gpxtpx:hr>
          </gpxtpx:TrackPointExtension>
        </extensions>
      </trkpt>
      <trkpt lat="22.54359595034649" lon="114.09419298075996">
        <ele>6.170950113795698</ele>
        <time>2026-09-18T00:23:43.500000Z</time>
        <extensions>
          <gpxtpx:TrackPointExtension>
            <gpxtpx:hr>113</gpxtpx:hr>
          </gpxtpx:TrackPointExtension>
        </extensions>
      </trkpt>
      <trkpt lat="22.543595730790173" lon="114.09418062389805">
        <ele>6.241553412750363</ele>
        <time>2026-09-18T00:23:44.500000Z</time>
        <extensions>
          <gpxtpx:TrackPointExtension>
            <gpxtpx:hr>113</gpxtpx:hr>
          </gpxtpx:TrackPointExtension>
        </extensions>
      </trkpt>
      <trkpt lat="22.543595204599498" lon="114.09416803548454">
        <ele>6.320487795397639</ele>
        <time>2026-09-18T00:23:45.500000Z</time>
        <extensions>
          <gpxtpx:TrackPointExtension>
            <gpxtpx:hr>113</gpxtpx:hr>
          </gpxtpx:TrackPointExtension>
        </extensions>
      </trkpt>
      <trkpt lat="22.543594682273596" lon="114.09415579189734">
        <ele>6.401931957341731</ele>
        <time>2026-09-18T00:23:46.500000Z</time>
        <extensions>
          <gpxtpx:TrackPointExtension>
            <gpxtpx:hr>113</gpxtpx:hr>
          </gpxtpx:TrackPointExtension>
        </extensions>
      </trkpt>
      <trkpt lat="22.543594264359747" lon="114.09414398597431">
        <ele>6.481263756752014</ele>
        <time>2026-09-18T00:23:47.500000Z</time>
        <extensions>
          <gpxtpx:TrackPointExtension>
            <gpxtpx:hr>113</gpxtpx:hr>
          </gpxtpx:TrackPointExtension>
        </extensions>
      </trkpt>
      <trkpt lat="22.543593556617534" lon="114.09413245992529">
        <ele>6.5540867587551475</ele>
        <time>2026-09-18T00:23:48.500000Z</time>
        <extensions>
          <gpxtpx:TrackPointExtension>
            <gpxtpx:hr>113</gpxtpx:hr>
          </gpxtpx:TrackPointExtension>
        </extensions>
      </trkpt>
      <trkpt lat="22.543592104769015" lon="114.09412062174738">
        <ele>6.637397016398609</ele>
        <time>2026-09-18T00:23:49.500000Z</time>
        <extensions>
          <gpxtpx:TrackPointExtension>
            <gpxtpx:hr>113</gpxtpx:hr>
          </gpxtpx:TrackPointExtension>
        </extensions>
      </trkpt>
      <trkpt lat="22.5435901680132" lon="114.09410811367768">
        <ele>6.699034520424902</ele>
        <time>2026-09-18T00:23:50.500000Z</time>
        <extensions>
          <gpxtpx:TrackPointExtension>
            <gpxtpx:hr>113</gpxtpx:hr>
          </gpxtpx:TrackPointExtension>
        </extensions>
      </trkpt>
      <trkpt lat="22.54358819807609" lon="114.0940948454516">
        <ele>6.748227086849511</ele>
        <time>2026-09-18T00:23:51.500000Z</time>
        <extensions>
          <gpxtpx:TrackPointExtension>
            <gpxtpx:hr>113</gpxtpx:hr>
          </gpxtpx:TrackPointExtension>
        </extensions>
      </trkpt>
      <trkpt lat="22.543586144089932" lon="114.09408107928917">
        <ele>6.784170183353126</ele>
        <time>2026-09-18T00:23:52.500000Z</time>
        <extensions>
          <gpxtpx:TrackPointExtension>
            <gpxtpx:hr>113</gpxtpx:hr>
          </gpxtpx:TrackPointExtension>
        </extensions>
      </trkpt>
      <trkpt lat="22.543584132948897" lon="114.09406750469648">
        <ele>6.782563203945756</ele>
        <time>2026-09-18T00:23:53.500000Z</time>
        <extensions>
          <gpxtpx:TrackPointExtension>
            <gpxtpx:hr>113</gpxtpx:hr>
          </gpxtpx:TrackPointExtension>
        </extensions>
      </trkpt>
      <trkpt lat="22.54358223501963" lon="114.09405344735109">
        <ele>6.754181809723377</ele>
        <time>2026-09-18T00:23:54.500000Z</time>
        <extensions>
          <gpxtpx:TrackPointExtension>
            <gpxtpx:hr>113</gpxtpx:hr>
          </gpxtpx:TrackPointExtension>
        </extensions>
      </trkpt>
      <trkpt lat="22.543580445539217" lon="114.09403821162812">
        <ele>6.715505830943584</ele>
        <time>2026-09-18T00:23:55.500000Z</time>
        <extensions>
          <gpxtpx:TrackPointExtension>
            <gpxtpx:hr>114</gpxtpx:hr>
          </gpxtpx:TrackPointExtension>
        </extensions>
      </trkpt>
      <trkpt lat="22.543578809162227" lon="114.09402234234116">
        <ele>6.673652989789844</ele>
        <time>2026-09-18T00:23:56.500000Z</time>
        <extensions>
          <gpxtpx:TrackPointExtension>
            <gpxtpx:hr>114</gpxtpx:hr>
          </gpxtpx:TrackPointExtension>
        </extensions>
      </trkpt>
      <trkpt lat="22.54357751285399" lon="114.09400674080761">
        <ele>6.633571527898312</ele>
        <time>2026-09-18T00:23:57.500000Z</time>
        <extensions>
          <gpxtpx:TrackPointExtension>
            <gpxtpx:hr>114</gpxtpx:hr>
          </gpxtpx:TrackPointExtension>
        </extensions>
      </trkpt>
      <trkpt lat="22.543576628559382" lon="114.09399218890772">
        <ele>6.599055337719619</ele>
        <time>2026-09-18T00:23:58.500000Z</time>
        <extensions>
          <gpxtpx:TrackPointExtension>
            <gpxtpx:hr>114</gpxtpx:hr>
          </gpxtpx:TrackPointExtension>
        </extensions>
      </trkpt>
      <trkpt lat="22.543575939239485" lon="114.09397817726243">
        <ele>6.555702352896333</ele>
        <time>2026-09-18T00:23:59.500000Z</time>
        <extensions>
          <gpxtpx:TrackPointExtension>
            <gpxtpx:hr>114</gpxtpx:hr>
          </gpxtpx:TrackPointExtension>
        </extensions>
      </trkpt>
      <trkpt lat="22.543575243100523" lon="114.0939627462281">
        <ele>6.520901563577354</ele>
        <time>2026-09-18T00:24:00.500000Z</time>
        <extensions>
          <gpxtpx:TrackPointExtension>
            <gpxtpx:hr>114</gpxtpx:hr>
          </gpxtpx:TrackPointExtension>
        </extensions>
      </trkpt>
      <trkpt lat="22.54357486293129" lon="114.0939452267565">
        <ele>6.496828995645046</ele>
        <time>2026-09-18T00:24:01.500000Z</time>
        <extensions>
          <gpxtpx:TrackPointExtension>
            <gpxtpx:hr>114</gpxtpx:hr>
          </gpxtpx:TrackPointExtension>
        </extensions>
      </trkpt>
      <trkpt lat="22.54357507902366" lon="114.0939276041068">
        <ele>6.4888247745111585</ele>
        <time>2026-09-18T00:24:02.500000Z</time>
        <extensions>
          <gpxtpx:TrackPointExtension>
            <gpxtpx:hr>113</gpxtpx:hr>
          </gpxtpx:TrackPointExtension>
        </extensions>
      </trkpt>
      <trkpt lat="22.543575542637136" lon="114.0939111739651">
        <ele>6.519367312081158</ele>
        <time>2026-09-18T00:24:03.500000Z</time>
        <extensions>
          <gpxtpx:TrackPointExtension>
            <gpxtpx:hr>113</gpxtpx:hr>
          </gpxtpx:TrackPointExtension>
        </extensions>
      </trkpt>
      <trkpt lat="22.5435756270389" lon="114.09389474621122">
        <ele>6.570468094199896</ele>
        <time>2026-09-18T00:24:04.500000Z</time>
        <extensions>
          <gpxtpx:TrackPointExtension>
            <gpxtpx:hr>113</gpxtpx:hr>
          </gpxtpx:TrackPointExtension>
        </extensions>
      </trkpt>
      <trkpt lat="22.543575310209885" lon="114.09387749205865">
        <ele>6.670616032555699</ele>
        <time>2026-09-18T00:24:05.500000Z</time>
        <extensions>
          <gpxtpx:TrackPointExtension>
            <gpxtpx:hr>113</gpxtpx:hr>
          </gpxtpx:TrackPointExtension>
        </extensions>
      </trkpt>
      <trkpt lat="22.543574923106778" lon="114.09385953761716">
        <ele>6.8136969693005085</ele>
        <time>2026-09-18T00:24:06.500000Z</time>
        <extensions>
          <gpxtpx:TrackPointExtension>
            <gpxtpx:hr>113</gpxtpx:hr>
          </gpxtpx:TrackPointExtension>
        </extensions>
      </trkpt>
      <trkpt lat="22.543574473051375" lon="114.09384179617498">
        <ele>6.990069189108908</ele>
        <time>2026-09-18T00:24:07.500000Z</time>
        <extensions>
          <gpxtpx:TrackPointExtension>
            <gpxtpx:hr>113</gpxtpx:hr>
          </gpxtpx:TrackPointExtension>
        </extensions>
      </trkpt>
      <trkpt lat="22.543573994378175" lon="114.09382491206746">
        <ele>7.191548200324178</ele>
        <time>2026-09-18T00:24:08.500000Z</time>
        <extensions>
          <gpxtpx:TrackPointExtension>
            <gpxtpx:hr>113</gpxtpx:hr>
          </gpxtpx:TrackPointExtension>
        </extensions>
      </trkpt>
      <trkpt lat="22.543573313984304" lon="114.09380782810372">
        <ele>7.42253240942955</ele>
        <time>2026-09-18T00:24:09.500000Z</time>
        <extensions>
          <gpxtpx:TrackPointExtension>
            <gpxtpx:hr>113</gpxtpx:hr>
          </gpxtpx:TrackPointExtension>
        </extensions>
      </trkpt>
      <trkpt lat="22.543572581849844" lon="114.09378976860302">
        <ele>7.660115424543619</ele>
        <time>2026-09-18T00:24:10.500000Z</time>
        <extensions>
          <gpxtpx:TrackPointExtension>
            <gpxtpx:hr>113</gpxtpx:hr>
          </gpxtpx:TrackPointExtension>
        </extensions>
      </trkpt>
      <trkpt lat="22.543572211780273" lon="114.09377141343028">
        <ele>7.900222668424249</ele>
        <time>2026-09-18T00:24:11.500000Z</time>
        <extensions>
          <gpxtpx:TrackPointExtension>
            <gpxtpx:hr>113</gpxtpx:hr>
          </gpxtpx:TrackPointExtension>
        </extensions>
      </trkpt>
      <trkpt lat="22.543572110765375" lon="114.09375389866366">
        <ele>8.145904983393848</ele>
        <time>2026-09-18T00:24:12.500000Z</time>
        <extensions>
          <gpxtpx:TrackPointExtension>
            <gpxtpx:hr>113</gpxtpx:hr>
          </gpxtpx:TrackPointExtension>
        </extensions>
      </trkpt>
      <trkpt lat="22.543572087733175" lon="114.0937363858406">
        <ele>8.38153267558664</ele>
        <time>2026-09-18T00:24:13.500000Z</time>
        <extensions>
          <gpxtpx:TrackPointExtension>
            <gpxtpx:hr>114</gpxtpx:hr>
          </gpxtpx:TrackPointExtension>
        </extensions>
      </trkpt>
      <trkpt lat="22.543572212789094" lon="114.09371940300156">
        <ele>8.627121142111719</ele>
        <time>2026-09-18T00:24:14.500000Z</time>
        <extensions>
          <gpxtpx:TrackPointExtension>
            <gpxtpx:hr>114</gpxtpx:hr>
          </gpxtpx:TrackPointExtension>
        </extensions>
      </trkpt>
      <trkpt lat="22.5435725790434" lon="114.0937035116984">
        <ele>8.845343563705683</ele>
        <time>2026-09-18T00:24:15.500000Z</time>
        <extensions>
          <gpxtpx:TrackPointExtension>
            <gpxtpx:hr>114</gpxtpx:hr>
          </gpxtpx:TrackPointExtension>
        </extensions>
      </trkpt>
      <trkpt lat="22.5435730113885" lon="114.09368735434538">
        <ele>9.041496236808598</ele>
        <time>2026-09-18T00:24:16.500000Z</time>
        <extensions>
          <gpxtpx:TrackPointExtension>
            <gpxtpx:hr>114</gpxtpx:hr>
          </gpxtpx:TrackPointExtension>
        </extensions>
      </trkpt>
      <trkpt lat="22.543573577323365" lon="114.09367071298637">
        <ele>9.218968268483877</ele>
        <time>2026-09-18T00:24:17.500000Z</time>
        <extensions>
          <gpxtpx:TrackPointExtension>
            <gpxtpx:hr>114</gpxtpx:hr>
          </gpxtpx:TrackPointExtension>
        </extensions>
      </trkpt>
      <trkpt lat="22.543574258206412" lon="114.09365484442469">
        <ele>9.399388653226197</ele>
        <time>2026-09-18T00:24:18.500000Z</time>
        <extensions>
          <gpxtpx:TrackPointExtension>
            <gpxtpx:hr>115</gpxtpx:hr>
          </gpxtpx:TrackPointExtension>
        </extensions>
      </trkpt>
      <trkpt lat="22.54357460291589" lon="114.09364043685747">
        <ele>9.556126335635781</ele>
        <time>2026-09-18T00:24:19.500000Z</time>
        <extensions>
          <gpxtpx:TrackPointExtension>
            <gpxtpx:hr>115</gpxtpx:hr>
          </gpxtpx:TrackPointExtension>
        </extensions>
      </trkpt>
      <trkpt lat="22.54357420456532" lon="114.09362696463178">
        <ele>9.711076577194035</ele>
        <time>2026-09-18T00:24:20.500000Z</time>
        <extensions>
          <gpxtpx:TrackPointExtension>
            <gpxtpx:hr>115</gpxtpx:hr>
          </gpxtpx:TrackPointExtension>
        </extensions>
      </trkpt>
      <trkpt lat="22.543573175337784" lon="114.09361288791025">
        <ele>9.848087754100561</ele>
        <time>2026-09-18T00:24:21.500000Z</time>
        <extensions>
          <gpxtpx:TrackPointExtension>
            <gpxtpx:hr>115</gpxtpx:hr>
          </gpxtpx:TrackPointExtension>
        </extensions>
      </trkpt>
      <trkpt lat="22.543571840128713" lon="114.09359774419613">
        <ele>9.977188707329333</ele>
        <time>2026-09-18T00:24:22.500000Z</time>
        <extensions>
          <gpxtpx:TrackPointExtension>
            <gpxtpx:hr>115</gpxtpx:hr>
          </gpxtpx:TrackPointExtension>
        </extensions>
      </trkpt>
      <trkpt lat="22.5435703190331" lon="114.09358229272817">
        <ele>10.10876639932394</ele>
        <time>2026-09-18T00:24:23.500000Z</time>
        <extensions>
          <gpxtpx:TrackPointExtension>
            <gpxtpx:hr>116</gpxtpx:hr>
          </gpxtpx:TrackPointExtension>
        </extensions>
      </trkpt>
      <trkpt lat="22.543568689205205" lon="114.0935670909622">
        <ele>10.255152443423867</ele>
        <time>2026-09-18T00:24:24.500000Z</time>
        <extensions>
          <gpxtpx:TrackPointExtension>
            <gpxtpx:hr>116</gpxtpx:hr>
          </gpxtpx:TrackPointExtension>
        </extensions>
      </trkpt>
      <trkpt lat="22.543567100467378" lon="114.09355294650986">
        <ele>10.371587264351547</ele>
        <time>2026-09-18T00:24:25.500000Z</time>
        <extensions>
          <gpxtpx:TrackPointExtension>
            <gpxtpx:hr>116</gpxtpx:hr>
          </gpxtpx:TrackPointExtension>
        </extensions>
      </trkpt>
      <trkpt lat="22.5435657114927" lon="114.09353965082009">
        <ele>10.465690521523356</ele>
        <time>2026-09-18T00:24:26.500000Z</time>
        <extensions>
          <gpxtpx:TrackPointExtension>
            <gpxtpx:hr>116</gpxtpx:hr>
          </gpxtpx:TrackPointExtension>
        </extensions>
      </trkpt>
      <trkpt lat="22.543564802176324" lon="114.09352606533795">
        <ele>10.54369913879782</ele>
        <time>2026-09-18T00:24:27.500000Z</time>
        <extensions>
          <gpxtpx:TrackPointExtension>
            <gpxtpx:hr>116</gpxtpx:hr>
          </gpxtpx:TrackPointExtension>
        </extensions>
      </trkpt>
      <trkpt lat="22.543564801695496" lon="114.09351081414162">
        <ele>10.60518915206194</ele>
        <time>2026-09-18T00:24:28.500000Z</time>
        <extensions>
          <gpxtpx:TrackPointExtension>
            <gpxtpx:hr>116</gpxtpx:hr>
          </gpxtpx:TrackPointExtension>
        </extensions>
      </trkpt>
      <trkpt lat="22.543565758882337" lon="114.09349563277082">
        <ele>10.657291057519615</ele>
        <time>2026-09-18T00:24:29.500000Z</time>
        <extensions>
          <gpxtpx:TrackPointExtension>
            <gpxtpx:hr>116</gpxtpx:hr>
          </gpxtpx:TrackPointExtension>
        </extensions>
      </trkpt>
      <trkpt lat="22.543567013827868" lon="114.09348182257112">
        <ele>10.725886539556086</ele>
        <time>2026-09-18T00:24:30.500000Z</time>
        <extensions>
          <gpxtpx:TrackPointExtension>
            <gpxtpx:hr>115</gpxtpx:hr>
          </gpxtpx:TrackPointExtension>
        </extensions>
      </trkpt>
      <trkpt lat="22.543567659243426" lon="114.09346928231216">
        <ele>10.815052300691605</ele>
        <time>2026-09-18T00:24:31.500000Z</time>
        <extensions>
          <gpxtpx:TrackPointExtension>
            <gpxtpx:hr>115</gpxtpx:hr>
          </gpxtpx:TrackPointExtension>
        </extensions>
      </trkpt>
      <trkpt lat="22.54356740196524" lon="114.09345799706496">
        <ele>10.916927295736969</ele>
        <time>2026-09-18T00:24:32.500000Z</time>
        <extensions>
          <gpxtpx:TrackPointExtension>
            <gpxtpx:hr>115</gpxtpx:hr>
          </gpxtpx:TrackPointExtension>
        </extensions>
      </trkpt>
      <trkpt lat="22.54356667207741" lon="114.09344588004745">
        <ele>10.98597189038992</ele>
        <time>2026-09-18T00:24:33.500000Z</time>
        <extensions>
          <gpxtpx:TrackPointExtension>
            <gpxtpx:hr>115</gpxtpx:hr>
          </gpxtpx:TrackPointExtension>
        </extensions>
      </trkpt>
      <trkpt lat="22.543566393797953" lon="114.09343164827924">
        <ele>11.019613549113274</ele>
        <time>2026-09-18T00:24:34.500000Z</time>
        <extensions>
          <gpxtpx:TrackPointExtension>
            <gpxtpx:hr>115</gpxtpx:hr>
          </gpxtpx:TrackPointExtension>
        </extensions>
      </trkpt>
      <trkpt lat="22.543567013821324" lon="114.09341674138228">
        <ele>11.044446587562561</ele>
        <time>2026-09-18T00:24:35.500000Z</time>
        <extensions>
          <gpxtpx:TrackPointExtension>
            <gpxtpx:hr>115</gpxtpx:hr>
          </gpxtpx:TrackPointExtension>
        </extensions>
      </trkpt>
      <trkpt lat="22.543568022346513" lon="114.09340213938728">
        <ele>11.075937123969197</ele>
        <time>2026-09-18T00:24:36.500000Z</time>
        <extensions>
          <gpxtpx:TrackPointExtension>
            <gpxtpx:hr>115</gpxtpx:hr>
          </gpxtpx:TrackPointExtension>
        </extensions>
      </trkpt>
      <trkpt lat="22.543568731738215" lon="114.09338748161166">
        <ele>11.09358421806246</ele>
        <time>2026-09-18T00:24:37.500000Z</time>
        <extensions>
          <gpxtpx:TrackPointExtension>
            <gpxtpx:hr>115</gpxtpx:hr>
          </gpxtpx:TrackPointExtension>
        </extensions>
      </trkpt>
      <trkpt lat="22.543568835633625" lon="114.09337297208823">
        <ele>11.11079934798181</ele>
        <time>2026-09-18T00:24:38.500000Z</time>
        <extensions>
          <gpxtpx:TrackPointExtension>
            <gpxtpx:hr>115</gpxtpx:hr>
          </gpxtpx:TrackPointExtension>
        </extensions>
      </trkpt>
      <trkpt lat="22.543568102307898" lon="114.09335924427442">
        <ele>11.13371404632926</ele>
        <time>2026-09-18T00:24:39.500000Z</time>
        <extensions>
          <gpxtpx:TrackPointExtension>
            <gpxtpx:hr>115</gpxtpx:hr>
          </gpxtpx:TrackPointExtension>
        </extensions>
      </trkpt>
      <trkpt lat="22.54356713032171" lon="114.09334684177371">
        <ele>11.163204560056329</ele>
        <time>2026-09-18T00:24:40.500000Z</time>
        <extensions>
          <gpxtpx:TrackPointExtension>
            <gpxtpx:hr>116</gpxtpx:hr>
          </gpxtpx:TrackPointExtension>
        </extensions>
      </trkpt>
      <trkpt lat="22.54356664954212" lon="114.09333544574953">
        <ele>11.196543201804161</ele>
        <time>2026-09-18T00:24:41.500000Z</time>
        <extensions>
          <gpxtpx:TrackPointExtension>
            <gpxtpx:hr>116</gpxtpx:hr>
          </gpxtpx:TrackPointExtension>
        </extensions>
      </trkpt>
      <trkpt lat="22.543566412664664" lon="114.09332298380093">
        <ele>11.236562300473452</ele>
        <time>2026-09-18T00:24:42.500000Z</time>
        <extensions>
          <gpxtpx:TrackPointExtension>
            <gpxtpx:hr>116</gpxtpx:hr>
          </gpxtpx:TrackPointExtension>
        </extensions>
      </trkpt>
      <trkpt lat="22.543566007327954" lon="114.0933086004844">
        <ele>11.290139538235962</ele>
        <time>2026-09-18T00:24:43.500000Z</time>
        <extensions>
          <gpxtpx:TrackPointExtension>
            <gpxtpx:hr>116</gpxtpx:hr>
          </gpxtpx:TrackPointExtension>
        </extensions>
      </trkpt>
      <trkpt lat="22.543565284999016" lon="114.09329384864337">
        <ele>11.352410968393087</ele>
        <time>2026-09-18T00:24:44.500000Z</time>
        <extensions>
          <gpxtpx:TrackPointExtension>
            <gpxtpx:hr>116</gpxtpx:hr>
          </gpxtpx:TrackPointExtension>
        </extensions>
      </trkpt>
      <trkpt lat="22.543564582590186" lon="114.09327980336018">
        <ele>11.445516190491617</ele>
        <time>2026-09-18T00:24:45.500000Z</time>
        <extensions>
          <gpxtpx:TrackPointExtension>
            <gpxtpx:hr>116</gpxtpx:hr>
          </gpxtpx:TrackPointExtension>
        </extensions>
      </trkpt>
      <trkpt lat="22.54356432700236" lon="114.09326713800527">
        <ele>11.556602969765663</ele>
        <time>2026-09-18T00:24:46.500000Z</time>
        <extensions>
          <gpxtpx:TrackPointExtension>
            <gpxtpx:hr>116</gpxtpx:hr>
          </gpxtpx:TrackPointExtension>
        </extensions>
      </trkpt>
      <trkpt lat="22.543564578001405" lon="114.09325585447901">
        <ele>11.683758120052516</ele>
        <time>2026-09-18T00:24:47.500000Z</time>
        <extensions>
          <gpxtpx:TrackPointExtension>
            <gpxtpx:hr>118</gpxtpx:hr>
          </gpxtpx:TrackPointExtension>
        </extensions>
      </trkpt>
      <trkpt lat="22.543564803867284" lon="114.09324515110025">
        <ele>11.830483694560826</ele>
        <time>2026-09-18T00:24:48.500000Z</time>
        <extensions>
          <gpxtpx:TrackPointExtension>
            <gpxtpx:hr>118</gpxtpx:hr>
          </gpxtpx:TrackPointExtension>
        </extensions>
      </trkpt>
      <trkpt lat="22.543564625558123" lon="114.09323371246361">
        <ele>11.987675168551505</ele>
        <time>2026-09-18T00:24:49.500000Z</time>
        <extensions>
          <gpxtpx:TrackPointExtension>
            <gpxtpx:hr>118</gpxtpx:hr>
          </gpxtpx:TrackPointExtension>
        </extensions>
      </trkpt>
      <trkpt lat="22.543564322071976" lon="114.09322007671912">
        <ele>12.155293487012386</ele>
        <time>2026-09-18T00:24:50.500000Z</time>
        <extensions>
          <gpxtpx:TrackPointExtension>
            <gpxtpx:hr>119</gpxtpx:hr>
          </gpxtpx:TrackPointExtension>
        </extensions>
      </trkpt>
      <trkpt lat="22.54356406831847" lon="114.0932054825043">
        <ele>12.360125228762627</ele>
        <time>2026-09-18T00:24:51.500000Z</time>
        <extensions>
          <gpxtpx:TrackPointExtension>
            <gpxtpx:hr>119</gpxtpx:hr>
          </gpxtpx:TrackPointExtension>
        </extensions>
      </trkpt>
      <trkpt lat="22.543563516537414" lon="114.09319070630839">
        <ele>12.58713255636394</ele>
        <time>2026-09-18T00:24:52.500000Z</time>
        <extensions>
          <gpxtpx:TrackPointExtension>
            <gpxtpx:hr>119</gpxtpx:hr>
          </gpxtpx:TrackPointExtension>
        </extensions>
      </trkpt>
      <trkpt lat="22.5435628088282" lon="114.09317648035397">
        <ele>12.810499669983983</ele>
        <time>2026-09-18T00:24:53.500000Z</time>
        <extensions>
          <gpxtpx:TrackPointExtension>
            <gpxtpx:hr>119</gpxtpx:hr>
          </gpxtpx:TrackPointExtension>
        </extensions>
      </trkpt>
      <trkpt lat="22.5435621976461" lon="114.09316395106174">
        <ele>13.039687533862889</ele>
        <time>2026-09-18T00:24:54.500000Z</time>
        <extensions>
          <gpxtpx:TrackPointExtension>
            <gpxtpx:hr>116</gpxtpx:hr>
          </gpxtpx:TrackPointExtension>
        </extensions>
      </trkpt>
      <trkpt lat="22.543561522147506" lon="114.09315295694017">
        <ele>13.284303478896618</ele>
        <time>2026-09-18T00:24:55.500000Z</time>
        <extensions>
          <gpxtpx:TrackPointExtension>
            <gpxtpx:hr>116</gpxtpx:hr>
          </gpxtpx:TrackPointExtension>
        </extensions>
      </trkpt>
      <trkpt lat="22.543561008143463" lon="114.09314319127503">
        <ele>13.514408310875297</ele>
        <time>2026-09-18T00:24:56.500000Z</time>
        <extensions>
          <gpxtpx:TrackPointExtension>
            <gpxtpx:hr>116</gpxtpx:hr>
          </gpxtpx:TrackPointExtension>
        </extensions>
      </trkpt>
      <trkpt lat="22.543560368636612" lon="114.09313268850376">
        <ele>13.718622911721468</ele>
        <time>2026-09-18T00:24:57.500000Z</time>
        <extensions>
          <gpxtpx:TrackPointExtension>
            <gpxtpx:hr>116</gpxtpx:hr>
          </gpxtpx:TrackPointExtension>
        </extensions>
      </trkpt>
      <trkpt lat="22.543559584975128" lon="114.09311955279907">
        <ele>13.89389706403017</ele>
        <time>2026-09-18T00:24:58.500000Z</time>
        <extensions>
          <gpxtpx:TrackPointExtension>
            <gpxtpx:hr>116</gpxtpx:hr>
          </gpxtpx:TrackPointExtension>
        </extensions>
      </trkpt>
      <trkpt lat="22.54355930122067" lon="114.09310533179222">
        <ele>14.048779630102217</ele>
        <time>2026-09-18T00:24:59.500000Z</time>
        <extensions>
          <gpxtpx:TrackPointExtension>
            <gpxtpx:hr>116</gpxtpx:hr>
          </gpxtpx:TrackPointExtension>
        </extensions>
      </trkpt>
      <trkpt lat="22.54355947257703" lon="114.09309113846395">
        <ele>14.193528580479324</ele>
        <time>2026-09-18T00:25:00.500000Z</time>
        <extensions>
          <gpxtpx:TrackPointExtension>
            <gpxtpx:hr>116</gpxtpx:hr>
          </gpxtpx:TrackPointExtension>
        </extensions>
      </trkpt>
      <trkpt lat="22.54355963124248" lon="114.09307662221329">
        <ele>14.321705999784172</ele>
        <time>2026-09-18T00:25:01.500000Z</time>
        <extensions>
          <gpxtpx:TrackPointExtension>
            <gpxtpx:hr>116</gpxtpx:hr>
          </gpxtpx:TrackPointExtension>
        </extensions>
      </trkpt>
      <trkpt lat="22.543559299237447" lon="114.09306178993218">
        <ele>14.428359414450824</ele>
        <time>2026-09-18T00:25:02.500000Z</time>
        <extensions>
          <gpxtpx:TrackPointExtension>
            <gpxtpx:hr>116</gpxtpx:hr>
          </gpxtpx:TrackPointExtension>
        </extensions>
      </trkpt>
      <trkpt lat="22.543558394723913" lon="114.09304652332133">
        <ele>14.464702444151044</ele>
        <time>2026-09-18T00:25:03.500000Z</time>
        <extensions>
          <gpxtpx:TrackPointExtension>
            <gpxtpx:hr>116</gpxtpx:hr>
          </gpxtpx:TrackPointExtension>
        </extensions>
      </trkpt>
      <trkpt lat="22.543557305192625" lon="114.0930312967838">
        <ele>14.445701215416193</ele>
        <time>2026-09-18T00:25:04.500000Z</time>
        <extensions>
          <gpxtpx:TrackPointExtension>
            <gpxtpx:hr>114</gpxtpx:hr>
          </gpxtpx:TrackPointExtension>
        </extensions>
      </trkpt>
      <trkpt lat="22.543556395802483" lon="114.0930160779016">
        <ele>14.394511215388775</ele>
        <time>2026-09-18T00:25:05.500000Z</time>
        <extensions>
          <gpxtpx:TrackPointExtension>
            <gpxtpx:hr>114</gpxtpx:hr>
          </gpxtpx:TrackPointExtension>
        </extensions>
      </trkpt>
      <trkpt lat="22.543555812510405" lon="114.0930008116831">
        <ele>14.298108028247952</ele>
        <time>2026-09-18T00:25:06.500000Z</time>
        <extensions>
          <gpxtpx:TrackPointExtension>
            <gpxtpx:hr>114</gpxtpx:hr>
          </gpxtpx:TrackPointExtension>
        </extensions>
      </trkpt>
      <trkpt lat="22.543555505493927" lon="114.09298555028094">
        <ele>14.14853149279952</ele>
        <time>2026-09-18T00:25:07.500000Z</time>
        <extensions>
          <gpxtpx:TrackPointExtension>
            <gpxtpx:hr>114</gpxtpx:hr>
          </gpxtpx:TrackPointExtension>
        </extensions>
      </trkpt>
      <trkpt lat="22.543555382574144" lon="114.09296932584694">
        <ele>13.982356237247586</ele>
        <time>2026-09-18T00:25:08.500000Z</time>
        <extensions>
          <gpxtpx:TrackPointExtension>
            <gpxtpx:hr>114</gpxtpx:hr>
          </gpxtpx:TrackPointExtension>
        </extensions>
      </trkpt>
      <trkpt lat="22.54355565047548" lon="114.09295181121718">
        <ele>13.796669634059072</ele>
        <time>2026-09-18T00:25:09.500000Z</time>
        <extensions>
          <gpxtpx:TrackPointExtension>
            <gpxtpx:hr>114</gpxtpx:hr>
          </gpxtpx:TrackPointExtension>
        </extensions>
      </trkpt>
      <trkpt lat="22.54355643208078" lon="114.09293485005858">
        <ele>13.591884145513177</ele>
        <time>2026-09-18T00:25:10.500000Z</time>
        <extensions>
          <gpxtpx:TrackPointExtension>
            <gpxtpx:hr>114</gpxtpx:hr>
          </gpxtpx:TrackPointExtension>
        </extensions>
      </trkpt>
      <trkpt lat="22.543557808320518" lon="114.09291901668338">
        <ele>13.361262878403068</ele>
        <time>2026-09-18T00:25:11.500000Z</time>
        <extensions>
          <gpxtpx:TrackPointExtension>
            <gpxtpx:hr>115</gpxtpx:hr>
          </gpxtpx:TrackPointExtension>
        </extensions>
      </trkpt>
      <trkpt lat="22.543559525903735" lon="114.09290361190416">
        <ele>13.117315173149109</ele>
        <time>2026-09-18T00:25:12.500000Z</time>
        <extensions>
          <gpxtpx:TrackPointExtension>
            <gpxtpx:hr>115</gpxtpx:hr>
          </gpxtpx:TrackPointExtension>
        </extensions>
      </trkpt>
      <trkpt lat="22.543561776707868" lon="114.09288881351516">
        <ele>12.849241875112057</ele>
        <time>2026-09-18T00:25:13.500000Z</time>
        <extensions>
          <gpxtpx:TrackPointExtension>
            <gpxtpx:hr>115</gpxtpx:hr>
          </gpxtpx:TrackPointExtension>
        </extensions>
      </trkpt>
      <trkpt lat="22.543564365391003" lon="114.09287461848685">
        <ele>12.577182706445456</ele>
        <time>2026-09-18T00:25:14.500000Z</time>
        <extensions>
          <gpxtpx:TrackPointExtension>
            <gpxtpx:hr>115</gpxtpx:hr>
          </gpxtpx:TrackPointExtension>
        </extensions>
      </trkpt>
      <trkpt lat="22.543566275390916" lon="114.09286096275085">
        <ele>12.314482817426324</ele>
        <time>2026-09-18T00:25:15.500000Z</time>
        <extensions>
          <gpxtpx:TrackPointExtension>
            <gpxtpx:hr>115</gpxtpx:hr>
          </gpxtpx:TrackPointExtension>
        </extensions>
      </trkpt>
      <trkpt lat="22.543568122799634" lon="114.09284628890563">
        <ele>12.062598931603134</ele>
        <time>2026-09-18T00:25:16.500000Z</time>
        <extensions>
          <gpxtpx:TrackPointExtension>
            <gpxtpx:hr>115</gpxtpx:hr>
          </gpxtpx:TrackPointExtension>
        </extensions>
      </trkpt>
      <trkpt lat="22.54357050980147" lon="114.09283011953367">
        <ele>11.839431462809443</ele>
        <time>2026-09-18T00:25:17.500000Z</time>
        <extensions>
          <gpxtpx:TrackPointExtension>
            <gpxtpx:hr>115</gpxtpx:hr>
          </gpxtpx:TrackPointExtension>
        </extensions>
      </trkpt>
      <trkpt lat="22.54357289384078" lon="114.09281443622031">
        <ele>11.646522318013012</ele>
        <time>2026-09-18T00:25:18.500000Z</time>
        <extensions>
          <gpxtpx:TrackPointExtension>
            <gpxtpx:hr>114</gpxtpx:hr>
          </gpxtpx:TrackPointExtension>
        </extensions>
      </trkpt>
      <trkpt lat="22.54357513352025" lon="114.09279969973052">
        <ele>11.446459515951574</ele>
        <time>2026-09-18T00:25:19.500000Z</time>
        <extensions>
          <gpxtpx:TrackPointExtension>
            <gpxtpx:hr>114</gpxtpx:hr>
          </gpxtpx:TrackPointExtension>
        </extensions>
      </trkpt>
      <trkpt lat="22.543577328096376" lon="114.09278542158738">
        <ele>11.25303530972451</ele>
        <time>2026-09-18T00:25:20.500000Z</time>
        <extensions>
          <gpxtpx:TrackPointExtension>
            <gpxtpx:hr>114</gpxtpx:hr>
          </gpxtpx:TrackPointExtension>
        </extensions>
      </trkpt>
      <trkpt lat="22.543579380323706" lon="114.09277168029381">
        <ele>11.07514074537903</ele>
        <time>2026-09-18T00:25:21.500000Z</time>
        <extensions>
          <gpxtpx:TrackPointExtension>
            <gpxtpx:hr>114</gpxtpx:hr>
          </gpxtpx:TrackPointExtension>
        </extensions>
      </trkpt>
      <trkpt lat="22.543581171203513" lon="114.09275823269826">
        <ele>10.894566712900996</ele>
        <time>2026-09-18T00:25:22.500000Z</time>
        <extensions>
          <gpxtpx:TrackPointExtension>
            <gpxtpx:hr>114</gpxtpx:hr>
          </gpxtpx:TrackPointExtension>
        </extensions>
      </trkpt>
      <trkpt lat="22.543582676471292" lon="114.0927446734041">
        <ele>10.728783942759037</ele>
        <time>2026-09-18T00:25:23.500000Z</time>
        <extensions>
          <gpxtpx:TrackPointExtension>
            <gpxtpx:hr>115</gpxtpx:hr>
          </gpxtpx:TrackPointExtension>
        </extensions>
      </trkpt>
      <trkpt lat="22.54358374322375" lon="114.09273107967876">
        <ele>10.564978202804923</ele>
        <time>2026-09-18T00:25:24.500000Z</time>
        <extensions>
          <gpxtpx:TrackPointExtension>
            <gpxtpx:hr>115</gpxtpx:hr>
          </gpxtpx:TrackPointExtension>
        </extensions>
      </trkpt>
      <trkpt lat="22.543584130950492" lon="114.09271839692168">
        <ele>10.375650775618851</ele>
        <time>2026-09-18T00:25:25.500000Z</time>
        <extensions>
          <gpxtpx:TrackPointExtension>
            <gpxtpx:hr>115</gpxtpx:hr>
          </gpxtpx:TrackPointExtension>
        </extensions>
      </trkpt>
      <trkpt lat="22.54358398092617" lon="114.09270746555234">
        <ele>10.191734860651195</ele>
        <time>2026-09-18T00:25:26.500000Z</time>
        <extensions>
          <gpxtpx:TrackPointExtension>
            <gpxtpx:hr>115</gpxtpx:hr>
          </gpxtpx:TrackPointExtension>
        </extensions>
      </trkpt>
      <trkpt lat="22.543583281263633" lon="114.09269723059057">
        <ele>10.008909597992897</ele>
        <time>2026-09-18T00:25:27.500000Z</time>
        <extensions>
          <gpxtpx:TrackPointExtension>
            <gpxtpx:hr>115</gpxtpx:hr>
          </gpxtpx:TrackPointExtension>
        </extensions>
      </trkpt>
      <trkpt lat="22.543581994631232" lon="114.09268594805869">
        <ele>9.837336307391524</ele>
        <time>2026-09-18T00:25:28.500000Z</time>
        <extensions>
          <gpxtpx:TrackPointExtension>
            <gpxtpx:hr>115</gpxtpx:hr>
          </gpxtpx:TrackPointExtension>
        </extensions>
      </trkpt>
      <trkpt lat="22.543580387567214" lon="114.09267305535833">
        <ele>9.670673328451812</ele>
        <time>2026-09-18T00:25:29.500000Z</time>
        <extensions>
          <gpxtpx:TrackPointExtension>
            <gpxtpx:hr>115</gpxtpx:hr>
          </gpxtpx:TrackPointExtension>
        </extensions>
      </trkpt>
      <trkpt lat="22.543579100189625" lon="114.0926594125944">
        <ele>9.489254200831056</ele>
        <time>2026-09-18T00:25:30.500000Z</time>
        <extensions>
          <gpxtpx:TrackPointExtension>
            <gpxtpx:hr>112</gpxtpx:hr>
          </gpxtpx:TrackPointExtension>
        </extensions>
      </trkpt>
      <trkpt lat="22.543578479246616" lon="114.0926461253952">
        <ele>9.30824843980372</ele>
        <time>2026-09-18T00:25:31.500000Z</time>
        <extensions>
          <gpxtpx:TrackPointExtension>
            <gpxtpx:hr>112</gpxtpx:hr>
          </gpxtpx:TrackPointExtension>
        </extensions>
      </trkpt>
      <trkpt lat="22.543578608243575" lon="114.09263341865531">
        <ele>9.130821553990245</ele>
        <time>2026-09-18T00:25:32.500000Z</time>
        <extensions>
          <gpxtpx:TrackPointExtension>
            <gpxtpx:hr>112</gpxtpx:hr>
          </gpxtpx:TrackPointExtension>
        </extensions>
      </trkpt>
      <trkpt lat="22.54357963086539" lon="114.09262091950309">
        <ele>8.963691903278232</ele>
        <time>2026-09-18T00:25:33.500000Z</time>
        <extensions>
          <gpxtpx:TrackPointExtension>
            <gpxtpx:hr>112</gpxtpx:hr>
          </gpxtpx:TrackPointExtension>
        </extensions>
      </trkpt>
      <trkpt lat="22.54358134660923" lon="114.09260817378248">
        <ele>8.802704616449773</ele>
        <time>2026-09-18T00:25:34.500000Z</time>
        <extensions>
          <gpxtpx:TrackPointExtension>
            <gpxtpx:hr>112</gpxtpx:hr>
          </gpxtpx:TrackPointExtension>
        </extensions>
      </trkpt>
      <trkpt lat="22.543583460598576" lon="114.09259501781982">
        <ele>8.664458221755922</ele>
        <time>2026-09-18T00:25:35.500000Z</time>
        <extensions>
          <gpxtpx:TrackPointExtension>
            <gpxtpx:hr>112</gpxtpx:hr>
          </gpxtpx:TrackPointExtension>
        </extensions>
      </trkpt>
      <trkpt lat="22.543585541073842" lon="114.09258148702456">
        <ele>8.521036156453192</ele>
        <time>2026-09-18T00:25:36.500000Z</time>
        <extensions>
          <gpxtpx:TrackPointExtension>
            <gpxtpx:hr>112</gpxtpx:hr>
          </gpxtpx:TrackPointExtension>
        </extensions>
      </trkpt>
      <trkpt lat="22.54358697075227" lon="114.09256781650917">
        <ele>8.393342478200793</ele>
        <time>2026-09-18T00:25:37.500000Z</time>
        <extensions>
          <gpxtpx:TrackPointExtension>
            <gpxtpx:hr>114</gpxtpx:hr>
          </gpxtpx:TrackPointExtension>
        </extensions>
      </trkpt>
      <trkpt lat="22.543587388514837" lon="114.09255465788532">
        <ele>8.249334501102567</ele>
        <time>2026-09-18T00:25:38.500000Z</time>
        <extensions>
          <gpxtpx:TrackPointExtension>
            <gpxtpx:hr>114</gpxtpx:hr>
          </gpxtpx:TrackPointExtension>
        </extensions>
      </trkpt>
      <trkpt lat="22.543587463188867" lon="114.0925422753068">
        <ele>8.095024892129004</ele>
        <time>2026-09-18T00:25:39.500000Z</time>
        <extensions>
          <gpxtpx:TrackPointExtension>
            <gpxtpx:hr>114</gpxtpx:hr>
          </gpxtpx:TrackPointExtension>
        </extensions>
      </trkpt>
      <trkpt lat="22.5435880966426" lon="114.09252986461958">
        <ele>7.951217067427933</ele>
        <time>2026-09-18T00:25:40.500000Z</time>
        <extensions>
          <gpxtpx:TrackPointExtension>
            <gpxtpx:hr>114</gpxtpx:hr>
          </gpxtpx:TrackPointExtension>
        </extensions>
      </trkpt>
      <trkpt lat="22.543589431249288" lon="114.09251666496392">
        <ele>7.799910942092538</ele>
        <time>2026-09-18T00:25:41.500000Z</time>
        <extensions>
          <gpxtpx:TrackPointExtension>
            <gpxtpx:hr>114</gpxtpx:hr>
          </gpxtpx:TrackPointExtension>
        </extensions>
      </trkpt>
      <trkpt lat="22.54359128908591" lon="114.09250181197538">
        <ele>7.656617108732462</ele>
        <time>2026-09-18T00:25:42.500000Z</time>
        <extensions>
          <gpxtpx:TrackPointExtension>
            <gpxtpx:hr>113</gpxtpx:hr>
          </gpxtpx:TrackPointExtension>
        </extensions>
      </trkpt>
      <trkpt lat="22.543593399147348" lon="114.09248589318868">
        <ele>7.529101392254233</ele>
        <time>2026-09-18T00:25:43.500000Z</time>
        <extensions>
          <gpxtpx:TrackPointExtension>
            <gpxtpx:hr>113</gpxtpx:hr>
          </gpxtpx:TrackPointExtension>
        </extensions>
      </trkpt>
      <trkpt lat="22.543595359807227" lon="114.09247006104196">
        <ele>7.4090917725116014</ele>
        <time>2026-09-18T00:25:44.500000Z</time>
        <extensions>
          <gpxtpx:TrackPointExtension>
            <gpxtpx:hr>113</gpxtpx:hr>
          </gpxtpx:TrackPointExtension>
        </extensions>
      </trkpt>
      <trkpt lat="22.543597162544707" lon="114.09245477191587">
        <ele>7.312722775153816</ele>
        <time>2026-09-18T00:25:45.500000Z</time>
        <extensions>
          <gpxtpx:TrackPointExtension>
            <gpxtpx:hr>113</gpxtpx:hr>
          </gpxtpx:TrackPointExtension>
        </extensions>
      </trkpt>
      <trkpt lat="22.54359888361543" lon="114.0924404040612">
        <ele>7.225242610089481</ele>
        <time>2026-09-18T00:25:46.500000Z</time>
        <extensions>
          <gpxtpx:TrackPointExtension>
            <gpxtpx:hr>113</gpxtpx:hr>
          </gpxtpx:TrackPointExtension>
        </extensions>
      </trkpt>
      <trkpt lat="22.54360038068802" lon="114.0924262845755">
        <ele>7.148647331632674</ele>
        <time>2026-09-18T00:25:47.500000Z</time>
        <extensions>
          <gpxtpx:TrackPointExtension>
            <gpxtpx:hr>113</gpxtpx:hr>
          </gpxtpx:TrackPointExtension>
        </extensions>
      </trkpt>
      <trkpt lat="22.543601492618603" lon="114.09241153271039">
        <ele>7.076778621412814</ele>
        <time>2026-09-18T00:25:48.500000Z</time>
        <extensions>
          <gpxtpx:TrackPointExtension>
            <gpxtpx:hr>113</gpxtpx:hr>
          </gpxtpx:TrackPointExtension>
        </extensions>
      </trkpt>
      <trkpt lat="22.543602258508194" lon="114.0923961092162">
        <ele>7.01985355746001</ele>
        <time>2026-09-18T00:25:49.500000Z</time>
        <extensions>
          <gpxtpx:TrackPointExtension>
            <gpxtpx:hr>113</gpxtpx:hr>
          </gpxtpx:TrackPointExtension>
        </extensions>
      </trkpt>
      <trkpt lat="22.543602788954583" lon="114.09238088810919">
        <ele>7.0031251311302185</ele>
        <time>2026-09-18T00:25:50.500000Z</time>
        <extensions>
          <gpxtpx:TrackPointExtension>
            <gpxtpx:hr>113</gpxtpx:hr>
          </gpxtpx:TrackPointExtension>
        </extensions>
      </trkpt>
      <trkpt lat="22.543602938956166" lon="114.09236670033391">
        <ele>6.996759964153171</ele>
        <time>2026-09-18T00:25:51.500000Z</time>
        <extensions>
          <gpxtpx:TrackPointExtension>
            <gpxtpx:hr>113</gpxtpx:hr>
          </gpxtpx:TrackPointExtension>
        </extensions>
      </trkpt>
      <trkpt lat="22.54360268199144" lon="114.09235368137539">
        <ele>7.01592929661274</ele>
        <time>2026-09-18T00:25:52.500000Z</time>
        <extensions>
          <gpxtpx:TrackPointExtension>
            <gpxtpx:hr>113</gpxtpx:hr>
          </gpxtpx:TrackPointExtension>
        </extensions>
      </trkpt>
      <trkpt lat="22.543602180878157" lon="114.09234112173691">
        <ele>7.051663210615516</ele>
        <time>2026-09-18T00:25:53.500000Z</time>
        <extensions>
          <gpxtpx:TrackPointExtension>
            <gpxtpx:hr>112</gpxtpx:hr>
          </gpxtpx:TrackPointExtension>
        </extensions>
      </trkpt>
      <trkpt lat="22.543601414554278" lon="114.09232858866775">
        <ele>7.089131174609065</ele>
        <time>2026-09-18T00:25:54.500000Z</time>
        <extensions>
          <gpxtpx:TrackPointExtension>
            <gpxtpx:hr>112</gpxtpx:hr>
          </gpxtpx:TrackPointExtension>
        </extensions>
      </trkpt>
      <trkpt lat="22.54360028423518" lon="114.09231607488819">
        <ele>7.126267647370696</ele>
        <time>2026-09-18T00:25:55.500000Z</time>
        <extensions>
          <gpxtpx:TrackPointExtension>
            <gpxtpx:hr>112</gpxtpx:hr>
          </gpxtpx:TrackPointExtension>
        </extensions>
      </trkpt>
      <trkpt lat="22.54359880403183" lon="114.09230260958596">
        <ele>7.179822217673063</ele>
        <time>2026-09-18T00:25:56.500000Z</time>
        <extensions>
          <gpxtpx:TrackPointExtension>
            <gpxtpx:hr>112</gpxtpx:hr>
          </gpxtpx:TrackPointExtension>
        </extensions>
      </trkpt>
      <trkpt lat="22.543597062943245" lon="114.09228773573702">
        <ele>7.241465929895639</ele>
        <time>2026-09-18T00:25:57.500000Z</time>
        <extensions>
          <gpxtpx:TrackPointExtension>
            <gpxtpx:hr>112</gpxtpx:hr>
          </gpxtpx:TrackPointExtension>
        </extensions>
      </trkpt>
      <trkpt lat="22.54359512140594" lon="114.09227246978934">
        <ele>7.29470865894109</ele>
        <time>2026-09-18T00:25:58.500000Z</time>
        <extensions>
          <gpxtpx:TrackPointExtension>
            <gpxtpx:hr>112</gpxtpx:hr>
          </gpxtpx:TrackPointExtension>
        </extensions>
      </trkpt>
      <trkpt lat="22.543593209745755" lon="114.09225807793923">
        <ele>7.334215021692216</ele>
        <time>2026-09-18T00:25:59.500000Z</time>
        <extensions>
          <gpxtpx:TrackPointExtension>
            <gpxtpx:hr>115</gpxtpx:hr>
          </gpxtpx:TrackPointExtension>
        </extensions>
      </trkpt>
      <trkpt lat="22.543591570825104" lon="114.09224519936947">
        <ele>7.3593783704563975</ele>
        <time>2026-09-18T00:26:00.500000Z</time>
        <extensions>
          <gpxtpx:TrackPointExtension>
            <gpxtpx:hr>115</gpxtpx:hr>
          </gpxtpx:TrackPointExtension>
        </extensions>
      </trkpt>
      <trkpt lat="22.543590340409562" lon="114.09223317771554">
        <ele>7.378345896489918</ele>
        <time>2026-09-18T00:26:01.500000Z</time>
        <extensions>
          <gpxtpx:TrackPointExtension>
            <gpxtpx:hr>115</gpxtpx:hr>
          </gpxtpx:TrackPointExtension>
        </extensions>
      </trkpt>
      <trkpt lat="22.54358961527294" lon="114.09222164254423">
        <ele>7.382024933584034</ele>
        <time>2026-09-18T00:26:02.500000Z</time>
        <extensions>
          <gpxtpx:TrackPointExtension>
            <gpxtpx:hr>115</gpxtpx:hr>
          </gpxtpx:TrackPointExtension>
        </extensions>
      </trkpt>
      <trkpt lat="22.54358926465255" lon="114.0922101840911">
        <ele>7.376752593554556</ele>
        <time>2026-09-18T00:26:03.500000Z</time>
        <extensions>
          <gpxtpx:TrackPointExtension>
            <gpxtpx:hr>115</gpxtpx:hr>
          </gpxtpx:TrackPointExtension>
        </extensions>
      </trkpt>
      <trkpt lat="22.54358930264927" lon="114.09219860787258">
        <ele>7.359692106954753</ele>
        <time>2026-09-18T00:26:04.500000Z</time>
        <extensions>
          <gpxtpx:TrackPointExtension>
            <gpxtpx:hr>116</gpxtpx:hr>
          </gpxtpx:TrackPointExtension>
        </extensions>
      </trkpt>
      <trkpt lat="22.543589417218538" lon="114.0921864773935">
        <ele>7.346193970181048</ele>
        <time>2026-09-18T00:26:05.500000Z</time>
        <extensions>
          <gpxtpx:TrackPointExtension>
            <gpxtpx:hr>116</gpxtpx:hr>
          </gpxtpx:TrackPointExtension>
        </extensions>
      </trkpt>
      <trkpt lat="22.54358924615625" lon="114.0921733687287">
        <ele>7.337002239190042</ele>
        <time>2026-09-18T00:26:06.500000Z</time>
        <extensions>
          <gpxtpx:TrackPointExtension>
            <gpxtpx:hr>116</gpxtpx:hr>
          </gpxtpx:TrackPointExtension>
        </extensions>
      </trkpt>
      <trkpt lat="22.54358886424965" lon="114.09215940030742">
        <ele>7.308283722959459</ele>
        <time>2026-09-18T00:26:07.500000Z</time>
        <extensions>
          <gpxtpx:TrackPointExtension>
            <gpxtpx:hr>116</gpxtpx:hr>
          </gpxtpx:TrackPointExtension>
        </extensions>
      </trkpt>
      <trkpt lat="22.543588178671527" lon="114.09214476308026">
        <ele>7.278229303658009</ele>
        <time>2026-09-18T00:26:08.500000Z</time>
        <extensions>
          <gpxtpx:TrackPointExtension>
            <gpxtpx:hr>116</gpxtpx:hr>
          </gpxtpx:TrackPointExtension>
        </extensions>
      </trkpt>
      <trkpt lat="22.543586670256733" lon="114.09212945827534">
        <ele>7.236009957268834</ele>
        <time>2026-09-18T00:26:09.500000Z</time>
        <extensions>
          <gpxtpx:TrackPointExtension>
            <gpxtpx:hr>116</gpxtpx:hr>
          </gpxtpx:TrackPointExtension>
        </extensions>
      </trkpt>
      <trkpt lat="22.54358426393859" lon="114.09211421649083">
        <ele>7.198354794643819</ele>
        <time>2026-09-18T00:26:10.500000Z</time>
        <extensions>
          <gpxtpx:TrackPointExtension>
            <gpxtpx:hr>112</gpxtpx:hr>
          </gpxtpx:TrackPointExtension>
        </extensions>
      </trkpt>
      <trkpt lat="22.543581596317708" lon="114.09209922100227">
        <ele>7.150598183274269</ele>
        <time>2026-09-18T00:26:11.500000Z</time>
        <extensions>
          <gpxtpx:TrackPointExtension>
            <gpxtpx:hr>112</gpxtpx:hr>
          </gpxtpx:TrackPointExtension>
        </extensions>
      </trkpt>
      <trkpt lat="22.543579650003743" lon="114.0920844209679">
        <ele>7.099889456294477</ele>
        <time>2026-09-18T00:26:12.500000Z</time>
        <extensions>
          <gpxtpx:TrackPointExtension>
            <gpxtpx:hr>112</gpxtpx:hr>
          </gpxtpx:TrackPointExtension>
        </extensions>
      </trkpt>
      <trkpt lat="22.543578952334123" lon="114.09207023618127">
        <ele>7.053036424331367</ele>
        <time>2026-09-18T00:26:13.500000Z</time>
        <extensions>
          <gpxtpx:TrackPointExtension>
            <gpxtpx:hr>112</gpxtpx:hr>
          </gpxtpx:TrackPointExtension>
        </extensions>
      </trkpt>
      <trkpt lat="22.543579289288214" lon="114.09205651629945">
        <ele>7.023099328391254</ele>
        <time>2026-09-18T00:26:14.500000Z</time>
        <extensions>
          <gpxtpx:TrackPointExtension>
            <gpxtpx:hr>112</gpxtpx:hr>
          </gpxtpx:TrackPointExtension>
        </extensions>
      </trkpt>
      <trkpt lat="22.543579849767575" lon="114.09204270170173">
        <ele>7.007921326905489</ele>
        <time>2026-09-18T00:26:15.500000Z</time>
        <extensions>
          <gpxtpx:TrackPointExtension>
            <gpxtpx:hr>112</gpxtpx:hr>
          </gpxtpx:TrackPointExtension>
        </extensions>
      </trkpt>
      <trkpt lat="22.54358003571052" lon="114.09202866638692">
        <ele>6.994921100325882</ele>
        <time>2026-09-18T00:26:16.500000Z</time>
        <extensions>
          <gpxtpx:TrackPointExtension>
            <gpxtpx:hr>112</gpxtpx:hr>
          </gpxtpx:TrackPointExtension>
        </extensions>
      </trkpt>
      <trkpt lat="22.54358013782072" lon="114.09201499921244">
        <ele>6.975900126621127</ele>
        <time>2026-09-18T00:26:17.500000Z</time>
        <extensions>
          <gpxtpx:TrackPointExtension>
            <gpxtpx:hr>112</gpxtpx:hr>
          </gpxtpx:TrackPointExtension>
        </extensions>
      </trkpt>
      <trkpt lat="22.54358023852531" lon="114.0920010533486">
        <ele>6.970834894105792</ele>
        <time>2026-09-18T00:26:18.500000Z</time>
        <extensions>
          <gpxtpx:TrackPointExtension>
            <gpxtpx:hr>112</gpxtpx:hr>
          </gpxtpx:TrackPointExtension>
        </extensions>
      </trkpt>
      <trkpt lat="22.543580481197832" lon="114.09198664685698">
        <ele>6.996648968197405</ele>
        <time>2026-09-18T00:26:19.500000Z</time>
        <extensions>
          <gpxtpx:TrackPointExtension>
            <gpxtpx:hr>112</gpxtpx:hr>
          </gpxtpx:TrackPointExtension>
        </extensions>
      </trkpt>
      <trkpt lat="22.543580839993986" lon="114.09197266042331">
        <ele>7.04103103466332</ele>
        <time>2026-09-18T00:26:20.500000Z</time>
        <extensions>
          <gpxtpx:TrackPointExtension>
            <gpxtpx:hr>112</gpxtpx:hr>
          </gpxtpx:TrackPointExtension>
        </extensions>
      </trkpt>
      <trkpt lat="22.54358047672953" lon="114.09195890145124">
        <ele>7.097364040091634</ele>
        <time>2026-09-18T00:26:21.500000Z</time>
        <extensions>
          <gpxtpx:TrackPointExtension>
            <gpxtpx:hr>112</gpxtpx:hr>
          </gpxtpx:TrackPointExtension>
        </extensions>
      </trkpt>
      <trkpt lat="22.543578883242848" lon="114.09194481863778">
        <ele>7.168479209765792</ele>
        <time>2026-09-18T00:26:22.500000Z</time>
        <extensions>
          <gpxtpx:TrackPointExtension>
            <gpxtpx:hr>112</gpxtpx:hr>
          </gpxtpx:TrackPointExtension>
        </extensions>
      </trkpt>
      <trkpt lat="22.54357664636492" lon="114.09193066063408">
        <ele>7.242088787257671</ele>
        <time>2026-09-18T00:26:23.500000Z</time>
        <extensions>
          <gpxtpx:TrackPointExtension>
            <gpxtpx:hr>112</gpxtpx:hr>
          </gpxtpx:TrackPointExtension>
        </extensions>
      </trkpt>
      <trkpt lat="22.54357456062352" lon="114.09191698452629">
        <ele>7.328890673816204</ele>
        <time>2026-09-18T00:26:24.500000Z</time>
        <extensions>
          <gpxtpx:TrackPointExtension>
            <gpxtpx:hr>112</gpxtpx:hr>
          </gpxtpx:TrackPointExtension>
        </extensions>
      </trkpt>
      <trkpt lat="22.543572995003593" lon="114.0919036589035">
        <ele>7.4231544733047485</ele>
        <time>2026-09-18T00:26:25.500000Z</time>
        <extensions>
          <gpxtpx:TrackPointExtension>
            <gpxtpx:hr>112</gpxtpx:hr>
          </gpxtpx:TrackPointExtension>
        </extensions>
      </trkpt>
      <trkpt lat="22.543571601478412" lon="114.09189043713293">
        <ele>7.531552295200527</ele>
        <time>2026-09-18T00:26:26.500000Z</time>
        <extensions>
          <gpxtpx:TrackPointExtension>
            <gpxtpx:hr>112</gpxtpx:hr>
          </gpxtpx:TrackPointExtension>
        </extensions>
      </trkpt>
      <trkpt lat="22.543570558518123" lon="114.09187755789725">
        <ele>7.6620771968737245</ele>
        <time>2026-09-18T00:26:27.500000Z</time>
        <extensions>
          <gpxtpx:TrackPointExtension>
            <gpxtpx:hr>112</gpxtpx:hr>
          </gpxtpx:TrackPointExtension>
        </extensions>
      </trkpt>
      <trkpt lat="22.54357072033001" lon="114.09186500171447">
        <ele>7.80800861492753</ele>
        <time>2026-09-18T00:26:28.500000Z</time>
        <extensions>
          <gpxtpx:TrackPointExtension>
            <gpxtpx:hr>112</gpxtpx:hr>
          </gpxtpx:TrackPointExtension>
        </extensions>
      </trkpt>
      <trkpt lat="22.54357276951318" lon="114.09185302130608">
        <ele>7.967177485115826</ele>
        <time>2026-09-18T00:26:29.500000Z</time>
        <extensions>
          <gpxtpx:TrackPointExtension>
            <gpxtpx:hr>115</gpxtpx:hr>
          </gpxtpx:TrackPointExtension>
        </extensions>
      </trkpt>
      <trkpt lat="22.54357673825912" lon="114.0918421345447">
        <ele>8.12887957599014</ele>
        <time>2026-09-18T00:26:30.500000Z</time>
        <extensions>
          <gpxtpx:TrackPointExtension>
            <gpxtpx:hr>115</gpxtpx:hr>
          </gpxtpx:TrackPointExtension>
        </extensions>
      </trkpt>
      <trkpt lat="22.54358179725788" lon="114.09183310321397">
        <ele>8.290103810839355</ele>
        <time>2026-09-18T00:26:31.500000Z</time>
        <extensions>
          <gpxtpx:TrackPointExtension>
            <gpxtpx:hr>115</gpxtpx:hr>
          </gpxtpx:TrackPointExtension>
        </extensions>
      </trkpt>
      <trkpt lat="22.543586809025147" lon="114.09182617965092">
        <ele>8.460860819555819</ele>
        <time>2026-09-18T00:26:32.500000Z</time>
        <extensions>
          <gpxtpx:TrackPointExtension>
            <gpxtpx:hr>115</gpxtpx:hr>
          </gpxtpx:TrackPointExtension>
        </extensions>
      </trkpt>
      <trkpt lat="22.543591083023063" lon="114.09182040271006">
        <ele>8.630415072664618</ele>
        <time>2026-09-18T00:26:33.500000Z</time>
        <extensions>
          <gpxtpx:TrackPointExtension>
            <gpxtpx:hr>115</gpxtpx:hr>
          </gpxtpx:TrackPointExtension>
        </extensions>
      </trkpt>
      <trkpt lat="22.543594611191704" lon="114.09181460096815">
        <ele>8.788588043302298</ele>
        <time>2026-09-18T00:26:34.500000Z</time>
        <extensions>
          <gpxtpx:TrackPointExtension>
            <gpxtpx:hr>115</gpxtpx:hr>
          </gpxtpx:TrackPointExtension>
        </extensions>
      </trkpt>
      <trkpt lat="22.54359759636938" lon="114.09180859541054">
        <ele>8.952442211098969</ele>
        <time>2026-09-18T00:26:35.500000Z</time>
        <extensions>
          <gpxtpx:TrackPointExtension>
            <gpxtpx:hr>115</gpxtpx:hr>
          </gpxtpx:TrackPointExtension>
        </extensions>
      </trkpt>
      <trkpt lat="22.543599996339584" lon="114.09180304274427">
        <ele>9.121109953150153</ele>
        <time>2026-09-18T00:26:36.500000Z</time>
        <extensions>
          <gpxtpx:TrackPointExtension>
            <gpxtpx:hr>117</gpxtpx:hr>
          </gpxtpx:TrackPointExtension>
        </extensions>
      </trkpt>
      <trkpt lat="22.54360190258918" lon="114.09179804135427">
        <ele>9.297146998345852</ele>
        <time>2026-09-18T00:26:37.500000Z</time>
        <extensions>
          <gpxtpx:TrackPointExtension>
            <gpxtpx:hr>117</gpxtpx:hr>
          </gpxtpx:TrackPointExtension>
        </extensions>
      </trkpt>
      <trkpt lat="22.54360349240499" lon="114.09179326714077">
        <ele>9.450612777844071</ele>
        <time>2026-09-18T00:26:38.500000Z</time>
        <extensions>
          <gpxtpx:TrackPointExtension>
            <gpxtpx:hr>117</gpxtpx:hr>
          </gpxtpx:TrackPointExtension>
        </extensions>
      </trkpt>
      <trkpt lat="22.543604921011642" lon="114.09178866312607">
        <ele>9.612760670483112</ele>
        <time>2026-09-18T00:26:39.500000Z</time>
        <extensions>
          <gpxtpx:TrackPointExtension>
            <gpxtpx:hr>117</gpxtpx:hr>
          </gpxtpx:TrackPointExtension>
        </extensions>
      </trkpt>
      <trkpt lat="22.54360636243215" lon="114.09178448556371">
        <ele>9.766082572750747</ele>
        <time>2026-09-18T00:26:40.500000Z</time>
        <extensions>
          <gpxtpx:TrackPointExtension>
            <gpxtpx:hr>117</gpxtpx:hr>
          </gpxtpx:TrackPointExtension>
        </extensions>
      </trkpt>
      <trkpt lat="22.54360789566423" lon="114.09178074465832">
        <ele>9.921740112826228</ele>
        <time>2026-09-18T00:26:41.500000Z</time>
        <extensions>
          <gpxtpx:TrackPointExtension>
            <gpxtpx:hr>119</gpxtpx:hr>
          </gpxtpx:TrackPointExtension>
        </extensions>
      </trkpt>
      <trkpt lat="22.543609340839307" lon="114.09177714990439">
        <ele>10.048378204926848</ele>
        <time>2026-09-18T00:26:42.500000Z</time>
        <extensions>
          <gpxtpx:TrackPointExtension>
            <gpxtpx:hr>119</gpxtpx:hr>
          </gpxtpx:TrackPointExtension>
        </extensions>
      </trkpt>
      <trkpt lat="22.543610959302026" lon="114.09177323659237">
        <ele>10.16615156084299</ele>
        <time>2026-09-18T00:26:43.500000Z</time>
        <extensions>
          <gpxtpx:TrackPointExtension>
            <gpxtpx:hr>119</gpxtpx:hr>
          </gpxtpx:TrackPointExtension>
        </extensions>
      </trkpt>
      <trkpt lat="22.543612598495034" lon="114.09176872105654">
        <ele>10.266603189520538</ele>
        <time>2026-09-18T00:26:44.500000Z</time>
        <extensions>
          <gpxtpx:TrackPointExtension>
            <gpxtpx:hr>120</gpxtpx:hr>
          </gpxtpx:TrackPointExtension>
        </extensions>
      </trkpt>
      <trkpt lat="22.543613978462325" lon="114.09176378998878">
        <ele>10.347366884350777</ele>
        <time>2026-09-18T00:26:45.500000Z</time>
        <extensions>
          <gpxtpx:TrackPointExtension>
            <gpxtpx:hr>120</gpxtpx:hr>
          </gpxtpx:TrackPointExtension>
        </extensions>
      </trkpt>
      <trkpt lat="22.543615040476507" lon="114.09175956790409">
        <ele>10.412832078523934</ele>
        <time>2026-09-18T00:26:46.500000Z</time>
        <extensions>
          <gpxtpx:TrackPointExtension>
            <gpxtpx:hr>120</gpxtpx:hr>
          </gpxtpx:TrackPointExtension>
        </extensions>
      </trkpt>
      <trkpt lat="22.543615871921624" lon="114.09175633504954">
        <ele>10.457028022035956</ele>
        <time>2026-09-18T00:26:47.500000Z</time>
        <extensions>
          <gpxtpx:TrackPointExtension>
            <gpxtpx:hr>120</gpxtpx:hr>
          </gpxtpx:TrackPointExtension>
        </extensions>
      </trkpt>
      <trkpt lat="22.543616405285338" lon="114.09175363103667">
        <ele>10.47952527180314</ele>
        <time>2026-09-18T00:26:48.500000Z</time>
        <extensions>
          <gpxtpx:TrackPointExtension>
            <gpxtpx:hr>120</gpxtpx:hr>
          </gpxtpx:TrackPointExtension>
        </extensions>
      </trkpt>
      <trkpt lat="22.543616793319757" lon="114.0917513092273">
        <ele>10.480383249931037</ele>
        <time>2026-09-18T00:26:49.500000Z</time>
        <extensions>
          <gpxtpx:TrackPointExtension>
            <gpxtpx:hr>121</gpxtpx:hr>
          </gpxtpx:TrackPointExtension>
        </extensions>
      </trkpt>
      <trkpt lat="22.54361732045515" lon="114.0917497341287">
        <ele>10.459148408845067</ele>
        <time>2026-09-18T00:26:50.500000Z</time>
        <extensions>
          <gpxtpx:TrackPointExtension>
            <gpxtpx:hr>121</gpxtpx:hr>
          </gpxtpx:TrackPointExtension>
        </extensions>
      </trkpt>
      <trkpt lat="22.543618215436062" lon="114.09174884931284">
        <ele>10.41518017090857</ele>
        <time>2026-09-18T00:26:51.500000Z</time>
        <extensions>
          <gpxtpx:TrackPointExtension>
            <gpxtpx:hr>121</gpxtpx:hr>
          </gpxtpx:TrackPointExtension>
        </extensions>
      </trkpt>
      <trkpt lat="22.543620202327062" lon="114.09174817329337">
        <ele>10.349020109511912</ele>
        <time>2026-09-18T00:26:52.500000Z</time>
        <extensions>
          <gpxtpx:TrackPointExtension>
            <gpxtpx:hr>121</gpxtpx:hr>
          </gpxtpx:TrackPointExtension>
        </extensions>
      </trkpt>
      <trkpt lat="22.54362436249929" lon="114.09174674447948">
        <ele>10.260889057070017</ele>
        <time>2026-09-18T00:26:53.500000Z</time>
        <extensions>
          <gpxtpx:TrackPointExtension>
            <gpxtpx:hr>121</gpxtpx:hr>
          </gpxtpx:TrackPointExtension>
        </extensions>
      </trkpt>
      <trkpt lat="22.543631005900455" lon="114.09174337787535">
        <ele>10.153473128564656</ele>
        <time>2026-09-18T00:26:54.500000Z</time>
        <extensions>
          <gpxtpx:TrackPointExtension>
            <gpxtpx:hr>121</gpxtpx:hr>
          </gpxtpx:TrackPointExtension>
        </extensions>
      </trkpt>
      <trkpt lat="22.543639711948046" lon="114.09173727667562">
        <ele>10.031514085829258</ele>
        <time>2026-09-18T00:26:55.500000Z</time>
        <extensions>
          <gpxtpx:TrackPointExtension>
            <gpxtpx:hr>121</gpxtpx:hr>
          </gpxtpx:TrackPointExtension>
        </extensions>
      </trkpt>
      <trkpt lat="22.543649380029297" lon="114.09172833769578">
        <ele>9.91492349281907</ele>
        <time>2026-09-18T00:26:56.500000Z</time>
        <extensions>
          <gpxtpx:TrackPointExtension>
            <gpxtpx:hr>116</gpxtpx:hr>
          </gpxtpx:TrackPointExtension>
        </extensions>
      </trkpt>
      <trkpt lat="22.543658504314564" lon="114.09171781535959">
        <ele>9.82656689081341</ele>
        <time>2026-09-18T00:26:57.500000Z</time>
        <extensions>
          <gpxtpx:TrackPointExtension>
            <gpxtpx:hr>116</gpxtpx:hr>
          </gpxtpx:TrackPointExtension>
        </extensions>
      </trkpt>
      <trkpt lat="22.54366602890647" lon="114.09170748797956">
        <ele>9.749627018347383</ele>
        <time>2026-09-18T00:26:58.500000Z</time>
        <extensions>
          <gpxtpx:TrackPointExtension>
            <gpxtpx:hr>116</gpxtpx:hr>
          </gpxtpx:TrackPointExtension>
        </extensions>
      </trkpt>
      <trkpt lat="22.543671405867933" lon="114.09169846668577">
        <ele>9.697374107316136</ele>
        <time>2026-09-18T00:26:59.500000Z</time>
        <extensions>
          <gpxtpx:TrackPointExtension>
            <gpxtpx:hr>116</gpxtpx:hr>
          </gpxtpx:TrackPointExtension>
        </extensions>
      </trkpt>
      <trkpt lat="22.54367486379643" lon="114.09169099873019">
        <ele>9.675476422533393</ele>
        <time>2026-09-18T00:27:00.500000Z</time>
        <extensions>
          <gpxtpx:TrackPointExtension>
            <gpxtpx:hr>116</gpxtpx:hr>
          </gpxtpx:TrackPointExtension>
        </extensions>
      </trkpt>
      <trkpt lat="22.543677049288952" lon="114.09168496434727">
        <ele>9.688906095921993</ele>
        <time>2026-09-18T00:27:01.500000Z</time>
        <extensions>
          <gpxtpx:TrackPointExtension>
            <gpxtpx:hr>116</gpxtpx:hr>
          </gpxtpx:TrackPointExtension>
        </extensions>
      </trkpt>
      <trkpt lat="22.54367831334439" lon="114.09168023860887">
        <ele>9.742537948302925</ele>
        <time>2026-09-18T00:27:02.500000Z</time>
        <extensions>
          <gpxtpx:TrackPointExtension>
            <gpxtpx:hr>116</gpxtpx:hr>
          </gpxtpx:TrackPointExtension>
        </extensions>
      </trkpt>
      <trkpt lat="22.543678809266158" lon="114.09167663335897">
        <ele>9.841009698808193</ele>
        <time>2026-09-18T00:27:03.500000Z</time>
        <extensions>
          <gpxtpx:TrackPointExtension>
            <gpxtpx:hr>116</gpxtpx:hr>
          </gpxtpx:TrackPointExtension>
        </extensions>
      </trkpt>
      <trkpt lat="22.543678628068477" lon="114.09167394930053">
        <ele>9.986172708682716</ele>
        <time>2026-09-18T00:27:04.500000Z</time>
        <extensions>
          <gpxtpx:TrackPointExtension>
            <gpxtpx:hr>116</gpxtpx:hr>
          </gpxtpx:TrackPointExtension>
        </extensions>
      </trkpt>
      <trkpt lat="22.543677896626743" lon="114.09167201889997">
        <ele>10.172847293317318</ele>
        <time>2026-09-18T00:27:05.500000Z</time>
        <extensions>
          <gpxtpx:TrackPointExtension>
            <gpxtpx:hr>115</gpxtpx:hr>
          </gpxtpx:TrackPointExtension>
        </extensions>
      </trkpt>
      <trkpt lat="22.543676805301285" lon="114.09167068614711">
        <ele>10.385247312486172</ele>
        <time>2026-09-18T00:27:06.500000Z</time>
        <extensions>
          <gpxtpx:TrackPointExtension>
            <gpxtpx:hr>115</gpxtpx:hr>
          </gpxtpx:TrackPointExtension>
        </extensions>
      </trkpt>
      <trkpt lat="22.543675517967973" lon="114.09166964855343">
        <ele>10.614588973112404</ele>
        <time>2026-09-18T00:27:07.600000Z</time>
        <extensions>
          <gpxtpx:TrackPointExtension>
            <gpxtpx:hr>115</gpxtpx:hr>
          </gpxtpx:TrackPointExtension>
        </extensions>
      </trkpt>
      <trkpt lat="22.54434650437131" lon="114.09092520342574">
        <ele>14.15295885130763</ele>
        <time>2026-09-18T00:28:22.500000Z</time>
        <extensions>
          <gpxtpx:TrackPointExtension>
            <gpxtpx:hr>128</gpxtpx:hr>
          </gpxtpx:TrackPointExtension>
        </extensions>
      </trkpt>
      <trkpt lat="22.54433875057694" lon="114.09090801179256">
        <ele>14.580419042147696</ele>
        <time>2026-09-18T00:28:23.500000Z</time>
        <extensions>
          <gpxtpx:TrackPointExtension>
            <gpxtpx:hr>128</gpxtpx:hr>
          </gpxtpx:TrackPointExtension>
        </extensions>
      </trkpt>
      <trkpt lat="22.544331341935457" lon="114.09088902814399">
        <ele>15.145000156015158</ele>
        <time>2026-09-18T00:28:24.500000Z</time>
        <extensions>
          <gpxtpx:TrackPointExtension>
            <gpxtpx:hr>128</gpxtpx:hr>
          </gpxtpx:TrackPointExtension>
        </extensions>
      </trkpt>
      <trkpt lat="22.544324297192663" lon="114.0908697031331">
        <ele>15.83926375862211</ele>
        <time>2026-09-18T00:28:25.500000Z</time>
        <extensions>
          <gpxtpx:TrackPointExtension>
            <gpxtpx:hr>127</gpxtpx:hr>
          </gpxtpx:TrackPointExtension>
        </extensions>
      </trkpt>
      <trkpt lat="22.54431724808457" lon="114.09085433273783">
        <ele>16.620922033675015</ele>
        <time>2026-09-18T00:28:26.500000Z</time>
        <extensions>
          <gpxtpx:TrackPointExtension>
            <gpxtpx:hr>127</gpxtpx:hr>
          </gpxtpx:TrackPointExtension>
        </extensions>
      </trkpt>
      <trkpt lat="22.544310315138738" lon="114.09084466311933">
        <ele>17.46519631613046</ele>
        <time>2026-09-18T00:28:27.500000Z</time>
        <extensions>
          <gpxtpx:TrackPointExtension>
            <gpxtpx:hr>127</gpxtpx:hr>
          </gpxtpx:TrackPointExtension>
        </extensions>
      </trkpt>
      <trkpt lat="22.544303195233844" lon="114.09084046476387">
        <ele>18.395931045524776</ele>
        <time>2026-09-18T00:28:28.500000Z</time>
        <extensions>
          <gpxtpx:TrackPointExtension>
            <gpxtpx:hr>127</gpxtpx:hr>
          </gpxtpx:TrackPointExtension>
        </extensions>
      </trkpt>
      <trkpt lat="22.544295839898478" lon="114.09084238236703">
        <ele>19.42291239183396</ele>
        <time>2026-09-18T00:28:29.500000Z</time>
        <extensions>
          <gpxtpx:TrackPointExtension>
            <gpxtpx:hr>127</gpxtpx:hr>
          </gpxtpx:TrackPointExtension>
        </extensions>
      </trkpt>
      <trkpt lat="22.544288181118862" lon="114.09084755628919">
        <ele>20.50283378176391</ele>
        <time>2026-09-18T00:28:30.500000Z</time>
        <extensions>
          <gpxtpx:TrackPointExtension>
            <gpxtpx:hr>128</gpxtpx:hr>
          </gpxtpx:TrackPointExtension>
        </extensions>
      </trkpt>
      <trkpt lat="22.544279868596412" lon="114.09085339327517">
        <ele>21.627880279906094</ele>
        <time>2026-09-18T00:28:31.500000Z</time>
        <extensions>
          <gpxtpx:TrackPointExtension>
            <gpxtpx:hr>128</gpxtpx:hr>
          </gpxtpx:TrackPointExtension>
        </extensions>
      </trkpt>
      <trkpt lat="22.54427020297939" lon="114.09085860796493">
        <ele>22.759697303175926</ele>
        <time>2026-09-18T00:28:32.500000Z</time>
        <extensions>
          <gpxtpx:TrackPointExtension>
            <gpxtpx:hr>128</gpxtpx:hr>
          </gpxtpx:TrackPointExtension>
        </extensions>
      </trkpt>
      <trkpt lat="22.544258122740914" lon="114.09086308458234">
        <ele>23.907222809270024</ele>
        <time>2026-09-18T00:28:33.500000Z</time>
        <extensions>
          <gpxtpx:TrackPointExtension>
            <gpxtpx:hr>128</gpxtpx:hr>
          </gpxtpx:TrackPointExtension>
        </extensions>
      </trkpt>
      <trkpt lat="22.544243610539816" lon="114.0908670904785">
        <ele>25.005299812182784</ele>
        <time>2026-09-18T00:28:34.500000Z</time>
        <extensions>
          <gpxtpx:TrackPointExtension>
            <gpxtpx:hr>128</gpxtpx:hr>
          </gpxtpx:TrackPointExtension>
        </extensions>
      </trkpt>
      <trkpt lat="22.544228043190607" lon="114.09087069269317">
        <ele>26.022488467395306</ele>
        <time>2026-09-18T00:28:35.500000Z</time>
        <extensions>
          <gpxtpx:TrackPointExtension>
            <gpxtpx:hr>130</gpxtpx:hr>
          </gpxtpx:TrackPointExtension>
        </extensions>
      </trkpt>
      <trkpt lat="22.544212238876355" lon="114.09087404391737">
        <ele>26.94632816221565</ele>
        <time>2026-09-18T00:28:36.500000Z</time>
        <extensions>
          <gpxtpx:TrackPointExtension>
            <gpxtpx:hr>130</gpxtpx:hr>
          </gpxtpx:TrackPointExtension>
        </extensions>
      </trkpt>
      <trkpt lat="22.54419679416696" lon="114.09087722940266">
        <ele>27.736825043335557</ele>
        <time>2026-09-18T00:28:37.500000Z</time>
        <extensions>
          <gpxtpx:TrackPointExtension>
            <gpxtpx:hr>130</gpxtpx:hr>
          </gpxtpx:TrackPointExtension>
        </extensions>
      </trkpt>
      <trkpt lat="22.544181995320493" lon="114.09088033362963">
        <ele>28.397857916541398</ele>
        <time>2026-09-18T00:28:38.500000Z</time>
        <extensions>
          <gpxtpx:TrackPointExtension>
            <gpxtpx:hr>130</gpxtpx:hr>
          </gpxtpx:TrackPointExtension>
        </extensions>
      </trkpt>
      <trkpt lat="22.544168593299272" lon="114.09088316271914">
        <ele>28.972317812032998</ele>
        <time>2026-09-18T00:28:39.500000Z</time>
        <extensions>
          <gpxtpx:TrackPointExtension>
            <gpxtpx:hr>130</gpxtpx:hr>
          </gpxtpx:TrackPointExtension>
        </extensions>
      </trkpt>
      <trkpt lat="22.54415703682851" lon="114.09088588298088">
        <ele>29.466345846652985</ele>
        <time>2026-09-18T00:28:40.500000Z</time>
        <extensions>
          <gpxtpx:TrackPointExtension>
            <gpxtpx:hr>130</gpxtpx:hr>
          </gpxtpx:TrackPointExtension>
        </extensions>
      </trkpt>
      <trkpt lat="22.54414704894609" lon="114.0908891019743">
        <ele>29.877804212272167</ele>
        <time>2026-09-18T00:28:41.500000Z</time>
        <extensions>
          <gpxtpx:TrackPointExtension>
            <gpxtpx:hr>130</gpxtpx:hr>
          </gpxtpx:TrackPointExtension>
        </extensions>
      </trkpt>
      <trkpt lat="22.544138592850132" lon="114.09089312277005">
        <ele>30.196057056076825</ele>
        <time>2026-09-18T00:28:42.500000Z</time>
        <extensions>
          <gpxtpx:TrackPointExtension>
            <gpxtpx:hr>130</gpxtpx:hr>
          </gpxtpx:TrackPointExtension>
        </extensions>
      </trkpt>
      <trkpt lat="22.544131437011014" lon="114.09089828071916">
        <ele>30.44182145409286</ele>
        <time>2026-09-18T00:28:43.500000Z</time>
        <extensions>
          <gpxtpx:TrackPointExtension>
            <gpxtpx:hr>132</gpxtpx:hr>
          </gpxtpx:TrackPointExtension>
        </extensions>
      </trkpt>
      <trkpt lat="22.54412546501649" lon="114.0909044086575">
        <ele>30.607162470929325</ele>
        <time>2026-09-18T00:28:44.500000Z</time>
        <extensions>
          <gpxtpx:TrackPointExtension>
            <gpxtpx:hr>132</gpxtpx:hr>
          </gpxtpx:TrackPointExtension>
        </extensions>
      </trkpt>
      <trkpt lat="22.544120854685417" lon="114.09091110325565">
        <ele>30.70234332047403</ele>
        <time>2026-09-18T00:28:45.500000Z</time>
        <extensions>
          <gpxtpx:TrackPointExtension>
            <gpxtpx:hr>132</gpxtpx:hr>
          </gpxtpx:TrackPointExtension>
        </extensions>
      </trkpt>
      <trkpt lat="22.54411788462222" lon="114.09091814572902">
        <ele>30.72758523374796</ele>
        <time>2026-09-18T00:28:46.500000Z</time>
        <extensions>
          <gpxtpx:TrackPointExtension>
            <gpxtpx:hr>132</gpxtpx:hr>
          </gpxtpx:TrackPointExtension>
        </extensions>
      </trkpt>
      <trkpt lat="22.544116756067478" lon="114.09092555626862">
        <ele>30.703736567869782</ele>
        <time>2026-09-18T00:28:47.500000Z</time>
        <extensions>
          <gpxtpx:TrackPointExtension>
            <gpxtpx:hr>132</gpxtpx:hr>
          </gpxtpx:TrackPointExtension>
        </extensions>
      </trkpt>
      <trkpt lat="22.54411704023598" lon="114.0909337821859">
        <ele>30.642585234716535</ele>
        <time>2026-09-18T00:28:48.500000Z</time>
        <extensions>
          <gpxtpx:TrackPointExtension>
            <gpxtpx:hr>132</gpxtpx:hr>
          </gpxtpx:TrackPointExtension>
        </extensions>
      </trkpt>
      <trkpt lat="22.544117048376144" lon="114.09094210190538">
        <ele>30.54946936480701</ele>
        <time>2026-09-18T00:28:49.500000Z</time>
        <extensions>
          <gpxtpx:TrackPointExtension>
            <gpxtpx:hr>132</gpxtpx:hr>
          </gpxtpx:TrackPointExtension>
        </extensions>
      </trkpt>
      <trkpt lat="22.544113626891452" lon="114.09094937228421">
        <ele>30.425305040553212</ele>
        <time>2026-09-18T00:28:50.500000Z</time>
        <extensions>
          <gpxtpx:TrackPointExtension>
            <gpxtpx:hr>134</gpxtpx:hr>
          </gpxtpx:TrackPointExtension>
        </extensions>
      </trkpt>
      <trkpt lat="22.544105310147522" lon="114.09095576465127">
        <ele>30.266931801103055</ele>
        <time>2026-09-18T00:28:51.500000Z</time>
        <extensions>
          <gpxtpx:TrackPointExtension>
            <gpxtpx:hr>134</gpxtpx:hr>
          </gpxtpx:TrackPointExtension>
        </extensions>
      </trkpt>
      <trkpt lat="22.544093459087" lon="114.09096208638098">
        <ele>30.08381950855255</ele>
        <time>2026-09-18T00:28:52.500000Z</time>
        <extensions>
          <gpxtpx:TrackPointExtension>
            <gpxtpx:hr>134</gpxtpx:hr>
          </gpxtpx:TrackPointExtension>
        </extensions>
      </trkpt>
      <trkpt lat="22.544080273461926" lon="114.09096830885689">
        <ele>29.87806985899806</ele>
        <time>2026-09-18T00:28:53.500000Z</time>
        <extensions>
          <gpxtpx:TrackPointExtension>
            <gpxtpx:hr>134</gpxtpx:hr>
          </gpxtpx:TrackPointExtension>
        </extensions>
      </trkpt>
      <trkpt lat="22.54406665813024" lon="114.09097383941263">
        <ele>29.640790860168636</ele>
        <time>2026-09-18T00:28:54.500000Z</time>
        <extensions>
          <gpxtpx:TrackPointExtension>
            <gpxtpx:hr>134</gpxtpx:hr>
          </gpxtpx:TrackPointExtension>
        </extensions>
      </trkpt>
      <trkpt lat="22.544051525545406" lon="114.09097893575213">
        <ele>29.394483756273985</ele>
        <time>2026-09-18T00:28:55.500000Z</time>
        <extensions>
          <gpxtpx:TrackPointExtension>
            <gpxtpx:hr>134</gpxtpx:hr>
          </gpxtpx:TrackPointExtension>
        </extensions>
      </trkpt>
      <trkpt lat="22.544034890168938" lon="114.09098409082965">
        <ele>29.12760473228991</ele>
        <time>2026-09-18T00:28:56.500000Z</time>
        <extensions>
          <gpxtpx:TrackPointExtension>
            <gpxtpx:hr>134</gpxtpx:hr>
          </gpxtpx:TrackPointExtension>
        </extensions>
      </trkpt>
      <trkpt lat="22.544017390062383" lon="114.0909895006703">
        <ele>28.80914872698486</ele>
        <time>2026-09-18T00:28:57.500000Z</time>
        <extensions>
          <gpxtpx:TrackPointExtension>
            <gpxtpx:hr>134</gpxtpx:hr>
          </gpxtpx:TrackPointExtension>
        </extensions>
      </trkpt>
      <trkpt lat="22.544000266849856" lon="114.09099512659141">
        <ele>28.449739939533174</ele>
        <time>2026-09-18T00:28:58.500000Z</time>
        <extensions>
          <gpxtpx:TrackPointExtension>
            <gpxtpx:hr>134</gpxtpx:hr>
          </gpxtpx:TrackPointExtension>
        </extensions>
      </trkpt>
      <trkpt lat="22.543982754531747" lon="114.09100110260944">
        <ele>28.076200315728784</ele>
        <time>2026-09-18T00:28:59.500000Z</time>
        <extensions>
          <gpxtpx:TrackPointExtension>
            <gpxtpx:hr>134</gpxtpx:hr>
          </gpxtpx:TrackPointExtension>
        </extensions>
      </trkpt>
      <trkpt lat="22.54396378646989" lon="114.09100748630833">
        <ele>27.679605883546174</ele>
        <time>2026-09-18T00:29:00.500000Z</time>
        <extensions>
          <gpxtpx:TrackPointExtension>
            <gpxtpx:hr>134</gpxtpx:hr>
          </gpxtpx:TrackPointExtension>
        </extensions>
      </trkpt>
      <trkpt lat="22.543945350362666" lon="114.09101420043517">
        <ele>27.25934717617929</ele>
        <time>2026-09-18T00:29:01.500000Z</time>
        <extensions>
          <gpxtpx:TrackPointExtension>
            <gpxtpx:hr>134</gpxtpx:hr>
          </gpxtpx:TrackPointExtension>
        </extensions>
      </trkpt>
      <trkpt lat="22.543927751218746" lon="114.09102135632736">
        <ele>26.838961348868906</ele>
        <time>2026-09-18T00:29:02.500000Z</time>
        <extensions>
          <gpxtpx:TrackPointExtension>
            <gpxtpx:hr>134</gpxtpx:hr>
          </gpxtpx:TrackPointExtension>
        </extensions>
      </trkpt>
      <trkpt lat="22.543910324214842" lon="114.09102867945964">
        <ele>26.406329972669482</ele>
        <time>2026-09-18T00:29:03.500000Z</time>
        <extensions>
          <gpxtpx:TrackPointExtension>
            <gpxtpx:hr>134</gpxtpx:hr>
          </gpxtpx:TrackPointExtension>
        </extensions>
      </trkpt>
      <trkpt lat="22.543893285450782" lon="114.09103619366374">
        <ele>25.962493530474603</ele>
        <time>2026-09-18T00:29:04.500000Z</time>
        <extensions>
          <gpxtpx:TrackPointExtension>
            <gpxtpx:hr>134</gpxtpx:hr>
          </gpxtpx:TrackPointExtension>
        </extensions>
      </trkpt>
      <trkpt lat="22.543876295097057" lon="114.09104389278639">
        <ele>25.516177602112293</ele>
        <time>2026-09-18T00:29:05.500000Z</time>
        <extensions>
          <gpxtpx:TrackPointExtension>
            <gpxtpx:hr>134</gpxtpx:hr>
          </gpxtpx:TrackPointExtension>
        </extensions>
      </trkpt>
      <trkpt lat="22.54385982492174" lon="114.09105068092992">
        <ele>25.05499709676951</ele>
        <time>2026-09-18T00:29:06.500000Z</time>
        <extensions>
          <gpxtpx:TrackPointExtension>
            <gpxtpx:hr>134</gpxtpx:hr>
          </gpxtpx:TrackPointExtension>
        </extensions>
      </trkpt>
      <trkpt lat="22.543844581478055" lon="114.09105650451201">
        <ele>24.580461084842682</ele>
        <time>2026-09-18T00:29:07.500000Z</time>
        <extensions>
          <gpxtpx:TrackPointExtension>
            <gpxtpx:hr>134</gpxtpx:hr>
          </gpxtpx:TrackPointExtension>
        </extensions>
      </trkpt>
      <trkpt lat="22.5438299817347" lon="114.09106232099204">
        <ele>24.094036196358502</ele>
        <time>2026-09-18T00:29:08.500000Z</time>
        <extensions>
          <gpxtpx:TrackPointExtension>
            <gpxtpx:hr>134</gpxtpx:hr>
          </gpxtpx:TrackPointExtension>
        </extensions>
      </trkpt>
      <trkpt lat="22.543815827726437" lon="114.09106772384547">
        <ele>23.567133339121938</ele>
        <time>2026-09-18T00:29:09.500000Z</time>
        <extensions>
          <gpxtpx:TrackPointExtension>
            <gpxtpx:hr>134</gpxtpx:hr>
          </gpxtpx:TrackPointExtension>
        </extensions>
      </trkpt>
      <trkpt lat="22.543801021092865" lon="114.09107223957002">
        <ele>23.00555311702192</ele>
        <time>2026-09-18T00:29:10.500000Z</time>
        <extensions>
          <gpxtpx:TrackPointExtension>
            <gpxtpx:hr>134</gpxtpx:hr>
          </gpxtpx:TrackPointExtension>
        </extensions>
      </trkpt>
      <trkpt lat="22.543784621913716" lon="114.0910755940115">
        <ele>22.44293100386858</ele>
        <time>2026-09-18T00:29:11.500000Z</time>
        <extensions>
          <gpxtpx:TrackPointExtension>
            <gpxtpx:hr>134</gpxtpx:hr>
          </gpxtpx:TrackPointExtension>
        </extensions>
      </trkpt>
      <trkpt lat="22.543767631391017" lon="114.09107784596604">
        <ele>21.898938349448144</ele>
        <time>2026-09-18T00:29:12.500000Z</time>
        <extensions>
          <gpxtpx:TrackPointExtension>
            <gpxtpx:hr>133</gpxtpx:hr>
          </gpxtpx:TrackPointExtension>
        </extensions>
      </trkpt>
      <trkpt lat="22.543751062013612" lon="114.09107890686194">
        <ele>21.326968339271843</ele>
        <time>2026-09-18T00:29:13.500000Z</time>
        <extensions>
          <gpxtpx:TrackPointExtension>
            <gpxtpx:hr>133</gpxtpx:hr>
          </gpxtpx:TrackPointExtension>
        </extensions>
      </trkpt>
      <trkpt lat="22.543735465151933" lon="114.09107817269654">
        <ele>20.762968968600035</ele>
        <time>2026-09-18T00:29:14.500000Z</time>
        <extensions>
          <gpxtpx:TrackPointExtension>
            <gpxtpx:hr>133</gpxtpx:hr>
          </gpxtpx:TrackPointExtension>
        </extensions>
      </trkpt>
      <trkpt lat="22.543720774804083" lon="114.09107548158407">
        <ele>20.182075914926827</ele>
        <time>2026-09-18T00:29:15.500000Z</time>
        <extensions>
          <gpxtpx:TrackPointExtension>
            <gpxtpx:hr>133</gpxtpx:hr>
          </gpxtpx:TrackPointExtension>
        </extensions>
      </trkpt>
      <trkpt lat="22.543705891171516" lon="114.09107131232888">
        <ele>19.61473466642201</ele>
        <time>2026-09-18T00:29:16.500000Z</time>
        <extensions>
          <gpxtpx:TrackPointExtension>
            <gpxtpx:hr>133</gpxtpx:hr>
          </gpxtpx:TrackPointExtension>
        </extensions>
      </trkpt>
      <trkpt lat="22.543690980669247" lon="114.09106643144911">
        <ele>19.02065513562411</ele>
        <time>2026-09-18T00:29:17.500000Z</time>
        <extensions>
          <gpxtpx:TrackPointExtension>
            <gpxtpx:hr>133</gpxtpx:hr>
          </gpxtpx:TrackPointExtension>
        </extensions>
      </trkpt>
      <trkpt lat="22.543677189406385" lon="114.0910610567103">
        <ele>18.414019556716084</ele>
        <time>2026-09-18T00:29:18.500000Z</time>
        <extensions>
          <gpxtpx:TrackPointExtension>
            <gpxtpx:hr>133</gpxtpx:hr>
          </gpxtpx:TrackPointExtension>
        </extensions>
      </trkpt>
      <trkpt lat="22.54366458720103" lon="114.09105406600926">
        <ele>17.80295750312507</ele>
        <time>2026-09-18T00:29:19.500000Z</time>
        <extensions>
          <gpxtpx:TrackPointExtension>
            <gpxtpx:hr>133</gpxtpx:hr>
          </gpxtpx:TrackPointExtension>
        </extensions>
      </trkpt>
      <trkpt lat="22.54365281871755" lon="114.0910450142887">
        <ele>17.20749210100621</ele>
        <time>2026-09-18T00:29:20.500000Z</time>
        <extensions>
          <gpxtpx:TrackPointExtension>
            <gpxtpx:hr>134</gpxtpx:hr>
          </gpxtpx:TrackPointExtension>
        </extensions>
      </trkpt>
      <trkpt lat="22.54364096109462" lon="114.09103477471471">
        <ele>16.627183959819376</ele>
        <time>2026-09-18T00:29:21.500000Z</time>
        <extensions>
          <gpxtpx:TrackPointExtension>
            <gpxtpx:hr>134</gpxtpx:hr>
          </gpxtpx:TrackPointExtension>
        </extensions>
      </trkpt>
      <trkpt lat="22.54362918389755" lon="114.09102378779886">
        <ele>16.044419176876545</ele>
        <time>2026-09-18T00:29:22.500000Z</time>
        <extensions>
          <gpxtpx:TrackPointExtension>
            <gpxtpx:hr>134</gpxtpx:hr>
          </gpxtpx:TrackPointExtension>
        </extensions>
      </trkpt>
      <trkpt lat="22.543617998261794" lon="114.09101226456664">
        <ele>15.479250720702112</ele>
        <time>2026-09-18T00:29:23.500000Z</time>
        <extensions>
          <gpxtpx:TrackPointExtension>
            <gpxtpx:hr>134</gpxtpx:hr>
          </gpxtpx:TrackPointExtension>
        </extensions>
      </trkpt>
      <trkpt lat="22.5436074244142" lon="114.09099980369076">
        <ele>14.913372258655727</ele>
        <time>2026-09-18T00:29:24.500000Z</time>
        <extensions>
          <gpxtpx:TrackPointExtension>
            <gpxtpx:hr>134</gpxtpx:hr>
          </gpxtpx:TrackPointExtension>
        </extensions>
      </trkpt>
      <trkpt lat="22.543597500620468" lon="114.09098624620638">
        <ele>14.381380066275597</ele>
        <time>2026-09-18T00:29:25.500000Z</time>
        <extensions>
          <gpxtpx:TrackPointExtension>
            <gpxtpx:hr>134</gpxtpx:hr>
          </gpxtpx:TrackPointExtension>
        </extensions>
      </trkpt>
      <trkpt lat="22.543588360555436" lon="114.09097236748815">
        <ele>13.86542987357825</ele>
        <time>2026-09-18T00:29:26.500000Z</time>
        <extensions>
          <gpxtpx:TrackPointExtension>
            <gpxtpx:hr>134</gpxtpx:hr>
          </gpxtpx:TrackPointExtension>
        </extensions>
      </trkpt>
      <trkpt lat="22.543580070472093" lon="114.09095940828279">
        <ele>13.39309102948755</ele>
        <time>2026-09-18T00:29:27.500000Z</time>
        <extensions>
          <gpxtpx:TrackPointExtension>
            <gpxtpx:hr>134</gpxtpx:hr>
          </gpxtpx:TrackPointExtension>
        </extensions>
      </trkpt>
      <trkpt lat="22.543572681785022" lon="114.09094668447482">
        <ele>12.964823257178068</ele>
        <time>2026-09-18T00:29:28.500000Z</time>
        <extensions>
          <gpxtpx:TrackPointExtension>
            <gpxtpx:hr>134</gpxtpx:hr>
          </gpxtpx:TrackPointExtension>
        </extensions>
      </trkpt>
      <trkpt lat="22.54356548226519" lon="114.0909326538022">
        <ele>12.574103884398937</ele>
        <time>2026-09-18T00:29:29.500000Z</time>
        <extensions>
          <gpxtpx:TrackPointExtension>
            <gpxtpx:hr>127</gpxtpx:hr>
          </gpxtpx:TrackPointExtension>
        </extensions>
      </trkpt>
      <trkpt lat="22.543557896832766" lon="114.09091747473529">
        <ele>12.236736024729908</ele>
        <time>2026-09-18T00:29:30.500000Z</time>
        <extensions>
          <gpxtpx:TrackPointExtension>
            <gpxtpx:hr>127</gpxtpx:hr>
          </gpxtpx:TrackPointExtension>
        </extensions>
      </trkpt>
      <trkpt lat="22.543550168467064" lon="114.09090227935226">
        <ele>11.962366921827197</ele>
        <time>2026-09-18T00:29:31.500000Z</time>
        <extensions>
          <gpxtpx:TrackPointExtension>
            <gpxtpx:hr>127</gpxtpx:hr>
          </gpxtpx:TrackPointExtension>
        </extensions>
      </trkpt>
      <trkpt lat="22.54354330399973" lon="114.09088757262991">
        <ele>11.739670583978295</ele>
        <time>2026-09-18T00:29:32.500000Z</time>
        <extensions>
          <gpxtpx:TrackPointExtension>
            <gpxtpx:hr>127</gpxtpx:hr>
          </gpxtpx:TrackPointExtension>
        </extensions>
      </trkpt>
      <trkpt lat="22.543537785005487" lon="114.09087205428183">
        <ele>11.55770544335246</ele>
        <time>2026-09-18T00:29:33.500000Z</time>
        <extensions>
          <gpxtpx:TrackPointExtension>
            <gpxtpx:hr>127</gpxtpx:hr>
          </gpxtpx:TrackPointExtension>
        </extensions>
      </trkpt>
      <trkpt lat="22.543533241770934" lon="114.09085479950933">
        <ele>11.41245287284255</ele>
        <time>2026-09-18T00:29:34.500000Z</time>
        <extensions>
          <gpxtpx:TrackPointExtension>
            <gpxtpx:hr>127</gpxtpx:hr>
          </gpxtpx:TrackPointExtension>
        </extensions>
      </trkpt>
      <trkpt lat="22.543529878655466" lon="114.09083734608294">
        <ele>11.329275912605226</ele>
        <time>2026-09-18T00:29:35.500000Z</time>
        <extensions>
          <gpxtpx:TrackPointExtension>
            <gpxtpx:hr>127</gpxtpx:hr>
          </gpxtpx:TrackPointExtension>
        </extensions>
      </trkpt>
      <trkpt lat="22.543527808879514" lon="114.09081975634275">
        <ele>11.263638407923281</ele>
        <time>2026-09-18T00:29:36.500000Z</time>
        <extensions>
          <gpxtpx:TrackPointExtension>
            <gpxtpx:hr>120</gpxtpx:hr>
          </gpxtpx:TrackPointExtension>
        </extensions>
      </trkpt>
      <trkpt lat="22.54352670202074" lon="114.0908023623153">
        <ele>11.24580539111048</ele>
        <time>2026-09-18T00:29:37.500000Z</time>
        <extensions>
          <gpxtpx:TrackPointExtension>
            <gpxtpx:hr>120</gpxtpx:hr>
          </gpxtpx:TrackPointExtension>
        </extensions>
      </trkpt>
      <trkpt lat="22.543526461065873" lon="114.09078584125689">
        <ele>11.273130852729082</ele>
        <time>2026-09-18T00:29:38.500000Z</time>
        <extensions>
          <gpxtpx:TrackPointExtension>
            <gpxtpx:hr>120</gpxtpx:hr>
          </gpxtpx:TrackPointExtension>
        </extensions>
      </trkpt>
      <trkpt lat="22.54352682822501" lon="114.09076910756545">
        <ele>11.361572812311351</ele>
        <time>2026-09-18T00:29:39.500000Z</time>
        <extensions>
          <gpxtpx:TrackPointExtension>
            <gpxtpx:hr>120</gpxtpx:hr>
          </gpxtpx:TrackPointExtension>
        </extensions>
      </trkpt>
      <trkpt lat="22.543527686028966" lon="114.09075347160129">
        <ele>11.466254707425833</ele>
        <time>2026-09-18T00:29:40.500000Z</time>
        <extensions>
          <gpxtpx:TrackPointExtension>
            <gpxtpx:hr>120</gpxtpx:hr>
          </gpxtpx:TrackPointExtension>
        </extensions>
      </trkpt>
      <trkpt lat="22.543529018790093" lon="114.09073974915225">
        <ele>11.574272377416492</ele>
        <time>2026-09-18T00:29:41.500000Z</time>
        <extensions>
          <gpxtpx:TrackPointExtension>
            <gpxtpx:hr>120</gpxtpx:hr>
          </gpxtpx:TrackPointExtension>
        </extensions>
      </trkpt>
      <trkpt lat="22.543530919674087" lon="114.0907277070045">
        <ele>11.679367436096072</ele>
        <time>2026-09-18T00:29:42.500000Z</time>
        <extensions>
          <gpxtpx:TrackPointExtension>
            <gpxtpx:hr>120</gpxtpx:hr>
          </gpxtpx:TrackPointExtension>
        </extensions>
      </trkpt>
      <trkpt lat="22.543533485743392" lon="114.09071563155584">
        <ele>11.785277087241411</ele>
        <time>2026-09-18T00:29:43.500000Z</time>
        <extensions>
          <gpxtpx:TrackPointExtension>
            <gpxtpx:hr>120</gpxtpx:hr>
          </gpxtpx:TrackPointExtension>
        </extensions>
      </trkpt>
      <trkpt lat="22.543535743249848" lon="114.09070244531519">
        <ele>11.920223006978631</ele>
        <time>2026-09-18T00:29:44.500000Z</time>
        <extensions>
          <gpxtpx:TrackPointExtension>
            <gpxtpx:hr>120</gpxtpx:hr>
          </gpxtpx:TrackPointExtension>
        </extensions>
      </trkpt>
      <trkpt lat="22.543537133760797" lon="114.090689273202">
        <ele>12.062932933680713</ele>
        <time>2026-09-18T00:29:45.500000Z</time>
        <extensions>
          <gpxtpx:TrackPointExtension>
            <gpxtpx:hr>118</gpxtpx:hr>
          </gpxtpx:TrackPointExtension>
        </extensions>
      </trkpt>
      <trkpt lat="22.543537865444677" lon="114.09067640897523">
        <ele>12.191527021117508</ele>
        <time>2026-09-18T00:29:46.500000Z</time>
        <extensions>
          <gpxtpx:TrackPointExtension>
            <gpxtpx:hr>118</gpxtpx:hr>
          </gpxtpx:TrackPointExtension>
        </extensions>
      </trkpt>
      <trkpt lat="22.54353740588624" lon="114.0906630952064">
        <ele>12.316274368204176</ele>
        <time>2026-09-18T00:29:47.500000Z</time>
        <extensions>
          <gpxtpx:TrackPointExtension>
            <gpxtpx:hr>118</gpxtpx:hr>
          </gpxtpx:TrackPointExtension>
        </extensions>
      </trkpt>
      <trkpt lat="22.543535605647506" lon="114.09064919378282">
        <ele>12.438611363060772</ele>
        <time>2026-09-18T00:29:48.500000Z</time>
        <extensions>
          <gpxtpx:TrackPointExtension>
            <gpxtpx:hr>118</gpxtpx:hr>
          </gpxtpx:TrackPointExtension>
        </extensions>
      </trkpt>
      <trkpt lat="22.543533083463007" lon="114.09063431220778">
        <ele>12.575705676339567</ele>
        <time>2026-09-18T00:29:49.500000Z</time>
        <extensions>
          <gpxtpx:TrackPointExtension>
            <gpxtpx:hr>118</gpxtpx:hr>
          </gpxtpx:TrackPointExtension>
        </extensions>
      </trkpt>
      <trkpt lat="22.543530616112047" lon="114.09061910437875">
        <ele>12.703307214193046</ele>
        <time>2026-09-18T00:29:50.500000Z</time>
        <extensions>
          <gpxtpx:TrackPointExtension>
            <gpxtpx:hr>120</gpxtpx:hr>
          </gpxtpx:TrackPointExtension>
        </extensions>
      </trkpt>
      <trkpt lat="22.543528709223793" lon="114.09060426593464">
        <ele>12.856914276257157</ele>
        <time>2026-09-18T00:29:51.500000Z</time>
        <extensions>
          <gpxtpx:TrackPointExtension>
            <gpxtpx:hr>120</gpxtpx:hr>
          </gpxtpx:TrackPointExtension>
        </extensions>
      </trkpt>
      <trkpt lat="22.543527234809584" lon="114.09058990763133">
        <ele>12.982338291592896</ele>
        <time>2026-09-18T00:29:52.500000Z</time>
        <extensions>
          <gpxtpx:TrackPointExtension>
            <gpxtpx:hr>120</gpxtpx:hr>
          </gpxtpx:TrackPointExtension>
        </extensions>
      </trkpt>
      <trkpt lat="22.543525816821298" lon="114.09057703824183">
        <ele>13.101938467472792</ele>
        <time>2026-09-18T00:29:53.500000Z</time>
        <extensions>
          <gpxtpx:TrackPointExtension>
            <gpxtpx:hr>120</gpxtpx:hr>
          </gpxtpx:TrackPointExtension>
        </extensions>
      </trkpt>
      <trkpt lat="22.543524340695523" lon="114.09056492794844">
        <ele>13.20161444786936</ele>
        <time>2026-09-18T00:29:54.500000Z</time>
        <extensions>
          <gpxtpx:TrackPointExtension>
            <gpxtpx:hr>120</gpxtpx:hr>
          </gpxtpx:TrackPointExtension>
        </extensions>
      </trkpt>
      <trkpt lat="22.543522776839634" lon="114.09055252249293">
        <ele>13.295897303149104</ele>
        <time>2026-09-18T00:29:55.500000Z</time>
        <extensions>
          <gpxtpx:TrackPointExtension>
            <gpxtpx:hr>120</gpxtpx:hr>
          </gpxtpx:TrackPointExtension>
        </extensions>
      </trkpt>
      <trkpt lat="22.54352129992625" lon="114.09053932138728">
        <ele>13.410636681132019</ele>
        <time>2026-09-18T00:29:56.500000Z</time>
        <extensions>
          <gpxtpx:TrackPointExtension>
            <gpxtpx:hr>120</gpxtpx:hr>
          </gpxtpx:TrackPointExtension>
        </extensions>
      </trkpt>
      <trkpt lat="22.543520116400984" lon="114.09052572527371">
        <ele>13.541206328198314</ele>
        <time>2026-09-18T00:29:57.500000Z</time>
        <extensions>
          <gpxtpx:TrackPointExtension>
            <gpxtpx:hr>120</gpxtpx:hr>
          </gpxtpx:TrackPointExtension>
        </extensions>
      </trkpt>
      <trkpt lat="22.543519341514827" lon="114.09051344352646">
        <ele>13.669254487380385</ele>
        <time>2026-09-18T00:29:58.500000Z</time>
        <extensions>
          <gpxtpx:TrackPointExtension>
            <gpxtpx:hr>120</gpxtpx:hr>
          </gpxtpx:TrackPointExtension>
        </extensions>
      </trkpt>
      <trkpt lat="22.54351945180401" lon="114.09050261461742">
        <ele>13.760660151019692</ele>
        <time>2026-09-18T00:29:59.500000Z</time>
        <extensions>
          <gpxtpx:TrackPointExtension>
            <gpxtpx:hr>120</gpxtpx:hr>
          </gpxtpx:TrackPointExtension>
        </extensions>
      </trkpt>
      <trkpt lat="22.54352030866206" lon="114.09049239365442">
        <ele>13.829986764118075</ele>
        <time>2026-09-18T00:30:00.500000Z</time>
        <extensions>
          <gpxtpx:TrackPointExtension>
            <gpxtpx:hr>118</gpxtpx:hr>
          </gpxtpx:TrackPointExtension>
        </extensions>
      </trkpt>
      <trkpt lat="22.543521224058132" lon="114.09048196770559">
        <ele>13.889862845651805</ele>
        <time>2026-09-18T00:30:01.500000Z</time>
        <extensions>
          <gpxtpx:TrackPointExtension>
            <gpxtpx:hr>118</gpxtpx:hr>
          </gpxtpx:TrackPointExtension>
        </extensions>
      </trkpt>
      <trkpt lat="22.54352213676797" lon="114.09047114819248">
        <ele>13.919755613431334</ele>
        <time>2026-09-18T00:30:02.500000Z</time>
        <extensions>
          <gpxtpx:TrackPointExtension>
            <gpxtpx:hr>118</gpxtpx:hr>
          </gpxtpx:TrackPointExtension>
        </extensions>
      </trkpt>
      <trkpt lat="22.543522709118974" lon="114.09045973550747">
        <ele>13.915827821008861</ele>
        <time>2026-09-18T00:30:03.500000Z</time>
        <extensions>
          <gpxtpx:TrackPointExtension>
            <gpxtpx:hr>118</gpxtpx:hr>
          </gpxtpx:TrackPointExtension>
        </extensions>
      </trkpt>
      <trkpt lat="22.543522547876744" lon="114.09044819723994">
        <ele>13.867265563458204</ele>
        <time>2026-09-18T00:30:04.500000Z</time>
        <extensions>
          <gpxtpx:TrackPointExtension>
            <gpxtpx:hr>118</gpxtpx:hr>
          </gpxtpx:TrackPointExtension>
        </extensions>
      </trkpt>
      <trkpt lat="22.543522092505512" lon="114.09043670351359">
        <ele>13.783523199148476</ele>
        <time>2026-09-18T00:30:05.500000Z</time>
        <extensions>
          <gpxtpx:TrackPointExtension>
            <gpxtpx:hr>119</gpxtpx:hr>
          </gpxtpx:TrackPointExtension>
        </extensions>
      </trkpt>
      <trkpt lat="22.543521702659916" lon="114.0904235495826">
        <ele>13.670656563714147</ele>
        <time>2026-09-18T00:30:06.500000Z</time>
        <extensions>
          <gpxtpx:TrackPointExtension>
            <gpxtpx:hr>119</gpxtpx:hr>
          </gpxtpx:TrackPointExtension>
        </extensions>
      </trkpt>
      <trkpt lat="22.543521797688072" lon="114.0904085742852">
        <ele>13.573075696825981</ele>
        <time>2026-09-18T00:30:07.500000Z</time>
        <extensions>
          <gpxtpx:TrackPointExtension>
            <gpxtpx:hr>119</gpxtpx:hr>
          </gpxtpx:TrackPointExtension>
        </extensions>
      </trkpt>
      <trkpt lat="22.54352246052064" lon="114.09039332752484">
        <ele>13.464300827123225</ele>
        <time>2026-09-18T00:30:08.500000Z</time>
        <extensions>
          <gpxtpx:TrackPointExtension>
            <gpxtpx:hr>116</gpxtpx:hr>
          </gpxtpx:TrackPointExtension>
        </extensions>
      </trkpt>
      <trkpt lat="22.543523936601115" lon="114.09037889012247">
        <ele>13.328541215509176</ele>
        <time>2026-09-18T00:30:09.500000Z</time>
        <extensions>
          <gpxtpx:TrackPointExtension>
            <gpxtpx:hr>116</gpxtpx:hr>
          </gpxtpx:TrackPointExtension>
        </extensions>
      </trkpt>
      <trkpt lat="22.543525864158536" lon="114.0903647569353">
        <ele>13.177547140978277</ele>
        <time>2026-09-18T00:30:10.500000Z</time>
        <extensions>
          <gpxtpx:TrackPointExtension>
            <gpxtpx:hr>116</gpxtpx:hr>
          </gpxtpx:TrackPointExtension>
        </extensions>
      </trkpt>
      <trkpt lat="22.543527771197798" lon="114.09035038464357">
        <ele>13.00021207332611</ele>
        <time>2026-09-18T00:30:11.500000Z</time>
        <extensions>
          <gpxtpx:TrackPointExtension>
            <gpxtpx:hr>116</gpxtpx:hr>
          </gpxtpx:TrackPointExtension>
        </extensions>
      </trkpt>
      <trkpt lat="22.543529694819078" lon="114.09033655490919">
        <ele>12.799107079394162</ele>
        <time>2026-09-18T00:30:12.500000Z</time>
        <extensions>
          <gpxtpx:TrackPointExtension>
            <gpxtpx:hr>116</gpxtpx:hr>
          </gpxtpx:TrackPointExtension>
        </extensions>
      </trkpt>
      <trkpt lat="22.543531822553373" lon="114.09032344066395">
        <ele>12.60011955909431</ele>
        <time>2026-09-18T00:30:13.500000Z</time>
        <extensions>
          <gpxtpx:TrackPointExtension>
            <gpxtpx:hr>116</gpxtpx:hr>
          </gpxtpx:TrackPointExtension>
        </extensions>
      </trkpt>
      <trkpt lat="22.543533664782753" lon="114.09031130006227">
        <ele>12.414883240126073</ele>
        <time>2026-09-18T00:30:14.500000Z</time>
        <extensions>
          <gpxtpx:TrackPointExtension>
            <gpxtpx:hr>116</gpxtpx:hr>
          </gpxtpx:TrackPointExtension>
        </extensions>
      </trkpt>
      <trkpt lat="22.543535525821124" lon="114.09029834688766">
        <ele>12.239741081371903</ele>
        <time>2026-09-18T00:30:15.500000Z</time>
        <extensions>
          <gpxtpx:TrackPointExtension>
            <gpxtpx:hr>114</gpxtpx:hr>
          </gpxtpx:TrackPointExtension>
        </extensions>
      </trkpt>
      <trkpt lat="22.543537146827987" lon="114.0902839660948">
        <ele>12.082831535488367</ele>
        <time>2026-09-18T00:30:16.500000Z</time>
        <extensions>
          <gpxtpx:TrackPointExtension>
            <gpxtpx:hr>114</gpxtpx:hr>
          </gpxtpx:TrackPointExtension>
        </extensions>
      </trkpt>
      <trkpt lat="22.54353705966959" lon="114.09027118925165">
        <ele>11.909672677516937</ele>
        <time>2026-09-18T00:30:17.500000Z</time>
        <extensions>
          <gpxtpx:TrackPointExtension>
            <gpxtpx:hr>114</gpxtpx:hr>
          </gpxtpx:TrackPointExtension>
        </extensions>
      </trkpt>
      <trkpt lat="22.54353644522766" lon="114.09026000271427">
        <ele>11.769712359644473</ele>
        <time>2026-09-18T00:30:18.500000Z</time>
        <extensions>
          <gpxtpx:TrackPointExtension>
            <gpxtpx:hr>114</gpxtpx:hr>
          </gpxtpx:TrackPointExtension>
        </extensions>
      </trkpt>
      <trkpt lat="22.543537164143125" lon="114.09024917642294">
        <ele>11.647256875410676</ele>
        <time>2026-09-18T00:30:19.500000Z</time>
        <extensions>
          <gpxtpx:TrackPointExtension>
            <gpxtpx:hr>114</gpxtpx:hr>
          </gpxtpx:TrackPointExtension>
        </extensions>
      </trkpt>
      <trkpt lat="22.54353900582553" lon="114.09023800894293">
        <ele>11.547062796540558</ele>
        <time>2026-09-18T00:30:20.500000Z</time>
        <extensions>
          <gpxtpx:TrackPointExtension>
            <gpxtpx:hr>114</gpxtpx:hr>
          </gpxtpx:TrackPointExtension>
        </extensions>
      </trkpt>
      <trkpt lat="22.54354149703125" lon="114.09022532280818">
        <ele>11.466816488653421</ele>
        <time>2026-09-18T00:30:21.500000Z</time>
        <extensions>
          <gpxtpx:TrackPointExtension>
            <gpxtpx:hr>114</gpxtpx:hr>
          </gpxtpx:TrackPointExtension>
        </extensions>
      </trkpt>
      <trkpt lat="22.543544145144477" lon="114.09021142160262">
        <ele>11.396570191718638</ele>
        <time>2026-09-18T00:30:22.500000Z</time>
        <extensions>
          <gpxtpx:TrackPointExtension>
            <gpxtpx:hr>116</gpxtpx:hr>
          </gpxtpx:TrackPointExtension>
        </extensions>
      </trkpt>
      <trkpt lat="22.543546732717296" lon="114.0901976975232">
        <ele>11.320745662786067</ele>
        <time>2026-09-18T00:30:23.500000Z</time>
        <extensions>
          <gpxtpx:TrackPointExtension>
            <gpxtpx:hr>116</gpxtpx:hr>
          </gpxtpx:TrackPointExtension>
        </extensions>
      </trkpt>
      <trkpt lat="22.543548942008513" lon="114.09018481317456">
        <ele>11.230830545537174</ele>
        <time>2026-09-18T00:30:24.500000Z</time>
        <extensions>
          <gpxtpx:TrackPointExtension>
            <gpxtpx:hr>116</gpxtpx:hr>
          </gpxtpx:TrackPointExtension>
        </extensions>
      </trkpt>
      <trkpt lat="22.543550516793882" lon="114.09017217350218">
        <ele>11.12780929543078</ele>
        <time>2026-09-18T00:30:25.500000Z</time>
        <extensions>
          <gpxtpx:TrackPointExtension>
            <gpxtpx:hr>116</gpxtpx:hr>
          </gpxtpx:TrackPointExtension>
        </extensions>
      </trkpt>
      <trkpt lat="22.54355153170748" lon="114.09015994873074">
        <ele>11.045626880601048</ele>
        <time>2026-09-18T00:30:26.500000Z</time>
        <extensions>
          <gpxtpx:TrackPointExtension>
            <gpxtpx:hr>116</gpxtpx:hr>
          </gpxtpx:TrackPointExtension>
        </extensions>
      </trkpt>
      <trkpt lat="22.54355182496582" lon="114.09014910928083">
        <ele>10.97097170818597</ele>
        <time>2026-09-18T00:30:27.500000Z</time>
        <extensions>
          <gpxtpx:TrackPointExtension>
            <gpxtpx:hr>121</gpxtpx:hr>
          </gpxtpx:TrackPointExtension>
        </extensions>
      </trkpt>
      <trkpt lat="22.54355136813935" lon="114.09013906905916">
        <ele>10.874944627285004</ele>
        <time>2026-09-18T00:30:28.500000Z</time>
        <extensions>
          <gpxtpx:TrackPointExtension>
            <gpxtpx:hr>121</gpxtpx:hr>
          </gpxtpx:TrackPointExtension>
        </extensions>
      </trkpt>
      <trkpt lat="22.54355056185703" lon="114.09012787875058">
        <ele>10.77989621181041</ele>
        <time>2026-09-18T00:30:29.500000Z</time>
        <extensions>
          <gpxtpx:TrackPointExtension>
            <gpxtpx:hr>121</gpxtpx:hr>
          </gpxtpx:TrackPointExtension>
        </extensions>
      </trkpt>
      <trkpt lat="22.543549932709023" lon="114.09011460944578">
        <ele>10.651888044551015</ele>
        <time>2026-09-18T00:30:30.500000Z</time>
        <extensions>
          <gpxtpx:TrackPointExtension>
            <gpxtpx:hr>122</gpxtpx:hr>
          </gpxtpx:TrackPointExtension>
        </extensions>
      </trkpt>
      <trkpt lat="22.543549246116335" lon="114.09009952578988">
        <ele>10.500991126522422</ele>
        <time>2026-09-18T00:30:31.500000Z</time>
        <extensions>
          <gpxtpx:TrackPointExtension>
            <gpxtpx:hr>122</gpxtpx:hr>
          </gpxtpx:TrackPointExtension>
        </extensions>
      </trkpt>
      <trkpt lat="22.54354776251167" lon="114.09008365118535">
        <ele>10.348717486485839</ele>
        <time>2026-09-18T00:30:32.500000Z</time>
        <extensions>
          <gpxtpx:TrackPointExtension>
            <gpxtpx:hr>122</gpxtpx:hr>
          </gpxtpx:TrackPointExtension>
        </extensions>
      </trkpt>
      <trkpt lat="22.54354580452396" lon="114.09006811742145">
        <ele>10.216845519840717</ele>
        <time>2026-09-18T00:30:33.500000Z</time>
        <extensions>
          <gpxtpx:TrackPointExtension>
            <gpxtpx:hr>122</gpxtpx:hr>
          </gpxtpx:TrackPointExtension>
        </extensions>
      </trkpt>
      <trkpt lat="22.543543718983578" lon="114.09005337093413">
        <ele>10.09041980933398</ele>
        <time>2026-09-18T00:30:34.500000Z</time>
        <extensions>
          <gpxtpx:TrackPointExtension>
            <gpxtpx:hr>122</gpxtpx:hr>
          </gpxtpx:TrackPointExtension>
        </extensions>
      </trkpt>
      <trkpt lat="22.54354188965658" lon="114.09003960562663">
        <ele>9.96487780380994</ele>
        <time>2026-09-18T00:30:35.500000Z</time>
        <extensions>
          <gpxtpx:TrackPointExtension>
            <gpxtpx:hr>117</gpxtpx:hr>
          </gpxtpx:TrackPointExtension>
        </extensions>
      </trkpt>
      <trkpt lat="22.543540787776156" lon="114.09002658433354">
        <ele>9.854321944527328</ele>
        <time>2026-09-18T00:30:36.500000Z</time>
        <extensions>
          <gpxtpx:TrackPointExtension>
            <gpxtpx:hr>117</gpxtpx:hr>
          </gpxtpx:TrackPointExtension>
        </extensions>
      </trkpt>
      <trkpt lat="22.54354036182149" lon="114.09001353763945">
        <ele>9.73416284751147</ele>
        <time>2026-09-18T00:30:37.500000Z</time>
        <extensions>
          <gpxtpx:TrackPointExtension>
            <gpxtpx:hr>117</gpxtpx:hr>
          </gpxtpx:TrackPointExtension>
        </extensions>
      </trkpt>
      <trkpt lat="22.543540781042996" lon="114.09000057205095">
        <ele>9.625858867540956</ele>
        <time>2026-09-18T00:30:38.500000Z</time>
        <extensions>
          <gpxtpx:TrackPointExtension>
            <gpxtpx:hr>117</gpxtpx:hr>
          </gpxtpx:TrackPointExtension>
        </extensions>
      </trkpt>
      <trkpt lat="22.543541914684894" lon="114.08998795885621">
        <ele>9.51501741912216</ele>
        <time>2026-09-18T00:30:39.500000Z</time>
        <extensions>
          <gpxtpx:TrackPointExtension>
            <gpxtpx:hr>117</gpxtpx:hr>
          </gpxtpx:TrackPointExtension>
        </extensions>
      </trkpt>
      <trkpt lat="22.543543545197135" lon="114.08997525538324">
        <ele>9.382276460528374</ele>
        <time>2026-09-18T00:30:40.500000Z</time>
        <extensions>
          <gpxtpx:TrackPointExtension>
            <gpxtpx:hr>117</gpxtpx:hr>
          </gpxtpx:TrackPointExtension>
        </extensions>
      </trkpt>
      <trkpt lat="22.543545517062686" lon="114.08996192597024">
        <ele>9.263411674648523</ele>
        <time>2026-09-18T00:30:41.500000Z</time>
        <extensions>
          <gpxtpx:TrackPointExtension>
            <gpxtpx:hr>115</gpxtpx:hr>
          </gpxtpx:TrackPointExtension>
        </extensions>
      </trkpt>
      <trkpt lat="22.54354725756967" lon="114.08994815821255">
        <ele>9.134168493561447</ele>
        <time>2026-09-18T00:30:42.500000Z</time>
        <extensions>
          <gpxtpx:TrackPointExtension>
            <gpxtpx:hr>115</gpxtpx:hr>
          </gpxtpx:TrackPointExtension>
        </extensions>
      </trkpt>
      <trkpt lat="22.543548404148748" lon="114.08993422954107">
        <ele>9.038731028325856</ele>
        <time>2026-09-18T00:30:43.500000Z</time>
        <extensions>
          <gpxtpx:TrackPointExtension>
            <gpxtpx:hr>115</gpxtpx:hr>
          </gpxtpx:TrackPointExtension>
        </extensions>
      </trkpt>
      <trkpt lat="22.543549205785425" lon="114.08992032080569">
        <ele>8.962718049995601</ele>
        <time>2026-09-18T00:30:44.500000Z</time>
        <extensions>
          <gpxtpx:TrackPointExtension>
            <gpxtpx:hr>115</gpxtpx:hr>
          </gpxtpx:TrackPointExtension>
        </extensions>
      </trkpt>
      <trkpt lat="22.54355007091353" lon="114.08990659998217">
        <ele>8.882146201096475</ele>
        <time>2026-09-18T00:30:45.500000Z</time>
        <extensions>
          <gpxtpx:TrackPointExtension>
            <gpxtpx:hr>115</gpxtpx:hr>
          </gpxtpx:TrackPointExtension>
        </extensions>
      </trkpt>
      <trkpt lat="22.54355129730112" lon="114.08989316853548">
        <ele>8.82402346841991</ele>
        <time>2026-09-18T00:30:46.500000Z</time>
        <extensions>
          <gpxtpx:TrackPointExtension>
            <gpxtpx:hr>115</gpxtpx:hr>
          </gpxtpx:TrackPointExtension>
        </extensions>
      </trkpt>
      <trkpt lat="22.543553081950833" lon="114.08987914144734">
        <ele>8.77034801710397</ele>
        <time>2026-09-18T00:30:47.500000Z</time>
        <extensions>
          <gpxtpx:TrackPointExtension>
            <gpxtpx:hr>115</gpxtpx:hr>
          </gpxtpx:TrackPointExtension>
        </extensions>
      </trkpt>
      <trkpt lat="22.543555192246323" lon="114.08986444983259">
        <ele>8.6994509389624</ele>
        <time>2026-09-18T00:30:48.500000Z</time>
        <extensions>
          <gpxtpx:TrackPointExtension>
            <gpxtpx:hr>115</gpxtpx:hr>
          </gpxtpx:TrackPointExtension>
        </extensions>
      </trkpt>
      <trkpt lat="22.543557122692604" lon="114.08985006630522">
        <ele>8.664675467647612</ele>
        <time>2026-09-18T00:30:49.500000Z</time>
        <extensions>
          <gpxtpx:TrackPointExtension>
            <gpxtpx:hr>115</gpxtpx:hr>
          </gpxtpx:TrackPointExtension>
        </extensions>
      </trkpt>
      <trkpt lat="22.543558853017963" lon="114.08983617390716">
        <ele>8.6591771049425</ele>
        <time>2026-09-18T00:30:50.500000Z</time>
        <extensions>
          <gpxtpx:TrackPointExtension>
            <gpxtpx:hr>114</gpxtpx:hr>
          </gpxtpx:TrackPointExtension>
        </extensions>
      </trkpt>
      <trkpt lat="22.543560460214447" lon="114.08982198657948">
        <ele>8.662773755379021</ele>
        <time>2026-09-18T00:30:51.500000Z</time>
        <extensions>
          <gpxtpx:TrackPointExtension>
            <gpxtpx:hr>114</gpxtpx:hr>
          </gpxtpx:TrackPointExtension>
        </extensions>
      </trkpt>
      <trkpt lat="22.543561573647374" lon="114.08980760081835">
        <ele>8.680578692816198</ele>
        <time>2026-09-18T00:30:52.500000Z</time>
        <extensions>
          <gpxtpx:TrackPointExtension>
            <gpxtpx:hr>114</gpxtpx:hr>
          </gpxtpx:TrackPointExtension>
        </extensions>
      </trkpt>
      <trkpt lat="22.543561896614765" lon="114.08979355640766">
        <ele>8.703268395736814</ele>
        <time>2026-09-18T00:30:53.500000Z</time>
        <extensions>
          <gpxtpx:TrackPointExtension>
            <gpxtpx:hr>114</gpxtpx:hr>
          </gpxtpx:TrackPointExtension>
        </extensions>
      </trkpt>
      <trkpt lat="22.5435616789069" lon="114.08978010205409">
        <ele>8.77943825814873</ele>
        <time>2026-09-18T00:30:54.500000Z</time>
        <extensions>
          <gpxtpx:TrackPointExtension>
            <gpxtpx:hr>115</gpxtpx:hr>
          </gpxtpx:TrackPointExtension>
        </extensions>
      </trkpt>
      <trkpt lat="22.543561033559413" lon="114.08976739604354">
        <ele>8.873826180584729</ele>
        <time>2026-09-18T00:30:55.500000Z</time>
        <extensions>
          <gpxtpx:TrackPointExtension>
            <gpxtpx:hr>115</gpxtpx:hr>
          </gpxtpx:TrackPointExtension>
        </extensions>
      </trkpt>
      <trkpt lat="22.543560071146384" lon="114.08975506003515">
        <ele>8.970670136623085</ele>
        <time>2026-09-18T00:30:56.500000Z</time>
        <extensions>
          <gpxtpx:TrackPointExtension>
            <gpxtpx:hr>115</gpxtpx:hr>
          </gpxtpx:TrackPointExtension>
        </extensions>
      </trkpt>
      <trkpt lat="22.543558729380344" lon="114.08974262375861">
        <ele>9.10130862891674</ele>
        <time>2026-09-18T00:30:57.500000Z</time>
        <extensions>
          <gpxtpx:TrackPointExtension>
            <gpxtpx:hr>115</gpxtpx:hr>
          </gpxtpx:TrackPointExtension>
        </extensions>
      </trkpt>
      <trkpt lat="22.54355705888745" lon="114.08972992348714">
        <ele>9.2381532182917</ele>
        <time>2026-09-18T00:30:58.500000Z</time>
        <extensions>
          <gpxtpx:TrackPointExtension>
            <gpxtpx:hr>115</gpxtpx:hr>
          </gpxtpx:TrackPointExtension>
        </extensions>
      </trkpt>
      <trkpt lat="22.543555359562802" lon="114.08971671965699">
        <ele>9.384877955541015</ele>
        <time>2026-09-18T00:30:59.500000Z</time>
        <extensions>
          <gpxtpx:TrackPointExtension>
            <gpxtpx:hr>115</gpxtpx:hr>
          </gpxtpx:TrackPointExtension>
        </extensions>
      </trkpt>
      <trkpt lat="22.54355368396072" lon="114.08970318570374">
        <ele>9.563936848193407</ele>
        <time>2026-09-18T00:31:00.500000Z</time>
        <extensions>
          <gpxtpx:TrackPointExtension>
            <gpxtpx:hr>115</gpxtpx:hr>
          </gpxtpx:TrackPointExtension>
        </extensions>
      </trkpt>
      <trkpt lat="22.543551777800182" lon="114.08968962411632">
        <ele>9.751383204944432</ele>
        <time>2026-09-18T00:31:01.500000Z</time>
        <extensions>
          <gpxtpx:TrackPointExtension>
            <gpxtpx:hr>115</gpxtpx:hr>
          </gpxtpx:TrackPointExtension>
        </extensions>
      </trkpt>
      <trkpt lat="22.543549885127018" lon="114.08967660006216">
        <ele>9.9844531994313</ele>
        <time>2026-09-18T00:31:02.500000Z</time>
        <extensions>
          <gpxtpx:TrackPointExtension>
            <gpxtpx:hr>115</gpxtpx:hr>
          </gpxtpx:TrackPointExtension>
        </extensions>
      </trkpt>
      <trkpt lat="22.54354785736808" lon="114.08966415134391">
        <ele>10.242944415658712</ele>
        <time>2026-09-18T00:31:03.500000Z</time>
        <extensions>
          <gpxtpx:TrackPointExtension>
            <gpxtpx:hr>115</gpxtpx:hr>
          </gpxtpx:TrackPointExtension>
        </extensions>
      </trkpt>
      <trkpt lat="22.543545440187117" lon="114.0896511948387">
        <ele>10.49371827300638</ele>
        <time>2026-09-18T00:31:04.500000Z</time>
        <extensions>
          <gpxtpx:TrackPointExtension>
            <gpxtpx:hr>116</gpxtpx:hr>
          </gpxtpx:TrackPointExtension>
        </extensions>
      </trkpt>
      <trkpt lat="22.54354298946242" lon="114.08963795880133">
        <ele>10.770902216434479</ele>
        <time>2026-09-18T00:31:05.500000Z</time>
        <extensions>
          <gpxtpx:TrackPointExtension>
            <gpxtpx:hr>116</gpxtpx:hr>
          </gpxtpx:TrackPointExtension>
        </extensions>
      </trkpt>
      <trkpt lat="22.543541033823992" lon="114.08962581734058">
        <ele>11.102416184730828</ele>
        <time>2026-09-18T00:31:06.500000Z</time>
        <extensions>
          <gpxtpx:TrackPointExtension>
            <gpxtpx:hr>116</gpxtpx:hr>
          </gpxtpx:TrackPointExtension>
        </extensions>
      </trkpt>
      <trkpt lat="22.54353920196975" lon="114.08961369265363">
        <ele>11.456177098676562</ele>
        <time>2026-09-18T00:31:07.500000Z</time>
        <extensions>
          <gpxtpx:TrackPointExtension>
            <gpxtpx:hr>116</gpxtpx:hr>
          </gpxtpx:TrackPointExtension>
        </extensions>
      </trkpt>
      <trkpt lat="22.54353683474674" lon="114.08960094897205">
        <ele>11.793944257311523</ele>
        <time>2026-09-18T00:31:08.500000Z</time>
        <extensions>
          <gpxtpx:TrackPointExtension>
            <gpxtpx:hr>116</gpxtpx:hr>
          </gpxtpx:TrackPointExtension>
        </extensions>
      </trkpt>
      <trkpt lat="22.543534306201327" lon="114.08958851508919">
        <ele>12.116602023132145</ele>
        <time>2026-09-18T00:31:09.500000Z</time>
        <extensions>
          <gpxtpx:TrackPointExtension>
            <gpxtpx:hr>116</gpxtpx:hr>
          </gpxtpx:TrackPointExtension>
        </extensions>
      </trkpt>
      <trkpt lat="22.54353151860281" lon="114.0895765735814">
        <ele>12.423278400674462</ele>
        <time>2026-09-18T00:31:10.500000Z</time>
        <extensions>
          <gpxtpx:TrackPointExtension>
            <gpxtpx:hr>114</gpxtpx:hr>
          </gpxtpx:TrackPointExtension>
        </extensions>
      </trkpt>
      <trkpt lat="22.543528319119616" lon="114.08956460744045">
        <ele>12.705772090703249</ele>
        <time>2026-09-18T00:31:11.500000Z</time>
        <extensions>
          <gpxtpx:TrackPointExtension>
            <gpxtpx:hr>114</gpxtpx:hr>
          </gpxtpx:TrackPointExtension>
        </extensions>
      </trkpt>
      <trkpt lat="22.54352517504928" lon="114.08955186251433">
        <ele>12.959699222818017</ele>
        <time>2026-09-18T00:31:12.500000Z</time>
        <extensions>
          <gpxtpx:TrackPointExtension>
            <gpxtpx:hr>114</gpxtpx:hr>
          </gpxtpx:TrackPointExtension>
        </extensions>
      </trkpt>
      <trkpt lat="22.543522026244784" lon="114.08953817991906">
        <ele>13.199740199372172</ele>
        <time>2026-09-18T00:31:13.500000Z</time>
        <extensions>
          <gpxtpx:TrackPointExtension>
            <gpxtpx:hr>114</gpxtpx:hr>
          </gpxtpx:TrackPointExtension>
        </extensions>
      </trkpt>
      <trkpt lat="22.543518717831716" lon="114.08952454669458">
        <ele>13.421649972908199</ele>
        <time>2026-09-18T00:31:14.500000Z</time>
        <extensions>
          <gpxtpx:TrackPointExtension>
            <gpxtpx:hr>114</gpxtpx:hr>
          </gpxtpx:TrackPointExtension>
        </extensions>
      </trkpt>
      <trkpt lat="22.54351510318519" lon="114.08951167114574">
        <ele>13.602914478629827</ele>
        <time>2026-09-18T00:31:15.500000Z</time>
        <extensions>
          <gpxtpx:TrackPointExtension>
            <gpxtpx:hr>115</gpxtpx:hr>
          </gpxtpx:TrackPointExtension>
        </extensions>
      </trkpt>
      <trkpt lat="22.543511576079776" lon="114.08949992964153">
        <ele>13.736165973357856</ele>
        <time>2026-09-18T00:31:16.500000Z</time>
        <extensions>
          <gpxtpx:TrackPointExtension>
            <gpxtpx:hr>115</gpxtpx:hr>
          </gpxtpx:TrackPointExtension>
        </extensions>
      </trkpt>
      <trkpt lat="22.543508913931397" lon="114.08948928746292">
        <ele>13.838850500062108</ele>
        <time>2026-09-18T00:31:17.500000Z</time>
        <extensions>
          <gpxtpx:TrackPointExtension>
            <gpxtpx:hr>115</gpxtpx:hr>
          </gpxtpx:TrackPointExtension>
        </extensions>
      </trkpt>
      <trkpt lat="22.543507327913957" lon="114.08947911716392">
        <ele>13.891559476964176</ele>
        <time>2026-09-18T00:31:18.500000Z</time>
        <extensions>
          <gpxtpx:TrackPointExtension>
            <gpxtpx:hr>115</gpxtpx:hr>
          </gpxtpx:TrackPointExtension>
        </extensions>
      </trkpt>
      <trkpt lat="22.543506676810622" lon="114.08946891053046">
        <ele>13.895064976997674</ele>
        <time>2026-09-18T00:31:19.500000Z</time>
        <extensions>
          <gpxtpx:TrackPointExtension>
            <gpxtpx:hr>115</gpxtpx:hr>
          </gpxtpx:TrackPointExtension>
        </extensions>
      </trkpt>
      <trkpt lat="22.54350639525898" lon="114.08945787940958">
        <ele>13.861637528054416</ele>
        <time>2026-09-18T00:31:20.500000Z</time>
        <extensions>
          <gpxtpx:TrackPointExtension>
            <gpxtpx:hr>117</gpxtpx:hr>
          </gpxtpx:TrackPointExtension>
        </extensions>
      </trkpt>
      <trkpt lat="22.543505924752594" lon="114.08944512203398">
        <ele>13.786900972947478</ele>
        <time>2026-09-18T00:31:21.500000Z</time>
        <extensions>
          <gpxtpx:TrackPointExtension>
            <gpxtpx:hr>117</gpxtpx:hr>
          </gpxtpx:TrackPointExtension>
        </extensions>
      </trkpt>
      <trkpt lat="22.543505511031615" lon="114.08943112416502">
        <ele>13.689591266214848</ele>
        <time>2026-09-18T00:31:22.500000Z</time>
        <extensions>
          <gpxtpx:TrackPointExtension>
            <gpxtpx:hr>117</gpxtpx:hr>
          </gpxtpx:TrackPointExtension>
        </extensions>
      </trkpt>
      <trkpt lat="22.543505215601428" lon="114.08941693702974">
        <ele>13.567041407339275</ele>
        <time>2026-09-18T00:31:23.500000Z</time>
        <extensions>
          <gpxtpx:TrackPointExtension>
            <gpxtpx:hr>117</gpxtpx:hr>
          </gpxtpx:TrackPointExtension>
        </extensions>
      </trkpt>
      <trkpt lat="22.543504569158163" lon="114.08940336376489">
        <ele>13.45074445195496</ele>
        <time>2026-09-18T00:31:24.500000Z</time>
        <extensions>
          <gpxtpx:TrackPointExtension>
            <gpxtpx:hr>117</gpxtpx:hr>
          </gpxtpx:TrackPointExtension>
        </extensions>
      </trkpt>
      <trkpt lat="22.543503411458595" lon="114.0893916355295">
        <ele>13.360925830900669</ele>
        <time>2026-09-18T00:31:25.500000Z</time>
        <extensions>
          <gpxtpx:TrackPointExtension>
            <gpxtpx:hr>117</gpxtpx:hr>
          </gpxtpx:TrackPointExtension>
        </extensions>
      </trkpt>
      <trkpt lat="22.543502211817643" lon="114.089382626665">
        <ele>13.26782640721649</ele>
        <time>2026-09-18T00:31:26.500000Z</time>
        <extensions>
          <gpxtpx:TrackPointExtension>
            <gpxtpx:hr>116</gpxtpx:hr>
          </gpxtpx:TrackPointExtension>
        </extensions>
      </trkpt>
      <trkpt lat="22.54350142534805" lon="114.08937546333621">
        <ele>13.194770908914506</ele>
        <time>2026-09-18T00:31:27.500000Z</time>
        <extensions>
          <gpxtpx:TrackPointExtension>
            <gpxtpx:hr>116</gpxtpx:hr>
          </gpxtpx:TrackPointExtension>
        </extensions>
      </trkpt>
      <trkpt lat="22.543501118893776" lon="114.0893677395825">
        <ele>13.141400197520852</ele>
        <time>2026-09-18T00:31:28.500000Z</time>
        <extensions>
          <gpxtpx:TrackPointExtension>
            <gpxtpx:hr>116</gpxtpx:hr>
          </gpxtpx:TrackPointExtension>
        </extensions>
      </trkpt>
      <trkpt lat="22.543501120920176" lon="114.08935734016465">
        <ele>13.117227979935706</ele>
        <time>2026-09-18T00:31:29.500000Z</time>
        <extensions>
          <gpxtpx:TrackPointExtension>
            <gpxtpx:hr>116</gpxtpx:hr>
          </gpxtpx:TrackPointExtension>
        </extensions>
      </trkpt>
      <trkpt lat="22.54350122792615" lon="114.08934414787652">
        <ele>13.118117470294237</ele>
        <time>2026-09-18T00:31:30.500000Z</time>
        <extensions>
          <gpxtpx:TrackPointExtension>
            <gpxtpx:hr>116</gpxtpx:hr>
          </gpxtpx:TrackPointExtension>
        </extensions>
      </trkpt>
      <trkpt lat="22.54350090666436" lon="114.08932942898521">
        <ele>13.147101950831711</ele>
        <time>2026-09-18T00:31:31.500000Z</time>
        <extensions>
          <gpxtpx:TrackPointExtension>
            <gpxtpx:hr>116</gpxtpx:hr>
          </gpxtpx:TrackPointExtension>
        </extensions>
      </trkpt>
      <trkpt lat="22.5434997876373" lon="114.08931464841767">
        <ele>13.2003252543509</ele>
        <time>2026-09-18T00:31:32.500000Z</time>
        <extensions>
          <gpxtpx:TrackPointExtension>
            <gpxtpx:hr>116</gpxtpx:hr>
          </gpxtpx:TrackPointExtension>
        </extensions>
      </trkpt>
      <trkpt lat="22.543498266935867" lon="114.0893010488763">
        <ele>13.285331858322024</ele>
        <time>2026-09-18T00:31:33.500000Z</time>
        <extensions>
          <gpxtpx:TrackPointExtension>
            <gpxtpx:hr>116</gpxtpx:hr>
          </gpxtpx:TrackPointExtension>
        </extensions>
      </trkpt>
      <trkpt lat="22.54349700566886" lon="114.08928899235629">
        <ele>13.371683660894632</ele>
        <time>2026-09-18T00:31:34.500000Z</time>
        <extensions>
          <gpxtpx:TrackPointExtension>
            <gpxtpx:hr>116</gpxtpx:hr>
          </gpxtpx:TrackPointExtension>
        </extensions>
      </trkpt>
      <trkpt lat="22.543496132800517" lon="114.08927884811597">
        <ele>13.45892018917948</ele>
        <time>2026-09-18T00:31:35.500000Z</time>
        <extensions>
          <gpxtpx:TrackPointExtension>
            <gpxtpx:hr>116</gpxtpx:hr>
          </gpxtpx:TrackPointExtension>
        </extensions>
      </trkpt>
      <trkpt lat="22.543495341285777" lon="114.08926956585132">
        <ele>13.549684852361679</ele>
        <time>2026-09-18T00:31:36.500000Z</time>
        <extensions>
          <gpxtpx:TrackPointExtension>
            <gpxtpx:hr>116</gpxtpx:hr>
          </gpxtpx:TrackPointExtension>
        </extensions>
      </trkpt>
      <trkpt lat="22.543494299785483" lon="114.08925925917858">
        <ele>13.639903968200088</ele>
        <time>2026-09-18T00:31:37.500000Z</time>
        <extensions>
          <gpxtpx:TrackPointExtension>
            <gpxtpx:hr>116</gpxtpx:hr>
          </gpxtpx:TrackPointExtension>
        </extensions>
      </trkpt>
      <trkpt lat="22.543493218974994" lon="114.08924719125233">
        <ele>13.73238582815975</ele>
        <time>2026-09-18T00:31:38.500000Z</time>
        <extensions>
          <gpxtpx:TrackPointExtension>
            <gpxtpx:hr>116</gpxtpx:hr>
          </gpxtpx:TrackPointExtension>
        </extensions>
      </trkpt>
      <trkpt lat="22.54349196759414" lon="114.08923393169769">
        <ele>13.816197742708027</ele>
        <time>2026-09-18T00:31:39.500000Z</time>
        <extensions>
          <gpxtpx:TrackPointExtension>
            <gpxtpx:hr>116</gpxtpx:hr>
          </gpxtpx:TrackPointExtension>
        </extensions>
      </trkpt>
      <trkpt lat="22.543490289053235" lon="114.08922064866026">
        <ele>13.901132018305361</ele>
        <time>2026-09-18T00:31:40.500000Z</time>
        <extensions>
          <gpxtpx:TrackPointExtension>
            <gpxtpx:hr>116</gpxtpx:hr>
          </gpxtpx:TrackPointExtension>
        </extensions>
      </trkpt>
      <trkpt lat="22.543488233881043" lon="114.0892085230052">
        <ele>13.982553836889565</ele>
        <time>2026-09-18T00:31:41.500000Z</time>
        <extensions>
          <gpxtpx:TrackPointExtension>
            <gpxtpx:hr>116</gpxtpx:hr>
          </gpxtpx:TrackPointExtension>
        </extensions>
      </trkpt>
      <trkpt lat="22.543485974535624" lon="114.08919770615353">
        <ele>14.051418889313936</ele>
        <time>2026-09-18T00:31:42.500000Z</time>
        <extensions>
          <gpxtpx:TrackPointExtension>
            <gpxtpx:hr>116</gpxtpx:hr>
          </gpxtpx:TrackPointExtension>
        </extensions>
      </trkpt>
      <trkpt lat="22.543484225458243" lon="114.08918724891807">
        <ele>14.116115737706423</ele>
        <time>2026-09-18T00:31:43.500000Z</time>
        <extensions>
          <gpxtpx:TrackPointExtension>
            <gpxtpx:hr>116</gpxtpx:hr>
          </gpxtpx:TrackPointExtension>
        </extensions>
      </trkpt>
      <trkpt lat="22.543483016767688" lon="114.08917587143802">
        <ele>14.171521413139999</ele>
        <time>2026-09-18T00:31:44.500000Z</time>
        <extensions>
          <gpxtpx:TrackPointExtension>
            <gpxtpx:hr>119</gpxtpx:hr>
          </gpxtpx:TrackPointExtension>
        </extensions>
      </trkpt>
      <trkpt lat="22.543481941051834" lon="114.08916328082043">
        <ele>14.22455410566181</ele>
        <time>2026-09-18T00:31:45.500000Z</time>
        <extensions>
          <gpxtpx:TrackPointExtension>
            <gpxtpx:hr>119</gpxtpx:hr>
          </gpxtpx:TrackPointExtension>
        </extensions>
      </trkpt>
      <trkpt lat="22.54348051530118" lon="114.0891503887491">
        <ele>14.288263565860689</ele>
        <time>2026-09-18T00:31:46.500000Z</time>
        <extensions>
          <gpxtpx:TrackPointExtension>
            <gpxtpx:hr>119</gpxtpx:hr>
          </gpxtpx:TrackPointExtension>
        </extensions>
      </trkpt>
      <trkpt lat="22.543478726848104" lon="114.08913774516773">
        <ele>14.363963688723743</ele>
        <time>2026-09-18T00:31:47.500000Z</time>
        <extensions>
          <gpxtpx:TrackPointExtension>
            <gpxtpx:hr>119</gpxtpx:hr>
          </gpxtpx:TrackPointExtension>
        </extensions>
      </trkpt>
      <trkpt lat="22.54347655040327" lon="114.08912531666878">
        <ele>14.462472140789032</ele>
        <time>2026-09-18T00:31:48.500000Z</time>
        <extensions>
          <gpxtpx:TrackPointExtension>
            <gpxtpx:hr>119</gpxtpx:hr>
          </gpxtpx:TrackPointExtension>
        </extensions>
      </trkpt>
      <trkpt lat="22.543474042903817" lon="114.08911310729208">
        <ele>14.590482774190605</ele>
        <time>2026-09-18T00:31:49.500000Z</time>
        <extensions>
          <gpxtpx:TrackPointExtension>
            <gpxtpx:hr>119</gpxtpx:hr>
          </gpxtpx:TrackPointExtension>
        </extensions>
      </trkpt>
      <trkpt lat="22.543471280445633" lon="114.0891010430822">
        <ele>14.713802832178771</ele>
        <time>2026-09-18T00:31:50.500000Z</time>
        <extensions>
          <gpxtpx:TrackPointExtension>
            <gpxtpx:hr>118</gpxtpx:hr>
          </gpxtpx:TrackPointExtension>
        </extensions>
      </trkpt>
      <trkpt lat="22.54346817676804" lon="114.08908831391668">
        <ele>14.854644260369241</ele>
        <time>2026-09-18T00:31:51.500000Z</time>
        <extensions>
          <gpxtpx:TrackPointExtension>
            <gpxtpx:hr>118</gpxtpx:hr>
          </gpxtpx:TrackPointExtension>
        </extensions>
      </trkpt>
      <trkpt lat="22.543465232978384" lon="114.08907460747092">
        <ele>15.021585288457572</ele>
        <time>2026-09-18T00:31:52.500000Z</time>
        <extensions>
          <gpxtpx:TrackPointExtension>
            <gpxtpx:hr>118</gpxtpx:hr>
          </gpxtpx:TrackPointExtension>
        </extensions>
      </trkpt>
      <trkpt lat="22.543463078732824" lon="114.08906050953794">
        <ele>15.20482597220689</ele>
        <time>2026-09-18T00:31:53.500000Z</time>
        <extensions>
          <gpxtpx:TrackPointExtension>
            <gpxtpx:hr>118</gpxtpx:hr>
          </gpxtpx:TrackPointExtension>
        </extensions>
      </trkpt>
      <trkpt lat="22.54346166391739" lon="114.08904659061007">
        <ele>15.387872200459242</ele>
        <time>2026-09-18T00:31:54.500000Z</time>
        <extensions>
          <gpxtpx:TrackPointExtension>
            <gpxtpx:hr>118</gpxtpx:hr>
          </gpxtpx:TrackPointExtension>
        </extensions>
      </trkpt>
      <trkpt lat="22.54346128035252" lon="114.0890338797024">
        <ele>15.562510645017028</ele>
        <time>2026-09-18T00:31:55.500000Z</time>
        <extensions>
          <gpxtpx:TrackPointExtension>
            <gpxtpx:hr>117</gpxtpx:hr>
          </gpxtpx:TrackPointExtension>
        </extensions>
      </trkpt>
      <trkpt lat="22.543461767735376" lon="114.08902083598696">
        <ele>15.738815445452929</ele>
        <time>2026-09-18T00:31:56.500000Z</time>
        <extensions>
          <gpxtpx:TrackPointExtension>
            <gpxtpx:hr>117</gpxtpx:hr>
          </gpxtpx:TrackPointExtension>
        </extensions>
      </trkpt>
      <trkpt lat="22.543462823613666" lon="114.08900622067516">
        <ele>15.912466156296432</ele>
        <time>2026-09-18T00:31:57.500000Z</time>
        <extensions>
          <gpxtpx:TrackPointExtension>
            <gpxtpx:hr>117</gpxtpx:hr>
          </gpxtpx:TrackPointExtension>
        </extensions>
      </trkpt>
      <trkpt lat="22.543464417660584" lon="114.08899096441392">
        <ele>16.063648104667664</ele>
        <time>2026-09-18T00:31:58.500000Z</time>
        <extensions>
          <gpxtpx:TrackPointExtension>
            <gpxtpx:hr>117</gpxtpx:hr>
          </gpxtpx:TrackPointExtension>
        </extensions>
      </trkpt>
      <trkpt lat="22.54346646440964" lon="114.08897658033466">
        <ele>16.206776805222034</ele>
        <time>2026-09-18T00:31:59.500000Z</time>
        <extensions>
          <gpxtpx:TrackPointExtension>
            <gpxtpx:hr>117</gpxtpx:hr>
          </gpxtpx:TrackPointExtension>
        </extensions>
      </trkpt>
      <trkpt lat="22.54346890890165" lon="114.08896346016">
        <ele>16.353029342368245</ele>
        <time>2026-09-18T00:32:00.500000Z</time>
        <extensions>
          <gpxtpx:TrackPointExtension>
            <gpxtpx:hr>117</gpxtpx:hr>
          </gpxtpx:TrackPointExtension>
        </extensions>
      </trkpt>
      <trkpt lat="22.543471714774387" lon="114.08895081571669">
        <ele>16.465805519372225</ele>
        <time>2026-09-18T00:32:01.500000Z</time>
        <extensions>
          <gpxtpx:TrackPointExtension>
            <gpxtpx:hr>118</gpxtpx:hr>
          </gpxtpx:TrackPointExtension>
        </extensions>
      </trkpt>
      <trkpt lat="22.543474519017725" lon="114.08893753326407">
        <ele>16.53325167298317</ele>
        <time>2026-09-18T00:32:02.500000Z</time>
        <extensions>
          <gpxtpx:TrackPointExtension>
            <gpxtpx:hr>118</gpxtpx:hr>
          </gpxtpx:TrackPointExtension>
        </extensions>
      </trkpt>
      <trkpt lat="22.54347691010689" lon="114.08892388747265">
        <ele>16.55770189501345</ele>
        <time>2026-09-18T00:32:03.500000Z</time>
        <extensions>
          <gpxtpx:TrackPointExtension>
            <gpxtpx:hr>118</gpxtpx:hr>
          </gpxtpx:TrackPointExtension>
        </extensions>
      </trkpt>
      <trkpt lat="22.543478788327842" lon="114.08891034265076">
        <ele>16.558497971855104</ele>
        <time>2026-09-18T00:32:04.500000Z</time>
        <extensions>
          <gpxtpx:TrackPointExtension>
            <gpxtpx:hr>118</gpxtpx:hr>
          </gpxtpx:TrackPointExtension>
        </extensions>
      </trkpt>
      <trkpt lat="22.543479978555684" lon="114.08889646592746">
        <ele>16.52460168208927</ele>
        <time>2026-09-18T00:32:05.500000Z</time>
        <extensions>
          <gpxtpx:TrackPointExtension>
            <gpxtpx:hr>119</gpxtpx:hr>
          </gpxtpx:TrackPointExtension>
        </extensions>
      </trkpt>
      <trkpt lat="22.543480470207037" lon="114.08888212756366">
        <ele>16.465303609147668</ele>
        <time>2026-09-18T00:32:06.500000Z</time>
        <extensions>
          <gpxtpx:TrackPointExtension>
            <gpxtpx:hr>119</gpxtpx:hr>
          </gpxtpx:TrackPointExtension>
        </extensions>
      </trkpt>
      <trkpt lat="22.54348028350918" lon="114.08886797765669">
        <ele>16.405534891411662</ele>
        <time>2026-09-18T00:32:07.500000Z</time>
        <extensions>
          <gpxtpx:TrackPointExtension>
            <gpxtpx:hr>119</gpxtpx:hr>
          </gpxtpx:TrackPointExtension>
        </extensions>
      </trkpt>
      <trkpt lat="22.543480053545586" lon="114.0888541902476">
        <ele>16.34238599985838</ele>
        <time>2026-09-18T00:32:08.500000Z</time>
        <extensions>
          <gpxtpx:TrackPointExtension>
            <gpxtpx:hr>119</gpxtpx:hr>
          </gpxtpx:TrackPointExtension>
        </extensions>
      </trkpt>
      <trkpt lat="22.543480223349476" lon="114.08884065195029">
        <ele>16.292508249171078</ele>
        <time>2026-09-18T00:32:09.500000Z</time>
        <extensions>
          <gpxtpx:TrackPointExtension>
            <gpxtpx:hr>119</gpxtpx:hr>
          </gpxtpx:TrackPointExtension>
        </extensions>
      </trkpt>
      <trkpt lat="22.543481257133624" lon="114.0888279538428">
        <ele>16.276838367804885</ele>
        <time>2026-09-18T00:32:10.500000Z</time>
        <extensions>
          <gpxtpx:TrackPointExtension>
            <gpxtpx:hr>116</gpxtpx:hr>
          </gpxtpx:TrackPointExtension>
        </extensions>
      </trkpt>
      <trkpt lat="22.54348308084745" lon="114.08881632813367">
        <ele>16.29718631412834</ele>
        <time>2026-09-18T00:32:11.500000Z</time>
        <extensions>
          <gpxtpx:TrackPointExtension>
            <gpxtpx:hr>116</gpxtpx:hr>
          </gpxtpx:TrackPointExtension>
        </extensions>
      </trkpt>
      <trkpt lat="22.543484828019462" lon="114.08880480423964">
        <ele>16.34042298514396</ele>
        <time>2026-09-18T00:32:12.500000Z</time>
        <extensions>
          <gpxtpx:TrackPointExtension>
            <gpxtpx:hr>116</gpxtpx:hr>
          </gpxtpx:TrackPointExtension>
        </extensions>
      </trkpt>
      <trkpt lat="22.543485973171496" lon="114.08879272691948">
        <ele>16.39484561793506</ele>
        <time>2026-09-18T00:32:13.500000Z</time>
        <extensions>
          <gpxtpx:TrackPointExtension>
            <gpxtpx:hr>116</gpxtpx:hr>
          </gpxtpx:TrackPointExtension>
        </extensions>
      </trkpt>
      <trkpt lat="22.543486770116157" lon="114.08878041796902">
        <ele>16.497516425326467</ele>
        <time>2026-09-18T00:32:14.500000Z</time>
        <extensions>
          <gpxtpx:TrackPointExtension>
            <gpxtpx:hr>116</gpxtpx:hr>
          </gpxtpx:TrackPointExtension>
        </extensions>
      </trkpt>
      <trkpt lat="22.543487856291648" lon="114.0887684654895">
        <ele>16.639169341884553</ele>
        <time>2026-09-18T00:32:15.500000Z</time>
        <extensions>
          <gpxtpx:TrackPointExtension>
            <gpxtpx:hr>116</gpxtpx:hr>
          </gpxtpx:TrackPointExtension>
        </extensions>
      </trkpt>
      <trkpt lat="22.543489430054212" lon="114.08875691441231">
        <ele>16.8021775232628</ele>
        <time>2026-09-18T00:32:16.500000Z</time>
        <extensions>
          <gpxtpx:TrackPointExtension>
            <gpxtpx:hr>116</gpxtpx:hr>
          </gpxtpx:TrackPointExtension>
        </extensions>
      </trkpt>
      <trkpt lat="22.543491702312785" lon="114.08874552503217">
        <ele>17.000356739386916</ele>
        <time>2026-09-18T00:32:17.500000Z</time>
        <extensions>
          <gpxtpx:TrackPointExtension>
            <gpxtpx:hr>116</gpxtpx:hr>
          </gpxtpx:TrackPointExtension>
        </extensions>
      </trkpt>
      <trkpt lat="22.54349460219165" lon="114.08873431443287">
        <ele>17.21625259052962</ele>
        <time>2026-09-18T00:32:18.500000Z</time>
        <extensions>
          <gpxtpx:TrackPointExtension>
            <gpxtpx:hr>116</gpxtpx:hr>
          </gpxtpx:TrackPointExtension>
        </extensions>
      </trkpt>
      <trkpt lat="22.543497541600495" lon="114.0887232674906">
        <ele>17.41650101263076</ele>
        <time>2026-09-18T00:32:19.500000Z</time>
        <extensions>
          <gpxtpx:TrackPointExtension>
            <gpxtpx:hr>118</gpxtpx:hr>
          </gpxtpx:TrackPointExtension>
        </extensions>
      </trkpt>
      <trkpt lat="22.54349975820964" lon="114.08871243565623">
        <ele>17.61100952234119</ele>
        <time>2026-09-18T00:32:20.500000Z</time>
        <extensions>
          <gpxtpx:TrackPointExtension>
            <gpxtpx:hr>118</gpxtpx:hr>
          </gpxtpx:TrackPointExtension>
        </extensions>
      </trkpt>
      <trkpt lat="22.54350139151421" lon="114.08870190792891">
        <ele>17.79480110295117</ele>
        <time>2026-09-18T00:32:21.500000Z</time>
        <extensions>
          <gpxtpx:TrackPointExtension>
            <gpxtpx:hr>118</gpxtpx:hr>
          </gpxtpx:TrackPointExtension>
        </extensions>
      </trkpt>
      <trkpt lat="22.54350265595004" lon="114.08869189750108">
        <ele>17.949958585202694</ele>
        <time>2026-09-18T00:32:22.500000Z</time>
        <extensions>
          <gpxtpx:TrackPointExtension>
            <gpxtpx:hr>118</gpxtpx:hr>
          </gpxtpx:TrackPointExtension>
        </extensions>
      </trkpt>
      <trkpt lat="22.543503529353636" lon="114.08868261365748">
        <ele>18.071426399052143</ele>
        <time>2026-09-18T00:32:23.500000Z</time>
        <extensions>
          <gpxtpx:TrackPointExtension>
            <gpxtpx:hr>118</gpxtpx:hr>
          </gpxtpx:TrackPointExtension>
        </extensions>
      </trkpt>
      <trkpt lat="22.543503658472495" lon="114.08867302283501">
        <ele>18.142071013338864</ele>
        <time>2026-09-18T00:32:24.500000Z</time>
        <extensions>
          <gpxtpx:TrackPointExtension>
            <gpxtpx:hr>118</gpxtpx:hr>
          </gpxtpx:TrackPointExtension>
        </extensions>
      </trkpt>
      <trkpt lat="22.5435031225529" lon="114.08866158921911">
        <ele>18.141451090574265</ele>
        <time>2026-09-18T00:32:25.500000Z</time>
        <extensions>
          <gpxtpx:TrackPointExtension>
            <gpxtpx:hr>115</gpxtpx:hr>
          </gpxtpx:TrackPointExtension>
        </extensions>
      </trkpt>
      <trkpt lat="22.543502294854743" lon="114.08864879020167">
        <ele>18.077903508208692</ele>
        <time>2026-09-18T00:32:26.500000Z</time>
        <extensions>
          <gpxtpx:TrackPointExtension>
            <gpxtpx:hr>115</gpxtpx:hr>
          </gpxtpx:TrackPointExtension>
        </extensions>
      </trkpt>
      <trkpt lat="22.543501224877915" lon="114.08863551583198">
        <ele>17.960266100242734</ele>
        <time>2026-09-18T00:32:27.500000Z</time>
        <extensions>
          <gpxtpx:TrackPointExtension>
            <gpxtpx:hr>115</gpxtpx:hr>
          </gpxtpx:TrackPointExtension>
        </extensions>
      </trkpt>
      <trkpt lat="22.543499481822987" lon="114.08862144941877">
        <ele>17.79997793212533</ele>
        <time>2026-09-18T00:32:28.500000Z</time>
        <extensions>
          <gpxtpx:TrackPointExtension>
            <gpxtpx:hr>115</gpxtpx:hr>
          </gpxtpx:TrackPointExtension>
        </extensions>
      </trkpt>
      <trkpt lat="22.543497224810032" lon="114.08860636310267">
        <ele>17.60769098997116</ele>
        <time>2026-09-18T00:32:29.500000Z</time>
        <extensions>
          <gpxtpx:TrackPointExtension>
            <gpxtpx:hr>115</gpxtpx:hr>
          </gpxtpx:TrackPointExtension>
        </extensions>
      </trkpt>
      <trkpt lat="22.543495118121424" lon="114.08859123803394">
        <ele>17.382170682772994</ele>
        <time>2026-09-18T00:32:30.500000Z</time>
        <extensions>
          <gpxtpx:TrackPointExtension>
            <gpxtpx:hr>115</gpxtpx:hr>
          </gpxtpx:TrackPointExtension>
        </extensions>
      </trkpt>
      <trkpt lat="22.543493368433605" lon="114.08857685844195">
        <ele>17.138982542790473</ele>
        <time>2026-09-18T00:32:31.500000Z</time>
        <extensions>
          <gpxtpx:TrackPointExtension>
            <gpxtpx:hr>115</gpxtpx:hr>
          </gpxtpx:TrackPointExtension>
        </extensions>
      </trkpt>
      <trkpt lat="22.543491842409352" lon="114.08856284190142">
        <ele>16.904224017634988</ele>
        <time>2026-09-18T00:32:32.500000Z</time>
        <extensions>
          <gpxtpx:TrackPointExtension>
            <gpxtpx:hr>115</gpxtpx:hr>
          </gpxtpx:TrackPointExtension>
        </extensions>
      </trkpt>
      <trkpt lat="22.543490635775402" lon="114.08854878353422">
        <ele>16.662960502319038</ele>
        <time>2026-09-18T00:32:33.500000Z</time>
        <extensions>
          <gpxtpx:TrackPointExtension>
            <gpxtpx:hr>115</gpxtpx:hr>
          </gpxtpx:TrackPointExtension>
        </extensions>
      </trkpt>
      <trkpt lat="22.543490256109457" lon="114.08853406513309">
        <ele>16.415535342879593</ele>
        <time>2026-09-18T00:32:34.500000Z</time>
        <extensions>
          <gpxtpx:TrackPointExtension>
            <gpxtpx:hr>115</gpxtpx:hr>
          </gpxtpx:TrackPointExtension>
        </extensions>
      </trkpt>
      <trkpt lat="22.54349063360508" lon="114.088518745128">
        <ele>16.175332239829004</ele>
        <time>2026-09-18T00:32:35.500000Z</time>
        <extensions>
          <gpxtpx:TrackPointExtension>
            <gpxtpx:hr>114</gpxtpx:hr>
          </gpxtpx:TrackPointExtension>
        </extensions>
      </trkpt>
      <trkpt lat="22.543491084460662" lon="114.0885037317165">
        <ele>15.952025758102536</ele>
        <time>2026-09-18T00:32:36.500000Z</time>
        <extensions>
          <gpxtpx:TrackPointExtension>
            <gpxtpx:hr>114</gpxtpx:hr>
          </gpxtpx:TrackPointExtension>
        </extensions>
      </trkpt>
      <trkpt lat="22.543491317083298" lon="114.08848940771439">
        <ele>15.76376391761005</ele>
        <time>2026-09-18T00:32:37.500000Z</time>
        <extensions>
          <gpxtpx:TrackPointExtension>
            <gpxtpx:hr>114</gpxtpx:hr>
          </gpxtpx:TrackPointExtension>
        </extensions>
      </trkpt>
      <trkpt lat="22.543491354455956" lon="114.08847585506136">
        <ele>15.610990931279957</ele>
        <time>2026-09-18T00:32:38.500000Z</time>
        <extensions>
          <gpxtpx:TrackPointExtension>
            <gpxtpx:hr>114</gpxtpx:hr>
          </gpxtpx:TrackPointExtension>
        </extensions>
      </trkpt>
      <trkpt lat="22.543491045043574" lon="114.0884633778965">
        <ele>15.47632716037333</ele>
        <time>2026-09-18T00:32:39.500000Z</time>
        <extensions>
          <gpxtpx:TrackPointExtension>
            <gpxtpx:hr>114</gpxtpx:hr>
          </gpxtpx:TrackPointExtension>
        </extensions>
      </trkpt>
      <trkpt lat="22.54349031636833" lon="114.08845180095517">
        <ele>15.375406727194786</ele>
        <time>2026-09-18T00:32:40.500000Z</time>
        <extensions>
          <gpxtpx:TrackPointExtension>
            <gpxtpx:hr>113</gpxtpx:hr>
          </gpxtpx:TrackPointExtension>
        </extensions>
      </trkpt>
      <trkpt lat="22.543489557971185" lon="114.08844055966973">
        <ele>15.305124470032752</ele>
        <time>2026-09-18T00:32:41.500000Z</time>
        <extensions>
          <gpxtpx:TrackPointExtension>
            <gpxtpx:hr>113</gpxtpx:hr>
          </gpxtpx:TrackPointExtension>
        </extensions>
      </trkpt>
      <trkpt lat="22.543488883510456" lon="114.08842865726753">
        <ele>15.255316997878253</ele>
        <time>2026-09-18T00:32:42.500000Z</time>
        <extensions>
          <gpxtpx:TrackPointExtension>
            <gpxtpx:hr>113</gpxtpx:hr>
          </gpxtpx:TrackPointExtension>
        </extensions>
      </trkpt>
      <trkpt lat="22.543488342325684" lon="114.08841599845378">
        <ele>15.223896147683263</ele>
        <time>2026-09-18T00:32:43.500000Z</time>
        <extensions>
          <gpxtpx:TrackPointExtension>
            <gpxtpx:hr>113</gpxtpx:hr>
          </gpxtpx:TrackPointExtension>
        </extensions>
      </trkpt>
      <trkpt lat="22.54348817176944" lon="114.08840341463014">
        <ele>15.21313436422497</ele>
        <time>2026-09-18T00:32:44.500000Z</time>
        <extensions>
          <gpxtpx:TrackPointExtension>
            <gpxtpx:hr>113</gpxtpx:hr>
          </gpxtpx:TrackPointExtension>
        </extensions>
      </trkpt>
      <trkpt lat="22.543488573509237" lon="114.08839101824105">
        <ele>15.226670196279883</ele>
        <time>2026-09-18T00:32:45.500000Z</time>
        <extensions>
          <gpxtpx:TrackPointExtension>
            <gpxtpx:hr>112</gpxtpx:hr>
          </gpxtpx:TrackPointExtension>
        </extensions>
      </trkpt>
      <trkpt lat="22.543489471642232" lon="114.08837871365905">
        <ele>15.264208391308784</ele>
        <time>2026-09-18T00:32:46.500000Z</time>
        <extensions>
          <gpxtpx:TrackPointExtension>
            <gpxtpx:hr>112</gpxtpx:hr>
          </gpxtpx:TrackPointExtension>
        </extensions>
      </trkpt>
      <trkpt lat="22.54349019435589" lon="114.08836599719514">
        <ele>15.32703013997525</ele>
        <time>2026-09-18T00:32:47.500000Z</time>
        <extensions>
          <gpxtpx:TrackPointExtension>
            <gpxtpx:hr>112</gpxtpx:hr>
          </gpxtpx:TrackPointExtension>
        </extensions>
      </trkpt>
      <trkpt lat="22.543490216936057" lon="114.08835309407952">
        <ele>15.418630817905068</ele>
        <time>2026-09-18T00:32:48.500000Z</time>
        <extensions>
          <gpxtpx:TrackPointExtension>
            <gpxtpx:hr>112</gpxtpx:hr>
          </gpxtpx:TrackPointExtension>
        </extensions>
      </trkpt>
      <trkpt lat="22.543489671675" lon="114.08834020381084">
        <ele>15.523317399434745</ele>
        <time>2026-09-18T00:32:49.500000Z</time>
        <extensions>
          <gpxtpx:TrackPointExtension>
            <gpxtpx:hr>110</gpxtpx:hr>
          </gpxtpx:TrackPointExtension>
        </extensions>
      </trkpt>
      <trkpt lat="22.543489107347618" lon="114.08832628131692">
        <ele>15.650381858460605</ele>
        <time>2026-09-18T00:32:50.500000Z</time>
        <extensions>
          <gpxtpx:TrackPointExtension>
            <gpxtpx:hr>110</gpxtpx:hr>
          </gpxtpx:TrackPointExtension>
        </extensions>
      </trkpt>
      <trkpt lat="22.54348924221213" lon="114.08831140953697">
        <ele>15.791230195201933</ele>
        <time>2026-09-18T00:32:51.500000Z</time>
        <extensions>
          <gpxtpx:TrackPointExtension>
            <gpxtpx:hr>110</gpxtpx:hr>
          </gpxtpx:TrackPointExtension>
        </extensions>
      </trkpt>
      <trkpt lat="22.5434903715008" lon="114.08829618806436">
        <ele>15.931052683852613</ele>
        <time>2026-09-18T00:32:52.500000Z</time>
        <extensions>
          <gpxtpx:TrackPointExtension>
            <gpxtpx:hr>110</gpxtpx:hr>
          </gpxtpx:TrackPointExtension>
        </extensions>
      </trkpt>
      <trkpt lat="22.54349209451309" lon="114.08828064001021">
        <ele>16.079306888394058</ele>
        <time>2026-09-18T00:32:53.500000Z</time>
        <extensions>
          <gpxtpx:TrackPointExtension>
            <gpxtpx:hr>110</gpxtpx:hr>
          </gpxtpx:TrackPointExtension>
        </extensions>
      </trkpt>
      <trkpt lat="22.543494035475522" lon="114.08826477767157">
        <ele>16.24080258514732</ele>
        <time>2026-09-18T00:32:54.500000Z</time>
        <extensions>
          <gpxtpx:TrackPointExtension>
            <gpxtpx:hr>110</gpxtpx:hr>
          </gpxtpx:TrackPointExtension>
        </extensions>
      </trkpt>
      <trkpt lat="22.543495482067165" lon="114.08824878142471">
        <ele>16.4286751113832</ele>
        <time>2026-09-18T00:32:55.500000Z</time>
        <extensions>
          <gpxtpx:TrackPointExtension>
            <gpxtpx:hr>112</gpxtpx:hr>
          </gpxtpx:TrackPointExtension>
        </extensions>
      </trkpt>
      <trkpt lat="22.543495943288338" lon="114.0882329567133">
        <ele>16.639401867054403</ele>
        <time>2026-09-18T00:32:56.500000Z</time>
        <extensions>
          <gpxtpx:TrackPointExtension>
            <gpxtpx:hr>112</gpxtpx:hr>
          </gpxtpx:TrackPointExtension>
        </extensions>
      </trkpt>
      <trkpt lat="22.543495677585554" lon="114.08821737655735">
        <ele>16.86706969048828</ele>
        <time>2026-09-18T00:32:57.500000Z</time>
        <extensions>
          <gpxtpx:TrackPointExtension>
            <gpxtpx:hr>112</gpxtpx:hr>
          </gpxtpx:TrackPointExtension>
        </extensions>
      </trkpt>
      <trkpt lat="22.54349508757417" lon="114.08820197762275">
        <ele>17.118398354388773</ele>
        <time>2026-09-18T00:32:58.500000Z</time>
        <extensions>
          <gpxtpx:TrackPointExtension>
            <gpxtpx:hr>112</gpxtpx:hr>
          </gpxtpx:TrackPointExtension>
        </extensions>
      </trkpt>
      <trkpt lat="22.543494028944966" lon="114.08818704025599">
        <ele>17.39417432807386</ele>
        <time>2026-09-18T00:32:59.500000Z</time>
        <extensions>
          <gpxtpx:TrackPointExtension>
            <gpxtpx:hr>112</gpxtpx:hr>
          </gpxtpx:TrackPointExtension>
        </extensions>
      </trkpt>
      <trkpt lat="22.543492661984303" lon="114.08817321342083">
        <ele>17.675406076945364</ele>
        <time>2026-09-18T00:33:00.500000Z</time>
        <extensions>
          <gpxtpx:TrackPointExtension>
            <gpxtpx:hr>112</gpxtpx:hr>
          </gpxtpx:TrackPointExtension>
        </extensions>
      </trkpt>
      <trkpt lat="22.54349130428022" lon="114.08816002686783">
        <ele>17.937906791456044</ele>
        <time>2026-09-18T00:33:01.500000Z</time>
        <extensions>
          <gpxtpx:TrackPointExtension>
            <gpxtpx:hr>112</gpxtpx:hr>
          </gpxtpx:TrackPointExtension>
        </extensions>
      </trkpt>
      <trkpt lat="22.54348999435487" lon="114.08814622455412">
        <ele>18.18576328177005</ele>
        <time>2026-09-18T00:33:02.500000Z</time>
        <extensions>
          <gpxtpx:TrackPointExtension>
            <gpxtpx:hr>112</gpxtpx:hr>
          </gpxtpx:TrackPointExtension>
        </extensions>
      </trkpt>
      <trkpt lat="22.5434888637342" lon="114.0881317429745">
        <ele>18.42368917632848</ele>
        <time>2026-09-18T00:33:03.500000Z</time>
        <extensions>
          <gpxtpx:TrackPointExtension>
            <gpxtpx:hr>112</gpxtpx:hr>
          </gpxtpx:TrackPointExtension>
        </extensions>
      </trkpt>
      <trkpt lat="22.543487899454522" lon="114.08811717880182">
        <ele>18.641761627048254</ele>
        <time>2026-09-18T00:33:04.500000Z</time>
        <extensions>
          <gpxtpx:TrackPointExtension>
            <gpxtpx:hr>111</gpxtpx:hr>
          </gpxtpx:TrackPointExtension>
        </extensions>
      </trkpt>
      <trkpt lat="22.543487389486163" lon="114.08810276660957">
        <ele>18.844658688642085</ele>
        <time>2026-09-18T00:33:05.500000Z</time>
        <extensions>
          <gpxtpx:TrackPointExtension>
            <gpxtpx:hr>111</gpxtpx:hr>
          </gpxtpx:TrackPointExtension>
        </extensions>
      </trkpt>
      <trkpt lat="22.54348749674042" lon="114.08808917386871">
        <ele>19.040608468465507</ele>
        <time>2026-09-18T00:33:06.500000Z</time>
        <extensions>
          <gpxtpx:TrackPointExtension>
            <gpxtpx:hr>111</gpxtpx:hr>
          </gpxtpx:TrackPointExtension>
        </extensions>
      </trkpt>
      <trkpt lat="22.543487089964955" lon="114.08807757963868">
        <ele>19.17080284934491</ele>
        <time>2026-09-18T00:33:07.500000Z</time>
        <extensions>
          <gpxtpx:TrackPointExtension>
            <gpxtpx:hr>111</gpxtpx:hr>
          </gpxtpx:TrackPointExtension>
        </extensions>
      </trkpt>
      <trkpt lat="22.54348617812581" lon="114.08806808908524">
        <ele>19.301031136885285</ele>
        <time>2026-09-18T00:33:08.500000Z</time>
        <extensions>
          <gpxtpx:TrackPointExtension>
            <gpxtpx:hr>111</gpxtpx:hr>
          </gpxtpx:TrackPointExtension>
        </extensions>
      </trkpt>
      <trkpt lat="22.54348553612486" lon="114.08805931319435">
        <ele>19.407596338540316</ele>
        <time>2026-09-18T00:33:09.500000Z</time>
        <extensions>
          <gpxtpx:TrackPointExtension>
            <gpxtpx:hr>111</gpxtpx:hr>
          </gpxtpx:TrackPointExtension>
        </extensions>
      </trkpt>
      <trkpt lat="22.543485157114613" lon="114.08805022486271">
        <ele>19.50401647668332</ele>
        <time>2026-09-18T00:33:10.500000Z</time>
        <extensions>
          <gpxtpx:TrackPointExtension>
            <gpxtpx:hr>113</gpxtpx:hr>
          </gpxtpx:TrackPointExtension>
        </extensions>
      </trkpt>
      <trkpt lat="22.543485311606585" lon="114.08804018354111">
        <ele>19.577630538493395</ele>
        <time>2026-09-18T00:33:11.500000Z</time>
        <extensions>
          <gpxtpx:TrackPointExtension>
            <gpxtpx:hr>113</gpxtpx:hr>
          </gpxtpx:TrackPointExtension>
        </extensions>
      </trkpt>
      <trkpt lat="22.54348646737881" lon="114.08802899635499">
        <ele>19.66030828654766</ele>
        <time>2026-09-18T00:33:12.500000Z</time>
        <extensions>
          <gpxtpx:TrackPointExtension>
            <gpxtpx:hr>113</gpxtpx:hr>
          </gpxtpx:TrackPointExtension>
        </extensions>
      </trkpt>
      <trkpt lat="22.543488537260522" lon="114.08801710678505">
        <ele>19.705003884620965</ele>
        <time>2026-09-18T00:33:13.500000Z</time>
        <extensions>
          <gpxtpx:TrackPointExtension>
            <gpxtpx:hr>113</gpxtpx:hr>
          </gpxtpx:TrackPointExtension>
        </extensions>
      </trkpt>
      <trkpt lat="22.54349088688039" lon="114.08800471375515">
        <ele>19.66186446044594</ele>
        <time>2026-09-18T00:33:14.500000Z</time>
        <extensions>
          <gpxtpx:TrackPointExtension>
            <gpxtpx:hr>113</gpxtpx:hr>
          </gpxtpx:TrackPointExtension>
        </extensions>
      </trkpt>
      <trkpt lat="22.543492818223463" lon="114.08799143706837">
        <ele>19.59991059731692</ele>
        <time>2026-09-18T00:33:15.500000Z</time>
        <extensions>
          <gpxtpx:TrackPointExtension>
            <gpxtpx:hr>113</gpxtpx:hr>
          </gpxtpx:TrackPointExtension>
        </extensions>
      </trkpt>
      <trkpt lat="22.543493889469694" lon="114.08797849111772">
        <ele>19.50927451159805</ele>
        <time>2026-09-18T00:33:16.500000Z</time>
        <extensions>
          <gpxtpx:TrackPointExtension>
            <gpxtpx:hr>113</gpxtpx:hr>
          </gpxtpx:TrackPointExtension>
        </extensions>
      </trkpt>
      <trkpt lat="22.54349384724604" lon="114.08796745020642">
        <ele>19.428419726900756</ele>
        <time>2026-09-18T00:33:17.500000Z</time>
        <extensions>
          <gpxtpx:TrackPointExtension>
            <gpxtpx:hr>113</gpxtpx:hr>
          </gpxtpx:TrackPointExtension>
        </extensions>
      </trkpt>
      <trkpt lat="22.543493546685855" lon="114.08795713141815">
        <ele>19.343319850973785</ele>
        <time>2026-09-18T00:33:18.500000Z</time>
        <extensions>
          <gpxtpx:TrackPointExtension>
            <gpxtpx:hr>113</gpxtpx:hr>
          </gpxtpx:TrackPointExtension>
        </extensions>
      </trkpt>
      <trkpt lat="22.543494488587566" lon="114.087944360045">
        <ele>19.263625592924654</ele>
        <time>2026-09-18T00:33:19.500000Z</time>
        <extensions>
          <gpxtpx:TrackPointExtension>
            <gpxtpx:hr>113</gpxtpx:hr>
          </gpxtpx:TrackPointExtension>
        </extensions>
      </trkpt>
      <trkpt lat="22.543496354263066" lon="114.08792945696115">
        <ele>19.20771871879697</ele>
        <time>2026-09-18T00:33:20.500000Z</time>
        <extensions>
          <gpxtpx:TrackPointExtension>
            <gpxtpx:hr>117</gpxtpx:hr>
          </gpxtpx:TrackPointExtension>
        </extensions>
      </trkpt>
      <trkpt lat="22.54349810149108" lon="114.08791445985113">
        <ele>19.16467717755586</ele>
        <time>2026-09-18T00:33:21.500000Z</time>
        <extensions>
          <gpxtpx:TrackPointExtension>
            <gpxtpx:hr>117</gpxtpx:hr>
          </gpxtpx:TrackPointExtension>
        </extensions>
      </trkpt>
      <trkpt lat="22.543499374767944" lon="114.08790033476556">
        <ele>19.10967896785587</ele>
        <time>2026-09-18T00:33:22.500000Z</time>
        <extensions>
          <gpxtpx:TrackPointExtension>
            <gpxtpx:hr>117</gpxtpx:hr>
          </gpxtpx:TrackPointExtension>
        </extensions>
      </trkpt>
      <trkpt lat="22.54349983697544" lon="114.0878865853449">
        <ele>19.04344722162932</ele>
        <time>2026-09-18T00:33:23.500000Z</time>
        <extensions>
          <gpxtpx:TrackPointExtension>
            <gpxtpx:hr>117</gpxtpx:hr>
          </gpxtpx:TrackPointExtension>
        </extensions>
      </trkpt>
      <trkpt lat="22.543499397921106" lon="114.08787272539493">
        <ele>18.962870142422616</ele>
        <time>2026-09-18T00:33:24.500000Z</time>
        <extensions>
          <gpxtpx:TrackPointExtension>
            <gpxtpx:hr>117</gpxtpx:hr>
          </gpxtpx:TrackPointExtension>
        </extensions>
      </trkpt>
      <trkpt lat="22.54349836337582" lon="114.08785978653131">
        <ele>18.87752799037844</ele>
        <time>2026-09-18T00:33:25.500000Z</time>
        <extensions>
          <gpxtpx:TrackPointExtension>
            <gpxtpx:hr>117</gpxtpx:hr>
          </gpxtpx:TrackPointExtension>
        </extensions>
      </trkpt>
      <trkpt lat="22.5434967475723" lon="114.0878480647201">
        <ele>18.80645978357643</ele>
        <time>2026-09-18T00:33:26.500000Z</time>
        <extensions>
          <gpxtpx:TrackPointExtension>
            <gpxtpx:hr>117</gpxtpx:hr>
          </gpxtpx:TrackPointExtension>
        </extensions>
      </trkpt>
      <trkpt lat="22.54349417715045" lon="114.08783693898528">
        <ele>18.7571176616475</ele>
        <time>2026-09-18T00:33:27.500000Z</time>
        <extensions>
          <gpxtpx:TrackPointExtension>
            <gpxtpx:hr>117</gpxtpx:hr>
          </gpxtpx:TrackPointExtension>
        </extensions>
      </trkpt>
      <trkpt lat="22.543490644626253" lon="114.08782700154542">
        <ele>18.739754045382142</ele>
        <time>2026-09-18T00:33:28.500000Z</time>
        <extensions>
          <gpxtpx:TrackPointExtension>
            <gpxtpx:hr>117</gpxtpx:hr>
          </gpxtpx:TrackPointExtension>
        </extensions>
      </trkpt>
      <trkpt lat="22.543486354431142" lon="114.08781846266834">
        <ele>18.715698033571243</ele>
        <time>2026-09-18T00:33:29.500000Z</time>
        <extensions>
          <gpxtpx:TrackPointExtension>
            <gpxtpx:hr>117</gpxtpx:hr>
          </gpxtpx:TrackPointExtension>
        </extensions>
      </trkpt>
      <trkpt lat="22.5434815651343" lon="114.08781027463053">
        <ele>18.718969550915062</ele>
        <time>2026-09-18T00:33:30.500000Z</time>
        <extensions>
          <gpxtpx:TrackPointExtension>
            <gpxtpx:hr>113</gpxtpx:hr>
          </gpxtpx:TrackPointExtension>
        </extensions>
      </trkpt>
      <trkpt lat="22.543475875379297" lon="114.08780188343461">
        <ele>18.721854522824287</ele>
        <time>2026-09-18T00:33:31.500000Z</time>
        <extensions>
          <gpxtpx:TrackPointExtension>
            <gpxtpx:hr>113</gpxtpx:hr>
          </gpxtpx:TrackPointExtension>
        </extensions>
      </trkpt>
      <trkpt lat="22.54346923827979" lon="114.08779238799463">
        <ele>18.730708464048803</ele>
        <time>2026-09-18T00:33:32.500000Z</time>
        <extensions>
          <gpxtpx:TrackPointExtension>
            <gpxtpx:hr>113</gpxtpx:hr>
          </gpxtpx:TrackPointExtension>
        </extensions>
      </trkpt>
      <trkpt lat="22.543462749714603" lon="114.08778102736653">
        <ele>18.759019542485476</ele>
        <time>2026-09-18T00:33:33.500000Z</time>
        <extensions>
          <gpxtpx:TrackPointExtension>
            <gpxtpx:hr>113</gpxtpx:hr>
          </gpxtpx:TrackPointExtension>
        </extensions>
      </trkpt>
      <trkpt lat="22.543456840670842" lon="114.08776749971314">
        <ele>18.82532322779298</ele>
        <time>2026-09-18T00:33:34.500000Z</time>
        <extensions>
          <gpxtpx:TrackPointExtension>
            <gpxtpx:hr>113</gpxtpx:hr>
          </gpxtpx:TrackPointExtension>
        </extensions>
      </trkpt>
      <trkpt lat="22.5434519748161" lon="114.0877533542545">
        <ele>18.89693772420287</ele>
        <time>2026-09-18T00:33:35.500000Z</time>
        <extensions>
          <gpxtpx:TrackPointExtension>
            <gpxtpx:hr>113</gpxtpx:hr>
          </gpxtpx:TrackPointExtension>
        </extensions>
      </trkpt>
      <trkpt lat="22.543447310531207" lon="114.08773969545958">
        <ele>18.988487035036087</ele>
        <time>2026-09-18T00:33:36.500000Z</time>
        <extensions>
          <gpxtpx:TrackPointExtension>
            <gpxtpx:hr>113</gpxtpx:hr>
          </gpxtpx:TrackPointExtension>
        </extensions>
      </trkpt>
      <trkpt lat="22.543441112626805" lon="114.08772611464202">
        <ele>19.099442655220628</ele>
        <time>2026-09-18T00:33:37.500000Z</time>
        <extensions>
          <gpxtpx:TrackPointExtension>
            <gpxtpx:hr>113</gpxtpx:hr>
          </gpxtpx:TrackPointExtension>
        </extensions>
      </trkpt>
      <trkpt lat="22.543433120184844" lon="114.08771215291641">
        <ele>19.237377408891916</ele>
        <time>2026-09-18T00:33:38.500000Z</time>
        <extensions>
          <gpxtpx:TrackPointExtension>
            <gpxtpx:hr>113</gpxtpx:hr>
          </gpxtpx:TrackPointExtension>
        </extensions>
      </trkpt>
      <trkpt lat="22.54342375255425" lon="114.08769767512891">
        <ele>19.40477159526199</ele>
        <time>2026-09-18T00:33:39.500000Z</time>
        <extensions>
          <gpxtpx:TrackPointExtension>
            <gpxtpx:hr>115</gpxtpx:hr>
          </gpxtpx:TrackPointExtension>
        </extensions>
      </trkpt>
      <trkpt lat="22.543413645445348" lon="114.08768294980008">
        <ele>19.603088779374957</ele>
        <time>2026-09-18T00:33:40.500000Z</time>
        <extensions>
          <gpxtpx:TrackPointExtension>
            <gpxtpx:hr>115</gpxtpx:hr>
          </gpxtpx:TrackPointExtension>
        </extensions>
      </trkpt>
      <trkpt lat="22.5434031815672" lon="114.08766747420677">
        <ele>19.79050530400127</ele>
        <time>2026-09-18T00:33:41.500000Z</time>
        <extensions>
          <gpxtpx:TrackPointExtension>
            <gpxtpx:hr>115</gpxtpx:hr>
          </gpxtpx:TrackPointExtension>
        </extensions>
      </trkpt>
      <trkpt lat="22.54339201240479" lon="114.08765095587837">
        <ele>19.983795885927975</ele>
        <time>2026-09-18T00:33:42.500000Z</time>
        <extensions>
          <gpxtpx:TrackPointExtension>
            <gpxtpx:hr>115</gpxtpx:hr>
          </gpxtpx:TrackPointExtension>
        </extensions>
      </trkpt>
      <trkpt lat="22.543379484866144" lon="114.08763413107572">
        <ele>20.199204553849995</ele>
        <time>2026-09-18T00:33:43.500000Z</time>
        <extensions>
          <gpxtpx:TrackPointExtension>
            <gpxtpx:hr>115</gpxtpx:hr>
          </gpxtpx:TrackPointExtension>
        </extensions>
      </trkpt>
      <trkpt lat="22.54336528861415" lon="114.08761905009503">
        <ele>20.42926873266697</ele>
        <time>2026-09-18T00:33:44.500000Z</time>
        <extensions>
          <gpxtpx:TrackPointExtension>
            <gpxtpx:hr>116</gpxtpx:hr>
          </gpxtpx:TrackPointExtension>
        </extensions>
      </trkpt>
      <trkpt lat="22.54334936183135" lon="114.08760608966605">
        <ele>20.65804936736822</ele>
        <time>2026-09-18T00:33:45.500000Z</time>
        <extensions>
          <gpxtpx:TrackPointExtension>
            <gpxtpx:hr>116</gpxtpx:hr>
          </gpxtpx:TrackPointExtension>
        </extensions>
      </trkpt>
      <trkpt lat="22.543332379421905" lon="114.08759395916631">
        <ele>20.874507195316255</ele>
        <time>2026-09-18T00:33:46.500000Z</time>
        <extensions>
          <gpxtpx:TrackPointExtension>
            <gpxtpx:hr>116</gpxtpx:hr>
          </gpxtpx:TrackPointExtension>
        </extensions>
      </trkpt>
      <trkpt lat="22.543316484968972" lon="114.0875823712755">
        <ele>21.076677880249918</ele>
        <time>2026-09-18T00:33:47.500000Z</time>
        <extensions>
          <gpxtpx:TrackPointExtension>
            <gpxtpx:hr>116</gpxtpx:hr>
          </gpxtpx:TrackPointExtension>
        </extensions>
      </trkpt>
      <trkpt lat="22.543302708111938" lon="114.08757106644546">
        <ele>21.27312057558447</ele>
        <time>2026-09-18T00:33:48.500000Z</time>
        <extensions>
          <gpxtpx:TrackPointExtension>
            <gpxtpx:hr>116</gpxtpx:hr>
          </gpxtpx:TrackPointExtension>
        </extensions>
      </trkpt>
      <trkpt lat="22.543290468961537" lon="114.08755858910786">
        <ele>21.4542806269601</ele>
        <time>2026-09-18T00:33:49.500000Z</time>
        <extensions>
          <gpxtpx:TrackPointExtension>
            <gpxtpx:hr>116</gpxtpx:hr>
          </gpxtpx:TrackPointExtension>
        </extensions>
      </trkpt>
      <trkpt lat="22.5432809888448" lon="114.08754504130302">
        <ele>21.61109210550785</ele>
        <time>2026-09-18T00:33:50.500000Z</time>
        <extensions>
          <gpxtpx:TrackPointExtension>
            <gpxtpx:hr>116</gpxtpx:hr>
          </gpxtpx:TrackPointExtension>
        </extensions>
      </trkpt>
      <trkpt lat="22.54327456441916" lon="114.08753095212482">
        <ele>21.770522746257484</ele>
        <time>2026-09-18T00:33:51.500000Z</time>
        <extensions>
          <gpxtpx:TrackPointExtension>
            <gpxtpx:hr>116</gpxtpx:hr>
          </gpxtpx:TrackPointExtension>
        </extensions>
      </trkpt>
      <trkpt lat="22.54327039934539" lon="114.08751616597947">
        <ele>21.923191123642027</ele>
        <time>2026-09-18T00:33:52.500000Z</time>
        <extensions>
          <gpxtpx:TrackPointExtension>
            <gpxtpx:hr>116</gpxtpx:hr>
          </gpxtpx:TrackPointExtension>
        </extensions>
      </trkpt>
      <trkpt lat="22.54326818428838" lon="114.08750141635522">
        <ele>22.074550996534526</ele>
        <time>2026-09-18T00:33:53.500000Z</time>
        <extensions>
          <gpxtpx:TrackPointExtension>
            <gpxtpx:hr>116</gpxtpx:hr>
          </gpxtpx:TrackPointExtension>
        </extensions>
      </trkpt>
      <trkpt lat="22.543266885700177" lon="114.08748725298891">
        <ele>22.237103031016886</ele>
        <time>2026-09-18T00:33:54.500000Z</time>
        <extensions>
          <gpxtpx:TrackPointExtension>
            <gpxtpx:hr>116</gpxtpx:hr>
          </gpxtpx:TrackPointExtension>
        </extensions>
      </trkpt>
      <trkpt lat="22.543265714009674" lon="114.08747363983645">
        <ele>22.411567628383636</ele>
        <time>2026-09-18T00:33:55.500000Z</time>
        <extensions>
          <gpxtpx:TrackPointExtension>
            <gpxtpx:hr>116</gpxtpx:hr>
          </gpxtpx:TrackPointExtension>
        </extensions>
      </trkpt>
      <trkpt lat="22.543264543590897" lon="114.08746078173975">
        <ele>22.59638859052211</ele>
        <time>2026-09-18T00:33:56.500000Z</time>
        <extensions>
          <gpxtpx:TrackPointExtension>
            <gpxtpx:hr>114</gpxtpx:hr>
          </gpxtpx:TrackPointExtension>
        </extensions>
      </trkpt>
      <trkpt lat="22.54326328720251" lon="114.0874493304373">
        <ele>22.82858314551413</ele>
        <time>2026-09-18T00:33:57.500000Z</time>
        <extensions>
          <gpxtpx:TrackPointExtension>
            <gpxtpx:hr>114</gpxtpx:hr>
          </gpxtpx:TrackPointExtension>
        </extensions>
      </trkpt>
      <trkpt lat="22.543262235110276" lon="114.08743916066506">
        <ele>23.080194539390504</ele>
        <time>2026-09-18T00:33:58.500000Z</time>
        <extensions>
          <gpxtpx:TrackPointExtension>
            <gpxtpx:hr>114</gpxtpx:hr>
          </gpxtpx:TrackPointExtension>
        </extensions>
      </trkpt>
      <trkpt lat="22.54326158782997" lon="114.08742959934088">
        <ele>23.355364378541708</ele>
        <time>2026-09-18T00:33:59.500000Z</time>
        <extensions>
          <gpxtpx:TrackPointExtension>
            <gpxtpx:hr>114</gpxtpx:hr>
          </gpxtpx:TrackPointExtension>
        </extensions>
      </trkpt>
      <trkpt lat="22.543261609944274" lon="114.08741915876817">
        <ele>23.668150605633855</ele>
        <time>2026-09-18T00:34:00.500000Z</time>
        <extensions>
          <gpxtpx:TrackPointExtension>
            <gpxtpx:hr>114</gpxtpx:hr>
          </gpxtpx:TrackPointExtension>
        </extensions>
      </trkpt>
      <trkpt lat="22.543262117516612" lon="114.08740706196743">
        <ele>23.98935880511999</ele>
        <time>2026-09-18T00:34:01.500000Z</time>
        <extensions>
          <gpxtpx:TrackPointExtension>
            <gpxtpx:hr>114</gpxtpx:hr>
          </gpxtpx:TrackPointExtension>
        </extensions>
      </trkpt>
      <trkpt lat="22.543262219590623" lon="114.0873942793561">
        <ele>24.33795907627791</ele>
        <time>2026-09-18T00:34:02.500000Z</time>
        <extensions>
          <gpxtpx:TrackPointExtension>
            <gpxtpx:hr>114</gpxtpx:hr>
          </gpxtpx:TrackPointExtension>
        </extensions>
      </trkpt>
      <trkpt lat="22.543261764894094" lon="114.08738123227403">
        <ele>24.69576113112271</ele>
        <time>2026-09-18T00:34:03.500000Z</time>
        <extensions>
          <gpxtpx:TrackPointExtension>
            <gpxtpx:hr>114</gpxtpx:hr>
          </gpxtpx:TrackPointExtension>
        </extensions>
      </trkpt>
      <trkpt lat="22.54326084722435" lon="114.0873682569353">
        <ele>25.090786047279835</ele>
        <time>2026-09-18T00:34:04.500000Z</time>
        <extensions>
          <gpxtpx:TrackPointExtension>
            <gpxtpx:hr>114</gpxtpx:hr>
          </gpxtpx:TrackPointExtension>
        </extensions>
      </trkpt>
      <trkpt lat="22.54325917506343" lon="114.08735578649443">
        <ele>25.512739556841552</ele>
        <time>2026-09-18T00:34:05.500000Z</time>
        <extensions>
          <gpxtpx:TrackPointExtension>
            <gpxtpx:hr>113</gpxtpx:hr>
          </gpxtpx:TrackPointExtension>
        </extensions>
      </trkpt>
      <trkpt lat="22.543256952726054" lon="114.08734444260695">
        <ele>25.94832086097449</ele>
        <time>2026-09-18T00:34:06.500000Z</time>
        <extensions>
          <gpxtpx:TrackPointExtension>
            <gpxtpx:hr>113</gpxtpx:hr>
          </gpxtpx:TrackPointExtension>
        </extensions>
      </trkpt>
      <trkpt lat="22.54325455608361" lon="114.0873346573121">
        <ele>26.3966081161052</ele>
        <time>2026-09-18T00:34:07.500000Z</time>
        <extensions>
          <gpxtpx:TrackPointExtension>
            <gpxtpx:hr>113</gpxtpx:hr>
          </gpxtpx:TrackPointExtension>
        </extensions>
      </trkpt>
      <trkpt lat="22.54325163067273" lon="114.08732630472703">
        <ele>26.83262499794364</ele>
        <time>2026-09-18T00:34:08.500000Z</time>
        <extensions>
          <gpxtpx:TrackPointExtension>
            <gpxtpx:hr>113</gpxtpx:hr>
          </gpxtpx:TrackPointExtension>
        </extensions>
      </trkpt>
      <trkpt lat="22.543247524468313" lon="114.08731841882698">
        <ele>27.24643419776112</ele>
        <time>2026-09-18T00:34:09.500000Z</time>
        <extensions>
          <gpxtpx:TrackPointExtension>
            <gpxtpx:hr>113</gpxtpx:hr>
          </gpxtpx:TrackPointExtension>
        </extensions>
      </trkpt>
      <trkpt lat="22.543242564759023" lon="114.08730991308899">
        <ele>27.6310278121382</ele>
        <time>2026-09-18T00:34:10.500000Z</time>
        <extensions>
          <gpxtpx:TrackPointExtension>
            <gpxtpx:hr>113</gpxtpx:hr>
          </gpxtpx:TrackPointExtension>
        </extensions>
      </trkpt>
      <trkpt lat="22.54323706683156" lon="114.08730027053946">
        <ele>27.998875696212053</ele>
        <time>2026-09-18T00:34:11.500000Z</time>
        <extensions>
          <gpxtpx:TrackPointExtension>
            <gpxtpx:hr>113</gpxtpx:hr>
          </gpxtpx:TrackPointExtension>
        </extensions>
      </trkpt>
      <trkpt lat="22.54323114373512" lon="114.08728966321758">
        <ele>28.334896217100322</ele>
        <time>2026-09-18T00:34:12.500000Z</time>
        <extensions>
          <gpxtpx:TrackPointExtension>
            <gpxtpx:hr>113</gpxtpx:hr>
          </gpxtpx:TrackPointExtension>
        </extensions>
      </trkpt>
      <trkpt lat="22.543225163728312" lon="114.08727847499888">
        <ele>28.641619868576527</ele>
        <time>2026-09-18T00:34:13.500000Z</time>
        <extensions>
          <gpxtpx:TrackPointExtension>
            <gpxtpx:hr>113</gpxtpx:hr>
          </gpxtpx:TrackPointExtension>
        </extensions>
      </trkpt>
      <trkpt lat="22.543219296940993" lon="114.08726679366251">
        <ele>28.916869861073792</ele>
        <time>2026-09-18T00:34:14.500000Z</time>
        <extensions>
          <gpxtpx:TrackPointExtension>
            <gpxtpx:hr>113</gpxtpx:hr>
          </gpxtpx:TrackPointExtension>
        </extensions>
      </trkpt>
      <trkpt lat="22.543214031848517" lon="114.0872543894291">
        <ele>29.155441048555076</ele>
        <time>2026-09-18T00:34:15.500000Z</time>
        <extensions>
          <gpxtpx:TrackPointExtension>
            <gpxtpx:hr>113</gpxtpx:hr>
          </gpxtpx:TrackPointExtension>
        </extensions>
      </trkpt>
      <trkpt lat="22.54320963512841" lon="114.0872411426746">
        <ele>29.35374851897359</ele>
        <time>2026-09-18T00:34:16.500000Z</time>
        <extensions>
          <gpxtpx:TrackPointExtension>
            <gpxtpx:hr>112</gpxtpx:hr>
          </gpxtpx:TrackPointExtension>
        </extensions>
      </trkpt>
      <trkpt lat="22.543206252214716" lon="114.08722725444235">
        <ele>29.500353548675776</ele>
        <time>2026-09-18T00:34:17.500000Z</time>
        <extensions>
          <gpxtpx:TrackPointExtension>
            <gpxtpx:hr>112</gpxtpx:hr>
          </gpxtpx:TrackPointExtension>
        </extensions>
      </trkpt>
      <trkpt lat="22.543203670949875" lon="114.08721290115861">
        <ele>29.600944811478257</ele>
        <time>2026-09-18T00:34:18.500000Z</time>
        <extensions>
          <gpxtpx:TrackPointExtension>
            <gpxtpx:hr>112</gpxtpx:hr>
          </gpxtpx:TrackPointExtension>
        </extensions>
      </trkpt>
      <trkpt lat="22.543201348944205" lon="114.08719855617841">
        <ele>29.66235958226025</ele>
        <time>2026-09-18T00:34:19.500000Z</time>
        <extensions>
          <gpxtpx:TrackPointExtension>
            <gpxtpx:hr>112</gpxtpx:hr>
          </gpxtpx:TrackPointExtension>
        </extensions>
      </trkpt>
      <trkpt lat="22.54319956290312" lon="114.08718366291777">
        <ele>29.663419391028583</ele>
        <time>2026-09-18T00:34:20.500000Z</time>
        <extensions>
          <gpxtpx:TrackPointExtension>
            <gpxtpx:hr>112</gpxtpx:hr>
          </gpxtpx:TrackPointExtension>
        </extensions>
      </trkpt>
      <trkpt lat="22.543198599593214" lon="114.0871677585485">
        <ele>29.621075877919793</ele>
        <time>2026-09-18T00:34:21.500000Z</time>
        <extensions>
          <gpxtpx:TrackPointExtension>
            <gpxtpx:hr>113</gpxtpx:hr>
          </gpxtpx:TrackPointExtension>
        </extensions>
      </trkpt>
      <trkpt lat="22.543198838487573" lon="114.08715171756721">
        <ele>29.56944573763758</ele>
        <time>2026-09-18T00:34:22.500000Z</time>
        <extensions>
          <gpxtpx:TrackPointExtension>
            <gpxtpx:hr>113</gpxtpx:hr>
          </gpxtpx:TrackPointExtension>
        </extensions>
      </trkpt>
      <trkpt lat="22.543199908758968" lon="114.08713579943995">
        <ele>29.488585947081447</ele>
        <time>2026-09-18T00:34:23.500000Z</time>
        <extensions>
          <gpxtpx:TrackPointExtension>
            <gpxtpx:hr>113</gpxtpx:hr>
          </gpxtpx:TrackPointExtension>
        </extensions>
      </trkpt>
      <trkpt lat="22.543201404317482" lon="114.08711939862084">
        <ele>29.373089419677854</ele>
        <time>2026-09-18T00:34:24.500000Z</time>
        <extensions>
          <gpxtpx:TrackPointExtension>
            <gpxtpx:hr>113</gpxtpx:hr>
          </gpxtpx:TrackPointExtension>
        </extensions>
      </trkpt>
      <trkpt lat="22.54320314308798" lon="114.0871026485799">
        <ele>29.261476499959826</ele>
        <time>2026-09-18T00:34:25.500000Z</time>
        <extensions>
          <gpxtpx:TrackPointExtension>
            <gpxtpx:hr>113</gpxtpx:hr>
          </gpxtpx:TrackPointExtension>
        </extensions>
      </trkpt>
      <trkpt lat="22.543205006605024" lon="114.08708653335991">
        <ele>29.14646350964904</ele>
        <time>2026-09-18T00:34:26.500000Z</time>
        <extensions>
          <gpxtpx:TrackPointExtension>
            <gpxtpx:hr>113</gpxtpx:hr>
          </gpxtpx:TrackPointExtension>
        </extensions>
      </trkpt>
      <trkpt lat="22.543206581084824" lon="114.08707138275109">
        <ele>29.065428655594587</ele>
        <time>2026-09-18T00:34:27.500000Z</time>
        <extensions>
          <gpxtpx:TrackPointExtension>
            <gpxtpx:hr>113</gpxtpx:hr>
          </gpxtpx:TrackPointExtension>
        </extensions>
      </trkpt>
      <trkpt lat="22.54320783625525" lon="114.08705613350406">
        <ele>29.002529967576265</ele>
        <time>2026-09-18T00:34:28.500000Z</time>
        <extensions>
          <gpxtpx:TrackPointExtension>
            <gpxtpx:hr>113</gpxtpx:hr>
          </gpxtpx:TrackPointExtension>
        </extensions>
      </trkpt>
      <trkpt lat="22.543208696530375" lon="114.08704094016701">
        <ele>28.969929579645395</ele>
        <time>2026-09-18T00:34:29.500000Z</time>
        <extensions>
          <gpxtpx:TrackPointExtension>
            <gpxtpx:hr>113</gpxtpx:hr>
          </gpxtpx:TrackPointExtension>
        </extensions>
      </trkpt>
      <trkpt lat="22.543209544185352" lon="114.08702604907967">
        <ele>28.962657529860735</ele>
        <time>2026-09-18T00:34:30.500000Z</time>
        <extensions>
          <gpxtpx:TrackPointExtension>
            <gpxtpx:hr>113</gpxtpx:hr>
          </gpxtpx:TrackPointExtension>
        </extensions>
      </trkpt>
      <trkpt lat="22.54321118441928" lon="114.08701019741375">
        <ele>28.999961101450026</ele>
        <time>2026-09-18T00:34:31.500000Z</time>
        <extensions>
          <gpxtpx:TrackPointExtension>
            <gpxtpx:hr>113</gpxtpx:hr>
          </gpxtpx:TrackPointExtension>
        </extensions>
      </trkpt>
      <trkpt lat="22.54321371126283" lon="114.08699332802364">
        <ele>29.065579534508288</ele>
        <time>2026-09-18T00:34:32.500000Z</time>
        <extensions>
          <gpxtpx:TrackPointExtension>
            <gpxtpx:hr>113</gpxtpx:hr>
          </gpxtpx:TrackPointExtension>
        </extensions>
      </trkpt>
      <trkpt lat="22.54321679239039" lon="114.08697651047831">
        <ele>29.155945009551942</ele>
        <time>2026-09-18T00:34:33.500000Z</time>
        <extensions>
          <gpxtpx:TrackPointExtension>
            <gpxtpx:hr>113</gpxtpx:hr>
          </gpxtpx:TrackPointExtension>
        </extensions>
      </trkpt>
      <trkpt lat="22.543220668600767" lon="114.08696070302852">
        <ele>29.269760645926</ele>
        <time>2026-09-18T00:34:34.500000Z</time>
        <extensions>
          <gpxtpx:TrackPointExtension>
            <gpxtpx:hr>113</gpxtpx:hr>
          </gpxtpx:TrackPointExtension>
        </extensions>
      </trkpt>
      <trkpt lat="22.54322553617608" lon="114.0869461834946">
        <ele>29.402128653600812</ele>
        <time>2026-09-18T00:34:35.500000Z</time>
        <extensions>
          <gpxtpx:TrackPointExtension>
            <gpxtpx:hr>113</gpxtpx:hr>
          </gpxtpx:TrackPointExtension>
        </extensions>
      </trkpt>
      <trkpt lat="22.543231434467337" lon="114.08693260080278">
        <ele>29.55475540831685</ele>
        <time>2026-09-18T00:34:36.500000Z</time>
        <extensions>
          <gpxtpx:TrackPointExtension>
            <gpxtpx:hr>113</gpxtpx:hr>
          </gpxtpx:TrackPointExtension>
        </extensions>
      </trkpt>
      <trkpt lat="22.543238644220118" lon="114.08692063618068">
        <ele>29.730782811529934</ele>
        <time>2026-09-18T00:34:37.500000Z</time>
        <extensions>
          <gpxtpx:TrackPointExtension>
            <gpxtpx:hr>113</gpxtpx:hr>
          </gpxtpx:TrackPointExtension>
        </extensions>
      </trkpt>
      <trkpt lat="22.543246514617117" lon="114.08690982738575">
        <ele>29.92316877655685</ele>
        <time>2026-09-18T00:34:38.500000Z</time>
        <extensions>
          <gpxtpx:TrackPointExtension>
            <gpxtpx:hr>113</gpxtpx:hr>
          </gpxtpx:TrackPointExtension>
        </extensions>
      </trkpt>
      <trkpt lat="22.543254474641863" lon="114.08689863440814">
        <ele>30.116408666595817</ele>
        <time>2026-09-18T00:34:39.500000Z</time>
        <extensions>
          <gpxtpx:TrackPointExtension>
            <gpxtpx:hr>113</gpxtpx:hr>
          </gpxtpx:TrackPointExtension>
        </extensions>
      </trkpt>
      <trkpt lat="22.543261928713125" lon="114.08688656983553">
        <ele>30.289108998142183</ele>
        <time>2026-09-18T00:34:40.500000Z</time>
        <extensions>
          <gpxtpx:TrackPointExtension>
            <gpxtpx:hr>113</gpxtpx:hr>
          </gpxtpx:TrackPointExtension>
        </extensions>
      </trkpt>
      <trkpt lat="22.543268861516317" lon="114.08687369397988">
        <ele>30.452038496732712</ele>
        <time>2026-09-18T00:34:41.500000Z</time>
        <extensions>
          <gpxtpx:TrackPointExtension>
            <gpxtpx:hr>113</gpxtpx:hr>
          </gpxtpx:TrackPointExtension>
        </extensions>
      </trkpt>
      <trkpt lat="22.543275589793403" lon="114.08686001956283">
        <ele>30.583915422670543</ele>
        <time>2026-09-18T00:34:42.500000Z</time>
        <extensions>
          <gpxtpx:TrackPointExtension>
            <gpxtpx:hr>113</gpxtpx:hr>
          </gpxtpx:TrackPointExtension>
        </extensions>
      </trkpt>
      <trkpt lat="22.543281039148727" lon="114.08684621167589">
        <ele>30.7054213443771</ele>
        <time>2026-09-18T00:34:43.500000Z</time>
        <extensions>
          <gpxtpx:TrackPointExtension>
            <gpxtpx:hr>113</gpxtpx:hr>
          </gpxtpx:TrackPointExtension>
        </extensions>
      </trkpt>
      <trkpt lat="22.543285253618055" lon="114.08683361653888">
        <ele>30.823966926895082</ele>
        <time>2026-09-18T00:34:44.500000Z</time>
        <extensions>
          <gpxtpx:TrackPointExtension>
            <gpxtpx:hr>113</gpxtpx:hr>
          </gpxtpx:TrackPointExtension>
        </extensions>
      </trkpt>
      <trkpt lat="22.543288950460013" lon="114.08682252882691">
        <ele>30.96556437574327</ele>
        <time>2026-09-18T00:34:45.500000Z</time>
        <extensions>
          <gpxtpx:TrackPointExtension>
            <gpxtpx:hr>113</gpxtpx:hr>
          </gpxtpx:TrackPointExtension>
        </extensions>
      </trkpt>
      <trkpt lat="22.543291804741774" lon="114.08681242748166">
        <ele>31.099056971259415</ele>
        <time>2026-09-18T00:34:46.500000Z</time>
        <extensions>
          <gpxtpx:TrackPointExtension>
            <gpxtpx:hr>113</gpxtpx:hr>
          </gpxtpx:TrackPointExtension>
        </extensions>
      </trkpt>
      <trkpt lat="22.54329394914477" lon="114.08680203627277">
        <ele>31.22687976434827</ele>
        <time>2026-09-18T00:34:47.500000Z</time>
        <extensions>
          <gpxtpx:TrackPointExtension>
            <gpxtpx:hr>113</gpxtpx:hr>
          </gpxtpx:TrackPointExtension>
        </extensions>
      </trkpt>
      <trkpt lat="22.54329566469019" lon="114.08679074393636">
        <ele>31.363082100637257</ele>
        <time>2026-09-18T00:34:48.500000Z</time>
        <extensions>
          <gpxtpx:TrackPointExtension>
            <gpxtpx:hr>113</gpxtpx:hr>
          </gpxtpx:TrackPointExtension>
        </extensions>
      </trkpt>
      <trkpt lat="22.543296996906065" lon="114.08677865324208">
        <ele>31.481877923943102</ele>
        <time>2026-09-18T00:34:49.500000Z</time>
        <extensions>
          <gpxtpx:TrackPointExtension>
            <gpxtpx:hr>113</gpxtpx:hr>
          </gpxtpx:TrackPointExtension>
        </extensions>
      </trkpt>
      <trkpt lat="22.543298034824527" lon="114.08676566710571">
        <ele>31.632881680503488</ele>
        <time>2026-09-18T00:34:50.500000Z</time>
        <extensions>
          <gpxtpx:TrackPointExtension>
            <gpxtpx:hr>113</gpxtpx:hr>
          </gpxtpx:TrackPointExtension>
        </extensions>
      </trkpt>
      <trkpt lat="22.543298980093734" lon="114.0867518459036">
        <ele>31.794183284044266</ele>
        <time>2026-09-18T00:34:51.500000Z</time>
        <extensions>
          <gpxtpx:TrackPointExtension>
            <gpxtpx:hr>113</gpxtpx:hr>
          </gpxtpx:TrackPointExtension>
        </extensions>
      </trkpt>
      <trkpt lat="22.543299292662198" lon="114.08673789478279">
        <ele>31.946499967947602</ele>
        <time>2026-09-18T00:34:52.500000Z</time>
        <extensions>
          <gpxtpx:TrackPointExtension>
            <gpxtpx:hr>113</gpxtpx:hr>
          </gpxtpx:TrackPointExtension>
        </extensions>
      </trkpt>
      <trkpt lat="22.54329850807711" lon="114.0867244708181">
        <ele>32.09536045510322</ele>
        <time>2026-09-18T00:34:53.500000Z</time>
        <extensions>
          <gpxtpx:TrackPointExtension>
            <gpxtpx:hr>113</gpxtpx:hr>
          </gpxtpx:TrackPointExtension>
        </extensions>
      </trkpt>
      <trkpt lat="22.543297124339965" lon="114.08671157805144">
        <ele>32.27672167588025</ele>
        <time>2026-09-18T00:34:54.500000Z</time>
        <extensions>
          <gpxtpx:TrackPointExtension>
            <gpxtpx:hr>113</gpxtpx:hr>
          </gpxtpx:TrackPointExtension>
        </extensions>
      </trkpt>
      <trkpt lat="22.54329552865759" lon="114.08669938641651">
        <ele>32.46935152914375</ele>
        <time>2026-09-18T00:34:55.500000Z</time>
        <extensions>
          <gpxtpx:TrackPointExtension>
            <gpxtpx:hr>114</gpxtpx:hr>
          </gpxtpx:TrackPointExtension>
        </extensions>
      </trkpt>
      <trkpt lat="22.543293945747294" lon="114.08668757960656">
        <ele>32.679218128323555</ele>
        <time>2026-09-18T00:34:56.500000Z</time>
        <extensions>
          <gpxtpx:TrackPointExtension>
            <gpxtpx:hr>114</gpxtpx:hr>
          </gpxtpx:TrackPointExtension>
        </extensions>
      </trkpt>
      <trkpt lat="22.543292644227936" lon="114.08667571232873">
        <ele>32.883091842755675</ele>
        <time>2026-09-18T00:34:57.500000Z</time>
        <extensions>
          <gpxtpx:TrackPointExtension>
            <gpxtpx:hr>114</gpxtpx:hr>
          </gpxtpx:TrackPointExtension>
        </extensions>
      </trkpt>
      <trkpt lat="22.543291832615328" lon="114.08666306057667">
        <ele>33.06467272806913</ele>
        <time>2026-09-18T00:34:58.500000Z</time>
        <extensions>
          <gpxtpx:TrackPointExtension>
            <gpxtpx:hr>114</gpxtpx:hr>
          </gpxtpx:TrackPointExtension>
        </extensions>
      </trkpt>
      <trkpt lat="22.54329172316771" lon="114.08664882598916">
        <ele>33.227681123651564</ele>
        <time>2026-09-18T00:34:59.500000Z</time>
        <extensions>
          <gpxtpx:TrackPointExtension>
            <gpxtpx:hr>114</gpxtpx:hr>
          </gpxtpx:TrackPointExtension>
        </extensions>
      </trkpt>
      <trkpt lat="22.54329227783688" lon="114.08663361715365">
        <ele>33.357918199151754</ele>
        <time>2026-09-18T00:35:00.500000Z</time>
        <extensions>
          <gpxtpx:TrackPointExtension>
            <gpxtpx:hr>114</gpxtpx:hr>
          </gpxtpx:TrackPointExtension>
        </extensions>
      </trkpt>
      <trkpt lat="22.54329350251109" lon="114.08661849814568">
        <ele>33.44853272009641</ele>
        <time>2026-09-18T00:35:01.500000Z</time>
        <extensions>
          <gpxtpx:TrackPointExtension>
            <gpxtpx:hr>114</gpxtpx:hr>
          </gpxtpx:TrackPointExtension>
        </extensions>
      </trkpt>
      <trkpt lat="22.543295124743686" lon="114.08660388737441">
        <ele>33.51992041710764</ele>
        <time>2026-09-18T00:35:02.500000Z</time>
        <extensions>
          <gpxtpx:TrackPointExtension>
            <gpxtpx:hr>114</gpxtpx:hr>
          </gpxtpx:TrackPointExtension>
        </extensions>
      </trkpt>
      <trkpt lat="22.543296494895618" lon="114.08658978031389">
        <ele>33.57609967794269</ele>
        <time>2026-09-18T00:35:03.500000Z</time>
        <extensions>
          <gpxtpx:TrackPointExtension>
            <gpxtpx:hr>114</gpxtpx:hr>
          </gpxtpx:TrackPointExtension>
        </extensions>
      </trkpt>
      <trkpt lat="22.54329742943059" lon="114.08657615558755">
        <ele>33.63361536152661</ele>
        <time>2026-09-18T00:35:04.500000Z</time>
        <extensions>
          <gpxtpx:TrackPointExtension>
            <gpxtpx:hr>114</gpxtpx:hr>
          </gpxtpx:TrackPointExtension>
        </extensions>
      </trkpt>
      <trkpt lat="22.54329840646124" lon="114.08656269253709">
        <ele>33.68682514317334</ele>
        <time>2026-09-18T00:35:05.500000Z</time>
        <extensions>
          <gpxtpx:TrackPointExtension>
            <gpxtpx:hr>112</gpxtpx:hr>
          </gpxtpx:TrackPointExtension>
        </extensions>
      </trkpt>
      <trkpt lat="22.543299709282774" lon="114.08654887072053">
        <ele>33.7247423902154</ele>
        <time>2026-09-18T00:35:06.500000Z</time>
        <extensions>
          <gpxtpx:TrackPointExtension>
            <gpxtpx:hr>112</gpxtpx:hr>
          </gpxtpx:TrackPointExtension>
        </extensions>
      </trkpt>
      <trkpt lat="22.54330117182331" lon="114.0865350940043">
        <ele>33.740474009886384</ele>
        <time>2026-09-18T00:35:07.500000Z</time>
        <extensions>
          <gpxtpx:TrackPointExtension>
            <gpxtpx:hr>112</gpxtpx:hr>
          </gpxtpx:TrackPointExtension>
        </extensions>
      </trkpt>
      <trkpt lat="22.543302362433366" lon="114.08652209526107">
        <ele>33.7268580365926</ele>
        <time>2026-09-18T00:35:08.500000Z</time>
        <extensions>
          <gpxtpx:TrackPointExtension>
            <gpxtpx:hr>112</gpxtpx:hr>
          </gpxtpx:TrackPointExtension>
        </extensions>
      </trkpt>
      <trkpt lat="22.543302993335846" lon="114.0865094919953">
        <ele>33.69665005989373</ele>
        <time>2026-09-18T00:35:09.500000Z</time>
        <extensions>
          <gpxtpx:TrackPointExtension>
            <gpxtpx:hr>112</gpxtpx:hr>
          </gpxtpx:TrackPointExtension>
        </extensions>
      </trkpt>
      <trkpt lat="22.54330297897907" lon="114.08649721341273">
        <ele>33.658140764571726</ele>
        <time>2026-09-18T00:35:10.500000Z</time>
        <extensions>
          <gpxtpx:TrackPointExtension>
            <gpxtpx:hr>111</gpxtpx:hr>
          </gpxtpx:TrackPointExtension>
        </extensions>
      </trkpt>
      <trkpt lat="22.543302487194442" lon="114.08648537126706">
        <ele>33.65770134329796</ele>
        <time>2026-09-18T00:35:11.500000Z</time>
        <extensions>
          <gpxtpx:TrackPointExtension>
            <gpxtpx:hr>111</gpxtpx:hr>
          </gpxtpx:TrackPointExtension>
        </extensions>
      </trkpt>
      <trkpt lat="22.543302382361976" lon="114.08647385465402">
        <ele>33.67373025789857</ele>
        <time>2026-09-18T00:35:12.500000Z</time>
        <extensions>
          <gpxtpx:TrackPointExtension>
            <gpxtpx:hr>111</gpxtpx:hr>
          </gpxtpx:TrackPointExtension>
        </extensions>
      </trkpt>
      <trkpt lat="22.543303016092814" lon="114.08646256191389">
        <ele>33.71534826885909</ele>
        <time>2026-09-18T00:35:13.500000Z</time>
        <extensions>
          <gpxtpx:TrackPointExtension>
            <gpxtpx:hr>111</gpxtpx:hr>
          </gpxtpx:TrackPointExtension>
        </extensions>
      </trkpt>
      <trkpt lat="22.54330413292169" lon="114.08645176767043">
        <ele>33.77159705013037</ele>
        <time>2026-09-18T00:35:14.500000Z</time>
        <extensions>
          <gpxtpx:TrackPointExtension>
            <gpxtpx:hr>111</gpxtpx:hr>
          </gpxtpx:TrackPointExtension>
        </extensions>
      </trkpt>
      <trkpt lat="22.54330594609655" lon="114.08644164147012">
        <ele>33.840734836645424</ele>
        <time>2026-09-18T00:35:15.500000Z</time>
        <extensions>
          <gpxtpx:TrackPointExtension>
            <gpxtpx:hr>111</gpxtpx:hr>
          </gpxtpx:TrackPointExtension>
        </extensions>
      </trkpt>
      <trkpt lat="22.543308778081276" lon="114.0864323431141">
        <ele>33.911191660910845</ele>
        <time>2026-09-18T00:35:16.500000Z</time>
        <extensions>
          <gpxtpx:TrackPointExtension>
            <gpxtpx:hr>111</gpxtpx:hr>
          </gpxtpx:TrackPointExtension>
        </extensions>
      </trkpt>
      <trkpt lat="22.543312482238157" lon="114.08642324055603">
        <ele>33.99041798245162</ele>
        <time>2026-09-18T00:35:17.500000Z</time>
        <extensions>
          <gpxtpx:TrackPointExtension>
            <gpxtpx:hr>111</gpxtpx:hr>
          </gpxtpx:TrackPointExtension>
        </extensions>
      </trkpt>
      <trkpt lat="22.543316698533282" lon="114.08641337473605">
        <ele>34.07398697827011</ele>
        <time>2026-09-18T00:35:18.500000Z</time>
        <extensions>
          <gpxtpx:TrackPointExtension>
            <gpxtpx:hr>113</gpxtpx:hr>
          </gpxtpx:TrackPointExtension>
        </extensions>
      </trkpt>
      <trkpt lat="22.543321024824728" lon="114.08640275335522">
        <ele>34.1796731390059</ele>
        <time>2026-09-18T00:35:19.500000Z</time>
        <extensions>
          <gpxtpx:TrackPointExtension>
            <gpxtpx:hr>113</gpxtpx:hr>
          </gpxtpx:TrackPointExtension>
        </extensions>
      </trkpt>
      <trkpt lat="22.543325237149467" lon="114.08639200890258">
        <ele>34.28551729116589</ele>
        <time>2026-09-18T00:35:20.500000Z</time>
        <extensions>
          <gpxtpx:TrackPointExtension>
            <gpxtpx:hr>113</gpxtpx:hr>
          </gpxtpx:TrackPointExtension>
        </extensions>
      </trkpt>
      <trkpt lat="22.54332916884828" lon="114.08638100052696">
        <ele>34.39216946903616</ele>
        <time>2026-09-18T00:35:21.500000Z</time>
        <extensions>
          <gpxtpx:TrackPointExtension>
            <gpxtpx:hr>113</gpxtpx:hr>
          </gpxtpx:TrackPointExtension>
        </extensions>
      </trkpt>
      <trkpt lat="22.543332634300747" lon="114.0863694621013">
        <ele>34.50057723559439</ele>
        <time>2026-09-18T00:35:22.500000Z</time>
        <extensions>
          <gpxtpx:TrackPointExtension>
            <gpxtpx:hr>113</gpxtpx:hr>
          </gpxtpx:TrackPointExtension>
        </extensions>
      </trkpt>
      <trkpt lat="22.54333551703734" lon="114.08635728954945">
        <ele>34.62230493593961</ele>
        <time>2026-09-18T00:35:23.500000Z</time>
        <extensions>
          <gpxtpx:TrackPointExtension>
            <gpxtpx:hr>113</gpxtpx:hr>
          </gpxtpx:TrackPointExtension>
        </extensions>
      </trkpt>
      <trkpt lat="22.543338349601257" lon="114.08634495382515">
        <ele>34.741172089241445</ele>
        <time>2026-09-18T00:35:24.500000Z</time>
        <extensions>
          <gpxtpx:TrackPointExtension>
            <gpxtpx:hr>113</gpxtpx:hr>
          </gpxtpx:TrackPointExtension>
        </extensions>
      </trkpt>
      <trkpt lat="22.54334171546709" lon="114.08633286893458">
        <ele>34.85195598192513</ele>
        <time>2026-09-18T00:35:25.500000Z</time>
        <extensions>
          <gpxtpx:TrackPointExtension>
            <gpxtpx:hr>113</gpxtpx:hr>
          </gpxtpx:TrackPointExtension>
        </extensions>
      </trkpt>
      <trkpt lat="22.543345520306723" lon="114.08632047695222">
        <ele>34.9419853342697</ele>
        <time>2026-09-18T00:35:26.500000Z</time>
        <extensions>
          <gpxtpx:TrackPointExtension>
            <gpxtpx:hr>113</gpxtpx:hr>
          </gpxtpx:TrackPointExtension>
        </extensions>
      </trkpt>
      <trkpt lat="22.54334936471676" lon="114.08630663139827">
        <ele>35.01859750971198</ele>
        <time>2026-09-18T00:35:27.500000Z</time>
        <extensions>
          <gpxtpx:TrackPointExtension>
            <gpxtpx:hr>113</gpxtpx:hr>
          </gpxtpx:TrackPointExtension>
        </extensions>
      </trkpt>
      <trkpt lat="22.543352779110066" lon="114.08629123761395">
        <ele>35.066509226337075</ele>
        <time>2026-09-18T00:35:28.500000Z</time>
        <extensions>
          <gpxtpx:TrackPointExtension>
            <gpxtpx:hr>113</gpxtpx:hr>
          </gpxtpx:TrackPointExtension>
        </extensions>
      </trkpt>
      <trkpt lat="22.543355439984296" lon="114.08627522178124">
        <ele>35.09844256285578</ele>
        <time>2026-09-18T00:35:29.500000Z</time>
        <extensions>
          <gpxtpx:TrackPointExtension>
            <gpxtpx:hr>113</gpxtpx:hr>
          </gpxtpx:TrackPointExtension>
        </extensions>
      </trkpt>
      <trkpt lat="22.543357913940746" lon="114.08625923220357">
        <ele>35.087166702374816</ele>
        <time>2026-09-18T00:35:30.500000Z</time>
        <extensions>
          <gpxtpx:TrackPointExtension>
            <gpxtpx:hr>113</gpxtpx:hr>
          </gpxtpx:TrackPointExtension>
        </extensions>
      </trkpt>
      <trkpt lat="22.54336082635414" lon="114.08624382056499">
        <ele>35.021106481552124</ele>
        <time>2026-09-18T00:35:31.500000Z</time>
        <extensions>
          <gpxtpx:TrackPointExtension>
            <gpxtpx:hr>113</gpxtpx:hr>
          </gpxtpx:TrackPointExtension>
        </extensions>
      </trkpt>
      <trkpt lat="22.543363378860047" lon="114.08622821299153">
        <ele>34.91338779963553</ele>
        <time>2026-09-18T00:35:32.500000Z</time>
        <extensions>
          <gpxtpx:TrackPointExtension>
            <gpxtpx:hr>113</gpxtpx:hr>
          </gpxtpx:TrackPointExtension>
        </extensions>
      </trkpt>
      <trkpt lat="22.543365297178926" lon="114.08621136664603">
        <ele>34.774283580482006</ele>
        <time>2026-09-18T00:35:33.500000Z</time>
        <extensions>
          <gpxtpx:TrackPointExtension>
            <gpxtpx:hr>113</gpxtpx:hr>
          </gpxtpx:TrackPointExtension>
        </extensions>
      </trkpt>
      <trkpt lat="22.543367588953696" lon="114.08619479652508">
        <ele>34.59729018434882</ele>
        <time>2026-09-18T00:35:34.500000Z</time>
        <extensions>
          <gpxtpx:TrackPointExtension>
            <gpxtpx:hr>113</gpxtpx:hr>
          </gpxtpx:TrackPointExtension>
        </extensions>
      </trkpt>
      <trkpt lat="22.54337084000112" lon="114.08617949607333">
        <ele>34.372092973440886</ele>
        <time>2026-09-18T00:35:35.500000Z</time>
        <extensions>
          <gpxtpx:TrackPointExtension>
            <gpxtpx:hr>113</gpxtpx:hr>
          </gpxtpx:TrackPointExtension>
        </extensions>
      </trkpt>
      <trkpt lat="22.543374854302375" lon="114.08616490086219">
        <ele>34.10985859949142</ele>
        <time>2026-09-18T00:35:36.500000Z</time>
        <extensions>
          <gpxtpx:TrackPointExtension>
            <gpxtpx:hr>113</gpxtpx:hr>
          </gpxtpx:TrackPointExtension>
        </extensions>
      </trkpt>
      <trkpt lat="22.543378940404022" lon="114.08615035894908">
        <ele>33.787146773189306</ele>
        <time>2026-09-18T00:35:37.500000Z</time>
        <extensions>
          <gpxtpx:TrackPointExtension>
            <gpxtpx:hr>113</gpxtpx:hr>
          </gpxtpx:TrackPointExtension>
        </extensions>
      </trkpt>
      <trkpt lat="22.543382717805002" lon="114.08613669434801">
        <ele>33.43651467002928</ele>
        <time>2026-09-18T00:35:38.500000Z</time>
        <extensions>
          <gpxtpx:TrackPointExtension>
            <gpxtpx:hr>113</gpxtpx:hr>
          </gpxtpx:TrackPointExtension>
        </extensions>
      </trkpt>
      <trkpt lat="22.54338640657084" lon="114.08612468850409">
        <ele>33.05562097579241</ele>
        <time>2026-09-18T00:35:39.500000Z</time>
        <extensions>
          <gpxtpx:TrackPointExtension>
            <gpxtpx:hr>113</gpxtpx:hr>
          </gpxtpx:TrackPointExtension>
        </extensions>
      </trkpt>
      <trkpt lat="22.54339053852388" lon="114.08611328488136">
        <ele>32.673417795449495</ele>
        <time>2026-09-18T00:35:40.500000Z</time>
        <extensions>
          <gpxtpx:TrackPointExtension>
            <gpxtpx:hr>113</gpxtpx:hr>
          </gpxtpx:TrackPointExtension>
        </extensions>
      </trkpt>
      <trkpt lat="22.543394963251437" lon="114.08610173412102">
        <ele>32.29765590466559</ele>
        <time>2026-09-18T00:35:41.500000Z</time>
        <extensions>
          <gpxtpx:TrackPointExtension>
            <gpxtpx:hr>113</gpxtpx:hr>
          </gpxtpx:TrackPointExtension>
        </extensions>
      </trkpt>
      <trkpt lat="22.54339888217206" lon="114.08609181105759">
        <ele>31.971121670678258</ele>
        <time>2026-09-18T00:35:42.500000Z</time>
        <extensions>
          <gpxtpx:TrackPointExtension>
            <gpxtpx:hr>113</gpxtpx:hr>
          </gpxtpx:TrackPointExtension>
        </extensions>
      </trkpt>
      <trkpt lat="22.543402111693872" lon="114.08608445315632">
        <ele>31.663197126239538</ele>
        <time>2026-09-18T00:35:43.500000Z</time>
        <extensions>
          <gpxtpx:TrackPointExtension>
            <gpxtpx:hr>113</gpxtpx:hr>
          </gpxtpx:TrackPointExtension>
        </extensions>
      </trkpt>
      <trkpt lat="22.543405205355487" lon="114.08607887250763">
        <ele>31.380488350987434</ele>
        <time>2026-09-18T00:35:44.500000Z</time>
        <extensions>
          <gpxtpx:TrackPointExtension>
            <gpxtpx:hr>113</gpxtpx:hr>
          </gpxtpx:TrackPointExtension>
        </extensions>
      </trkpt>
      <trkpt lat="22.543408308319105" lon="114.08607380158621">
        <ele>31.088636027649045</ele>
        <time>2026-09-18T00:35:45.500000Z</time>
        <extensions>
          <gpxtpx:TrackPointExtension>
            <gpxtpx:hr>113</gpxtpx:hr>
          </gpxtpx:TrackPointExtension>
        </extensions>
      </trkpt>
      <trkpt lat="22.54341115873189" lon="114.08606763113774">
        <ele>30.804782334715128</ele>
        <time>2026-09-18T00:35:46.500000Z</time>
        <extensions>
          <gpxtpx:TrackPointExtension>
            <gpxtpx:hr>113</gpxtpx:hr>
          </gpxtpx:TrackPointExtension>
        </extensions>
      </trkpt>
      <trkpt lat="22.543413599032732" lon="114.08605994027013">
        <ele>30.58139997906983</ele>
        <time>2026-09-18T00:35:47.500000Z</time>
        <extensions>
          <gpxtpx:TrackPointExtension>
            <gpxtpx:hr>113</gpxtpx:hr>
          </gpxtpx:TrackPointExtension>
        </extensions>
      </trkpt>
      <trkpt lat="22.54341557902312" lon="114.08605108945316">
        <ele>30.413575939834118</ele>
        <time>2026-09-18T00:35:48.500000Z</time>
        <extensions>
          <gpxtpx:TrackPointExtension>
            <gpxtpx:hr>113</gpxtpx:hr>
          </gpxtpx:TrackPointExtension>
        </extensions>
      </trkpt>
      <trkpt lat="22.543417198966353" lon="114.08604192626173">
        <ele>30.329206795431674</ele>
        <time>2026-09-18T00:35:49.500000Z</time>
        <extensions>
          <gpxtpx:TrackPointExtension>
            <gpxtpx:hr>113</gpxtpx:hr>
          </gpxtpx:TrackPointExtension>
        </extensions>
      </trkpt>
      <trkpt lat="22.543418679704494" lon="114.08603308170957">
        <ele>30.315031089819968</ele>
        <time>2026-09-18T00:35:50.500000Z</time>
        <extensions>
          <gpxtpx:TrackPointExtension>
            <gpxtpx:hr>113</gpxtpx:hr>
          </gpxtpx:TrackPointExtension>
        </extensions>
      </trkpt>
      <trkpt lat="22.543420169863975" lon="114.08602407677103">
        <ele>30.34372292459011</ele>
        <time>2026-09-18T00:35:51.500000Z</time>
        <extensions>
          <gpxtpx:TrackPointExtension>
            <gpxtpx:hr>113</gpxtpx:hr>
          </gpxtpx:TrackPointExtension>
        </extensions>
      </trkpt>
      <trkpt lat="22.543421432488486" lon="114.08601477702798">
        <ele>30.404950321651995</ele>
        <time>2026-09-18T00:35:52.500000Z</time>
        <extensions>
          <gpxtpx:TrackPointExtension>
            <gpxtpx:hr>113</gpxtpx:hr>
          </gpxtpx:TrackPointExtension>
        </extensions>
      </trkpt>
      <trkpt lat="22.543422476175536" lon="114.08600510263487">
        <ele>30.468807962723076</ele>
        <time>2026-09-18T00:35:53.500000Z</time>
        <extensions>
          <gpxtpx:TrackPointExtension>
            <gpxtpx:hr>113</gpxtpx:hr>
          </gpxtpx:TrackPointExtension>
        </extensions>
      </trkpt>
      <trkpt lat="22.543423128678167" lon="114.08599479959446">
        <ele>30.55248143337667</ele>
        <time>2026-09-18T00:35:54.500000Z</time>
        <extensions>
          <gpxtpx:TrackPointExtension>
            <gpxtpx:hr>113</gpxtpx:hr>
          </gpxtpx:TrackPointExtension>
        </extensions>
      </trkpt>
      <trkpt lat="22.54342296711553" lon="114.08598422673305">
        <ele>30.64448713324964</ele>
        <time>2026-09-18T00:35:55.500000Z</time>
        <extensions>
          <gpxtpx:TrackPointExtension>
            <gpxtpx:hr>113</gpxtpx:hr>
          </gpxtpx:TrackPointExtension>
        </extensions>
      </trkpt>
      <trkpt lat="22.543422006566935" lon="114.08597406820867">
        <ele>30.721500202082098</ele>
        <time>2026-09-18T00:35:56.500000Z</time>
        <extensions>
          <gpxtpx:TrackPointExtension>
            <gpxtpx:hr>113</gpxtpx:hr>
          </gpxtpx:TrackPointExtension>
        </extensions>
      </trkpt>
      <trkpt lat="22.54342034036893" lon="114.08596463061463">
        <ele>30.81323353294283</ele>
        <time>2026-09-18T00:35:57.500000Z</time>
        <extensions>
          <gpxtpx:TrackPointExtension>
            <gpxtpx:hr>113</gpxtpx:hr>
          </gpxtpx:TrackPointExtension>
        </extensions>
      </trkpt>
      <trkpt lat="22.54341814765241" lon="114.0859557270589">
        <ele>30.87892711162567</ele>
        <time>2026-09-18T00:35:58.500000Z</time>
        <extensions>
          <gpxtpx:TrackPointExtension>
            <gpxtpx:hr>113</gpxtpx:hr>
          </gpxtpx:TrackPointExtension>
        </extensions>
      </trkpt>
      <trkpt lat="22.543415604480582" lon="114.08594651848787">
        <ele>30.940292252227664</ele>
        <time>2026-09-18T00:35:59.500000Z</time>
        <extensions>
          <gpxtpx:TrackPointExtension>
            <gpxtpx:hr>113</gpxtpx:hr>
          </gpxtpx:TrackPointExtension>
        </extensions>
      </trkpt>
      <trkpt lat="22.5434128744773" lon="114.08593651235165">
        <ele>30.999371223151684</ele>
        <time>2026-09-18T00:36:00.500000Z</time>
        <extensions>
          <gpxtpx:TrackPointExtension>
            <gpxtpx:hr>113</gpxtpx:hr>
          </gpxtpx:TrackPointExtension>
        </extensions>
      </trkpt>
      <trkpt lat="22.543409952860273" lon="114.08592594983591">
        <ele>31.040260642766953</ele>
        <time>2026-09-18T00:36:01.500000Z</time>
        <extensions>
          <gpxtpx:TrackPointExtension>
            <gpxtpx:hr>112</gpxtpx:hr>
          </gpxtpx:TrackPointExtension>
        </extensions>
      </trkpt>
      <trkpt lat="22.54340705229359" lon="114.08591528496719">
        <ele>31.063104150816798</ele>
        <time>2026-09-18T00:36:02.500000Z</time>
        <extensions>
          <gpxtpx:TrackPointExtension>
            <gpxtpx:hr>112</gpxtpx:hr>
          </gpxtpx:TrackPointExtension>
        </extensions>
      </trkpt>
      <trkpt lat="22.54340456744033" lon="114.08590467987852">
        <ele>31.068942963145673</ele>
        <time>2026-09-18T00:36:03.500000Z</time>
        <extensions>
          <gpxtpx:TrackPointExtension>
            <gpxtpx:hr>112</gpxtpx:hr>
          </gpxtpx:TrackPointExtension>
        </extensions>
      </trkpt>
      <trkpt lat="22.543402362246518" lon="114.08589396064811">
        <ele>31.061591572128236</ele>
        <time>2026-09-18T00:36:04.500000Z</time>
        <extensions>
          <gpxtpx:TrackPointExtension>
            <gpxtpx:hr>112</gpxtpx:hr>
          </gpxtpx:TrackPointExtension>
        </extensions>
      </trkpt>
      <trkpt lat="22.543400005914833" lon="114.08588270787031">
        <ele>30.998639379628003</ele>
        <time>2026-09-18T00:36:05.500000Z</time>
        <extensions>
          <gpxtpx:TrackPointExtension>
            <gpxtpx:hr>112</gpxtpx:hr>
          </gpxtpx:TrackPointExtension>
        </extensions>
      </trkpt>
      <trkpt lat="22.54339770739197" lon="114.08587089392748">
        <ele>30.91604832559824</ele>
        <time>2026-09-18T00:36:06.500000Z</time>
        <extensions>
          <gpxtpx:TrackPointExtension>
            <gpxtpx:hr>112</gpxtpx:hr>
          </gpxtpx:TrackPointExtension>
        </extensions>
      </trkpt>
      <trkpt lat="22.54339601311099" lon="114.08585866529288">
        <ele>30.784936314448714</ele>
        <time>2026-09-18T00:36:07.500000Z</time>
        <extensions>
          <gpxtpx:TrackPointExtension>
            <gpxtpx:hr>112</gpxtpx:hr>
          </gpxtpx:TrackPointExtension>
        </extensions>
      </trkpt>
      <trkpt lat="22.543395236638318" lon="114.08584643902972">
        <ele>30.613586055114865</ele>
        <time>2026-09-18T00:36:08.500000Z</time>
        <extensions>
          <gpxtpx:TrackPointExtension>
            <gpxtpx:hr>112</gpxtpx:hr>
          </gpxtpx:TrackPointExtension>
        </extensions>
      </trkpt>
      <trkpt lat="22.543394460987983" lon="114.08583450059508">
        <ele>30.40821372717619</ele>
        <time>2026-09-18T00:36:09.500000Z</time>
        <extensions>
          <gpxtpx:TrackPointExtension>
            <gpxtpx:hr>112</gpxtpx:hr>
          </gpxtpx:TrackPointExtension>
        </extensions>
      </trkpt>
      <trkpt lat="22.54339306923899" lon="114.08582242123273">
        <ele>30.16578450612724</ele>
        <time>2026-09-18T00:36:10.500000Z</time>
        <extensions>
          <gpxtpx:TrackPointExtension>
            <gpxtpx:hr>112</gpxtpx:hr>
          </gpxtpx:TrackPointExtension>
        </extensions>
      </trkpt>
      <trkpt lat="22.5433915300154" lon="114.08580996076435">
        <ele>29.93621047679335</ele>
        <time>2026-09-18T00:36:11.500000Z</time>
        <extensions>
          <gpxtpx:TrackPointExtension>
            <gpxtpx:hr>112</gpxtpx:hr>
          </gpxtpx:TrackPointExtension>
        </extensions>
      </trkpt>
      <trkpt lat="22.543390008011603" lon="114.0857971178558">
        <ele>29.712984739802778</ele>
        <time>2026-09-18T00:36:12.500000Z</time>
        <extensions>
          <gpxtpx:TrackPointExtension>
            <gpxtpx:hr>112</gpxtpx:hr>
          </gpxtpx:TrackPointExtension>
        </extensions>
      </trkpt>
      <trkpt lat="22.543388222543783" lon="114.08578404019391">
        <ele>29.453324298374355</ele>
        <time>2026-09-18T00:36:13.500000Z</time>
        <extensions>
          <gpxtpx:TrackPointExtension>
            <gpxtpx:hr>112</gpxtpx:hr>
          </gpxtpx:TrackPointExtension>
        </extensions>
      </trkpt>
      <trkpt lat="22.543386179661166" lon="114.08577029960576">
        <ele>29.16041560098529</ele>
        <time>2026-09-18T00:36:14.500000Z</time>
        <extensions>
          <gpxtpx:TrackPointExtension>
            <gpxtpx:hr>112</gpxtpx:hr>
          </gpxtpx:TrackPointExtension>
        </extensions>
      </trkpt>
      <trkpt lat="22.54338422445551" lon="114.08575533684767">
        <ele>28.830298964865506</ele>
        <time>2026-09-18T00:36:15.500000Z</time>
        <extensions>
          <gpxtpx:TrackPointExtension>
            <gpxtpx:hr>111</gpxtpx:hr>
          </gpxtpx:TrackPointExtension>
        </extensions>
      </trkpt>
      <trkpt lat="22.543382562759984" lon="114.08573951279361">
        <ele>28.477563901804388</ele>
        <time>2026-09-18T00:36:16.500000Z</time>
        <extensions>
          <gpxtpx:TrackPointExtension>
            <gpxtpx:hr>111</gpxtpx:hr>
          </gpxtpx:TrackPointExtension>
        </extensions>
      </trkpt>
      <trkpt lat="22.543381289271817" lon="114.08572361863841">
        <ele>28.12582084350288</ele>
        <time>2026-09-18T00:36:17.500000Z</time>
        <extensions>
          <gpxtpx:TrackPointExtension>
            <gpxtpx:hr>111</gpxtpx:hr>
          </gpxtpx:TrackPointExtension>
        </extensions>
      </trkpt>
      <trkpt lat="22.543380474384715" lon="114.08570754892553">
        <ele>27.757027595303953</ele>
        <time>2026-09-18T00:36:18.500000Z</time>
        <extensions>
          <gpxtpx:TrackPointExtension>
            <gpxtpx:hr>111</gpxtpx:hr>
          </gpxtpx:TrackPointExtension>
        </extensions>
      </trkpt>
      <trkpt lat="22.543379748363066" lon="114.08569084179038">
        <ele>27.385974626988173</ele>
        <time>2026-09-18T00:36:19.500000Z</time>
        <extensions>
          <gpxtpx:TrackPointExtension>
            <gpxtpx:hr>111</gpxtpx:hr>
          </gpxtpx:TrackPointExtension>
        </extensions>
      </trkpt>
      <trkpt lat="22.543378855418545" lon="114.08567416854306">
        <ele>27.033990467898548</ele>
        <time>2026-09-18T00:36:20.500000Z</time>
        <extensions>
          <gpxtpx:TrackPointExtension>
            <gpxtpx:hr>111</gpxtpx:hr>
          </gpxtpx:TrackPointExtension>
        </extensions>
      </trkpt>
      <trkpt lat="22.543377456994236" lon="114.08565856872269">
        <ele>26.684357493184507</ele>
        <time>2026-09-18T00:36:21.500000Z</time>
        <extensions>
          <gpxtpx:TrackPointExtension>
            <gpxtpx:hr>111</gpxtpx:hr>
          </gpxtpx:TrackPointExtension>
        </extensions>
      </trkpt>
      <trkpt lat="22.5433755819372" lon="114.08564462627076">
        <ele>26.35422282386571</ele>
        <time>2026-09-18T00:36:22.500000Z</time>
        <extensions>
          <gpxtpx:TrackPointExtension>
            <gpxtpx:hr>111</gpxtpx:hr>
          </gpxtpx:TrackPointExtension>
        </extensions>
      </trkpt>
      <trkpt lat="22.543373219563392" lon="114.08563049461128">
        <ele>26.035310683771968</ele>
        <time>2026-09-18T00:36:23.500000Z</time>
        <extensions>
          <gpxtpx:TrackPointExtension>
            <gpxtpx:hr>111</gpxtpx:hr>
          </gpxtpx:TrackPointExtension>
        </extensions>
      </trkpt>
      <trkpt lat="22.543370671695985" lon="114.08561519995843">
        <ele>25.730605598539114</ele>
        <time>2026-09-18T00:36:24.500000Z</time>
        <extensions>
          <gpxtpx:TrackPointExtension>
            <gpxtpx:hr>111</gpxtpx:hr>
          </gpxtpx:TrackPointExtension>
        </extensions>
      </trkpt>
      <trkpt lat="22.54336812108065" lon="114.085598381511">
        <ele>25.4484577011317</ele>
        <time>2026-09-18T00:36:25.500000Z</time>
        <extensions>
          <gpxtpx:TrackPointExtension>
            <gpxtpx:hr>111</gpxtpx:hr>
          </gpxtpx:TrackPointExtension>
        </extensions>
      </trkpt>
      <trkpt lat="22.54336548374161" lon="114.08558012540439">
        <ele>25.191858218982816</ele>
        <time>2026-09-18T00:36:26.500000Z</time>
        <extensions>
          <gpxtpx:TrackPointExtension>
            <gpxtpx:hr>111</gpxtpx:hr>
          </gpxtpx:TrackPointExtension>
        </extensions>
      </trkpt>
      <trkpt lat="22.543363539271965" lon="114.0855621073551">
        <ele>24.96078214328736</ele>
        <time>2026-09-18T00:36:27.500000Z</time>
        <extensions>
          <gpxtpx:TrackPointExtension>
            <gpxtpx:hr>111</gpxtpx:hr>
          </gpxtpx:TrackPointExtension>
        </extensions>
      </trkpt>
      <trkpt lat="22.54336312019849" lon="114.08554531049528">
        <ele>24.754790568724275</ele>
        <time>2026-09-18T00:36:28.500000Z</time>
        <extensions>
          <gpxtpx:TrackPointExtension>
            <gpxtpx:hr>112</gpxtpx:hr>
          </gpxtpx:TrackPointExtension>
        </extensions>
      </trkpt>
      <trkpt lat="22.543363827959723" lon="114.08552987665539">
        <ele>24.597306980751455</ele>
        <time>2026-09-18T00:36:29.500000Z</time>
        <extensions>
          <gpxtpx:TrackPointExtension>
            <gpxtpx:hr>112</gpxtpx:hr>
          </gpxtpx:TrackPointExtension>
        </extensions>
      </trkpt>
      <trkpt lat="22.543365334371934" lon="114.08551583815921">
        <ele>24.44602588750422</ele>
        <time>2026-09-18T00:36:30.500000Z</time>
        <extensions>
          <gpxtpx:TrackPointExtension>
            <gpxtpx:hr>112</gpxtpx:hr>
          </gpxtpx:TrackPointExtension>
        </extensions>
      </trkpt>
      <trkpt lat="22.54336737398665" lon="114.08550204807739">
        <ele>24.317146111279726</ele>
        <time>2026-09-18T00:36:31.500000Z</time>
        <extensions>
          <gpxtpx:TrackPointExtension>
            <gpxtpx:hr>112</gpxtpx:hr>
          </gpxtpx:TrackPointExtension>
        </extensions>
      </trkpt>
      <trkpt lat="22.543369649729097" lon="114.08548796086077">
        <ele>24.21518510207534</ele>
        <time>2026-09-18T00:36:32.500000Z</time>
        <extensions>
          <gpxtpx:TrackPointExtension>
            <gpxtpx:hr>112</gpxtpx:hr>
          </gpxtpx:TrackPointExtension>
        </extensions>
      </trkpt>
      <trkpt lat="22.54337162903215" lon="114.0854750216343">
        <ele>24.13403677009046</ele>
        <time>2026-09-18T00:36:33.500000Z</time>
        <extensions>
          <gpxtpx:TrackPointExtension>
            <gpxtpx:hr>112</gpxtpx:hr>
          </gpxtpx:TrackPointExtension>
        </extensions>
      </trkpt>
      <trkpt lat="22.54337244514427" lon="114.08546362343176">
        <ele>24.094487118534744</ele>
        <time>2026-09-18T00:36:34.500000Z</time>
        <extensions>
          <gpxtpx:TrackPointExtension>
            <gpxtpx:hr>112</gpxtpx:hr>
          </gpxtpx:TrackPointExtension>
        </extensions>
      </trkpt>
      <trkpt lat="22.543371741076616" lon="114.08545276464692">
        <ele>24.06375298462808</ele>
        <time>2026-09-18T00:36:35.500000Z</time>
        <extensions>
          <gpxtpx:TrackPointExtension>
            <gpxtpx:hr>113</gpxtpx:hr>
          </gpxtpx:TrackPointExtension>
        </extensions>
      </trkpt>
      <trkpt lat="22.543369592212354" lon="114.08544183266008">
        <ele>24.066817042417824</ele>
        <time>2026-09-18T00:36:36.500000Z</time>
        <extensions>
          <gpxtpx:TrackPointExtension>
            <gpxtpx:hr>113</gpxtpx:hr>
          </gpxtpx:TrackPointExtension>
        </extensions>
      </trkpt>
      <trkpt lat="22.543366027776745" lon="114.08543084419485">
        <ele>24.07210954837501</ele>
        <time>2026-09-18T00:36:37.500000Z</time>
        <extensions>
          <gpxtpx:TrackPointExtension>
            <gpxtpx:hr>113</gpxtpx:hr>
          </gpxtpx:TrackPointExtension>
        </extensions>
      </trkpt>
      <trkpt lat="22.54336120583847" lon="114.0854196866864">
        <ele>24.080059035681188</ele>
        <time>2026-09-18T00:36:38.500000Z</time>
        <extensions>
          <gpxtpx:TrackPointExtension>
            <gpxtpx:hr>113</gpxtpx:hr>
          </gpxtpx:TrackPointExtension>
        </extensions>
      </trkpt>
      <trkpt lat="22.54335545971091" lon="114.08540741813368">
        <ele>24.092358835041523</ele>
        <time>2026-09-18T00:36:39.500000Z</time>
        <extensions>
          <gpxtpx:TrackPointExtension>
            <gpxtpx:hr>113</gpxtpx:hr>
          </gpxtpx:TrackPointExtension>
        </extensions>
      </trkpt>
      <trkpt lat="22.54334972120592" lon="114.08539460378245">
        <ele>24.088823400437832</ele>
        <time>2026-09-18T00:36:40.500000Z</time>
        <extensions>
          <gpxtpx:TrackPointExtension>
            <gpxtpx:hr>113</gpxtpx:hr>
          </gpxtpx:TrackPointExtension>
        </extensions>
      </trkpt>
      <trkpt lat="22.543344601823335" lon="114.08538178713124">
        <ele>24.068002052605152</ele>
        <time>2026-09-18T00:36:41.500000Z</time>
        <extensions>
          <gpxtpx:TrackPointExtension>
            <gpxtpx:hr>113</gpxtpx:hr>
          </gpxtpx:TrackPointExtension>
        </extensions>
      </trkpt>
      <trkpt lat="22.543339621362154" lon="114.085368545493">
        <ele>24.036539995111525</ele>
        <time>2026-09-18T00:36:42.500000Z</time>
        <extensions>
          <gpxtpx:TrackPointExtension>
            <gpxtpx:hr>113</gpxtpx:hr>
          </gpxtpx:TrackPointExtension>
        </extensions>
      </trkpt>
      <trkpt lat="22.5433346205002" lon="114.08535469493023">
        <ele>23.98841661028564</ele>
        <time>2026-09-18T00:36:43.500000Z</time>
        <extensions>
          <gpxtpx:TrackPointExtension>
            <gpxtpx:hr>113</gpxtpx:hr>
          </gpxtpx:TrackPointExtension>
        </extensions>
      </trkpt>
      <trkpt lat="22.543329417535425" lon="114.08533992069374">
        <ele>23.913696685805917</ele>
        <time>2026-09-18T00:36:44.500000Z</time>
        <extensions>
          <gpxtpx:TrackPointExtension>
            <gpxtpx:hr>112</gpxtpx:hr>
          </gpxtpx:TrackPointExtension>
        </extensions>
      </trkpt>
      <trkpt lat="22.543323556398292" lon="114.08532440877555">
        <ele>23.83007724955678</ele>
        <time>2026-09-18T00:36:45.500000Z</time>
        <extensions>
          <gpxtpx:TrackPointExtension>
            <gpxtpx:hr>112</gpxtpx:hr>
          </gpxtpx:TrackPointExtension>
        </extensions>
      </trkpt>
      <trkpt lat="22.543316585161385" lon="114.08530869310832">
        <ele>23.7162923887372</ele>
        <time>2026-09-18T00:36:46.500000Z</time>
        <extensions>
          <gpxtpx:TrackPointExtension>
            <gpxtpx:hr>112</gpxtpx:hr>
          </gpxtpx:TrackPointExtension>
        </extensions>
      </trkpt>
      <trkpt lat="22.543307875654826" lon="114.085292006844">
        <ele>23.579448294825852</ele>
        <time>2026-09-18T00:36:47.500000Z</time>
        <extensions>
          <gpxtpx:TrackPointExtension>
            <gpxtpx:hr>112</gpxtpx:hr>
          </gpxtpx:TrackPointExtension>
        </extensions>
      </trkpt>
      <trkpt lat="22.543298149816707" lon="114.08527353632289">
        <ele>23.438003627583385</ele>
        <time>2026-09-18T00:36:48.500000Z</time>
        <extensions>
          <gpxtpx:TrackPointExtension>
            <gpxtpx:hr>112</gpxtpx:hr>
          </gpxtpx:TrackPointExtension>
        </extensions>
      </trkpt>
      <trkpt lat="22.543289053939702" lon="114.08525339010457">
        <ele>23.274101581424475</ele>
        <time>2026-09-18T00:36:49.500000Z</time>
        <extensions>
          <gpxtpx:TrackPointExtension>
            <gpxtpx:hr>112</gpxtpx:hr>
          </gpxtpx:TrackPointExtension>
        </extensions>
      </trkpt>
      <trkpt lat="22.543281604019867" lon="114.08523394409521">
        <ele>23.079000604338944</ele>
        <time>2026-09-18T00:36:50.500000Z</time>
        <extensions>
          <gpxtpx:TrackPointExtension>
            <gpxtpx:hr>112</gpxtpx:hr>
          </gpxtpx:TrackPointExtension>
        </extensions>
      </trkpt>
      <trkpt lat="22.54327538178562" lon="114.08521512795595">
        <ele>22.877745590172708</ele>
        <time>2026-09-18T00:36:51.500000Z</time>
        <extensions>
          <gpxtpx:TrackPointExtension>
            <gpxtpx:hr>115</gpxtpx:hr>
          </gpxtpx:TrackPointExtension>
        </extensions>
      </trkpt>
      <trkpt lat="22.543270105243202" lon="114.08519621813245">
        <ele>22.663623997941613</ele>
        <time>2026-09-18T00:36:52.500000Z</time>
        <extensions>
          <gpxtpx:TrackPointExtension>
            <gpxtpx:hr>115</gpxtpx:hr>
          </gpxtpx:TrackPointExtension>
        </extensions>
      </trkpt>
      <trkpt lat="22.543266675414934" lon="114.08517827501518">
        <ele>22.439896197989583</ele>
        <time>2026-09-18T00:36:53.500000Z</time>
        <extensions>
          <gpxtpx:TrackPointExtension>
            <gpxtpx:hr>115</gpxtpx:hr>
          </gpxtpx:TrackPointExtension>
        </extensions>
      </trkpt>
      <trkpt lat="22.543265311357505" lon="114.0851604913193">
        <ele>22.242088364437222</ele>
        <time>2026-09-18T00:36:54.500000Z</time>
        <extensions>
          <gpxtpx:TrackPointExtension>
            <gpxtpx:hr>115</gpxtpx:hr>
          </gpxtpx:TrackPointExtension>
        </extensions>
      </trkpt>
      <trkpt lat="22.543265461817615" lon="114.08514211359554">
        <ele>22.05120348278433</ele>
        <time>2026-09-18T00:36:55.500000Z</time>
        <extensions>
          <gpxtpx:TrackPointExtension>
            <gpxtpx:hr>115</gpxtpx:hr>
          </gpxtpx:TrackPointExtension>
        </extensions>
      </trkpt>
      <trkpt lat="22.543266423419887" lon="114.08512352756395">
        <ele>21.855240556411445</ele>
        <time>2026-09-18T00:36:56.500000Z</time>
        <extensions>
          <gpxtpx:TrackPointExtension>
            <gpxtpx:hr>114</gpxtpx:hr>
          </gpxtpx:TrackPointExtension>
        </extensions>
      </trkpt>
      <trkpt lat="22.543267680638767" lon="114.08510506287597">
        <ele>21.654915588907897</ele>
        <time>2026-09-18T00:36:57.500000Z</time>
        <extensions>
          <gpxtpx:TrackPointExtension>
            <gpxtpx:hr>114</gpxtpx:hr>
          </gpxtpx:TrackPointExtension>
        </extensions>
      </trkpt>
      <trkpt lat="22.543268962597125" lon="114.08508785922766">
        <ele>21.433717631734908</ele>
        <time>2026-09-18T00:36:58.500000Z</time>
        <extensions>
          <gpxtpx:TrackPointExtension>
            <gpxtpx:hr>114</gpxtpx:hr>
          </gpxtpx:TrackPointExtension>
        </extensions>
      </trkpt>
      <trkpt lat="22.543270249071593" lon="114.08507323977553">
        <ele>21.19917358830571</ele>
        <time>2026-09-18T00:36:59.500000Z</time>
        <extensions>
          <gpxtpx:TrackPointExtension>
            <gpxtpx:hr>114</gpxtpx:hr>
          </gpxtpx:TrackPointExtension>
        </extensions>
      </trkpt>
      <trkpt lat="22.543271613589937" lon="114.0850601448059">
        <ele>20.953358756378293</ele>
        <time>2026-09-18T00:37:00.500000Z</time>
        <extensions>
          <gpxtpx:TrackPointExtension>
            <gpxtpx:hr>114</gpxtpx:hr>
          </gpxtpx:TrackPointExtension>
        </extensions>
      </trkpt>
      <trkpt lat="22.54327334688705" lon="114.08504719201859">
        <ele>20.709697050973773</ele>
        <time>2026-09-18T00:37:01.500000Z</time>
        <extensions>
          <gpxtpx:TrackPointExtension>
            <gpxtpx:hr>114</gpxtpx:hr>
          </gpxtpx:TrackPointExtension>
        </extensions>
      </trkpt>
      <trkpt lat="22.54327521954065" lon="114.08503377580722">
        <ele>20.46185396797955</ele>
        <time>2026-09-18T00:37:02.500000Z</time>
        <extensions>
          <gpxtpx:TrackPointExtension>
            <gpxtpx:hr>114</gpxtpx:hr>
          </gpxtpx:TrackPointExtension>
        </extensions>
      </trkpt>
      <trkpt lat="22.543277456089932" lon="114.08501999907523">
        <ele>20.207345782779157</ele>
        <time>2026-09-18T00:37:03.500000Z</time>
        <extensions>
          <gpxtpx:TrackPointExtension>
            <gpxtpx:hr>114</gpxtpx:hr>
          </gpxtpx:TrackPointExtension>
        </extensions>
      </trkpt>
      <trkpt lat="22.54328019301524" lon="114.08500639205147">
        <ele>19.938136882148683</ele>
        <time>2026-09-18T00:37:04.500000Z</time>
        <extensions>
          <gpxtpx:TrackPointExtension>
            <gpxtpx:hr>114</gpxtpx:hr>
          </gpxtpx:TrackPointExtension>
        </extensions>
      </trkpt>
      <trkpt lat="22.543283547055005" lon="114.08499346586257">
        <ele>19.646753208711743</ele>
        <time>2026-09-18T00:37:05.500000Z</time>
        <extensions>
          <gpxtpx:TrackPointExtension>
            <gpxtpx:hr>114</gpxtpx:hr>
          </gpxtpx:TrackPointExtension>
        </extensions>
      </trkpt>
      <trkpt lat="22.543288234647353" lon="114.08498084569129">
        <ele>19.33330042846501</ele>
        <time>2026-09-18T00:37:06.500000Z</time>
        <extensions>
          <gpxtpx:TrackPointExtension>
            <gpxtpx:hr>114</gpxtpx:hr>
          </gpxtpx:TrackPointExtension>
        </extensions>
      </trkpt>
      <trkpt lat="22.543294456384185" lon="114.08496845535176">
        <ele>19.00343551300466</ele>
        <time>2026-09-18T00:37:07.500000Z</time>
        <extensions>
          <gpxtpx:TrackPointExtension>
            <gpxtpx:hr>114</gpxtpx:hr>
          </gpxtpx:TrackPointExtension>
        </extensions>
      </trkpt>
      <trkpt lat="22.543301995388447" lon="114.08495514246306">
        <ele>18.664258488453925</ele>
        <time>2026-09-18T00:37:08.500000Z</time>
        <extensions>
          <gpxtpx:TrackPointExtension>
            <gpxtpx:hr>114</gpxtpx:hr>
          </gpxtpx:TrackPointExtension>
        </extensions>
      </trkpt>
      <trkpt lat="22.54331136035359" lon="114.08493966213034">
        <ele>18.326874556951225</ele>
        <time>2026-09-18T00:37:09.500000Z</time>
        <extensions>
          <gpxtpx:TrackPointExtension>
            <gpxtpx:hr>114</gpxtpx:hr>
          </gpxtpx:TrackPointExtension>
        </extensions>
      </trkpt>
      <trkpt lat="22.543322602278653" lon="114.08492294607355">
        <ele>17.996909841895103</ele>
        <time>2026-09-18T00:37:10.500000Z</time>
        <extensions>
          <gpxtpx:TrackPointExtension>
            <gpxtpx:hr>114</gpxtpx:hr>
          </gpxtpx:TrackPointExtension>
        </extensions>
      </trkpt>
      <trkpt lat="22.54333538916251" lon="114.08490653249793">
        <ele>17.6716382317245</ele>
        <time>2026-09-18T00:37:11.500000Z</time>
        <extensions>
          <gpxtpx:TrackPointExtension>
            <gpxtpx:hr>114</gpxtpx:hr>
          </gpxtpx:TrackPointExtension>
        </extensions>
      </trkpt>
      <trkpt lat="22.543349444327255" lon="114.08489127216428">
        <ele>17.354268536902964</ele>
        <time>2026-09-18T00:37:12.500000Z</time>
        <extensions>
          <gpxtpx:TrackPointExtension>
            <gpxtpx:hr>114</gpxtpx:hr>
          </gpxtpx:TrackPointExtension>
        </extensions>
      </trkpt>
      <trkpt lat="22.543363159674133" lon="114.0848773743801">
        <ele>17.047184336930513</ele>
        <time>2026-09-18T00:37:13.500000Z</time>
        <extensions>
          <gpxtpx:TrackPointExtension>
            <gpxtpx:hr>114</gpxtpx:hr>
          </gpxtpx:TrackPointExtension>
        </extensions>
      </trkpt>
      <trkpt lat="22.543375203769717" lon="114.08486405592514">
        <ele>16.753470780327916</ele>
        <time>2026-09-18T00:37:14.500000Z</time>
        <extensions>
          <gpxtpx:TrackPointExtension>
            <gpxtpx:hr>114</gpxtpx:hr>
          </gpxtpx:TrackPointExtension>
        </extensions>
      </trkpt>
      <trkpt lat="22.54338562436114" lon="114.08485015118393">
        <ele>16.47795748896897</ele>
        <time>2026-09-18T00:37:15.500000Z</time>
        <extensions>
          <gpxtpx:TrackPointExtension>
            <gpxtpx:hr>114</gpxtpx:hr>
          </gpxtpx:TrackPointExtension>
        </extensions>
      </trkpt>
      <trkpt lat="22.543394143342155" lon="114.0848358599678">
        <ele>16.227777179330587</ele>
        <time>2026-09-18T00:37:16.500000Z</time>
        <extensions>
          <gpxtpx:TrackPointExtension>
            <gpxtpx:hr>114</gpxtpx:hr>
          </gpxtpx:TrackPointExtension>
        </extensions>
      </trkpt>
      <trkpt lat="22.5434008437065" lon="114.08482200291243">
        <ele>15.989565797150135</ele>
        <time>2026-09-18T00:37:17.500000Z</time>
        <extensions>
          <gpxtpx:TrackPointExtension>
            <gpxtpx:hr>114</gpxtpx:hr>
          </gpxtpx:TrackPointExtension>
        </extensions>
      </trkpt>
      <trkpt lat="22.543406213932105" lon="114.08480779659031">
        <ele>15.785734353587031</ele>
        <time>2026-09-18T00:37:18.500000Z</time>
        <extensions>
          <gpxtpx:TrackPointExtension>
            <gpxtpx:hr>114</gpxtpx:hr>
          </gpxtpx:TrackPointExtension>
        </extensions>
      </trkpt>
      <trkpt lat="22.54341005322925" lon="114.08479327456627">
        <ele>15.628475666046143</ele>
        <time>2026-09-18T00:37:19.500000Z</time>
        <extensions>
          <gpxtpx:TrackPointExtension>
            <gpxtpx:hr>114</gpxtpx:hr>
          </gpxtpx:TrackPointExtension>
        </extensions>
      </trkpt>
      <trkpt lat="22.543412199869383" lon="114.0847802715262">
        <ele>15.524076604284346</ele>
        <time>2026-09-18T00:37:20.500000Z</time>
        <extensions>
          <gpxtpx:TrackPointExtension>
            <gpxtpx:hr>114</gpxtpx:hr>
          </gpxtpx:TrackPointExtension>
        </extensions>
      </trkpt>
      <trkpt lat="22.54341385472927" lon="114.08476903997473">
        <ele>15.46938000060618</ele>
        <time>2026-09-18T00:37:21.500000Z</time>
        <extensions>
          <gpxtpx:TrackPointExtension>
            <gpxtpx:hr>114</gpxtpx:hr>
          </gpxtpx:TrackPointExtension>
        </extensions>
      </trkpt>
      <trkpt lat="22.543415931102107" lon="114.08475813372739">
        <ele>15.45224477071315</ele>
        <time>2026-09-18T00:37:22.500000Z</time>
        <extensions>
          <gpxtpx:TrackPointExtension>
            <gpxtpx:hr>114</gpxtpx:hr>
          </gpxtpx:TrackPointExtension>
        </extensions>
      </trkpt>
      <trkpt lat="22.543418579245376" lon="114.08474712714592">
        <ele>15.45822701137513</ele>
        <time>2026-09-18T00:37:23.500000Z</time>
        <extensions>
          <gpxtpx:TrackPointExtension>
            <gpxtpx:hr>114</gpxtpx:hr>
          </gpxtpx:TrackPointExtension>
        </extensions>
      </trkpt>
      <trkpt lat="22.543421554038193" lon="114.0847365762344">
        <ele>15.482012123800814</ele>
        <time>2026-09-18T00:37:24.500000Z</time>
        <extensions>
          <gpxtpx:TrackPointExtension>
            <gpxtpx:hr>114</gpxtpx:hr>
          </gpxtpx:TrackPointExtension>
        </extensions>
      </trkpt>
      <trkpt lat="22.54342470878131" lon="114.08472689052077">
        <ele>15.519018542952836</ele>
        <time>2026-09-18T00:37:25.500000Z</time>
        <extensions>
          <gpxtpx:TrackPointExtension>
            <gpxtpx:hr>113</gpxtpx:hr>
          </gpxtpx:TrackPointExtension>
        </extensions>
      </trkpt>
      <trkpt lat="22.543427802194504" lon="114.08471768386438">
        <ele>15.575138928368688</ele>
        <time>2026-09-18T00:37:26.500000Z</time>
        <extensions>
          <gpxtpx:TrackPointExtension>
            <gpxtpx:hr>113</gpxtpx:hr>
          </gpxtpx:TrackPointExtension>
        </extensions>
      </trkpt>
      <trkpt lat="22.543430223645352" lon="114.08470809723967">
        <ele>15.638442630879581</ele>
        <time>2026-09-18T00:37:27.500000Z</time>
        <extensions>
          <gpxtpx:TrackPointExtension>
            <gpxtpx:hr>113</gpxtpx:hr>
          </gpxtpx:TrackPointExtension>
        </extensions>
      </trkpt>
      <trkpt lat="22.543431892452006" lon="114.08469809048043">
        <ele>15.699569415301085</ele>
        <time>2026-09-18T00:37:28.500000Z</time>
        <extensions>
          <gpxtpx:TrackPointExtension>
            <gpxtpx:hr>113</gpxtpx:hr>
          </gpxtpx:TrackPointExtension>
        </extensions>
      </trkpt>
      <trkpt lat="22.54343325066991" lon="114.08468817981985">
        <ele>15.748104897327721</ele>
        <time>2026-09-18T00:37:29.500000Z</time>
        <extensions>
          <gpxtpx:TrackPointExtension>
            <gpxtpx:hr>114</gpxtpx:hr>
          </gpxtpx:TrackPointExtension>
        </extensions>
      </trkpt>
      <trkpt lat="22.54343454705769" lon="114.08467874377845">
        <ele>15.782315350137651</ele>
        <time>2026-09-18T00:37:30.500000Z</time>
        <extensions>
          <gpxtpx:TrackPointExtension>
            <gpxtpx:hr>114</gpxtpx:hr>
          </gpxtpx:TrackPointExtension>
        </extensions>
      </trkpt>
      <trkpt lat="22.54343601240564" lon="114.08466913123495">
        <ele>15.793159771710634</ele>
        <time>2026-09-18T00:37:31.500000Z</time>
        <extensions>
          <gpxtpx:TrackPointExtension>
            <gpxtpx:hr>114</gpxtpx:hr>
          </gpxtpx:TrackPointExtension>
        </extensions>
      </trkpt>
      <trkpt lat="22.543437584725144" lon="114.08465836303775">
        <ele>15.756392381154</ele>
        <time>2026-09-18T00:37:32.500000Z</time>
        <extensions>
          <gpxtpx:TrackPointExtension>
            <gpxtpx:hr>114</gpxtpx:hr>
          </gpxtpx:TrackPointExtension>
        </extensions>
      </trkpt>
      <trkpt lat="22.543438756067605" lon="114.08464594326003">
        <ele>15.695529462769628</ele>
        <time>2026-09-18T00:37:33.500000Z</time>
        <extensions>
          <gpxtpx:TrackPointExtension>
            <gpxtpx:hr>114</gpxtpx:hr>
          </gpxtpx:TrackPointExtension>
        </extensions>
      </trkpt>
      <trkpt lat="22.543439629270114" lon="114.08463221876126">
        <ele>15.600890076719224</ele>
        <time>2026-09-18T00:37:34.500000Z</time>
        <extensions>
          <gpxtpx:TrackPointExtension>
            <gpxtpx:hr>114</gpxtpx:hr>
          </gpxtpx:TrackPointExtension>
        </extensions>
      </trkpt>
      <trkpt lat="22.543440232909692" lon="114.08461715053745">
        <ele>15.496822600252926</ele>
        <time>2026-09-18T00:37:35.500000Z</time>
        <extensions>
          <gpxtpx:TrackPointExtension>
            <gpxtpx:hr>113</gpxtpx:hr>
          </gpxtpx:TrackPointExtension>
        </extensions>
      </trkpt>
      <trkpt lat="22.54344069574758" lon="114.08460149881343">
        <ele>15.374231143854558</ele>
        <time>2026-09-18T00:37:36.500000Z</time>
        <extensions>
          <gpxtpx:TrackPointExtension>
            <gpxtpx:hr>113</gpxtpx:hr>
          </gpxtpx:TrackPointExtension>
        </extensions>
      </trkpt>
      <trkpt lat="22.543440550230287" lon="114.08458637102649">
        <ele>15.223404739052057</ele>
        <time>2026-09-18T00:37:37.500000Z</time>
        <extensions>
          <gpxtpx:TrackPointExtension>
            <gpxtpx:hr>113</gpxtpx:hr>
          </gpxtpx:TrackPointExtension>
        </extensions>
      </trkpt>
      <trkpt lat="22.54343922983066" lon="114.084572120185">
        <ele>15.05307524651289</ele>
        <time>2026-09-18T00:37:38.500000Z</time>
        <extensions>
          <gpxtpx:TrackPointExtension>
            <gpxtpx:hr>113</gpxtpx:hr>
          </gpxtpx:TrackPointExtension>
        </extensions>
      </trkpt>
      <trkpt lat="22.543437174371192" lon="114.08455810013113">
        <ele>14.848345211707056</ele>
        <time>2026-09-18T00:37:39.500000Z</time>
        <extensions>
          <gpxtpx:TrackPointExtension>
            <gpxtpx:hr>113</gpxtpx:hr>
          </gpxtpx:TrackPointExtension>
        </extensions>
      </trkpt>
      <trkpt lat="22.54343475870402" lon="114.08454342006688">
        <ele>14.61492121964693</ele>
        <time>2026-09-18T00:37:40.500000Z</time>
        <extensions>
          <gpxtpx:TrackPointExtension>
            <gpxtpx:hr>113</gpxtpx:hr>
          </gpxtpx:TrackPointExtension>
        </extensions>
      </trkpt>
      <trkpt lat="22.543432017195386" lon="114.08452780341547">
        <ele>14.372019191272557</ele>
        <time>2026-09-18T00:37:41.500000Z</time>
        <extensions>
          <gpxtpx:TrackPointExtension>
            <gpxtpx:hr>113</gpxtpx:hr>
          </gpxtpx:TrackPointExtension>
        </extensions>
      </trkpt>
      <trkpt lat="22.543428875511147" lon="114.08451139225168">
        <ele>14.107849905267358</ele>
        <time>2026-09-18T00:37:42.500000Z</time>
        <extensions>
          <gpxtpx:TrackPointExtension>
            <gpxtpx:hr>113</gpxtpx:hr>
          </gpxtpx:TrackPointExtension>
        </extensions>
      </trkpt>
      <trkpt lat="22.543425154307712" lon="114.08449453974443">
        <ele>13.822877271100879</ele>
        <time>2026-09-18T00:37:43.500000Z</time>
        <extensions>
          <gpxtpx:TrackPointExtension>
            <gpxtpx:hr>113</gpxtpx:hr>
          </gpxtpx:TrackPointExtension>
        </extensions>
      </trkpt>
      <trkpt lat="22.543421210041274" lon="114.08447788706194">
        <ele>13.510785602033138</ele>
        <time>2026-09-18T00:37:44.500000Z</time>
        <extensions>
          <gpxtpx:TrackPointExtension>
            <gpxtpx:hr>113</gpxtpx:hr>
          </gpxtpx:TrackPointExtension>
        </extensions>
      </trkpt>
      <trkpt lat="22.543417064876667" lon="114.08446213900145">
        <ele>13.171010727062821</ele>
        <time>2026-09-18T00:37:45.500000Z</time>
        <extensions>
          <gpxtpx:TrackPointExtension>
            <gpxtpx:hr>113</gpxtpx:hr>
          </gpxtpx:TrackPointExtension>
        </extensions>
      </trkpt>
      <trkpt lat="22.543412313757162" lon="114.08444859251402">
        <ele>12.818159343674779</ele>
        <time>2026-09-18T00:37:46.500000Z</time>
        <extensions>
          <gpxtpx:TrackPointExtension>
            <gpxtpx:hr>113</gpxtpx:hr>
          </gpxtpx:TrackPointExtension>
        </extensions>
      </trkpt>
      <trkpt lat="22.543406894537785" lon="114.08443666244183">
        <ele>12.44596088770777</ele>
        <time>2026-09-18T00:37:47.500000Z</time>
        <extensions>
          <gpxtpx:TrackPointExtension>
            <gpxtpx:hr>113</gpxtpx:hr>
          </gpxtpx:TrackPointExtension>
        </extensions>
      </trkpt>
      <trkpt lat="22.543400857055474" lon="114.0844245198366">
        <ele>12.06337253190577</ele>
        <time>2026-09-18T00:37:48.500000Z</time>
        <extensions>
          <gpxtpx:TrackPointExtension>
            <gpxtpx:hr>113</gpxtpx:hr>
          </gpxtpx:TrackPointExtension>
        </extensions>
      </trkpt>
      <trkpt lat="22.543395058150537" lon="114.08441151556">
        <ele>11.6809524577111</ele>
        <time>2026-09-18T00:37:49.500000Z</time>
        <extensions>
          <gpxtpx:TrackPointExtension>
            <gpxtpx:hr>113</gpxtpx:hr>
          </gpxtpx:TrackPointExtension>
        </extensions>
      </trkpt>
      <trkpt lat="22.543390407402647" lon="114.08439728553826">
        <ele>11.319890102371573</ele>
        <time>2026-09-18T00:37:50.500000Z</time>
        <extensions>
          <gpxtpx:TrackPointExtension>
            <gpxtpx:hr>113</gpxtpx:hr>
          </gpxtpx:TrackPointExtension>
        </extensions>
      </trkpt>
      <trkpt lat="22.54338749583137" lon="114.08438228075377">
        <ele>10.98036974389106</ele>
        <time>2026-09-18T00:37:51.500000Z</time>
        <extensions>
          <gpxtpx:TrackPointExtension>
            <gpxtpx:hr>113</gpxtpx:hr>
          </gpxtpx:TrackPointExtension>
        </extensions>
      </trkpt>
      <trkpt lat="22.54338600010001" lon="114.08436709823926">
        <ele>10.677951536141336</ele>
        <time>2026-09-18T00:37:52.500000Z</time>
        <extensions>
          <gpxtpx:TrackPointExtension>
            <gpxtpx:hr>113</gpxtpx:hr>
          </gpxtpx:TrackPointExtension>
        </extensions>
      </trkpt>
      <trkpt lat="22.543385633219714" lon="114.08435175299809">
        <ele>10.416322901844978</ele>
        <time>2026-09-18T00:37:53.500000Z</time>
        <extensions>
          <gpxtpx:TrackPointExtension>
            <gpxtpx:hr>113</gpxtpx:hr>
          </gpxtpx:TrackPointExtension>
        </extensions>
      </trkpt>
      <trkpt lat="22.543386303990896" lon="114.08433643590475">
        <ele>10.205873277038336</ele>
        <time>2026-09-18T00:37:54.500000Z</time>
        <extensions>
          <gpxtpx:TrackPointExtension>
            <gpxtpx:hr>112</gpxtpx:hr>
          </gpxtpx:TrackPointExtension>
        </extensions>
      </trkpt>
      <trkpt lat="22.543387320265367" lon="114.08432098642477">
        <ele>10.054253592155874</ele>
        <time>2026-09-18T00:37:55.500000Z</time>
        <extensions>
          <gpxtpx:TrackPointExtension>
            <gpxtpx:hr>112</gpxtpx:hr>
          </gpxtpx:TrackPointExtension>
        </extensions>
      </trkpt>
      <trkpt lat="22.543387884564638" lon="114.0843053564998">
        <ele>9.96384287904948</ele>
        <time>2026-09-18T00:37:56.500000Z</time>
        <extensions>
          <gpxtpx:TrackPointExtension>
            <gpxtpx:hr>112</gpxtpx:hr>
          </gpxtpx:TrackPointExtension>
        </extensions>
      </trkpt>
      <trkpt lat="22.54338746449628" lon="114.08428990763518">
        <ele>9.916263150051236</ele>
        <time>2026-09-18T00:37:57.500000Z</time>
        <extensions>
          <gpxtpx:TrackPointExtension>
            <gpxtpx:hr>112</gpxtpx:hr>
          </gpxtpx:TrackPointExtension>
        </extensions>
      </trkpt>
      <trkpt lat="22.54338586374071" lon="114.08427410500825">
        <ele>9.914063355885446</ele>
        <time>2026-09-18T00:37:58.500000Z</time>
        <extensions>
          <gpxtpx:TrackPointExtension>
            <gpxtpx:hr>112</gpxtpx:hr>
          </gpxtpx:TrackPointExtension>
        </extensions>
      </trkpt>
      <trkpt lat="22.543383732183692" lon="114.0842573638616">
        <ele>9.941123830154538</ele>
        <time>2026-09-18T00:37:59.500000Z</time>
        <extensions>
          <gpxtpx:TrackPointExtension>
            <gpxtpx:hr>112</gpxtpx:hr>
          </gpxtpx:TrackPointExtension>
        </extensions>
      </trkpt>
      <trkpt lat="22.54338218927895" lon="114.08424172017898">
        <ele>9.987454801797867</ele>
        <time>2026-09-18T00:38:00.500000Z</time>
        <extensions>
          <gpxtpx:TrackPointExtension>
            <gpxtpx:hr>112</gpxtpx:hr>
          </gpxtpx:TrackPointExtension>
        </extensions>
      </trkpt>
      <trkpt lat="22.543381821749506" lon="114.08422877681167">
        <ele>10.042096506804228</ele>
        <time>2026-09-18T00:38:01.500000Z</time>
        <extensions>
          <gpxtpx:TrackPointExtension>
            <gpxtpx:hr>113</gpxtpx:hr>
          </gpxtpx:TrackPointExtension>
        </extensions>
      </trkpt>
      <trkpt lat="22.54338224291935" lon="114.08421951326609">
        <ele>10.110359556041658</ele>
        <time>2026-09-18T00:38:02.500000Z</time>
        <extensions>
          <gpxtpx:TrackPointExtension>
            <gpxtpx:hr>113</gpxtpx:hr>
          </gpxtpx:TrackPointExtension>
        </extensions>
      </trkpt>
      <trkpt lat="22.543382793084017" lon="114.08421465906741">
        <ele>10.181171459145844</ele>
        <time>2026-09-18T00:38:03.500000Z</time>
        <extensions>
          <gpxtpx:TrackPointExtension>
            <gpxtpx:hr>113</gpxtpx:hr>
          </gpxtpx:TrackPointExtension>
        </extensions>
      </trkpt>
      <trkpt lat="22.54338347709415" lon="114.08421249957154">
        <ele>10.253439305350184</ele>
        <time>2026-09-18T00:38:04.500000Z</time>
        <extensions>
          <gpxtpx:TrackPointExtension>
            <gpxtpx:hr>113</gpxtpx:hr>
          </gpxtpx:TrackPointExtension>
        </extensions>
      </trkpt>
      <trkpt lat="22.543384330816433" lon="114.08421116664783">
        <ele>10.336784028448164</ele>
        <time>2026-09-18T00:38:05.500000Z</time>
        <extensions>
          <gpxtpx:TrackPointExtension>
            <gpxtpx:hr>113</gpxtpx:hr>
          </gpxtpx:TrackPointExtension>
        </extensions>
      </trkpt>
      <trkpt lat="22.543384646734317" lon="114.08420989720187">
        <ele>10.41710826382041</ele>
        <time>2026-09-18T00:38:06.500000Z</time>
        <extensions>
          <gpxtpx:TrackPointExtension>
            <gpxtpx:hr>113</gpxtpx:hr>
          </gpxtpx:TrackPointExtension>
        </extensions>
      </trkpt>
      <trkpt lat="22.54338387492349" lon="114.08420814961501">
        <ele>10.49646734725684</ele>
        <time>2026-09-18T00:38:07.500000Z</time>
        <extensions>
          <gpxtpx:TrackPointExtension>
            <gpxtpx:hr>109</gpxtpx:hr>
          </gpxtpx:TrackPointExtension>
        </extensions>
      </trkpt>
      <trkpt lat="22.543382395832136" lon="114.08420504778387">
        <ele>10.579809276387095</ele>
        <time>2026-09-18T00:38:08.500000Z</time>
        <extensions>
          <gpxtpx:TrackPointExtension>
            <gpxtpx:hr>109</gpxtpx:hr>
          </gpxtpx:TrackPointExtension>
        </extensions>
      </trkpt>
      <trkpt lat="22.543381139602985" lon="114.08419996838383">
        <ele>10.650006880052388</ele>
        <time>2026-09-18T00:38:09.500000Z</time>
        <extensions>
          <gpxtpx:TrackPointExtension>
            <gpxtpx:hr>109</gpxtpx:hr>
          </gpxtpx:TrackPointExtension>
        </extensions>
      </trkpt>
      <trkpt lat="22.543380839884243" lon="114.08419210253317">
        <ele>10.715444213710725</ele>
        <time>2026-09-18T00:38:10.500000Z</time>
        <extensions>
          <gpxtpx:TrackPointExtension>
            <gpxtpx:hr>109</gpxtpx:hr>
          </gpxtpx:TrackPointExtension>
        </extensions>
      </trkpt>
      <trkpt lat="22.543381437814112" lon="114.08418148253782">
        <ele>10.772696137428284</ele>
        <time>2026-09-18T00:38:11.500000Z</time>
        <extensions>
          <gpxtpx:TrackPointExtension>
            <gpxtpx:hr>108</gpxtpx:hr>
          </gpxtpx:TrackPointExtension>
        </extensions>
      </trkpt>
      <trkpt lat="22.543382315981344" lon="114.08416864221618">
        <ele>10.827442412264645</ele>
        <time>2026-09-18T00:38:12.500000Z</time>
        <extensions>
          <gpxtpx:TrackPointExtension>
            <gpxtpx:hr>108</gpxtpx:hr>
          </gpxtpx:TrackPointExtension>
        </extensions>
      </trkpt>
      <trkpt lat="22.543383067469545" lon="114.08415398393305">
        <ele>10.870446681044996</ele>
        <time>2026-09-18T00:38:13.500000Z</time>
        <extensions>
          <gpxtpx:TrackPointExtension>
            <gpxtpx:hr>108</gpxtpx:hr>
          </gpxtpx:TrackPointExtension>
        </extensions>
      </trkpt>
      <trkpt lat="22.543383796293245" lon="114.08413832972641">
        <ele>10.931547633372247</ele>
        <time>2026-09-18T00:38:14.500000Z</time>
        <extensions>
          <gpxtpx:TrackPointExtension>
            <gpxtpx:hr>108</gpxtpx:hr>
          </gpxtpx:TrackPointExtension>
        </extensions>
      </trkpt>
      <trkpt lat="22.543384729416697" lon="114.08412262330742">
        <ele>11.017884032800794</ele>
        <time>2026-09-18T00:38:15.500000Z</time>
        <extensions>
          <gpxtpx:TrackPointExtension>
            <gpxtpx:hr>108</gpxtpx:hr>
          </gpxtpx:TrackPointExtension>
        </extensions>
      </trkpt>
      <trkpt lat="22.543386219249747" lon="114.08410688508796">
        <ele>11.117593224160373</ele>
        <time>2026-09-18T00:38:16.500000Z</time>
        <extensions>
          <gpxtpx:TrackPointExtension>
            <gpxtpx:hr>113</gpxtpx:hr>
          </gpxtpx:TrackPointExtension>
        </extensions>
      </trkpt>
      <trkpt lat="22.54338838428901" lon="114.0840915133614">
        <ele>11.230708656832576</ele>
        <time>2026-09-18T00:38:17.500000Z</time>
        <extensions>
          <gpxtpx:TrackPointExtension>
            <gpxtpx:hr>113</gpxtpx:hr>
          </gpxtpx:TrackPointExtension>
        </extensions>
      </trkpt>
      <trkpt lat="22.543390808398687" lon="114.0840767756977">
        <ele>11.344947439618409</ele>
        <time>2026-09-18T00:38:18.500000Z</time>
        <extensions>
          <gpxtpx:TrackPointExtension>
            <gpxtpx:hr>113</gpxtpx:hr>
          </gpxtpx:TrackPointExtension>
        </extensions>
      </trkpt>
      <trkpt lat="22.54339342190764" lon="114.08406204112337">
        <ele>11.446439689956605</ele>
        <time>2026-09-18T00:38:19.500000Z</time>
        <extensions>
          <gpxtpx:TrackPointExtension>
            <gpxtpx:hr>113</gpxtpx:hr>
          </gpxtpx:TrackPointExtension>
        </extensions>
      </trkpt>
      <trkpt lat="22.5433960372812" lon="114.08404731311055">
        <ele>11.548378022387624</ele>
        <time>2026-09-18T00:38:20.500000Z</time>
        <extensions>
          <gpxtpx:TrackPointExtension>
            <gpxtpx:hr>113</gpxtpx:hr>
          </gpxtpx:TrackPointExtension>
        </extensions>
      </trkpt>
      <trkpt lat="22.543398733133284" lon="114.08403293756146">
        <ele>11.640093334950507</ele>
        <time>2026-09-18T00:38:21.500000Z</time>
        <extensions>
          <gpxtpx:TrackPointExtension>
            <gpxtpx:hr>113</gpxtpx:hr>
          </gpxtpx:TrackPointExtension>
        </extensions>
      </trkpt>
      <trkpt lat="22.54340150032764" lon="114.08401998806652">
        <ele>11.749126492068172</ele>
        <time>2026-09-18T00:38:22.500000Z</time>
        <extensions>
          <gpxtpx:TrackPointExtension>
            <gpxtpx:hr>113</gpxtpx:hr>
          </gpxtpx:TrackPointExtension>
        </extensions>
      </trkpt>
      <trkpt lat="22.543404003794503" lon="114.08400741239392">
        <ele>11.859908153302968</ele>
        <time>2026-09-18T00:38:23.500000Z</time>
        <extensions>
          <gpxtpx:TrackPointExtension>
            <gpxtpx:hr>113</gpxtpx:hr>
          </gpxtpx:TrackPointExtension>
        </extensions>
      </trkpt>
      <trkpt lat="22.543405628928152" lon="114.0839937923742">
        <ele>12.005138758569956</ele>
        <time>2026-09-18T00:38:24.500000Z</time>
        <extensions>
          <gpxtpx:TrackPointExtension>
            <gpxtpx:hr>113</gpxtpx:hr>
          </gpxtpx:TrackPointExtension>
        </extensions>
      </trkpt>
      <trkpt lat="22.543406603276843" lon="114.08397932924434">
        <ele>12.16980364639312</ele>
        <time>2026-09-18T00:38:25.500000Z</time>
        <extensions>
          <gpxtpx:TrackPointExtension>
            <gpxtpx:hr>111</gpxtpx:hr>
          </gpxtpx:TrackPointExtension>
        </extensions>
      </trkpt>
      <trkpt lat="22.54340725066525" lon="114.08396408447615">
        <ele>12.371575688943267</ele>
        <time>2026-09-18T00:38:26.500000Z</time>
        <extensions>
          <gpxtpx:TrackPointExtension>
            <gpxtpx:hr>111</gpxtpx:hr>
          </gpxtpx:TrackPointExtension>
        </extensions>
      </trkpt>
      <trkpt lat="22.54340768093435" lon="114.08394900815027">
        <ele>12.602953541092575</ele>
        <time>2026-09-18T00:38:27.500000Z</time>
        <extensions>
          <gpxtpx:TrackPointExtension>
            <gpxtpx:hr>111</gpxtpx:hr>
          </gpxtpx:TrackPointExtension>
        </extensions>
      </trkpt>
      <trkpt lat="22.543408173066393" lon="114.08393395992749">
        <ele>12.832608099095523</ele>
        <time>2026-09-18T00:38:28.500000Z</time>
        <extensions>
          <gpxtpx:TrackPointExtension>
            <gpxtpx:hr>111</gpxtpx:hr>
          </gpxtpx:TrackPointExtension>
        </extensions>
      </trkpt>
      <trkpt lat="22.543408942960408" lon="114.08391909346236">
        <ele>13.064096596091986</ele>
        <time>2026-09-18T00:38:29.500000Z</time>
        <extensions>
          <gpxtpx:TrackPointExtension>
            <gpxtpx:hr>111</gpxtpx:hr>
          </gpxtpx:TrackPointExtension>
        </extensions>
      </trkpt>
      <trkpt lat="22.543410015179322" lon="114.08390462588903">
        <ele>13.259396634995937</ele>
        <time>2026-09-18T00:38:30.500000Z</time>
        <extensions>
          <gpxtpx:TrackPointExtension>
            <gpxtpx:hr>111</gpxtpx:hr>
          </gpxtpx:TrackPointExtension>
        </extensions>
      </trkpt>
      <trkpt lat="22.54341123020614" lon="114.08389056012608">
        <ele>13.419051798060536</ele>
        <time>2026-09-18T00:38:31.500000Z</time>
        <extensions>
          <gpxtpx:TrackPointExtension>
            <gpxtpx:hr>111</gpxtpx:hr>
          </gpxtpx:TrackPointExtension>
        </extensions>
      </trkpt>
      <trkpt lat="22.543412749901922" lon="114.08387709918624">
        <ele>13.53948132880032</ele>
        <time>2026-09-18T00:38:32.500000Z</time>
        <extensions>
          <gpxtpx:TrackPointExtension>
            <gpxtpx:hr>111</gpxtpx:hr>
          </gpxtpx:TrackPointExtension>
        </extensions>
      </trkpt>
      <trkpt lat="22.54341474941681" lon="114.08386375869547">
        <ele>13.642776650376618</ele>
        <time>2026-09-18T00:38:33.500000Z</time>
        <extensions>
          <gpxtpx:TrackPointExtension>
            <gpxtpx:hr>111</gpxtpx:hr>
          </gpxtpx:TrackPointExtension>
        </extensions>
      </trkpt>
      <trkpt lat="22.543416976622513" lon="114.08384911026009">
        <ele>13.725115762092173</ele>
        <time>2026-09-18T00:38:34.500000Z</time>
        <extensions>
          <gpxtpx:TrackPointExtension>
            <gpxtpx:hr>111</gpxtpx:hr>
          </gpxtpx:TrackPointExtension>
        </extensions>
      </trkpt>
      <trkpt lat="22.54341899986302" lon="114.08383395144267">
        <ele>13.766734440810978</ele>
        <time>2026-09-18T00:38:35.500000Z</time>
        <extensions>
          <gpxtpx:TrackPointExtension>
            <gpxtpx:hr>113</gpxtpx:hr>
          </gpxtpx:TrackPointExtension>
        </extensions>
      </trkpt>
      <trkpt lat="22.543420964836663" lon="114.08382005894816">
        <ele>13.7583096800372</ele>
        <time>2026-09-18T00:38:36.500000Z</time>
        <extensions>
          <gpxtpx:TrackPointExtension>
            <gpxtpx:hr>113</gpxtpx:hr>
          </gpxtpx:TrackPointExtension>
        </extensions>
      </trkpt>
      <trkpt lat="22.543423433201085" lon="114.08380796864917">
        <ele>13.75189058482647</ele>
        <time>2026-09-18T00:38:37.500000Z</time>
        <extensions>
          <gpxtpx:TrackPointExtension>
            <gpxtpx:hr>113</gpxtpx:hr>
          </gpxtpx:TrackPointExtension>
        </extensions>
      </trkpt>
      <trkpt lat="22.543426299170683" lon="114.08379724288642">
        <ele>13.704519903287292</ele>
        <time>2026-09-18T00:38:38.500000Z</time>
        <extensions>
          <gpxtpx:TrackPointExtension>
            <gpxtpx:hr>113</gpxtpx:hr>
          </gpxtpx:TrackPointExtension>
        </extensions>
      </trkpt>
      <trkpt lat="22.54342887151587" lon="114.08378678859803">
        <ele>13.586846310645342</ele>
        <time>2026-09-18T00:38:39.500000Z</time>
        <extensions>
          <gpxtpx:TrackPointExtension>
            <gpxtpx:hr>113</gpxtpx:hr>
          </gpxtpx:TrackPointExtension>
        </extensions>
      </trkpt>
      <trkpt lat="22.543431206789453" lon="114.08377590983515">
        <ele>13.430528478696942</ele>
        <time>2026-09-18T00:38:40.500000Z</time>
        <extensions>
          <gpxtpx:TrackPointExtension>
            <gpxtpx:hr>113</gpxtpx:hr>
          </gpxtpx:TrackPointExtension>
        </extensions>
      </trkpt>
      <trkpt lat="22.543433551756028" lon="114.08376406516182">
        <ele>13.229497087188065</ele>
        <time>2026-09-18T00:38:41.500000Z</time>
        <extensions>
          <gpxtpx:TrackPointExtension>
            <gpxtpx:hr>113</gpxtpx:hr>
          </gpxtpx:TrackPointExtension>
        </extensions>
      </trkpt>
      <trkpt lat="22.54343529853788" lon="114.08375110528196">
        <ele>12.990868323482573</ele>
        <time>2026-09-18T00:38:42.500000Z</time>
        <extensions>
          <gpxtpx:TrackPointExtension>
            <gpxtpx:hr>113</gpxtpx:hr>
          </gpxtpx:TrackPointExtension>
        </extensions>
      </trkpt>
      <trkpt lat="22.543435951567808" lon="114.08373736163487">
        <ele>12.750171601772308</ele>
        <time>2026-09-18T00:38:43.500000Z</time>
        <extensions>
          <gpxtpx:TrackPointExtension>
            <gpxtpx:hr>113</gpxtpx:hr>
          </gpxtpx:TrackPointExtension>
        </extensions>
      </trkpt>
      <trkpt lat="22.543435728566397" lon="114.08372382553844">
        <ele>12.516333823092282</ele>
        <time>2026-09-18T00:38:44.500000Z</time>
        <extensions>
          <gpxtpx:TrackPointExtension>
            <gpxtpx:hr>112</gpxtpx:hr>
          </gpxtpx:TrackPointExtension>
        </extensions>
      </trkpt>
      <trkpt lat="22.543434874485158" lon="114.08371045665746">
        <ele>12.277531823143363</ele>
        <time>2026-09-18T00:38:45.500000Z</time>
        <extensions>
          <gpxtpx:TrackPointExtension>
            <gpxtpx:hr>112</gpxtpx:hr>
          </gpxtpx:TrackPointExtension>
        </extensions>
      </trkpt>
      <trkpt lat="22.54343349704705" lon="114.08369673090223">
        <ele>12.032057960517704</ele>
        <time>2026-09-18T00:38:46.500000Z</time>
        <extensions>
          <gpxtpx:TrackPointExtension>
            <gpxtpx:hr>112</gpxtpx:hr>
          </gpxtpx:TrackPointExtension>
        </extensions>
      </trkpt>
      <trkpt lat="22.543431639925043" lon="114.08368319438142">
        <ele>11.787152700126171</ele>
        <time>2026-09-18T00:38:47.500000Z</time>
        <extensions>
          <gpxtpx:TrackPointExtension>
            <gpxtpx:hr>112</gpxtpx:hr>
          </gpxtpx:TrackPointExtension>
        </extensions>
      </trkpt>
      <trkpt lat="22.54342943330512" lon="114.08367032114414">
        <ele>11.557292682118714</ele>
        <time>2026-09-18T00:38:48.500000Z</time>
        <extensions>
          <gpxtpx:TrackPointExtension>
            <gpxtpx:hr>112</gpxtpx:hr>
          </gpxtpx:TrackPointExtension>
        </extensions>
      </trkpt>
      <trkpt lat="22.543427174634676" lon="114.0836572195047">
        <ele>11.357727702707052</ele>
        <time>2026-09-18T00:38:49.500000Z</time>
        <extensions>
          <gpxtpx:TrackPointExtension>
            <gpxtpx:hr>112</gpxtpx:hr>
          </gpxtpx:TrackPointExtension>
        </extensions>
      </trkpt>
      <trkpt lat="22.543424911920507" lon="114.08364255045669">
        <ele>11.202058847993612</ele>
        <time>2026-09-18T00:38:50.500000Z</time>
        <extensions>
          <gpxtpx:TrackPointExtension>
            <gpxtpx:hr>113</gpxtpx:hr>
          </gpxtpx:TrackPointExtension>
        </extensions>
      </trkpt>
      <trkpt lat="22.543422872640072" lon="114.08362749952802">
        <ele>11.099487698636949</ele>
        <time>2026-09-18T00:38:51.500000Z</time>
        <extensions>
          <gpxtpx:TrackPointExtension>
            <gpxtpx:hr>113</gpxtpx:hr>
          </gpxtpx:TrackPointExtension>
        </extensions>
      </trkpt>
      <trkpt lat="22.543421280080164" lon="114.08361345883085">
        <ele>11.007497915998101</ele>
        <time>2026-09-18T00:38:52.500000Z</time>
        <extensions>
          <gpxtpx:TrackPointExtension>
            <gpxtpx:hr>113</gpxtpx:hr>
          </gpxtpx:TrackPointExtension>
        </extensions>
      </trkpt>
      <trkpt lat="22.54341956921601" lon="114.08359987566462">
        <ele>10.953979013487697</ele>
        <time>2026-09-18T00:38:53.500000Z</time>
        <extensions>
          <gpxtpx:TrackPointExtension>
            <gpxtpx:hr>113</gpxtpx:hr>
          </gpxtpx:TrackPointExtension>
        </extensions>
      </trkpt>
      <trkpt lat="22.543417287837077" lon="114.08358632973372">
        <ele>10.92821781244129</ele>
        <time>2026-09-18T00:38:54.500000Z</time>
        <extensions>
          <gpxtpx:TrackPointExtension>
            <gpxtpx:hr>112</gpxtpx:hr>
          </gpxtpx:TrackPointExtension>
        </extensions>
      </trkpt>
      <trkpt lat="22.543414402954696" lon="114.08357255100172">
        <ele>10.953772303648293</ele>
        <time>2026-09-18T00:38:55.500000Z</time>
        <extensions>
          <gpxtpx:TrackPointExtension>
            <gpxtpx:hr>112</gpxtpx:hr>
          </gpxtpx:TrackPointExtension>
        </extensions>
      </trkpt>
      <trkpt lat="22.543411074397202" lon="114.08355835817127">
        <ele>11.006061409600079</ele>
        <time>2026-09-18T00:38:56.500000Z</time>
        <extensions>
          <gpxtpx:TrackPointExtension>
            <gpxtpx:hr>112</gpxtpx:hr>
          </gpxtpx:TrackPointExtension>
        </extensions>
      </trkpt>
      <trkpt lat="22.54340718192245" lon="114.08354346322287">
        <ele>11.096176341176033</ele>
        <time>2026-09-18T00:38:57.500000Z</time>
        <extensions>
          <gpxtpx:TrackPointExtension>
            <gpxtpx:hr>112</gpxtpx:hr>
          </gpxtpx:TrackPointExtension>
        </extensions>
      </trkpt>
      <trkpt lat="22.54340280441719" lon="114.08352763116535">
        <ele>11.233638084493577</ele>
        <time>2026-09-18T00:38:58.500000Z</time>
        <extensions>
          <gpxtpx:TrackPointExtension>
            <gpxtpx:hr>112</gpxtpx:hr>
          </gpxtpx:TrackPointExtension>
        </extensions>
      </trkpt>
      <trkpt lat="22.54339848576209" lon="114.08351190793077">
        <ele>11.40141630731523</ele>
        <time>2026-09-18T00:38:59.500000Z</time>
        <extensions>
          <gpxtpx:TrackPointExtension>
            <gpxtpx:hr>113</gpxtpx:hr>
          </gpxtpx:TrackPointExtension>
        </extensions>
      </trkpt>
      <trkpt lat="22.54339415130651" lon="114.08349654751501">
        <ele>11.583285138942301</ele>
        <time>2026-09-18T00:39:00.500000Z</time>
        <extensions>
          <gpxtpx:TrackPointExtension>
            <gpxtpx:hr>113</gpxtpx:hr>
          </gpxtpx:TrackPointExtension>
        </extensions>
      </trkpt>
      <trkpt lat="22.5433896765507" lon="114.08348167251347">
        <ele>11.767875388264656</ele>
        <time>2026-09-18T00:39:01.500000Z</time>
        <extensions>
          <gpxtpx:TrackPointExtension>
            <gpxtpx:hr>113</gpxtpx:hr>
          </gpxtpx:TrackPointExtension>
        </extensions>
      </trkpt>
      <trkpt lat="22.54338545606039" lon="114.0834672463753">
        <ele>11.966125995852053</ele>
        <time>2026-09-18T00:39:02.500000Z</time>
        <extensions>
          <gpxtpx:TrackPointExtension>
            <gpxtpx:hr>113</gpxtpx:hr>
          </gpxtpx:TrackPointExtension>
        </extensions>
      </trkpt>
      <trkpt lat="22.543380585257236" lon="114.08345218768902">
        <ele>12.163640882819891</ele>
        <time>2026-09-18T00:39:03.500000Z</time>
        <extensions>
          <gpxtpx:TrackPointExtension>
            <gpxtpx:hr>113</gpxtpx:hr>
          </gpxtpx:TrackPointExtension>
        </extensions>
      </trkpt>
      <trkpt lat="22.54337449113266" lon="114.08343655900732">
        <ele>12.365922458469868</ele>
        <time>2026-09-18T00:39:04.500000Z</time>
        <extensions>
          <gpxtpx:TrackPointExtension>
            <gpxtpx:hr>113</gpxtpx:hr>
          </gpxtpx:TrackPointExtension>
        </extensions>
      </trkpt>
      <trkpt lat="22.543367932558" lon="114.08342119875898">
        <ele>12.58215595036745</ele>
        <time>2026-09-18T00:39:05.500000Z</time>
        <extensions>
          <gpxtpx:TrackPointExtension>
            <gpxtpx:hr>113</gpxtpx:hr>
          </gpxtpx:TrackPointExtension>
        </extensions>
      </trkpt>
      <trkpt lat="22.543361612258416" lon="114.08340728781538">
        <ele>12.798713132739067</ele>
        <time>2026-09-18T00:39:06.500000Z</time>
        <extensions>
          <gpxtpx:TrackPointExtension>
            <gpxtpx:hr>111</gpxtpx:hr>
          </gpxtpx:TrackPointExtension>
        </extensions>
      </trkpt>
      <trkpt lat="22.543356199523366" lon="114.08339489121653">
        <ele>13.00668672658503</ele>
        <time>2026-09-18T00:39:07.500000Z</time>
        <extensions>
          <gpxtpx:TrackPointExtension>
            <gpxtpx:hr>111</gpxtpx:hr>
          </gpxtpx:TrackPointExtension>
        </extensions>
      </trkpt>
      <trkpt lat="22.54335195569084" lon="114.08338322703369">
        <ele>13.186857965774834</ele>
        <time>2026-09-18T00:39:08.500000Z</time>
        <extensions>
          <gpxtpx:TrackPointExtension>
            <gpxtpx:hr>111</gpxtpx:hr>
          </gpxtpx:TrackPointExtension>
        </extensions>
      </trkpt>
      <trkpt lat="22.543349107952675" lon="114.08337216640861">
        <ele>13.359638990834355</ele>
        <time>2026-09-18T00:39:09.500000Z</time>
        <extensions>
          <gpxtpx:TrackPointExtension>
            <gpxtpx:hr>111</gpxtpx:hr>
          </gpxtpx:TrackPointExtension>
        </extensions>
      </trkpt>
      <trkpt lat="22.543347530220636" lon="114.08336162725841">
        <ele>13.51807717140764</ele>
        <time>2026-09-18T00:39:10.500000Z</time>
        <extensions>
          <gpxtpx:TrackPointExtension>
            <gpxtpx:hr>111</gpxtpx:hr>
          </gpxtpx:TrackPointExtension>
        </extensions>
      </trkpt>
      <trkpt lat="22.543346973857783" lon="114.08335170910074">
        <ele>13.656013367697597</ele>
        <time>2026-09-18T00:39:11.500000Z</time>
        <extensions>
          <gpxtpx:TrackPointExtension>
            <gpxtpx:hr>112</gpxtpx:hr>
          </gpxtpx:TrackPointExtension>
        </extensions>
      </trkpt>
      <trkpt lat="22.543347447045125" lon="114.08334272175462">
        <ele>13.792666685767472</ele>
        <time>2026-09-18T00:39:12.500000Z</time>
        <extensions>
          <gpxtpx:TrackPointExtension>
            <gpxtpx:hr>112</gpxtpx:hr>
          </gpxtpx:TrackPointExtension>
        </extensions>
      </trkpt>
      <trkpt lat="22.543349022955866" lon="114.08333396433697">
        <ele>13.93782669864595</ele>
        <time>2026-09-18T00:39:13.500000Z</time>
        <extensions>
          <gpxtpx:TrackPointExtension>
            <gpxtpx:hr>112</gpxtpx:hr>
          </gpxtpx:TrackPointExtension>
        </extensions>
      </trkpt>
      <trkpt lat="22.543351573640994" lon="114.08332489807768">
        <ele>14.085379146970809</ele>
        <time>2026-09-18T00:39:14.500000Z</time>
        <extensions>
          <gpxtpx:TrackPointExtension>
            <gpxtpx:hr>112</gpxtpx:hr>
          </gpxtpx:TrackPointExtension>
        </extensions>
      </trkpt>
      <trkpt lat="22.543354510318828" lon="114.08331508455277">
        <ele>14.222831144928932</ele>
        <time>2026-09-18T00:39:15.500000Z</time>
        <extensions>
          <gpxtpx:TrackPointExtension>
            <gpxtpx:hr>112</gpxtpx:hr>
          </gpxtpx:TrackPointExtension>
        </extensions>
      </trkpt>
      <trkpt lat="22.543357187428573" lon="114.08330369327489">
        <ele>14.36427099071443</ele>
        <time>2026-09-18T00:39:16.500000Z</time>
        <extensions>
          <gpxtpx:TrackPointExtension>
            <gpxtpx:hr>112</gpxtpx:hr>
          </gpxtpx:TrackPointExtension>
        </extensions>
      </trkpt>
      <trkpt lat="22.543359128956038" lon="114.08329065632537">
        <ele>14.502895219251513</ele>
        <time>2026-09-18T00:39:17.500000Z</time>
        <extensions>
          <gpxtpx:TrackPointExtension>
            <gpxtpx:hr>112</gpxtpx:hr>
          </gpxtpx:TrackPointExtension>
        </extensions>
      </trkpt>
      <trkpt lat="22.543360491667528" lon="114.0832759301948">
        <ele>14.64653417095542</ele>
        <time>2026-09-18T00:39:18.500000Z</time>
        <extensions>
          <gpxtpx:TrackPointExtension>
            <gpxtpx:hr>113</gpxtpx:hr>
          </gpxtpx:TrackPointExtension>
        </extensions>
      </trkpt>
      <trkpt lat="22.543361209839063" lon="114.08325963384071">
        <ele>14.821168734692037</ele>
        <time>2026-09-18T00:39:19.500000Z</time>
        <extensions>
          <gpxtpx:TrackPointExtension>
            <gpxtpx:hr>113</gpxtpx:hr>
          </gpxtpx:TrackPointExtension>
        </extensions>
      </trkpt>
      <trkpt lat="22.54336086221209" lon="114.08324223990995">
        <ele>15.011044960469007</ele>
        <time>2026-09-18T00:39:20.500000Z</time>
        <extensions>
          <gpxtpx:TrackPointExtension>
            <gpxtpx:hr>113</gpxtpx:hr>
          </gpxtpx:TrackPointExtension>
        </extensions>
      </trkpt>
      <trkpt lat="22.54335962092959" lon="114.08322432786073">
        <ele>15.217795219272375</ele>
        <time>2026-09-18T00:39:21.500000Z</time>
        <extensions>
          <gpxtpx:TrackPointExtension>
            <gpxtpx:hr>113</gpxtpx:hr>
          </gpxtpx:TrackPointExtension>
        </extensions>
      </trkpt>
      <trkpt lat="22.543358162319418" lon="114.08320705246716">
        <ele>15.462856874801219</ele>
        <time>2026-09-18T00:39:22.500000Z</time>
        <extensions>
          <gpxtpx:TrackPointExtension>
            <gpxtpx:hr>113</gpxtpx:hr>
          </gpxtpx:TrackPointExtension>
        </extensions>
      </trkpt>
      <trkpt lat="22.543356606035303" lon="114.08319094786607">
        <ele>15.715561612509191</ele>
        <time>2026-09-18T00:39:23.500000Z</time>
        <extensions>
          <gpxtpx:TrackPointExtension>
            <gpxtpx:hr>115</gpxtpx:hr>
          </gpxtpx:TrackPointExtension>
        </extensions>
      </trkpt>
      <trkpt lat="22.543354731314878" lon="114.083175313168">
        <ele>15.979094063863158</ele>
        <time>2026-09-18T00:39:24.500000Z</time>
        <extensions>
          <gpxtpx:TrackPointExtension>
            <gpxtpx:hr>115</gpxtpx:hr>
          </gpxtpx:TrackPointExtension>
        </extensions>
      </trkpt>
      <trkpt lat="22.543352410035226" lon="114.08315970275413">
        <ele>16.25017569679767</ele>
        <time>2026-09-18T00:39:25.500000Z</time>
        <extensions>
          <gpxtpx:TrackPointExtension>
            <gpxtpx:hr>115</gpxtpx:hr>
          </gpxtpx:TrackPointExtension>
        </extensions>
      </trkpt>
      <trkpt lat="22.543349512455418" lon="114.08314391420257">
        <ele>16.52509742975235</ele>
        <time>2026-09-18T00:39:26.500000Z</time>
        <extensions>
          <gpxtpx:TrackPointExtension>
            <gpxtpx:hr>115</gpxtpx:hr>
          </gpxtpx:TrackPointExtension>
        </extensions>
      </trkpt>
      <trkpt lat="22.543346529596946" lon="114.08312795581374">
        <ele>16.78144963365048</ele>
        <time>2026-09-18T00:39:27.500000Z</time>
        <extensions>
          <gpxtpx:TrackPointExtension>
            <gpxtpx:hr>115</gpxtpx:hr>
          </gpxtpx:TrackPointExtension>
        </extensions>
      </trkpt>
      <trkpt lat="22.543344664546925" lon="114.08311241261316">
        <ele>17.01996815018356</ele>
        <time>2026-09-18T00:39:28.500000Z</time>
        <extensions>
          <gpxtpx:TrackPointExtension>
            <gpxtpx:hr>115</gpxtpx:hr>
          </gpxtpx:TrackPointExtension>
        </extensions>
      </trkpt>
      <trkpt lat="22.54334385754075" lon="114.08309751685799">
        <ele>17.24551734700799</ele>
        <time>2026-09-18T00:39:29.500000Z</time>
        <extensions>
          <gpxtpx:TrackPointExtension>
            <gpxtpx:hr>115</gpxtpx:hr>
          </gpxtpx:TrackPointExtension>
        </extensions>
      </trkpt>
      <trkpt lat="22.54334344727351" lon="114.08308335710838">
        <ele>17.45254090614617</ele>
        <time>2026-09-18T00:39:30.500000Z</time>
        <extensions>
          <gpxtpx:TrackPointExtension>
            <gpxtpx:hr>114</gpxtpx:hr>
          </gpxtpx:TrackPointExtension>
        </extensions>
      </trkpt>
      <trkpt lat="22.54334281431179" lon="114.08306970097522">
        <ele>17.636299777776003</ele>
        <time>2026-09-18T00:39:31.500000Z</time>
        <extensions>
          <gpxtpx:TrackPointExtension>
            <gpxtpx:hr>114</gpxtpx:hr>
          </gpxtpx:TrackPointExtension>
        </extensions>
      </trkpt>
      <trkpt lat="22.54334159198064" lon="114.08305601320346">
        <ele>17.790477911941707</ele>
        <time>2026-09-18T00:39:32.500000Z</time>
        <extensions>
          <gpxtpx:TrackPointExtension>
            <gpxtpx:hr>114</gpxtpx:hr>
          </gpxtpx:TrackPointExtension>
        </extensions>
      </trkpt>
      <trkpt lat="22.543339728313477" lon="114.08304226260289">
        <ele>17.895105346105993</ele>
        <time>2026-09-18T00:39:33.500000Z</time>
        <extensions>
          <gpxtpx:TrackPointExtension>
            <gpxtpx:hr>114</gpxtpx:hr>
          </gpxtpx:TrackPointExtension>
        </extensions>
      </trkpt>
      <trkpt lat="22.543337581841733" lon="114.08302864869896">
        <ele>17.953985650092363</ele>
        <time>2026-09-18T00:39:34.500000Z</time>
        <extensions>
          <gpxtpx:TrackPointExtension>
            <gpxtpx:hr>114</gpxtpx:hr>
          </gpxtpx:TrackPointExtension>
        </extensions>
      </trkpt>
      <trkpt lat="22.54333507681528" lon="114.0830150127149">
        <ele>17.958313609473407</ele>
        <time>2026-09-18T00:39:35.500000Z</time>
        <extensions>
          <gpxtpx:TrackPointExtension>
            <gpxtpx:hr>114</gpxtpx:hr>
          </gpxtpx:TrackPointExtension>
        </extensions>
      </trkpt>
      <trkpt lat="22.543332266453024" lon="114.08300113896806">
        <ele>17.903054690919816</ele>
        <time>2026-09-18T00:39:36.500000Z</time>
        <extensions>
          <gpxtpx:TrackPointExtension>
            <gpxtpx:hr>113</gpxtpx:hr>
          </gpxtpx:TrackPointExtension>
        </extensions>
      </trkpt>
      <trkpt lat="22.543329742764264" lon="114.08298703220227">
        <ele>17.80377745628357</ele>
        <time>2026-09-18T00:39:37.500000Z</time>
        <extensions>
          <gpxtpx:TrackPointExtension>
            <gpxtpx:hr>113</gpxtpx:hr>
          </gpxtpx:TrackPointExtension>
        </extensions>
      </trkpt>
      <trkpt lat="22.543327866469525" lon="114.08297294389197">
        <ele>17.67941359244287</ele>
        <time>2026-09-18T00:39:38.500000Z</time>
        <extensions>
          <gpxtpx:TrackPointExtension>
            <gpxtpx:hr>113</gpxtpx:hr>
          </gpxtpx:TrackPointExtension>
        </extensions>
      </trkpt>
      <trkpt lat="22.543326833200812" lon="114.08295833177982">
        <ele>17.568161884322762</ele>
        <time>2026-09-18T00:39:39.500000Z</time>
        <extensions>
          <gpxtpx:TrackPointExtension>
            <gpxtpx:hr>112</gpxtpx:hr>
          </gpxtpx:TrackPointExtension>
        </extensions>
      </trkpt>
      <trkpt lat="22.543326933800486" lon="114.08294295654218">
        <ele>17.477771897800267</ele>
        <time>2026-09-18T00:39:40.500000Z</time>
        <extensions>
          <gpxtpx:TrackPointExtension>
            <gpxtpx:hr>112</gpxtpx:hr>
          </gpxtpx:TrackPointExtension>
        </extensions>
      </trkpt>
      <trkpt lat="22.543328230237893" lon="114.08292730591401">
        <ele>17.395909495651722</ele>
        <time>2026-09-18T00:39:41.500000Z</time>
        <extensions>
          <gpxtpx:TrackPointExtension>
            <gpxtpx:hr>112</gpxtpx:hr>
          </gpxtpx:TrackPointExtension>
        </extensions>
      </trkpt>
      <trkpt lat="22.54333062307573" lon="114.08291260655612">
        <ele>17.33925562724471</ele>
        <time>2026-09-18T00:39:42.500000Z</time>
        <extensions>
          <gpxtpx:TrackPointExtension>
            <gpxtpx:hr>112</gpxtpx:hr>
          </gpxtpx:TrackPointExtension>
        </extensions>
      </trkpt>
      <trkpt lat="22.54333318988219" lon="114.08289971540657">
        <ele>17.30392079334706</ele>
        <time>2026-09-18T00:39:43.500000Z</time>
        <extensions>
          <gpxtpx:TrackPointExtension>
            <gpxtpx:hr>112</gpxtpx:hr>
          </gpxtpx:TrackPointExtension>
        </extensions>
      </trkpt>
      <trkpt lat="22.543335470080535" lon="114.0828874270444">
        <ele>17.255730440840125</ele>
        <time>2026-09-18T00:39:44.500000Z</time>
        <extensions>
          <gpxtpx:TrackPointExtension>
            <gpxtpx:hr>113</gpxtpx:hr>
          </gpxtpx:TrackPointExtension>
        </extensions>
      </trkpt>
      <trkpt lat="22.54333726964789" lon="114.08287453362914">
        <ele>17.237855513580143</ele>
        <time>2026-09-18T00:39:45.500000Z</time>
        <extensions>
          <gpxtpx:TrackPointExtension>
            <gpxtpx:hr>113</gpxtpx:hr>
          </gpxtpx:TrackPointExtension>
        </extensions>
      </trkpt>
      <trkpt lat="22.54333849603081" lon="114.0828610823746">
        <ele>17.231585348024964</ele>
        <time>2026-09-18T00:39:46.500000Z</time>
        <extensions>
          <gpxtpx:TrackPointExtension>
            <gpxtpx:hr>113</gpxtpx:hr>
          </gpxtpx:TrackPointExtension>
        </extensions>
      </trkpt>
      <trkpt lat="22.543339117969435" lon="114.08284750721083">
        <ele>17.245036280713975</ele>
        <time>2026-09-18T00:39:47.500000Z</time>
        <extensions>
          <gpxtpx:TrackPointExtension>
            <gpxtpx:hr>113</gpxtpx:hr>
          </gpxtpx:TrackPointExtension>
        </extensions>
      </trkpt>
      <trkpt lat="22.543339127625075" lon="114.08283341667217">
        <ele>17.264480055309832</ele>
        <time>2026-09-18T00:39:48.500000Z</time>
        <extensions>
          <gpxtpx:TrackPointExtension>
            <gpxtpx:hr>113</gpxtpx:hr>
          </gpxtpx:TrackPointExtension>
        </extensions>
      </trkpt>
      <trkpt lat="22.543338633112576" lon="114.08281820341446">
        <ele>17.29621865414083</ele>
        <time>2026-09-18T00:39:49.500000Z</time>
        <extensions>
          <gpxtpx:TrackPointExtension>
            <gpxtpx:hr>113</gpxtpx:hr>
          </gpxtpx:TrackPointExtension>
        </extensions>
      </trkpt>
      <trkpt lat="22.543337766500112" lon="114.08280284629551">
        <ele>17.338879112154245</ele>
        <time>2026-09-18T00:39:50.500000Z</time>
        <extensions>
          <gpxtpx:TrackPointExtension>
            <gpxtpx:hr>113</gpxtpx:hr>
          </gpxtpx:TrackPointExtension>
        </extensions>
      </trkpt>
      <trkpt lat="22.543336216668305" lon="114.08278823585158">
        <ele>17.361196321435273</ele>
        <time>2026-09-18T00:39:51.500000Z</time>
        <extensions>
          <gpxtpx:TrackPointExtension>
            <gpxtpx:hr>115</gpxtpx:hr>
          </gpxtpx:TrackPointExtension>
        </extensions>
      </trkpt>
      <trkpt lat="22.543334453278213" lon="114.08277454418717">
        <ele>17.353070338256657</ele>
        <time>2026-09-18T00:39:52.500000Z</time>
        <extensions>
          <gpxtpx:TrackPointExtension>
            <gpxtpx:hr>115</gpxtpx:hr>
          </gpxtpx:TrackPointExtension>
        </extensions>
      </trkpt>
      <trkpt lat="22.54333231768796" lon="114.08276310913998">
        <ele>17.283118243329227</ele>
        <time>2026-09-18T00:39:53.500000Z</time>
        <extensions>
          <gpxtpx:TrackPointExtension>
            <gpxtpx:hr>115</gpxtpx:hr>
          </gpxtpx:TrackPointExtension>
        </extensions>
      </trkpt>
      <trkpt lat="22.543329317822934" lon="114.08275367089817">
        <ele>17.141407707706094</ele>
        <time>2026-09-18T00:39:54.500000Z</time>
        <extensions>
          <gpxtpx:TrackPointExtension>
            <gpxtpx:hr>115</gpxtpx:hr>
          </gpxtpx:TrackPointExtension>
        </extensions>
      </trkpt>
      <trkpt lat="22.54332616892344" lon="114.08274386819369">
        <ele>16.971709477715194</ele>
        <time>2026-09-18T00:39:55.500000Z</time>
        <extensions>
          <gpxtpx:TrackPointExtension>
            <gpxtpx:hr>115</gpxtpx:hr>
          </gpxtpx:TrackPointExtension>
        </extensions>
      </trkpt>
      <trkpt lat="22.543323485186516" lon="114.08273296249838">
        <ele>16.769505723379552</ele>
        <time>2026-09-18T00:39:56.500000Z</time>
        <extensions>
          <gpxtpx:TrackPointExtension>
            <gpxtpx:hr>115</gpxtpx:hr>
          </gpxtpx:TrackPointExtension>
        </extensions>
      </trkpt>
      <trkpt lat="22.54332124079709" lon="114.08272208936957">
        <ele>16.542586867697537</ele>
        <time>2026-09-18T00:39:57.500000Z</time>
        <extensions>
          <gpxtpx:TrackPointExtension>
            <gpxtpx:hr>115</gpxtpx:hr>
          </gpxtpx:TrackPointExtension>
        </extensions>
      </trkpt>
      <trkpt lat="22.54331906768009" lon="114.0827117325551">
        <ele>16.280466911382973</ele>
        <time>2026-09-18T00:39:58.500000Z</time>
        <extensions>
          <gpxtpx:TrackPointExtension>
            <gpxtpx:hr>115</gpxtpx:hr>
          </gpxtpx:TrackPointExtension>
        </extensions>
      </trkpt>
      <trkpt lat="22.54331717991843" lon="114.08270063788642">
        <ele>16.008610658347607</ele>
        <time>2026-09-18T00:39:59.500000Z</time>
        <extensions>
          <gpxtpx:TrackPointExtension>
            <gpxtpx:hr>117</gpxtpx:hr>
          </gpxtpx:TrackPointExtension>
        </extensions>
      </trkpt>
      <trkpt lat="22.543316037473858" lon="114.0826882731165">
        <ele>15.691378189250827</ele>
        <time>2026-09-18T00:40:00.500000Z</time>
        <extensions>
          <gpxtpx:TrackPointExtension>
            <gpxtpx:hr>117</gpxtpx:hr>
          </gpxtpx:TrackPointExtension>
        </extensions>
      </trkpt>
      <trkpt lat="22.54331590417511" lon="114.08267575693603">
        <ele>15.30359375756234</ele>
        <time>2026-09-18T00:40:01.500000Z</time>
        <extensions>
          <gpxtpx:TrackPointExtension>
            <gpxtpx:hr>117</gpxtpx:hr>
          </gpxtpx:TrackPointExtension>
        </extensions>
      </trkpt>
      <trkpt lat="22.543316501243012" lon="114.08266382703445">
        <ele>14.903047850355506</ele>
        <time>2026-09-18T00:40:02.500000Z</time>
        <extensions>
          <gpxtpx:TrackPointExtension>
            <gpxtpx:hr>117</gpxtpx:hr>
          </gpxtpx:TrackPointExtension>
        </extensions>
      </trkpt>
      <trkpt lat="22.54331754623596" lon="114.08265204341672">
        <ele>14.492406063713133</ele>
        <time>2026-09-18T00:40:03.500000Z</time>
        <extensions>
          <gpxtpx:TrackPointExtension>
            <gpxtpx:hr>117</gpxtpx:hr>
          </gpxtpx:TrackPointExtension>
        </extensions>
      </trkpt>
      <trkpt lat="22.54331902084693" lon="114.08264007807372">
        <ele>14.081899980083108</ele>
        <time>2026-09-18T00:40:04.500000Z</time>
        <extensions>
          <gpxtpx:TrackPointExtension>
            <gpxtpx:hr>117</gpxtpx:hr>
          </gpxtpx:TrackPointExtension>
        </extensions>
      </trkpt>
      <trkpt lat="22.54332144942589" lon="114.0826287312253">
        <ele>13.676050292328</ele>
        <time>2026-09-18T00:40:05.500000Z</time>
        <extensions>
          <gpxtpx:TrackPointExtension>
            <gpxtpx:hr>116</gpxtpx:hr>
          </gpxtpx:TrackPointExtension>
        </extensions>
      </trkpt>
      <trkpt lat="22.54332489457275" lon="114.08261752545314">
        <ele>13.267275508493185</ele>
        <time>2026-09-18T00:40:06.500000Z</time>
        <extensions>
          <gpxtpx:TrackPointExtension>
            <gpxtpx:hr>116</gpxtpx:hr>
          </gpxtpx:TrackPointExtension>
        </extensions>
      </trkpt>
      <trkpt lat="22.543328709175128" lon="114.08260518974426">
        <ele>12.89512694068253</ele>
        <time>2026-09-18T00:40:07.500000Z</time>
        <extensions>
          <gpxtpx:TrackPointExtension>
            <gpxtpx:hr>116</gpxtpx:hr>
          </gpxtpx:TrackPointExtension>
        </extensions>
      </trkpt>
      <trkpt lat="22.543332439378204" lon="114.08259179198771">
        <ele>12.546609710901976</ele>
        <time>2026-09-18T00:40:08.500000Z</time>
        <extensions>
          <gpxtpx:TrackPointExtension>
            <gpxtpx:hr>116</gpxtpx:hr>
          </gpxtpx:TrackPointExtension>
        </extensions>
      </trkpt>
      <trkpt lat="22.543336266118775" lon="114.0825777973412">
        <ele>12.218150694854558</ele>
        <time>2026-09-18T00:40:09.500000Z</time>
        <extensions>
          <gpxtpx:TrackPointExtension>
            <gpxtpx:hr>116</gpxtpx:hr>
          </gpxtpx:TrackPointExtension>
        </extensions>
      </trkpt>
      <trkpt lat="22.543340413178562" lon="114.08256374642917">
        <ele>11.916744701564312</ele>
        <time>2026-09-18T00:40:10.500000Z</time>
        <extensions>
          <gpxtpx:TrackPointExtension>
            <gpxtpx:hr>116</gpxtpx:hr>
          </gpxtpx:TrackPointExtension>
        </extensions>
      </trkpt>
      <trkpt lat="22.54334484195709" lon="114.08254987469549">
        <ele>11.651798374019563</ele>
        <time>2026-09-18T00:40:11.500000Z</time>
        <extensions>
          <gpxtpx:TrackPointExtension>
            <gpxtpx:hr>116</gpxtpx:hr>
          </gpxtpx:TrackPointExtension>
        </extensions>
      </trkpt>
      <trkpt lat="22.543349411519106" lon="114.08253585801744">
        <ele>11.466898337006569</ele>
        <time>2026-09-18T00:40:12.500000Z</time>
        <extensions>
          <gpxtpx:TrackPointExtension>
            <gpxtpx:hr>116</gpxtpx:hr>
          </gpxtpx:TrackPointExtension>
        </extensions>
      </trkpt>
      <trkpt lat="22.54335416192262" lon="114.08252125082464">
        <ele>11.339989939704537</ele>
        <time>2026-09-18T00:40:13.500000Z</time>
        <extensions>
          <gpxtpx:TrackPointExtension>
            <gpxtpx:hr>116</gpxtpx:hr>
          </gpxtpx:TrackPointExtension>
        </extensions>
      </trkpt>
      <trkpt lat="22.5433587400509" lon="114.08250560463277">
        <ele>11.264414392411709</ele>
        <time>2026-09-18T00:40:14.500000Z</time>
        <extensions>
          <gpxtpx:TrackPointExtension>
            <gpxtpx:hr>116</gpxtpx:hr>
          </gpxtpx:TrackPointExtension>
        </extensions>
      </trkpt>
      <trkpt lat="22.543362556059577" lon="114.08248836397695">
        <ele>11.252846971154213</ele>
        <time>2026-09-18T00:40:15.500000Z</time>
        <extensions>
          <gpxtpx:TrackPointExtension>
            <gpxtpx:hr>116</gpxtpx:hr>
          </gpxtpx:TrackPointExtension>
        </extensions>
      </trkpt>
      <trkpt lat="22.543364658343776" lon="114.08247085341164">
        <ele>11.29495007544756</ele>
        <time>2026-09-18T00:40:16.500000Z</time>
        <extensions>
          <gpxtpx:TrackPointExtension>
            <gpxtpx:hr>116</gpxtpx:hr>
          </gpxtpx:TrackPointExtension>
        </extensions>
      </trkpt>
      <trkpt lat="22.543365015429544" lon="114.08245512784052">
        <ele>11.404787962324917</ele>
        <time>2026-09-18T00:40:17.500000Z</time>
        <extensions>
          <gpxtpx:TrackPointExtension>
            <gpxtpx:hr>116</gpxtpx:hr>
          </gpxtpx:TrackPointExtension>
        </extensions>
      </trkpt>
      <trkpt lat="22.54336424359314" lon="114.08244163306537">
        <ele>11.560885975137353</ele>
        <time>2026-09-18T00:40:18.500000Z</time>
        <extensions>
          <gpxtpx:TrackPointExtension>
            <gpxtpx:hr>116</gpxtpx:hr>
          </gpxtpx:TrackPointExtension>
        </extensions>
      </trkpt>
      <trkpt lat="22.543363362373007" lon="114.08242945352755">
        <ele>11.763992752879858</ele>
        <time>2026-09-18T00:40:19.500000Z</time>
        <extensions>
          <gpxtpx:TrackPointExtension>
            <gpxtpx:hr>116</gpxtpx:hr>
          </gpxtpx:TrackPointExtension>
        </extensions>
      </trkpt>
      <trkpt lat="22.543363013011398" lon="114.08241772623538">
        <ele>12.020068423822522</ele>
        <time>2026-09-18T00:40:20.500000Z</time>
        <extensions>
          <gpxtpx:TrackPointExtension>
            <gpxtpx:hr>116</gpxtpx:hr>
          </gpxtpx:TrackPointExtension>
        </extensions>
      </trkpt>
      <trkpt lat="22.54336320965081" lon="114.08240682593625">
        <ele>12.33284233417362</ele>
        <time>2026-09-18T00:40:21.500000Z</time>
        <extensions>
          <gpxtpx:TrackPointExtension>
            <gpxtpx:hr>116</gpxtpx:hr>
          </gpxtpx:TrackPointExtension>
        </extensions>
      </trkpt>
      <trkpt lat="22.54336423380074" lon="114.08239766037934">
        <ele>12.683678277768195</ele>
        <time>2026-09-18T00:40:22.500000Z</time>
        <extensions>
          <gpxtpx:TrackPointExtension>
            <gpxtpx:hr>116</gpxtpx:hr>
          </gpxtpx:TrackPointExtension>
        </extensions>
      </trkpt>
      <trkpt lat="22.543366396698467" lon="114.08238832578627">
        <ele>13.057649286463857</ele>
        <time>2026-09-18T00:40:23.500000Z</time>
        <extensions>
          <gpxtpx:TrackPointExtension>
            <gpxtpx:hr>117</gpxtpx:hr>
          </gpxtpx:TrackPointExtension>
        </extensions>
      </trkpt>
      <trkpt lat="22.543368926687613" lon="114.08237610945297">
        <ele>13.45763304643333</ele>
        <time>2026-09-18T00:40:24.500000Z</time>
        <extensions>
          <gpxtpx:TrackPointExtension>
            <gpxtpx:hr>117</gpxtpx:hr>
          </gpxtpx:TrackPointExtension>
        </extensions>
      </trkpt>
      <trkpt lat="22.54337097671956" lon="114.0823613901102">
        <ele>13.870391946285963</ele>
        <time>2026-09-18T00:40:25.500000Z</time>
        <extensions>
          <gpxtpx:TrackPointExtension>
            <gpxtpx:hr>117</gpxtpx:hr>
          </gpxtpx:TrackPointExtension>
        </extensions>
      </trkpt>
      <trkpt lat="22.543372487468783" lon="114.08234568442747">
        <ele>14.295328918844461</ele>
        <time>2026-09-18T00:40:26.500000Z</time>
        <extensions>
          <gpxtpx:TrackPointExtension>
            <gpxtpx:hr>117</gpxtpx:hr>
          </gpxtpx:TrackPointExtension>
        </extensions>
      </trkpt>
      <trkpt lat="22.543373441864006" lon="114.08233160201318">
        <ele>14.711322005838156</ele>
        <time>2026-09-18T00:40:27.500000Z</time>
        <extensions>
          <gpxtpx:TrackPointExtension>
            <gpxtpx:hr>117</gpxtpx:hr>
          </gpxtpx:TrackPointExtension>
        </extensions>
      </trkpt>
      <trkpt lat="22.543373774557242" lon="114.08232047225573">
        <ele>15.116775784641504</ele>
        <time>2026-09-18T00:40:28.500000Z</time>
        <extensions>
          <gpxtpx:TrackPointExtension>
            <gpxtpx:hr>118</gpxtpx:hr>
          </gpxtpx:TrackPointExtension>
        </extensions>
      </trkpt>
      <trkpt lat="22.543373216991974" lon="114.08231142332647">
        <ele>15.503101801499724</ele>
        <time>2026-09-18T00:40:29.500000Z</time>
        <extensions>
          <gpxtpx:TrackPointExtension>
            <gpxtpx:hr>118</gpxtpx:hr>
          </gpxtpx:TrackPointExtension>
        </extensions>
      </trkpt>
      <trkpt lat="22.543371587810658" lon="114.08230307988805">
        <ele>15.859867013990879</ele>
        <time>2026-09-18T00:40:30.500000Z</time>
        <extensions>
          <gpxtpx:TrackPointExtension>
            <gpxtpx:hr>118</gpxtpx:hr>
          </gpxtpx:TrackPointExtension>
        </extensions>
      </trkpt>
      <trkpt lat="22.543368918606248" lon="114.08229401307642">
        <ele>16.178497307933867</ele>
        <time>2026-09-18T00:40:31.500000Z</time>
        <extensions>
          <gpxtpx:TrackPointExtension>
            <gpxtpx:hr>118</gpxtpx:hr>
          </gpxtpx:TrackPointExtension>
        </extensions>
      </trkpt>
      <trkpt lat="22.54336521559911" lon="114.08228301894678">
        <ele>16.464663740247488</ele>
        <time>2026-09-18T00:40:32.500000Z</time>
        <extensions>
          <gpxtpx:TrackPointExtension>
            <gpxtpx:hr>118</gpxtpx:hr>
          </gpxtpx:TrackPointExtension>
        </extensions>
      </trkpt>
      <trkpt lat="22.543361047433788" lon="114.08227099489861">
        <ele>16.698606127873063</ele>
        <time>2026-09-18T00:40:33.500000Z</time>
        <extensions>
          <gpxtpx:TrackPointExtension>
            <gpxtpx:hr>118</gpxtpx:hr>
          </gpxtpx:TrackPointExtension>
        </extensions>
      </trkpt>
      <trkpt lat="22.54335679758468" lon="114.08225820936156">
        <ele>16.88436607364565</ele>
        <time>2026-09-18T00:40:34.500000Z</time>
        <extensions>
          <gpxtpx:TrackPointExtension>
            <gpxtpx:hr>117</gpxtpx:hr>
          </gpxtpx:TrackPointExtension>
        </extensions>
      </trkpt>
      <trkpt lat="22.543352874954106" lon="114.08224446846505">
        <ele>17.01670461241156</ele>
        <time>2026-09-18T00:40:35.500000Z</time>
        <extensions>
          <gpxtpx:TrackPointExtension>
            <gpxtpx:hr>117</gpxtpx:hr>
          </gpxtpx:TrackPointExtension>
        </extensions>
      </trkpt>
      <trkpt lat="22.543350042692303" lon="114.08223043355241">
        <ele>17.078456760384142</ele>
        <time>2026-09-18T00:40:36.500000Z</time>
        <extensions>
          <gpxtpx:TrackPointExtension>
            <gpxtpx:hr>117</gpxtpx:hr>
          </gpxtpx:TrackPointExtension>
        </extensions>
      </trkpt>
      <trkpt lat="22.543348654634485" lon="114.08221601655951">
        <ele>17.08785967901349</ele>
        <time>2026-09-18T00:40:37.500000Z</time>
        <extensions>
          <gpxtpx:TrackPointExtension>
            <gpxtpx:hr>117</gpxtpx:hr>
          </gpxtpx:TrackPointExtension>
        </extensions>
      </trkpt>
      <trkpt lat="22.543348420211668" lon="114.08220120828658">
        <ele>17.05034084431827</ele>
        <time>2026-09-18T00:40:38.500000Z</time>
        <extensions>
          <gpxtpx:TrackPointExtension>
            <gpxtpx:hr>118</gpxtpx:hr>
          </gpxtpx:TrackPointExtension>
        </extensions>
      </trkpt>
      <trkpt lat="22.543349073836456" lon="114.0821867381416">
        <ele>16.96023349277675</ele>
        <time>2026-09-18T00:40:39.500000Z</time>
        <extensions>
          <gpxtpx:TrackPointExtension>
            <gpxtpx:hr>118</gpxtpx:hr>
          </gpxtpx:TrackPointExtension>
        </extensions>
      </trkpt>
      <trkpt lat="22.54335063712698" lon="114.08217330881882">
        <ele>16.804355979897082</ele>
        <time>2026-09-18T00:40:40.500000Z</time>
        <extensions>
          <gpxtpx:TrackPointExtension>
            <gpxtpx:hr>118</gpxtpx:hr>
          </gpxtpx:TrackPointExtension>
        </extensions>
      </trkpt>
      <trkpt lat="22.543352796961095" lon="114.08216019841552">
        <ele>16.579476952552795</ele>
        <time>2026-09-18T00:40:41.500000Z</time>
        <extensions>
          <gpxtpx:TrackPointExtension>
            <gpxtpx:hr>118</gpxtpx:hr>
          </gpxtpx:TrackPointExtension>
        </extensions>
      </trkpt>
      <trkpt lat="22.543355189057678" lon="114.08214648338273">
        <ele>16.322898510843515</ele>
        <time>2026-09-18T00:40:42.500000Z</time>
        <extensions>
          <gpxtpx:TrackPointExtension>
            <gpxtpx:hr>118</gpxtpx:hr>
          </gpxtpx:TrackPointExtension>
        </extensions>
      </trkpt>
      <trkpt lat="22.54335776061212" lon="114.08213247708952">
        <ele>16.02350433729589</ele>
        <time>2026-09-18T00:40:43.500000Z</time>
        <extensions>
          <gpxtpx:TrackPointExtension>
            <gpxtpx:hr>118</gpxtpx:hr>
          </gpxtpx:TrackPointExtension>
        </extensions>
      </trkpt>
      <trkpt lat="22.543360455696842" lon="114.08211893967295">
        <ele>15.691433226689696</ele>
        <time>2026-09-18T00:40:44.500000Z</time>
        <extensions>
          <gpxtpx:TrackPointExtension>
            <gpxtpx:hr>118</gpxtpx:hr>
          </gpxtpx:TrackPointExtension>
        </extensions>
      </trkpt>
      <trkpt lat="22.543362976659736" lon="114.0821059601852">
        <ele>15.335027538239956</ele>
        <time>2026-09-18T00:40:45.500000Z</time>
        <extensions>
          <gpxtpx:TrackPointExtension>
            <gpxtpx:hr>115</gpxtpx:hr>
          </gpxtpx:TrackPointExtension>
        </extensions>
      </trkpt>
      <trkpt lat="22.5433651492616" lon="114.08209284095736">
        <ele>14.991985092870891</ele>
        <time>2026-09-18T00:40:46.500000Z</time>
        <extensions>
          <gpxtpx:TrackPointExtension>
            <gpxtpx:hr>115</gpxtpx:hr>
          </gpxtpx:TrackPointExtension>
        </extensions>
      </trkpt>
      <trkpt lat="22.543367091303402" lon="114.0820795731607">
        <ele>14.657076771371067</ele>
        <time>2026-09-18T00:40:47.500000Z</time>
        <extensions>
          <gpxtpx:TrackPointExtension>
            <gpxtpx:hr>115</gpxtpx:hr>
          </gpxtpx:TrackPointExtension>
        </extensions>
      </trkpt>
      <trkpt lat="22.54336879395877" lon="114.0820669007904">
        <ele>14.331279878504574</ele>
        <time>2026-09-18T00:40:48.500000Z</time>
        <extensions>
          <gpxtpx:TrackPointExtension>
            <gpxtpx:hr>115</gpxtpx:hr>
          </gpxtpx:TrackPointExtension>
        </extensions>
      </trkpt>
      <trkpt lat="22.543370417741308" lon="114.08205452937065">
        <ele>14.003203016705811</ele>
        <time>2026-09-18T00:40:49.500000Z</time>
        <extensions>
          <gpxtpx:TrackPointExtension>
            <gpxtpx:hr>115</gpxtpx:hr>
          </gpxtpx:TrackPointExtension>
        </extensions>
      </trkpt>
      <trkpt lat="22.54337215243716" lon="114.08204174850208">
        <ele>13.682802045717835</ele>
        <time>2026-09-18T00:40:50.500000Z</time>
        <extensions>
          <gpxtpx:TrackPointExtension>
            <gpxtpx:hr>115</gpxtpx:hr>
          </gpxtpx:TrackPointExtension>
        </extensions>
      </trkpt>
      <trkpt lat="22.54337401449712" lon="114.08202827273581">
        <ele>13.385740719735622</ele>
        <time>2026-09-18T00:40:51.500000Z</time>
        <extensions>
          <gpxtpx:TrackPointExtension>
            <gpxtpx:hr>114</gpxtpx:hr>
          </gpxtpx:TrackPointExtension>
        </extensions>
      </trkpt>
      <trkpt lat="22.54337597742052" lon="114.08201412406409">
        <ele>13.105433562770486</ele>
        <time>2026-09-18T00:40:52.500000Z</time>
        <extensions>
          <gpxtpx:TrackPointExtension>
            <gpxtpx:hr>114</gpxtpx:hr>
          </gpxtpx:TrackPointExtension>
        </extensions>
      </trkpt>
      <trkpt lat="22.54337764854258" lon="114.08199958672411">
        <ele>12.849554761312902</ele>
        <time>2026-09-18T00:40:53.500000Z</time>
        <extensions>
          <gpxtpx:TrackPointExtension>
            <gpxtpx:hr>114</gpxtpx:hr>
          </gpxtpx:TrackPointExtension>
        </extensions>
      </trkpt>
      <trkpt lat="22.543378644923568" lon="114.08198483933784">
        <ele>12.63142576161772</ele>
        <time>2026-09-18T00:40:54.500000Z</time>
        <extensions>
          <gpxtpx:TrackPointExtension>
            <gpxtpx:hr>114</gpxtpx:hr>
          </gpxtpx:TrackPointExtension>
        </extensions>
      </trkpt>
      <trkpt lat="22.5433785954869" lon="114.08197037899508">
        <ele>12.440729754045606</ele>
        <time>2026-09-18T00:40:55.500000Z</time>
        <extensions>
          <gpxtpx:TrackPointExtension>
            <gpxtpx:hr>114</gpxtpx:hr>
          </gpxtpx:TrackPointExtension>
        </extensions>
      </trkpt>
      <trkpt lat="22.543377436024887" lon="114.0819555994811">
        <ele>12.276423110626638</ele>
        <time>2026-09-18T00:40:56.500000Z</time>
        <extensions>
          <gpxtpx:TrackPointExtension>
            <gpxtpx:hr>114</gpxtpx:hr>
          </gpxtpx:TrackPointExtension>
        </extensions>
      </trkpt>
      <trkpt lat="22.543375998713213" lon="114.08194066333553">
        <ele>12.133407806046307</ele>
        <time>2026-09-18T00:40:57.500000Z</time>
        <extensions>
          <gpxtpx:TrackPointExtension>
            <gpxtpx:hr>114</gpxtpx:hr>
          </gpxtpx:TrackPointExtension>
        </extensions>
      </trkpt>
      <trkpt lat="22.543375168939654" lon="114.081926361095">
        <ele>12.003459678031504</ele>
        <time>2026-09-18T00:40:58.500000Z</time>
        <extensions>
          <gpxtpx:TrackPointExtension>
            <gpxtpx:hr>114</gpxtpx:hr>
          </gpxtpx:TrackPointExtension>
        </extensions>
      </trkpt>
      <trkpt lat="22.543375394063165" lon="114.0819127674465">
        <ele>11.884294230490923</ele>
        <time>2026-09-18T00:40:59.500000Z</time>
        <extensions>
          <gpxtpx:TrackPointExtension>
            <gpxtpx:hr>117</gpxtpx:hr>
          </gpxtpx:TrackPointExtension>
        </extensions>
      </trkpt>
      <trkpt lat="22.543376072743218" lon="114.08189898668404">
        <ele>11.758689792826772</ele>
        <time>2026-09-18T00:41:00.500000Z</time>
        <extensions>
          <gpxtpx:TrackPointExtension>
            <gpxtpx:hr>117</gpxtpx:hr>
          </gpxtpx:TrackPointExtension>
        </extensions>
      </trkpt>
      <trkpt lat="22.543375994112083" lon="114.08188478511676">
        <ele>11.647361253388226</ele>
        <time>2026-09-18T00:41:01.500000Z</time>
        <extensions>
          <gpxtpx:TrackPointExtension>
            <gpxtpx:hr>117</gpxtpx:hr>
          </gpxtpx:TrackPointExtension>
        </extensions>
      </trkpt>
      <trkpt lat="22.543374691754842" lon="114.08187122061433">
        <ele>11.555604571476579</ele>
        <time>2026-09-18T00:41:02.500000Z</time>
        <extensions>
          <gpxtpx:TrackPointExtension>
            <gpxtpx:hr>117</gpxtpx:hr>
          </gpxtpx:TrackPointExtension>
        </extensions>
      </trkpt>
      <trkpt lat="22.54337256334191" lon="114.0818580618176">
        <ele>11.4904243350029</ele>
        <time>2026-09-18T00:41:03.500000Z</time>
        <extensions>
          <gpxtpx:TrackPointExtension>
            <gpxtpx:hr>117</gpxtpx:hr>
          </gpxtpx:TrackPointExtension>
        </extensions>
      </trkpt>
      <trkpt lat="22.543370362167376" lon="114.08184474629343">
        <ele>11.429233310744166</ele>
        <time>2026-09-18T00:41:04.500000Z</time>
        <extensions>
          <gpxtpx:TrackPointExtension>
            <gpxtpx:hr>117</gpxtpx:hr>
          </gpxtpx:TrackPointExtension>
        </extensions>
      </trkpt>
      <trkpt lat="22.54336849276114" lon="114.08183079934373">
        <ele>11.391641890630126</ele>
        <time>2026-09-18T00:41:05.500000Z</time>
        <extensions>
          <gpxtpx:TrackPointExtension>
            <gpxtpx:hr>117</gpxtpx:hr>
          </gpxtpx:TrackPointExtension>
        </extensions>
      </trkpt>
      <trkpt lat="22.543367247385877" lon="114.08181666778577">
        <ele>11.369213480502367</ele>
        <time>2026-09-18T00:41:06.500000Z</time>
        <extensions>
          <gpxtpx:TrackPointExtension>
            <gpxtpx:hr>117</gpxtpx:hr>
          </gpxtpx:TrackPointExtension>
        </extensions>
      </trkpt>
      <trkpt lat="22.543365968730757" lon="114.08180285344119">
        <ele>11.380639034323394</ele>
        <time>2026-09-18T00:41:07.500000Z</time>
        <extensions>
          <gpxtpx:TrackPointExtension>
            <gpxtpx:hr>117</gpxtpx:hr>
          </gpxtpx:TrackPointExtension>
        </extensions>
      </trkpt>
      <trkpt lat="22.543363797090038" lon="114.0817890016528">
        <ele>11.437449565157294</ele>
        <time>2026-09-18T00:41:08.500000Z</time>
        <extensions>
          <gpxtpx:TrackPointExtension>
            <gpxtpx:hr>117</gpxtpx:hr>
          </gpxtpx:TrackPointExtension>
        </extensions>
      </trkpt>
      <trkpt lat="22.54336137331673" lon="114.08177568896748">
        <ele>11.51933488342911</ele>
        <time>2026-09-18T00:41:09.500000Z</time>
        <extensions>
          <gpxtpx:TrackPointExtension>
            <gpxtpx:hr>117</gpxtpx:hr>
          </gpxtpx:TrackPointExtension>
        </extensions>
      </trkpt>
      <trkpt lat="22.543359106093163" lon="114.08176348417165">
        <ele>11.63705711811781</ele>
        <time>2026-09-18T00:41:10.500000Z</time>
        <extensions>
          <gpxtpx:TrackPointExtension>
            <gpxtpx:hr>118</gpxtpx:hr>
          </gpxtpx:TrackPointExtension>
        </extensions>
      </trkpt>
      <trkpt lat="22.543356679801086" lon="114.0817523095037">
        <ele>11.773522816598415</ele>
        <time>2026-09-18T00:41:11.500000Z</time>
        <extensions>
          <gpxtpx:TrackPointExtension>
            <gpxtpx:hr>118</gpxtpx:hr>
          </gpxtpx:TrackPointExtension>
        </extensions>
      </trkpt>
      <trkpt lat="22.543353623635998" lon="114.08174086591374">
        <ele>11.95776093378663</ele>
        <time>2026-09-18T00:41:12.500000Z</time>
        <extensions>
          <gpxtpx:TrackPointExtension>
            <gpxtpx:hr>118</gpxtpx:hr>
          </gpxtpx:TrackPointExtension>
        </extensions>
      </trkpt>
      <trkpt lat="22.543350272123714" lon="114.08172866122018">
        <ele>12.168631298467517</ele>
        <time>2026-09-18T00:41:13.500000Z</time>
        <extensions>
          <gpxtpx:TrackPointExtension>
            <gpxtpx:hr>118</gpxtpx:hr>
          </gpxtpx:TrackPointExtension>
        </extensions>
      </trkpt>
      <trkpt lat="22.543347380808882" lon="114.08171638123851">
        <ele>12.39948839880526</ele>
        <time>2026-09-18T00:41:14.500000Z</time>
        <extensions>
          <gpxtpx:TrackPointExtension>
            <gpxtpx:hr>118</gpxtpx:hr>
          </gpxtpx:TrackPointExtension>
        </extensions>
      </trkpt>
      <trkpt lat="22.54334554379916" lon="114.08170432834771">
        <ele>12.640961213968694</ele>
        <time>2026-09-18T00:41:15.500000Z</time>
        <extensions>
          <gpxtpx:TrackPointExtension>
            <gpxtpx:hr>118</gpxtpx:hr>
          </gpxtpx:TrackPointExtension>
        </extensions>
      </trkpt>
      <trkpt lat="22.54334465852298" lon="114.0816921318238">
        <ele>12.894199775531888</ele>
        <time>2026-09-18T00:41:16.500000Z</time>
        <extensions>
          <gpxtpx:TrackPointExtension>
            <gpxtpx:hr>118</gpxtpx:hr>
          </gpxtpx:TrackPointExtension>
        </extensions>
      </trkpt>
      <trkpt lat="22.543344274044276" lon="114.08167971323581">
        <ele>13.157878850586712</ele>
        <time>2026-09-18T00:41:17.500000Z</time>
        <extensions>
          <gpxtpx:TrackPointExtension>
            <gpxtpx:hr>115</gpxtpx:hr>
          </gpxtpx:TrackPointExtension>
        </extensions>
      </trkpt>
      <trkpt lat="22.543344352191937" lon="114.08166724560094">
        <ele>13.429384074173868</ele>
        <time>2026-09-18T00:41:18.500000Z</time>
        <extensions>
          <gpxtpx:TrackPointExtension>
            <gpxtpx:hr>115</gpxtpx:hr>
          </gpxtpx:TrackPointExtension>
        </extensions>
      </trkpt>
      <trkpt lat="22.543344650241934" lon="114.08165498593888">
        <ele>13.697587616741657</ele>
        <time>2026-09-18T00:41:19.500000Z</time>
        <extensions>
          <gpxtpx:TrackPointExtension>
            <gpxtpx:hr>115</gpxtpx:hr>
          </gpxtpx:TrackPointExtension>
        </extensions>
      </trkpt>
      <trkpt lat="22.54334489131322" lon="114.08164261521804">
        <ele>13.948498174548149</ele>
        <time>2026-09-18T00:41:20.500000Z</time>
        <extensions>
          <gpxtpx:TrackPointExtension>
            <gpxtpx:hr>115</gpxtpx:hr>
          </gpxtpx:TrackPointExtension>
        </extensions>
      </trkpt>
      <trkpt lat="22.543345060751786" lon="114.08162954640706">
        <ele>14.191263549029827</ele>
        <time>2026-09-18T00:41:21.500000Z</time>
        <extensions>
          <gpxtpx:TrackPointExtension>
            <gpxtpx:hr>116</gpxtpx:hr>
          </gpxtpx:TrackPointExtension>
        </extensions>
      </trkpt>
      <trkpt lat="22.543344874002795" lon="114.08161585375362">
        <ele>14.424894387833774</ele>
        <time>2026-09-18T00:41:22.500000Z</time>
        <extensions>
          <gpxtpx:TrackPointExtension>
            <gpxtpx:hr>116</gpxtpx:hr>
          </gpxtpx:TrackPointExtension>
        </extensions>
      </trkpt>
      <trkpt lat="22.543344432953656" lon="114.08160215488635">
        <ele>14.640158603899181</ele>
        <time>2026-09-18T00:41:23.500000Z</time>
        <extensions>
          <gpxtpx:TrackPointExtension>
            <gpxtpx:hr>116</gpxtpx:hr>
          </gpxtpx:TrackPointExtension>
        </extensions>
      </trkpt>
      <trkpt lat="22.5433445236851" lon="114.08158929033509">
        <ele>14.854080824181437</ele>
        <time>2026-09-18T00:41:24.500000Z</time>
        <extensions>
          <gpxtpx:TrackPointExtension>
            <gpxtpx:hr>116</gpxtpx:hr>
          </gpxtpx:TrackPointExtension>
        </extensions>
      </trkpt>
      <trkpt lat="22.543345614784197" lon="114.08157745184083">
        <ele>15.052256328985095</ele>
        <time>2026-09-18T00:41:25.500000Z</time>
        <extensions>
          <gpxtpx:TrackPointExtension>
            <gpxtpx:hr>116</gpxtpx:hr>
          </gpxtpx:TrackPointExtension>
        </extensions>
      </trkpt>
      <trkpt lat="22.543347088201173" lon="114.08156541985636">
        <ele>15.221698158420622</ele>
        <time>2026-09-18T00:41:26.500000Z</time>
        <extensions>
          <gpxtpx:TrackPointExtension>
            <gpxtpx:hr>116</gpxtpx:hr>
          </gpxtpx:TrackPointExtension>
        </extensions>
      </trkpt>
      <trkpt lat="22.543347704276044" lon="114.08155237288533">
        <ele>15.38463070243597</ele>
        <time>2026-09-18T00:41:27.500000Z</time>
        <extensions>
          <gpxtpx:TrackPointExtension>
            <gpxtpx:hr>116</gpxtpx:hr>
          </gpxtpx:TrackPointExtension>
        </extensions>
      </trkpt>
      <trkpt lat="22.5433470450336" lon="114.08153858586668">
        <ele>15.538005200214684</ele>
        <time>2026-09-18T00:41:28.500000Z</time>
        <extensions>
          <gpxtpx:TrackPointExtension>
            <gpxtpx:hr>116</gpxtpx:hr>
          </gpxtpx:TrackPointExtension>
        </extensions>
      </trkpt>
      <trkpt lat="22.54334587015897" lon="114.08152440430918">
        <ele>15.705521804280579</ele>
        <time>2026-09-18T00:41:29.500000Z</time>
        <extensions>
          <gpxtpx:TrackPointExtension>
            <gpxtpx:hr>116</gpxtpx:hr>
          </gpxtpx:TrackPointExtension>
        </extensions>
      </trkpt>
      <trkpt lat="22.543344869595845" lon="114.08151032374582">
        <ele>15.843536327593029</ele>
        <time>2026-09-18T00:41:30.500000Z</time>
        <extensions>
          <gpxtpx:TrackPointExtension>
            <gpxtpx:hr>116</gpxtpx:hr>
          </gpxtpx:TrackPointExtension>
        </extensions>
      </trkpt>
      <trkpt lat="22.543344207633616" lon="114.08149674370728">
        <ele>15.95744427666068</ele>
        <time>2026-09-18T00:41:31.500000Z</time>
        <extensions>
          <gpxtpx:TrackPointExtension>
            <gpxtpx:hr>116</gpxtpx:hr>
          </gpxtpx:TrackPointExtension>
        </extensions>
      </trkpt>
      <trkpt lat="22.543343478348394" lon="114.08148423232394">
        <ele>16.069198380224407</ele>
        <time>2026-09-18T00:41:32.500000Z</time>
        <extensions>
          <gpxtpx:TrackPointExtension>
            <gpxtpx:hr>116</gpxtpx:hr>
          </gpxtpx:TrackPointExtension>
        </extensions>
      </trkpt>
      <trkpt lat="22.543342155796815" lon="114.08147236984308">
        <ele>16.179760402068496</ele>
        <time>2026-09-18T00:41:33.500000Z</time>
        <extensions>
          <gpxtpx:TrackPointExtension>
            <gpxtpx:hr>116</gpxtpx:hr>
          </gpxtpx:TrackPointExtension>
        </extensions>
      </trkpt>
      <trkpt lat="22.543340573425283" lon="114.08146029501587">
        <ele>16.296001673676074</ele>
        <time>2026-09-18T00:41:34.500000Z</time>
        <extensions>
          <gpxtpx:TrackPointExtension>
            <gpxtpx:hr>116</gpxtpx:hr>
          </gpxtpx:TrackPointExtension>
        </extensions>
      </trkpt>
      <trkpt lat="22.543339315022333" lon="114.08144794994341">
        <ele>16.40751711372286</ele>
        <time>2026-09-18T00:41:35.500000Z</time>
        <extensions>
          <gpxtpx:TrackPointExtension>
            <gpxtpx:hr>116</gpxtpx:hr>
          </gpxtpx:TrackPointExtension>
        </extensions>
      </trkpt>
      <trkpt lat="22.543338519618803" lon="114.08143571104331">
        <ele>16.522336523979902</ele>
        <time>2026-09-18T00:41:36.500000Z</time>
        <extensions>
          <gpxtpx:TrackPointExtension>
            <gpxtpx:hr>116</gpxtpx:hr>
          </gpxtpx:TrackPointExtension>
        </extensions>
      </trkpt>
      <trkpt lat="22.543337824347486" lon="114.08142363455758">
        <ele>16.644538866356015</ele>
        <time>2026-09-18T00:41:37.500000Z</time>
        <extensions>
          <gpxtpx:TrackPointExtension>
            <gpxtpx:hr>116</gpxtpx:hr>
          </gpxtpx:TrackPointExtension>
        </extensions>
      </trkpt>
      <trkpt lat="22.543336948922303" lon="114.08141136804903">
        <ele>16.766844550147653</ele>
        <time>2026-09-18T00:41:38.500000Z</time>
        <extensions>
          <gpxtpx:TrackPointExtension>
            <gpxtpx:hr>116</gpxtpx:hr>
          </gpxtpx:TrackPointExtension>
        </extensions>
      </trkpt>
      <trkpt lat="22.54333610962984" lon="114.08139896785107">
        <ele>16.88816683087498</ele>
        <time>2026-09-18T00:41:39.500000Z</time>
        <extensions>
          <gpxtpx:TrackPointExtension>
            <gpxtpx:hr>116</gpxtpx:hr>
          </gpxtpx:TrackPointExtension>
        </extensions>
      </trkpt>
      <trkpt lat="22.54333531264654" lon="114.08138647467564">
        <ele>17.028483958914876</ele>
        <time>2026-09-18T00:41:40.500000Z</time>
        <extensions>
          <gpxtpx:TrackPointExtension>
            <gpxtpx:hr>116</gpxtpx:hr>
          </gpxtpx:TrackPointExtension>
        </extensions>
      </trkpt>
      <trkpt lat="22.543334645053385" lon="114.08137406641978">
        <ele>17.16767115611583</ele>
        <time>2026-09-18T00:41:41.500000Z</time>
        <extensions>
          <gpxtpx:TrackPointExtension>
            <gpxtpx:hr>116</gpxtpx:hr>
          </gpxtpx:TrackPointExtension>
        </extensions>
      </trkpt>
      <trkpt lat="22.5433343694339" lon="114.08136194695663">
        <ele>17.30522014386952</ele>
        <time>2026-09-18T00:41:42.500000Z</time>
        <extensions>
          <gpxtpx:TrackPointExtension>
            <gpxtpx:hr>116</gpxtpx:hr>
          </gpxtpx:TrackPointExtension>
        </extensions>
      </trkpt>
      <trkpt lat="22.543334063744805" lon="114.08135011382471">
        <ele>17.44999743066728</ele>
        <time>2026-09-18T00:41:43.500000Z</time>
        <extensions>
          <gpxtpx:TrackPointExtension>
            <gpxtpx:hr>116</gpxtpx:hr>
          </gpxtpx:TrackPointExtension>
        </extensions>
      </trkpt>
      <trkpt lat="22.543333135673667" lon="114.08133836514168">
        <ele>17.598506215028465</ele>
        <time>2026-09-18T00:41:44.500000Z</time>
        <extensions>
          <gpxtpx:TrackPointExtension>
            <gpxtpx:hr>116</gpxtpx:hr>
          </gpxtpx:TrackPointExtension>
        </extensions>
      </trkpt>
      <trkpt lat="22.543331717253018" lon="114.08132653400202">
        <ele>17.73688899818808</ele>
        <time>2026-09-18T00:41:45.500000Z</time>
        <extensions>
          <gpxtpx:TrackPointExtension>
            <gpxtpx:hr>116</gpxtpx:hr>
          </gpxtpx:TrackPointExtension>
        </extensions>
      </trkpt>
      <trkpt lat="22.543330091494134" lon="114.08131491549806">
        <ele>17.883132422342896</ele>
        <time>2026-09-18T00:41:46.500000Z</time>
        <extensions>
          <gpxtpx:TrackPointExtension>
            <gpxtpx:hr>116</gpxtpx:hr>
          </gpxtpx:TrackPointExtension>
        </extensions>
      </trkpt>
      <trkpt lat="22.543328689734565" lon="114.08130382362963">
        <ele>18.03365115262568</ele>
        <time>2026-09-18T00:41:47.500000Z</time>
        <extensions>
          <gpxtpx:TrackPointExtension>
            <gpxtpx:hr>116</gpxtpx:hr>
          </gpxtpx:TrackPointExtension>
        </extensions>
      </trkpt>
      <trkpt lat="22.543327630889323" lon="114.08129290744185">
        <ele>18.162150147370994</ele>
        <time>2026-09-18T00:41:48.500000Z</time>
        <extensions>
          <gpxtpx:TrackPointExtension>
            <gpxtpx:hr>116</gpxtpx:hr>
          </gpxtpx:TrackPointExtension>
        </extensions>
      </trkpt>
      <trkpt lat="22.54332690640148" lon="114.08128173287625">
        <ele>18.27658313885331</ele>
        <time>2026-09-18T00:41:49.500000Z</time>
        <extensions>
          <gpxtpx:TrackPointExtension>
            <gpxtpx:hr>116</gpxtpx:hr>
          </gpxtpx:TrackPointExtension>
        </extensions>
      </trkpt>
      <trkpt lat="22.543326616778298" lon="114.08127057578758">
        <ele>18.418495417572558</ele>
        <time>2026-09-18T00:41:50.500000Z</time>
        <extensions>
          <gpxtpx:TrackPointExtension>
            <gpxtpx:hr>116</gpxtpx:hr>
          </gpxtpx:TrackPointExtension>
        </extensions>
      </trkpt>
      <trkpt lat="22.54332664275298" lon="114.08125956463702">
        <ele>18.55206022039056</ele>
        <time>2026-09-18T00:41:51.500000Z</time>
        <extensions>
          <gpxtpx:TrackPointExtension>
            <gpxtpx:hr>116</gpxtpx:hr>
          </gpxtpx:TrackPointExtension>
        </extensions>
      </trkpt>
      <trkpt lat="22.543326901650662" lon="114.08124843480145">
        <ele>18.66489610914141</ele>
        <time>2026-09-18T00:41:52.500000Z</time>
        <extensions>
          <gpxtpx:TrackPointExtension>
            <gpxtpx:hr>116</gpxtpx:hr>
          </gpxtpx:TrackPointExtension>
        </extensions>
      </trkpt>
      <trkpt lat="22.54332730371082" lon="114.08123670536156">
        <ele>18.75805737171322</ele>
        <time>2026-09-18T00:41:53.500000Z</time>
        <extensions>
          <gpxtpx:TrackPointExtension>
            <gpxtpx:hr>117</gpxtpx:hr>
          </gpxtpx:TrackPointExtension>
        </extensions>
      </trkpt>
      <trkpt lat="22.543327748325236" lon="114.08122427415587">
        <ele>18.852582214400172</ele>
        <time>2026-09-18T00:41:54.500000Z</time>
        <extensions>
          <gpxtpx:TrackPointExtension>
            <gpxtpx:hr>117</gpxtpx:hr>
          </gpxtpx:TrackPointExtension>
        </extensions>
      </trkpt>
      <trkpt lat="22.54332854890979" lon="114.0812114386608">
        <ele>18.94036344718188</ele>
        <time>2026-09-18T00:41:55.500000Z</time>
        <extensions>
          <gpxtpx:TrackPointExtension>
            <gpxtpx:hr>117</gpxtpx:hr>
          </gpxtpx:TrackPointExtension>
        </extensions>
      </trkpt>
      <trkpt lat="22.543329530522307" lon="114.08119901530281">
        <ele>19.021250103600323</ele>
        <time>2026-09-18T00:41:56.500000Z</time>
        <extensions>
          <gpxtpx:TrackPointExtension>
            <gpxtpx:hr>117</gpxtpx:hr>
          </gpxtpx:TrackPointExtension>
        </extensions>
      </trkpt>
      <trkpt lat="22.54333014892703" lon="114.08118731406813">
        <ele>19.082160313613713</ele>
        <time>2026-09-18T00:41:57.500000Z</time>
        <extensions>
          <gpxtpx:TrackPointExtension>
            <gpxtpx:hr>117</gpxtpx:hr>
          </gpxtpx:TrackPointExtension>
        </extensions>
      </trkpt>
      <trkpt lat="22.54333039225802" lon="114.08117583996075">
        <ele>19.142586580477655</ele>
        <time>2026-09-18T00:41:58.500000Z</time>
        <extensions>
          <gpxtpx:TrackPointExtension>
            <gpxtpx:hr>117</gpxtpx:hr>
          </gpxtpx:TrackPointExtension>
        </extensions>
      </trkpt>
      <trkpt lat="22.543330015725477" lon="114.08116370862038">
        <ele>19.20349237229675</ele>
        <time>2026-09-18T00:41:59.500000Z</time>
        <extensions>
          <gpxtpx:TrackPointExtension>
            <gpxtpx:hr>117</gpxtpx:hr>
          </gpxtpx:TrackPointExtension>
        </extensions>
      </trkpt>
      <trkpt lat="22.543328929104955" lon="114.08115087862133">
        <ele>19.269128270447254</ele>
        <time>2026-09-18T00:42:00.500000Z</time>
        <extensions>
          <gpxtpx:TrackPointExtension>
            <gpxtpx:hr>117</gpxtpx:hr>
          </gpxtpx:TrackPointExtension>
        </extensions>
      </trkpt>
      <trkpt lat="22.54332741123453" lon="114.08113784754795">
        <ele>19.347174171358347</ele>
        <time>2026-09-18T00:42:01.500000Z</time>
        <extensions>
          <gpxtpx:TrackPointExtension>
            <gpxtpx:hr>117</gpxtpx:hr>
          </gpxtpx:TrackPointExtension>
        </extensions>
      </trkpt>
      <trkpt lat="22.5433257485303" lon="114.08112473884515">
        <ele>19.428768697194755</ele>
        <time>2026-09-18T00:42:02.500000Z</time>
        <extensions>
          <gpxtpx:TrackPointExtension>
            <gpxtpx:hr>117</gpxtpx:hr>
          </gpxtpx:TrackPointExtension>
        </extensions>
      </trkpt>
      <trkpt lat="22.543324005015283" lon="114.08111168623861">
        <ele>19.509672258980572</ele>
        <time>2026-09-18T00:42:03.500000Z</time>
        <extensions>
          <gpxtpx:TrackPointExtension>
            <gpxtpx:hr>117</gpxtpx:hr>
          </gpxtpx:TrackPointExtension>
        </extensions>
      </trkpt>
      <trkpt lat="22.543322240144885" lon="114.08109868576635">
        <ele>19.590582389384508</ele>
        <time>2026-09-18T00:42:04.500000Z</time>
        <extensions>
          <gpxtpx:TrackPointExtension>
            <gpxtpx:hr>117</gpxtpx:hr>
          </gpxtpx:TrackPointExtension>
        </extensions>
      </trkpt>
      <trkpt lat="22.543320527741958" lon="114.08108598835697">
        <ele>19.694710724055767</ele>
        <time>2026-09-18T00:42:05.500000Z</time>
        <extensions>
          <gpxtpx:TrackPointExtension>
            <gpxtpx:hr>117</gpxtpx:hr>
          </gpxtpx:TrackPointExtension>
        </extensions>
      </trkpt>
      <trkpt lat="22.54331902925549" lon="114.08107336276763">
        <ele>19.834352205507457</ele>
        <time>2026-09-18T00:42:06.500000Z</time>
        <extensions>
          <gpxtpx:TrackPointExtension>
            <gpxtpx:hr>117</gpxtpx:hr>
          </gpxtpx:TrackPointExtension>
        </extensions>
      </trkpt>
      <trkpt lat="22.543317610971762" lon="114.08106006086476">
        <ele>20.004495381377637</ele>
        <time>2026-09-18T00:42:07.500000Z</time>
        <extensions>
          <gpxtpx:TrackPointExtension>
            <gpxtpx:hr>117</gpxtpx:hr>
          </gpxtpx:TrackPointExtension>
        </extensions>
      </trkpt>
      <trkpt lat="22.543315853211894" lon="114.08104605859808">
        <ele>20.18825200665742</ele>
        <time>2026-09-18T00:42:08.500000Z</time>
        <extensions>
          <gpxtpx:TrackPointExtension>
            <gpxtpx:hr>117</gpxtpx:hr>
          </gpxtpx:TrackPointExtension>
        </extensions>
      </trkpt>
      <trkpt lat="22.543313326629136" lon="114.08103168615862">
        <ele>20.397783674299717</ele>
        <time>2026-09-18T00:42:09.500000Z</time>
        <extensions>
          <gpxtpx:TrackPointExtension>
            <gpxtpx:hr>117</gpxtpx:hr>
          </gpxtpx:TrackPointExtension>
        </extensions>
      </trkpt>
      <trkpt lat="22.543309915499865" lon="114.08101662355678">
        <ele>20.62206168565899</ele>
        <time>2026-09-18T00:42:10.500000Z</time>
        <extensions>
          <gpxtpx:TrackPointExtension>
            <gpxtpx:hr>116</gpxtpx:hr>
          </gpxtpx:TrackPointExtension>
        </extensions>
      </trkpt>
      <trkpt lat="22.543306152618037" lon="114.08100103313737">
        <ele>20.515804337337613</ele>
        <time>2026-09-18T00:42:11.500000Z</time>
        <extensions>
          <gpxtpx:TrackPointExtension>
            <gpxtpx:hr>116</gpxtpx:hr>
          </gpxtpx:TrackPointExtension>
        </extensions>
      </trkpt>
      <trkpt lat="22.54330302291003" lon="114.0809860011424">
        <ele>20.530822324566543</ele>
        <time>2026-09-18T00:42:12.500000Z</time>
        <extensions>
          <gpxtpx:TrackPointExtension>
            <gpxtpx:hr>116</gpxtpx:hr>
          </gpxtpx:TrackPointExtension>
        </extensions>
      </trkpt>
      <trkpt lat="22.543300895318325" lon="114.0809721899482">
        <ele>20.54584121145308</ele>
        <time>2026-09-18T00:42:13.500000Z</time>
        <extensions>
          <gpxtpx:TrackPointExtension>
            <gpxtpx:hr>116</gpxtpx:hr>
          </gpxtpx:TrackPointExtension>
        </extensions>
      </trkpt>
      <trkpt lat="22.543299590061636" lon="114.0809592227611">
        <ele>20.529843416064978</ele>
        <time>2026-09-18T00:42:14.500000Z</time>
        <extensions>
          <gpxtpx:TrackPointExtension>
            <gpxtpx:hr>116</gpxtpx:hr>
          </gpxtpx:TrackPointExtension>
        </extensions>
      </trkpt>
      <trkpt lat="22.543298883490323" lon="114.08094673416711">
        <ele>20.475292781367898</ele>
        <time>2026-09-18T00:42:15.500000Z</time>
        <extensions>
          <gpxtpx:TrackPointExtension>
            <gpxtpx:hr>117</gpxtpx:hr>
          </gpxtpx:TrackPointExtension>
        </extensions>
      </trkpt>
      <trkpt lat="22.54329852334667" lon="114.08093455249306">
        <ele>20.35467769112438</ele>
        <time>2026-09-18T00:42:16.500000Z</time>
        <extensions>
          <gpxtpx:TrackPointExtension>
            <gpxtpx:hr>117</gpxtpx:hr>
          </gpxtpx:TrackPointExtension>
        </extensions>
      </trkpt>
      <trkpt lat="22.543298050288595" lon="114.08092211796158">
        <ele>20.159727891907096</ele>
        <time>2026-09-18T00:42:17.500000Z</time>
        <extensions>
          <gpxtpx:TrackPointExtension>
            <gpxtpx:hr>117</gpxtpx:hr>
          </gpxtpx:TrackPointExtension>
        </extensions>
      </trkpt>
      <trkpt lat="22.543296882018108" lon="114.08090893752879">
        <ele>19.88897301442921</ele>
        <time>2026-09-18T00:42:18.500000Z</time>
        <extensions>
          <gpxtpx:TrackPointExtension>
            <gpxtpx:hr>117</gpxtpx:hr>
          </gpxtpx:TrackPointExtension>
        </extensions>
      </trkpt>
      <trkpt lat="22.543295002573725" lon="114.08089476138473">
        <ele>19.54942224919796</ele>
        <time>2026-09-18T00:42:19.500000Z</time>
        <extensions>
          <gpxtpx:TrackPointExtension>
            <gpxtpx:hr>117</gpxtpx:hr>
          </gpxtpx:TrackPointExtension>
        </extensions>
      </trkpt>
      <trkpt lat="22.543293100390077" lon="114.0808804629376">
        <ele>19.157667972147465</ele>
        <time>2026-09-18T00:42:20.500000Z</time>
        <extensions>
          <gpxtpx:TrackPointExtension>
            <gpxtpx:hr>116</gpxtpx:hr>
          </gpxtpx:TrackPointExtension>
        </extensions>
      </trkpt>
      <trkpt lat="22.54329165611222" lon="114.08086662528531">
        <ele>18.742185031995177</ele>
        <time>2026-09-18T00:42:21.500000Z</time>
        <extensions>
          <gpxtpx:TrackPointExtension>
            <gpxtpx:hr>116</gpxtpx:hr>
          </gpxtpx:TrackPointExtension>
        </extensions>
      </trkpt>
      <trkpt lat="22.54329038535823" lon="114.08085280065372">
        <ele>18.336703128181398</ele>
        <time>2026-09-18T00:42:22.500000Z</time>
        <extensions>
          <gpxtpx:TrackPointExtension>
            <gpxtpx:hr>116</gpxtpx:hr>
          </gpxtpx:TrackPointExtension>
        </extensions>
      </trkpt>
      <trkpt lat="22.54328868082405" lon="114.08083840177525">
        <ele>17.964323044754565</ele>
        <time>2026-09-18T00:42:23.500000Z</time>
        <extensions>
          <gpxtpx:TrackPointExtension>
            <gpxtpx:hr>116</gpxtpx:hr>
          </gpxtpx:TrackPointExtension>
        </extensions>
      </trkpt>
      <trkpt lat="22.5432868440115" lon="114.08082360309675">
        <ele>17.635523518547416</ele>
        <time>2026-09-18T00:42:24.500000Z</time>
        <extensions>
          <gpxtpx:TrackPointExtension>
            <gpxtpx:hr>116</gpxtpx:hr>
          </gpxtpx:TrackPointExtension>
        </extensions>
      </trkpt>
      <trkpt lat="22.543285685548053" lon="114.08080803523268">
        <ele>17.35711860563606</ele>
        <time>2026-09-18T00:42:25.500000Z</time>
        <extensions>
          <gpxtpx:TrackPointExtension>
            <gpxtpx:hr>119</gpxtpx:hr>
          </gpxtpx:TrackPointExtension>
        </extensions>
      </trkpt>
      <trkpt lat="22.54328523832377" lon="114.08079194832891">
        <ele>17.134662228636444</ele>
        <time>2026-09-18T00:42:26.500000Z</time>
        <extensions>
          <gpxtpx:TrackPointExtension>
            <gpxtpx:hr>119</gpxtpx:hr>
          </gpxtpx:TrackPointExtension>
        </extensions>
      </trkpt>
      <trkpt lat="22.543285317030662" lon="114.08077663865483">
        <ele>16.968179438263178</ele>
        <time>2026-09-18T00:42:27.500000Z</time>
        <extensions>
          <gpxtpx:TrackPointExtension>
            <gpxtpx:hr>119</gpxtpx:hr>
          </gpxtpx:TrackPointExtension>
        </extensions>
      </trkpt>
      <trkpt lat="22.543286139699767" lon="114.08076227965802">
        <ele>16.85183371324092</ele>
        <time>2026-09-18T00:42:28.500000Z</time>
        <extensions>
          <gpxtpx:TrackPointExtension>
            <gpxtpx:hr>119</gpxtpx:hr>
          </gpxtpx:TrackPointExtension>
        </extensions>
      </trkpt>
      <trkpt lat="22.54328742230153" lon="114.08074858412218">
        <ele>16.77712664566934</ele>
        <time>2026-09-18T00:42:29.500000Z</time>
        <extensions>
          <gpxtpx:TrackPointExtension>
            <gpxtpx:hr>119</gpxtpx:hr>
          </gpxtpx:TrackPointExtension>
        </extensions>
      </trkpt>
      <trkpt lat="22.543288403857645" lon="114.08073543115597">
        <ele>16.734770080074668</ele>
        <time>2026-09-18T00:42:30.500000Z</time>
        <extensions>
          <gpxtpx:TrackPointExtension>
            <gpxtpx:hr>118</gpxtpx:hr>
          </gpxtpx:TrackPointExtension>
        </extensions>
      </trkpt>
      <trkpt lat="22.543288982228567" lon="114.08072251537124">
        <ele>16.716005016118288</ele>
        <time>2026-09-18T00:42:31.500000Z</time>
        <extensions>
          <gpxtpx:TrackPointExtension>
            <gpxtpx:hr>118</gpxtpx:hr>
          </gpxtpx:TrackPointExtension>
        </extensions>
      </trkpt>
      <trkpt lat="22.54328939362519" lon="114.08070977201116">
        <ele>16.713302167132497</ele>
        <time>2026-09-18T00:42:32.500000Z</time>
        <extensions>
          <gpxtpx:TrackPointExtension>
            <gpxtpx:hr>118</gpxtpx:hr>
          </gpxtpx:TrackPointExtension>
        </extensions>
      </trkpt>
      <trkpt lat="22.54328960909266" lon="114.08069717580054">
        <ele>16.720551525242627</ele>
        <time>2026-09-18T00:42:33.500000Z</time>
        <extensions>
          <gpxtpx:TrackPointExtension>
            <gpxtpx:hr>118</gpxtpx:hr>
          </gpxtpx:TrackPointExtension>
        </extensions>
      </trkpt>
      <trkpt lat="22.543289882473744" lon="114.08068469235377">
        <ele>16.733003647997975</ele>
        <time>2026-09-18T00:42:34.500000Z</time>
        <extensions>
          <gpxtpx:TrackPointExtension>
            <gpxtpx:hr>118</gpxtpx:hr>
          </gpxtpx:TrackPointExtension>
        </extensions>
      </trkpt>
      <trkpt lat="22.543290611195555" lon="114.08067275930615">
        <ele>16.747229709289968</ele>
        <time>2026-09-18T00:42:35.500000Z</time>
        <extensions>
          <gpxtpx:TrackPointExtension>
            <gpxtpx:hr>115</gpxtpx:hr>
          </gpxtpx:TrackPointExtension>
        </extensions>
      </trkpt>
      <trkpt lat="22.54329182385125" lon="114.0806617122469">
        <ele>16.76089068967849</ele>
        <time>2026-09-18T00:42:36.500000Z</time>
        <extensions>
          <gpxtpx:TrackPointExtension>
            <gpxtpx:hr>115</gpxtpx:hr>
          </gpxtpx:TrackPointExtension>
        </extensions>
      </trkpt>
      <trkpt lat="22.543293592970443" lon="114.08065131506996">
        <ele>16.772609569132328</ele>
        <time>2026-09-18T00:42:37.500000Z</time>
        <extensions>
          <gpxtpx:TrackPointExtension>
            <gpxtpx:hr>115</gpxtpx:hr>
          </gpxtpx:TrackPointExtension>
        </extensions>
      </trkpt>
      <trkpt lat="22.54329612555306" lon="114.0806411188794">
        <ele>16.781798883341253</ele>
        <time>2026-09-18T00:42:38.500000Z</time>
        <extensions>
          <gpxtpx:TrackPointExtension>
            <gpxtpx:hr>115</gpxtpx:hr>
          </gpxtpx:TrackPointExtension>
        </extensions>
      </trkpt>
      <trkpt lat="22.543299507759446" lon="114.08063068462006">
        <ele>16.788573923520744</ele>
        <time>2026-09-18T00:42:39.500000Z</time>
        <extensions>
          <gpxtpx:TrackPointExtension>
            <gpxtpx:hr>115</gpxtpx:hr>
          </gpxtpx:TrackPointExtension>
        </extensions>
      </trkpt>
      <trkpt lat="22.543303205075997" lon="114.0806201892253">
        <ele>16.793310517445207</ele>
        <time>2026-09-18T00:42:40.500000Z</time>
        <extensions>
          <gpxtpx:TrackPointExtension>
            <gpxtpx:hr>115</gpxtpx:hr>
          </gpxtpx:TrackPointExtension>
        </extensions>
      </trkpt>
      <trkpt lat="22.543306858293622" lon="114.08060983763953">
        <ele>16.79666057229042</ele>
        <time>2026-09-18T00:42:41.500000Z</time>
        <extensions>
          <gpxtpx:TrackPointExtension>
            <gpxtpx:hr>115</gpxtpx:hr>
          </gpxtpx:TrackPointExtension>
        </extensions>
      </trkpt>
      <trkpt lat="22.54331017955574" lon="114.08059969746245">
        <ele>16.799200201407075</ele>
        <time>2026-09-18T00:42:42.500000Z</time>
        <extensions>
          <gpxtpx:TrackPointExtension>
            <gpxtpx:hr>115</gpxtpx:hr>
          </gpxtpx:TrackPointExtension>
        </extensions>
      </trkpt>
      <trkpt lat="22.54331272221435" lon="114.08058992401598">
        <ele>16.8011620240286</ele>
        <time>2026-09-18T00:42:43.500000Z</time>
        <extensions>
          <gpxtpx:TrackPointExtension>
            <gpxtpx:hr>115</gpxtpx:hr>
          </gpxtpx:TrackPointExtension>
        </extensions>
      </trkpt>
      <trkpt lat="22.543314606785067" lon="114.08058046750364">
        <ele>16.802583903074265</ele>
        <time>2026-09-18T00:42:44.500000Z</time>
        <extensions>
          <gpxtpx:TrackPointExtension>
            <gpxtpx:hr>115</gpxtpx:hr>
          </gpxtpx:TrackPointExtension>
        </extensions>
      </trkpt>
      <trkpt lat="22.5433164981192" lon="114.08057116761817">
        <ele>16.803243522532284</ele>
        <time>2026-09-18T00:42:45.500000Z</time>
        <extensions>
          <gpxtpx:TrackPointExtension>
            <gpxtpx:hr>114</gpxtpx:hr>
          </gpxtpx:TrackPointExtension>
        </extensions>
      </trkpt>
      <trkpt lat="22.54331875494347" lon="114.08056182797391">
        <ele>16.802607665769756</ele>
        <time>2026-09-18T00:42:46.500000Z</time>
        <extensions>
          <gpxtpx:TrackPointExtension>
            <gpxtpx:hr>114</gpxtpx:hr>
          </gpxtpx:TrackPointExtension>
        </extensions>
      </trkpt>
      <trkpt lat="22.54332142997005" lon="114.08055232402423">
        <ele>16.799937646836042</ele>
        <time>2026-09-18T00:42:47.500000Z</time>
        <extensions>
          <gpxtpx:TrackPointExtension>
            <gpxtpx:hr>114</gpxtpx:hr>
          </gpxtpx:TrackPointExtension>
        </extensions>
      </trkpt>
      <trkpt lat="22.543324767387947" lon="114.08054331952306">
        <ele>16.79477578215301</ele>
        <time>2026-09-18T00:42:48.500000Z</time>
        <extensions>
          <gpxtpx:TrackPointExtension>
            <gpxtpx:hr>114</gpxtpx:hr>
          </gpxtpx:TrackPointExtension>
        </extensions>
      </trkpt>
      <trkpt lat="22.5433279099458" lon="114.08053434221047">
        <ele>16.78666852042079</ele>
        <time>2026-09-18T00:42:49.500000Z</time>
        <extensions>
          <gpxtpx:TrackPointExtension>
            <gpxtpx:hr>114</gpxtpx:hr>
          </gpxtpx:TrackPointExtension>
        </extensions>
      </trkpt>
      <trkpt lat="22.543328548269756" lon="114.08052441369654">
        <ele>16.775526085868478</ele>
        <time>2026-09-18T00:42:50.500000Z</time>
        <extensions>
          <gpxtpx:TrackPointExtension>
            <gpxtpx:hr>114</gpxtpx:hr>
          </gpxtpx:TrackPointExtension>
        </extensions>
      </trkpt>
      <trkpt lat="22.543326803715583" lon="114.0805123135207">
        <ele>16.761650327593088</ele>
        <time>2026-09-18T00:42:51.500000Z</time>
        <extensions>
          <gpxtpx:TrackPointExtension>
            <gpxtpx:hr>114</gpxtpx:hr>
          </gpxtpx:TrackPointExtension>
        </extensions>
      </trkpt>
      <trkpt lat="22.543324711453547" lon="114.08049796226877">
        <ele>16.745726918801665</ele>
        <time>2026-09-18T00:42:52.500000Z</time>
        <extensions>
          <gpxtpx:TrackPointExtension>
            <gpxtpx:hr>114</gpxtpx:hr>
          </gpxtpx:TrackPointExtension>
        </extensions>
      </trkpt>
      <trkpt lat="22.543323037061775" lon="114.08048253972174">
        <ele>16.729039872065187</ele>
        <time>2026-09-18T00:42:53.500000Z</time>
        <extensions>
          <gpxtpx:TrackPointExtension>
            <gpxtpx:hr>114</gpxtpx:hr>
          </gpxtpx:TrackPointExtension>
        </extensions>
      </trkpt>
      <trkpt lat="22.54332144216116" lon="114.08046617930886">
        <ele>16.713074172846973</ele>
        <time>2026-09-18T00:42:54.500000Z</time>
        <extensions>
          <gpxtpx:TrackPointExtension>
            <gpxtpx:hr>114</gpxtpx:hr>
          </gpxtpx:TrackPointExtension>
        </extensions>
      </trkpt>
      <trkpt lat="22.543319699003412" lon="114.08044994638955">
        <ele>16.69947899505496</ele>
        <time>2026-09-18T00:42:55.500000Z</time>
        <extensions>
          <gpxtpx:TrackPointExtension>
            <gpxtpx:hr>114</gpxtpx:hr>
          </gpxtpx:TrackPointExtension>
        </extensions>
      </trkpt>
      <trkpt lat="22.543317862214014" lon="114.08043470876618">
        <ele>16.689851846545935</ele>
        <time>2026-09-18T00:42:56.500000Z</time>
        <extensions>
          <gpxtpx:TrackPointExtension>
            <gpxtpx:hr>114</gpxtpx:hr>
          </gpxtpx:TrackPointExtension>
        </extensions>
      </trkpt>
      <trkpt lat="22.543315985610796" lon="114.0804195881974">
        <ele>16.685635461471975</ele>
        <time>2026-09-18T00:42:57.500000Z</time>
        <extensions>
          <gpxtpx:TrackPointExtension>
            <gpxtpx:hr>114</gpxtpx:hr>
          </gpxtpx:TrackPointExtension>
        </extensions>
      </trkpt>
      <trkpt lat="22.54331475317013" lon="114.08040493364614">
        <ele>16.687306600622833</ele>
        <time>2026-09-18T00:42:58.500000Z</time>
        <extensions>
          <gpxtpx:TrackPointExtension>
            <gpxtpx:hr>114</gpxtpx:hr>
          </gpxtpx:TrackPointExtension>
        </extensions>
      </trkpt>
      <trkpt lat="22.54331412514965" lon="114.08039121562348">
        <ele>16.69498498365283</ele>
        <time>2026-09-18T00:42:59.500000Z</time>
        <extensions>
          <gpxtpx:TrackPointExtension>
            <gpxtpx:hr>114</gpxtpx:hr>
          </gpxtpx:TrackPointExtension>
        </extensions>
      </trkpt>
      <trkpt lat="22.543313468723767" lon="114.08037853877487">
        <ele>16.708381251432</ele>
        <time>2026-09-18T00:43:00.500000Z</time>
        <extensions>
          <gpxtpx:TrackPointExtension>
            <gpxtpx:hr>115</gpxtpx:hr>
          </gpxtpx:TrackPointExtension>
        </extensions>
      </trkpt>
      <trkpt lat="22.543312851482728" lon="114.08036651989987">
        <ele>16.726727384142578</ele>
        <time>2026-09-18T00:43:01.500000Z</time>
        <extensions>
          <gpxtpx:TrackPointExtension>
            <gpxtpx:hr>115</gpxtpx:hr>
          </gpxtpx:TrackPointExtension>
        </extensions>
      </trkpt>
      <trkpt lat="22.543312418961197" lon="114.08035465252556">
        <ele>16.748752968385816</ele>
        <time>2026-09-18T00:43:02.500000Z</time>
        <extensions>
          <gpxtpx:TrackPointExtension>
            <gpxtpx:hr>115</gpxtpx:hr>
          </gpxtpx:TrackPointExtension>
        </extensions>
      </trkpt>
      <trkpt lat="22.543312145838087" lon="114.0803431153734">
        <ele>16.773283922113478</ele>
        <time>2026-09-18T00:43:03.500000Z</time>
        <extensions>
          <gpxtpx:TrackPointExtension>
            <gpxtpx:hr>115</gpxtpx:hr>
          </gpxtpx:TrackPointExtension>
        </extensions>
      </trkpt>
      <trkpt lat="22.543312284522486" lon="114.08033125118617">
        <ele>16.7989879893139</ele>
        <time>2026-09-18T00:43:04.500000Z</time>
        <extensions>
          <gpxtpx:TrackPointExtension>
            <gpxtpx:hr>115</gpxtpx:hr>
          </gpxtpx:TrackPointExtension>
        </extensions>
      </trkpt>
      <trkpt lat="22.543312885249502" lon="114.08031797736719">
        <ele>16.824418601579964</ele>
        <time>2026-09-18T00:43:05.500000Z</time>
        <extensions>
          <gpxtpx:TrackPointExtension>
            <gpxtpx:hr>115</gpxtpx:hr>
          </gpxtpx:TrackPointExtension>
        </extensions>
      </trkpt>
      <trkpt lat="22.543313819112857" lon="114.08030390869274">
        <ele>16.848142844624817</ele>
        <time>2026-09-18T00:43:06.500000Z</time>
        <extensions>
          <gpxtpx:TrackPointExtension>
            <gpxtpx:hr>115</gpxtpx:hr>
          </gpxtpx:TrackPointExtension>
        </extensions>
      </trkpt>
      <trkpt lat="22.543314109955247" lon="114.08029038653846">
        <ele>16.86916931718588</ele>
        <time>2026-09-18T00:43:07.500000Z</time>
        <extensions>
          <gpxtpx:TrackPointExtension>
            <gpxtpx:hr>115</gpxtpx:hr>
          </gpxtpx:TrackPointExtension>
        </extensions>
      </trkpt>
      <trkpt lat="22.5433134290312" lon="114.0802774971403">
        <ele>16.887107907794416</ele>
        <time>2026-09-18T00:43:08.500000Z</time>
        <extensions>
          <gpxtpx:TrackPointExtension>
            <gpxtpx:hr>115</gpxtpx:hr>
          </gpxtpx:TrackPointExtension>
        </extensions>
      </trkpt>
      <trkpt lat="22.5433120942912" lon="114.08026459796277">
        <ele>16.902184586040676</ele>
        <time>2026-09-18T00:43:09.500000Z</time>
        <extensions>
          <gpxtpx:TrackPointExtension>
            <gpxtpx:hr>115</gpxtpx:hr>
          </gpxtpx:TrackPointExtension>
        </extensions>
      </trkpt>
      <trkpt lat="22.543310136945287" lon="114.08025173891639">
        <ele>16.915123537182808</ele>
        <time>2026-09-18T00:43:10.500000Z</time>
        <extensions>
          <gpxtpx:TrackPointExtension>
            <gpxtpx:hr>115</gpxtpx:hr>
          </gpxtpx:TrackPointExtension>
        </extensions>
      </trkpt>
      <trkpt lat="22.543307996309327" lon="114.08023879158685">
        <ele>16.926825266331434</ele>
        <time>2026-09-18T00:43:11.500000Z</time>
        <extensions>
          <gpxtpx:TrackPointExtension>
            <gpxtpx:hr>115</gpxtpx:hr>
          </gpxtpx:TrackPointExtension>
        </extensions>
      </trkpt>
      <trkpt lat="22.543306268611342" lon="114.08022557666527">
        <ele>16.9380543185398</ele>
        <time>2026-09-18T00:43:12.500000Z</time>
        <extensions>
          <gpxtpx:TrackPointExtension>
            <gpxtpx:hr>115</gpxtpx:hr>
          </gpxtpx:TrackPointExtension>
        </extensions>
      </trkpt>
      <trkpt lat="22.543305278394566" lon="114.08021216495402">
        <ele>16.9491712115705</ele>
        <time>2026-09-18T00:43:13.500000Z</time>
        <extensions>
          <gpxtpx:TrackPointExtension>
            <gpxtpx:hr>115</gpxtpx:hr>
          </gpxtpx:TrackPointExtension>
        </extensions>
      </trkpt>
      <trkpt lat="22.543304902203573" lon="114.08019838311229">
        <ele>16.960157287307084</ele>
        <time>2026-09-18T00:43:14.500000Z</time>
        <extensions>
          <gpxtpx:TrackPointExtension>
            <gpxtpx:hr>115</gpxtpx:hr>
          </gpxtpx:TrackPointExtension>
        </extensions>
      </trkpt>
      <trkpt lat="22.543304741961222" lon="114.08018394106251">
        <ele>16.970677881501615</ele>
        <time>2026-09-18T00:43:15.500000Z</time>
        <extensions>
          <gpxtpx:TrackPointExtension>
            <gpxtpx:hr>115</gpxtpx:hr>
          </gpxtpx:TrackPointExtension>
        </extensions>
      </trkpt>
      <trkpt lat="22.543304561618736" lon="114.08016928124391">
        <ele>16.98061715066433</ele>
        <time>2026-09-18T00:43:16.500000Z</time>
        <extensions>
          <gpxtpx:TrackPointExtension>
            <gpxtpx:hr>115</gpxtpx:hr>
          </gpxtpx:TrackPointExtension>
        </extensions>
      </trkpt>
      <trkpt lat="22.543303530600973" lon="114.08015502942393">
        <ele>16.98990003578365</ele>
        <time>2026-09-18T00:43:17.500000Z</time>
        <extensions>
          <gpxtpx:TrackPointExtension>
            <gpxtpx:hr>115</gpxtpx:hr>
          </gpxtpx:TrackPointExtension>
        </extensions>
      </trkpt>
      <trkpt lat="22.543301386830816" lon="114.08014123066411">
        <ele>16.998560673557222</ele>
        <time>2026-09-18T00:43:18.500000Z</time>
        <extensions>
          <gpxtpx:TrackPointExtension>
            <gpxtpx:hr>115</gpxtpx:hr>
          </gpxtpx:TrackPointExtension>
        </extensions>
      </trkpt>
      <trkpt lat="22.543298835588377" lon="114.08012699952207">
        <ele>17.006782541051507</ele>
        <time>2026-09-18T00:43:19.500000Z</time>
        <extensions>
          <gpxtpx:TrackPointExtension>
            <gpxtpx:hr>115</gpxtpx:hr>
          </gpxtpx:TrackPointExtension>
        </extensions>
      </trkpt>
      <trkpt lat="22.543296673893963" lon="114.08011220065775">
        <ele>17.01497918460518</ele>
        <time>2026-09-18T00:43:20.500000Z</time>
        <extensions>
          <gpxtpx:TrackPointExtension>
            <gpxtpx:hr>115</gpxtpx:hr>
          </gpxtpx:TrackPointExtension>
        </extensions>
      </trkpt>
      <trkpt lat="22.543295263685675" lon="114.08009743591938">
        <ele>17.023556840606034</ele>
        <time>2026-09-18T00:43:21.500000Z</time>
        <extensions>
          <gpxtpx:TrackPointExtension>
            <gpxtpx:hr>115</gpxtpx:hr>
          </gpxtpx:TrackPointExtension>
        </extensions>
      </trkpt>
      <trkpt lat="22.543294517078934" lon="114.08008272727952">
        <ele>17.032977177761495</ele>
        <time>2026-09-18T00:43:22.500000Z</time>
        <extensions>
          <gpxtpx:TrackPointExtension>
            <gpxtpx:hr>115</gpxtpx:hr>
          </gpxtpx:TrackPointExtension>
        </extensions>
      </trkpt>
      <trkpt lat="22.543294156730266" lon="114.08006788328272">
        <ele>17.04369326774031</ele>
        <time>2026-09-18T00:43:23.500000Z</time>
        <extensions>
          <gpxtpx:TrackPointExtension>
            <gpxtpx:hr>115</gpxtpx:hr>
          </gpxtpx:TrackPointExtension>
        </extensions>
      </trkpt>
      <trkpt lat="22.543293881731977" lon="114.08005301407336">
        <ele>17.056074083782732</ele>
        <time>2026-09-18T00:43:24.500000Z</time>
        <extensions>
          <gpxtpx:TrackPointExtension>
            <gpxtpx:hr>115</gpxtpx:hr>
          </gpxtpx:TrackPointExtension>
        </extensions>
      </trkpt>
      <trkpt lat="22.543293571843456" lon="114.08003814602968">
        <ele>17.07030150014907</ele>
        <time>2026-09-18T00:43:25.500000Z</time>
        <extensions>
          <gpxtpx:TrackPointExtension>
            <gpxtpx:hr>114</gpxtpx:hr>
          </gpxtpx:TrackPointExtension>
        </extensions>
      </trkpt>
      <trkpt lat="22.54329330989245" lon="114.08002349778036">
        <ele>17.086169846355915</ele>
        <time>2026-09-18T00:43:26.500000Z</time>
        <extensions>
          <gpxtpx:TrackPointExtension>
            <gpxtpx:hr>114</gpxtpx:hr>
          </gpxtpx:TrackPointExtension>
        </extensions>
      </trkpt>
      <trkpt lat="22.543292806954906" lon="114.08000883202368">
        <ele>17.10321355331689</ele>
        <time>2026-09-18T00:43:27.500000Z</time>
        <extensions>
          <gpxtpx:TrackPointExtension>
            <gpxtpx:hr>114</gpxtpx:hr>
          </gpxtpx:TrackPointExtension>
        </extensions>
      </trkpt>
      <trkpt lat="22.543291935292828" lon="114.0799937870051">
        <ele>17.120860257185996</ele>
        <time>2026-09-18T00:43:28.500000Z</time>
        <extensions>
          <gpxtpx:TrackPointExtension>
            <gpxtpx:hr>114</gpxtpx:hr>
          </gpxtpx:TrackPointExtension>
        </extensions>
      </trkpt>
      <trkpt lat="22.54329088284304" lon="114.07997856873958">
        <ele>17.13850715290755</ele>
        <time>2026-09-18T00:43:29.500000Z</time>
        <extensions>
          <gpxtpx:TrackPointExtension>
            <gpxtpx:hr>114</gpxtpx:hr>
          </gpxtpx:TrackPointExtension>
        </extensions>
      </trkpt>
      <trkpt lat="22.54328975496607" lon="114.07996321289924">
        <ele>17.155663311481476</ele>
        <time>2026-09-18T00:43:30.500000Z</time>
        <extensions>
          <gpxtpx:TrackPointExtension>
            <gpxtpx:hr>114</gpxtpx:hr>
          </gpxtpx:TrackPointExtension>
        </extensions>
      </trkpt>
      <trkpt lat="22.543288795472247" lon="114.07994770167765">
        <ele>17.17199024464935</ele>
        <time>2026-09-18T00:43:31.500000Z</time>
        <extensions>
          <gpxtpx:TrackPointExtension>
            <gpxtpx:hr>114</gpxtpx:hr>
          </gpxtpx:TrackPointExtension>
        </extensions>
      </trkpt>
      <trkpt lat="22.5432881692715" lon="114.07993226803575">
        <ele>17.187264549545944</ele>
        <time>2026-09-18T00:43:32.500000Z</time>
        <extensions>
          <gpxtpx:TrackPointExtension>
            <gpxtpx:hr>115</gpxtpx:hr>
          </gpxtpx:TrackPointExtension>
        </extensions>
      </trkpt>
      <trkpt lat="22.543288106226182" lon="114.0799173311349">
        <ele>17.20127278007567</ele>
        <time>2026-09-18T00:43:33.500000Z</time>
        <extensions>
          <gpxtpx:TrackPointExtension>
            <gpxtpx:hr>115</gpxtpx:hr>
          </gpxtpx:TrackPointExtension>
        </extensions>
      </trkpt>
      <trkpt lat="22.543288685512337" lon="114.07990344965795">
        <ele>17.21394181717187</ele>
        <time>2026-09-18T00:43:34.500000Z</time>
        <extensions>
          <gpxtpx:TrackPointExtension>
            <gpxtpx:hr>115</gpxtpx:hr>
          </gpxtpx:TrackPointExtension>
        </extensions>
      </trkpt>
      <trkpt lat="22.543289485994606" lon="114.07989036951983">
        <ele>17.225313670001924</ele>
        <time>2026-09-18T00:43:35.500000Z</time>
        <extensions>
          <gpxtpx:TrackPointExtension>
            <gpxtpx:hr>116</gpxtpx:hr>
          </gpxtpx:TrackPointExtension>
        </extensions>
      </trkpt>
      <trkpt lat="22.54329032053818" lon="114.07987707970621">
        <ele>17.23548765387386</ele>
        <time>2026-09-18T00:43:36.500000Z</time>
        <extensions>
          <gpxtpx:TrackPointExtension>
            <gpxtpx:hr>116</gpxtpx:hr>
          </gpxtpx:TrackPointExtension>
        </extensions>
      </trkpt>
      <trkpt lat="22.543290968140145" lon="114.079863133362">
        <ele>17.24456261470914</ele>
        <time>2026-09-18T00:43:37.500000Z</time>
        <extensions>
          <gpxtpx:TrackPointExtension>
            <gpxtpx:hr>116</gpxtpx:hr>
          </gpxtpx:TrackPointExtension>
        </extensions>
      </trkpt>
      <trkpt lat="22.543291060298717" lon="114.07984889686455">
        <ele>17.25256438460201</ele>
        <time>2026-09-18T00:43:38.500000Z</time>
        <extensions>
          <gpxtpx:TrackPointExtension>
            <gpxtpx:hr>116</gpxtpx:hr>
          </gpxtpx:TrackPointExtension>
        </extensions>
      </trkpt>
      <trkpt lat="22.543290720270807" lon="114.07983480936475">
        <ele>17.259764978662133</ele>
        <time>2026-09-18T00:43:39.500000Z</time>
        <extensions>
          <gpxtpx:TrackPointExtension>
            <gpxtpx:hr>117</gpxtpx:hr>
          </gpxtpx:TrackPointExtension>
        </extensions>
      </trkpt>
      <trkpt lat="22.543290115924947" lon="114.07982093936988">
        <ele>17.266462470404804</ele>
        <time>2026-09-18T00:43:40.500000Z</time>
        <extensions>
          <gpxtpx:TrackPointExtension>
            <gpxtpx:hr>117</gpxtpx:hr>
          </gpxtpx:TrackPointExtension>
        </extensions>
      </trkpt>
      <trkpt lat="22.54328963957669" lon="114.0798072688821">
        <ele>17.27294310554862</ele>
        <time>2026-09-18T00:43:41.500000Z</time>
        <extensions>
          <gpxtpx:TrackPointExtension>
            <gpxtpx:hr>117</gpxtpx:hr>
          </gpxtpx:TrackPointExtension>
        </extensions>
      </trkpt>
      <trkpt lat="22.54328967847714" lon="114.07979385676899">
        <ele>17.279443600215018</ele>
        <time>2026-09-18T00:43:42.500000Z</time>
        <extensions>
          <gpxtpx:TrackPointExtension>
            <gpxtpx:hr>117</gpxtpx:hr>
          </gpxtpx:TrackPointExtension>
        </extensions>
      </trkpt>
      <trkpt lat="22.543289940305737" lon="114.07978070571039">
        <ele>17.286145479418337</ele>
        <time>2026-09-18T00:43:43.500000Z</time>
        <extensions>
          <gpxtpx:TrackPointExtension>
            <gpxtpx:hr>117</gpxtpx:hr>
          </gpxtpx:TrackPointExtension>
        </extensions>
      </trkpt>
      <trkpt lat="22.5432897896905" lon="114.07976734403414">
        <ele>17.293141139671206</ele>
        <time>2026-09-18T00:43:44.500000Z</time>
        <extensions>
          <gpxtpx:TrackPointExtension>
            <gpxtpx:hr>117</gpxtpx:hr>
          </gpxtpx:TrackPointExtension>
        </extensions>
      </trkpt>
      <trkpt lat="22.54328907493052" lon="114.07975377769777">
        <ele>17.30053993500769</ele>
        <time>2026-09-18T00:43:45.500000Z</time>
        <extensions>
          <gpxtpx:TrackPointExtension>
            <gpxtpx:hr>117</gpxtpx:hr>
          </gpxtpx:TrackPointExtension>
        </extensions>
      </trkpt>
      <trkpt lat="22.543288142858994" lon="114.07974068468182">
        <ele>17.30855784844607</ele>
        <time>2026-09-18T00:43:46.500000Z</time>
        <extensions>
          <gpxtpx:TrackPointExtension>
            <gpxtpx:hr>117</gpxtpx:hr>
          </gpxtpx:TrackPointExtension>
        </extensions>
      </trkpt>
      <trkpt lat="22.543287242693573" lon="114.07972784502205">
        <ele>17.317416133359075</ele>
        <time>2026-09-18T00:43:47.500000Z</time>
        <extensions>
          <gpxtpx:TrackPointExtension>
            <gpxtpx:hr>117</gpxtpx:hr>
          </gpxtpx:TrackPointExtension>
        </extensions>
      </trkpt>
      <trkpt lat="22.54328652391162" lon="114.07971461955823">
        <ele>17.327239403501153</ele>
        <time>2026-09-18T00:43:48.500000Z</time>
        <extensions>
          <gpxtpx:TrackPointExtension>
            <gpxtpx:hr>117</gpxtpx:hr>
          </gpxtpx:TrackPointExtension>
        </extensions>
      </trkpt>
      <trkpt lat="22.54328580287507" lon="114.07970100073493">
        <ele>17.337968330830336</ele>
        <time>2026-09-18T00:43:49.500000Z</time>
        <extensions>
          <gpxtpx:TrackPointExtension>
            <gpxtpx:hr>117</gpxtpx:hr>
          </gpxtpx:TrackPointExtension>
        </extensions>
      </trkpt>
      <trkpt lat="22.54328452975182" lon="114.0796872044141">
        <ele>17.349378774873912</ele>
        <time>2026-09-18T00:43:50.500000Z</time>
        <extensions>
          <gpxtpx:TrackPointExtension>
            <gpxtpx:hr>117</gpxtpx:hr>
          </gpxtpx:TrackPointExtension>
        </extensions>
      </trkpt>
      <trkpt lat="22.5432831465666" lon="114.07967319173802">
        <ele>17.36112762708217</ele>
        <time>2026-09-18T00:43:51.500000Z</time>
        <extensions>
          <gpxtpx:TrackPointExtension>
            <gpxtpx:hr>117</gpxtpx:hr>
          </gpxtpx:TrackPointExtension>
        </extensions>
      </trkpt>
      <trkpt lat="22.543282295106074" lon="114.07965924825818">
        <ele>17.372964020818472</ele>
        <time>2026-09-18T00:43:52.500000Z</time>
        <extensions>
          <gpxtpx:TrackPointExtension>
            <gpxtpx:hr>117</gpxtpx:hr>
          </gpxtpx:TrackPointExtension>
        </extensions>
      </trkpt>
      <trkpt lat="22.543281727055568" lon="114.0796461038403">
        <ele>17.384740353561938</ele>
        <time>2026-09-18T00:43:53.500000Z</time>
        <extensions>
          <gpxtpx:TrackPointExtension>
            <gpxtpx:hr>117</gpxtpx:hr>
          </gpxtpx:TrackPointExtension>
        </extensions>
      </trkpt>
      <trkpt lat="22.54328129219957" lon="114.07963439127785">
        <ele>17.39633752591908</ele>
        <time>2026-09-18T00:43:54.500000Z</time>
        <extensions>
          <gpxtpx:TrackPointExtension>
            <gpxtpx:hr>117</gpxtpx:hr>
          </gpxtpx:TrackPointExtension>
        </extensions>
      </trkpt>
      <trkpt lat="22.54328094546264" lon="114.07962311800995">
        <ele>17.40764186438173</ele>
        <time>2026-09-18T00:43:55.500000Z</time>
        <extensions>
          <gpxtpx:TrackPointExtension>
            <gpxtpx:hr>114</gpxtpx:hr>
          </gpxtpx:TrackPointExtension>
        </extensions>
      </trkpt>
      <trkpt lat="22.54328087766699" lon="114.07961108214629">
        <ele>17.4186346642673</ele>
        <time>2026-09-18T00:43:56.500000Z</time>
        <extensions>
          <gpxtpx:TrackPointExtension>
            <gpxtpx:hr>114</gpxtpx:hr>
          </gpxtpx:TrackPointExtension>
        </extensions>
      </trkpt>
      <trkpt lat="22.543281330212665" lon="114.07959840338496">
        <ele>17.429384036920965</ele>
        <time>2026-09-18T00:43:57.500000Z</time>
        <extensions>
          <gpxtpx:TrackPointExtension>
            <gpxtpx:hr>114</gpxtpx:hr>
          </gpxtpx:TrackPointExtension>
        </extensions>
      </trkpt>
      <trkpt lat="22.543282611717324" lon="114.07958551703683">
        <ele>17.439992201514542</ele>
        <time>2026-09-18T00:43:58.500000Z</time>
        <extensions>
          <gpxtpx:TrackPointExtension>
            <gpxtpx:hr>114</gpxtpx:hr>
          </gpxtpx:TrackPointExtension>
        </extensions>
      </trkpt>
      <trkpt lat="22.543284050654552" lon="114.07957310431775">
        <ele>17.450511137023568</ele>
        <time>2026-09-18T00:43:59.500000Z</time>
        <extensions>
          <gpxtpx:TrackPointExtension>
            <gpxtpx:hr>114</gpxtpx:hr>
          </gpxtpx:TrackPointExtension>
        </extensions>
      </trkpt>
      <trkpt lat="22.543285229859592" lon="114.07956112534696">
        <ele>17.460862040519714</ele>
        <time>2026-09-18T00:44:00.500000Z</time>
        <extensions>
          <gpxtpx:TrackPointExtension>
            <gpxtpx:hr>115</gpxtpx:hr>
          </gpxtpx:TrackPointExtension>
        </extensions>
      </trkpt>
      <trkpt lat="22.543286261924198" lon="114.07954931508658">
        <ele>17.470855597406626</ele>
        <time>2026-09-18T00:44:01.500000Z</time>
        <extensions>
          <gpxtpx:TrackPointExtension>
            <gpxtpx:hr>115</gpxtpx:hr>
          </gpxtpx:TrackPointExtension>
        </extensions>
      </trkpt>
      <trkpt lat="22.54328666964339" lon="114.07953776740854">
        <ele>17.48019194509834</ele>
        <time>2026-09-18T00:44:02.500000Z</time>
        <extensions>
          <gpxtpx:TrackPointExtension>
            <gpxtpx:hr>115</gpxtpx:hr>
          </gpxtpx:TrackPointExtension>
        </extensions>
      </trkpt>
      <trkpt lat="22.54328636777977" lon="114.07952692791689">
        <ele>17.488533915951848</ele>
        <time>2026-09-18T00:44:03.500000Z</time>
        <extensions>
          <gpxtpx:TrackPointExtension>
            <gpxtpx:hr>115</gpxtpx:hr>
          </gpxtpx:TrackPointExtension>
        </extensions>
      </trkpt>
      <trkpt lat="22.543285795425042" lon="114.07951608957522">
        <ele>17.49561818409711</ele>
        <time>2026-09-18T00:44:04.500000Z</time>
        <extensions>
          <gpxtpx:TrackPointExtension>
            <gpxtpx:hr>116</gpxtpx:hr>
          </gpxtpx:TrackPointExtension>
        </extensions>
      </trkpt>
      <trkpt lat="22.54328524143044" lon="114.07950421409289">
        <ele>17.501491175033152</ele>
        <time>2026-09-18T00:44:05.500000Z</time>
        <extensions>
          <gpxtpx:TrackPointExtension>
            <gpxtpx:hr>116</gpxtpx:hr>
          </gpxtpx:TrackPointExtension>
        </extensions>
      </trkpt>
      <trkpt lat="22.543285216946835" lon="114.0794910246711">
        <ele>17.50618383847177</ele>
        <time>2026-09-18T00:44:06.500000Z</time>
        <extensions>
          <gpxtpx:TrackPointExtension>
            <gpxtpx:hr>116</gpxtpx:hr>
          </gpxtpx:TrackPointExtension>
        </extensions>
      </trkpt>
      <trkpt lat="22.543286068945438" lon="114.07947735460878">
        <ele>17.50995113980025</ele>
        <time>2026-09-18T00:44:07.500000Z</time>
        <extensions>
          <gpxtpx:TrackPointExtension>
            <gpxtpx:hr>116</gpxtpx:hr>
          </gpxtpx:TrackPointExtension>
        </extensions>
      </trkpt>
      <trkpt lat="22.54328792511979" lon="114.07946366215381">
        <ele>17.513224703259766</ele>
        <time>2026-09-18T00:44:08.500000Z</time>
        <extensions>
          <gpxtpx:TrackPointExtension>
            <gpxtpx:hr>116</gpxtpx:hr>
          </gpxtpx:TrackPointExtension>
        </extensions>
      </trkpt>
      <trkpt lat="22.543290936017975" lon="114.07945001479789">
        <ele>17.51656926702708</ele>
        <time>2026-09-18T00:44:09.500000Z</time>
        <extensions>
          <gpxtpx:TrackPointExtension>
            <gpxtpx:hr>116</gpxtpx:hr>
          </gpxtpx:TrackPointExtension>
        </extensions>
      </trkpt>
      <trkpt lat="22.543295094199728" lon="114.07943619780576">
        <ele>17.520598767325282</ele>
        <time>2026-09-18T00:44:10.500000Z</time>
        <extensions>
          <gpxtpx:TrackPointExtension>
            <gpxtpx:hr>116</gpxtpx:hr>
          </gpxtpx:TrackPointExtension>
        </extensions>
      </trkpt>
      <trkpt lat="22.543300120315017" lon="114.07942255348443">
        <ele>17.526135235093534</ele>
        <time>2026-09-18T00:44:11.500000Z</time>
        <extensions>
          <gpxtpx:TrackPointExtension>
            <gpxtpx:hr>116</gpxtpx:hr>
          </gpxtpx:TrackPointExtension>
        </extensions>
      </trkpt>
      <trkpt lat="22.54330602945777" lon="114.0794099547976">
        <ele>17.53391681611538</ele>
        <time>2026-09-18T00:44:12.500000Z</time>
        <extensions>
          <gpxtpx:TrackPointExtension>
            <gpxtpx:hr>116</gpxtpx:hr>
          </gpxtpx:TrackPointExtension>
        </extensions>
      </trkpt>
      <trkpt lat="22.543312570667332" lon="114.07939887186879">
        <ele>17.544437186792493</ele>
        <time>2026-09-18T00:44:13.500000Z</time>
        <extensions>
          <gpxtpx:TrackPointExtension>
            <gpxtpx:hr>116</gpxtpx:hr>
          </gpxtpx:TrackPointExtension>
        </extensions>
      </trkpt>
      <trkpt lat="22.54331870048839" lon="114.07938916641046">
        <ele>17.558249140158296</ele>
        <time>2026-09-18T00:44:14.500000Z</time>
        <extensions>
          <gpxtpx:TrackPointExtension>
            <gpxtpx:hr>116</gpxtpx:hr>
          </gpxtpx:TrackPointExtension>
        </extensions>
      </trkpt>
      <trkpt lat="22.543324634094006" lon="114.07937990115953">
        <ele>17.5750574124977</ele>
        <time>2026-09-18T00:44:15.500000Z</time>
        <extensions>
          <gpxtpx:TrackPointExtension>
            <gpxtpx:hr>116</gpxtpx:hr>
          </gpxtpx:TrackPointExtension>
        </extensions>
      </trkpt>
      <trkpt lat="22.543331068522807" lon="114.07937091351074">
        <ele>17.59408336598426</ele>
        <time>2026-09-18T00:44:16.500000Z</time>
        <extensions>
          <gpxtpx:TrackPointExtension>
            <gpxtpx:hr>116</gpxtpx:hr>
          </gpxtpx:TrackPointExtension>
        </extensions>
      </trkpt>
      <trkpt lat="22.543338145532523" lon="114.07936249859229">
        <ele>17.614129163324833</ele>
        <time>2026-09-18T00:44:17.500000Z</time>
        <extensions>
          <gpxtpx:TrackPointExtension>
            <gpxtpx:hr>116</gpxtpx:hr>
          </gpxtpx:TrackPointExtension>
        </extensions>
      </trkpt>
      <trkpt lat="22.543345672311148" lon="114.07935476123312">
        <ele>17.633794565685093</ele>
        <time>2026-09-18T00:44:18.500000Z</time>
        <extensions>
          <gpxtpx:TrackPointExtension>
            <gpxtpx:hr>116</gpxtpx:hr>
          </gpxtpx:TrackPointExtension>
        </extensions>
      </trkpt>
      <trkpt lat="22.54335329889648" lon="114.07934815259658">
        <ele>17.651403344236314</ele>
        <time>2026-09-18T00:44:19.500000Z</time>
        <extensions>
          <gpxtpx:TrackPointExtension>
            <gpxtpx:hr>116</gpxtpx:hr>
          </gpxtpx:TrackPointExtension>
        </extensions>
      </trkpt>
      <trkpt lat="22.54336092932358" lon="114.07934350177828">
        <ele>17.66557942610234</ele>
        <time>2026-09-18T00:44:20.500000Z</time>
        <extensions>
          <gpxtpx:TrackPointExtension>
            <gpxtpx:hr>116</gpxtpx:hr>
          </gpxtpx:TrackPointExtension>
        </extensions>
      </trkpt>
      <trkpt lat="22.543368345788828" lon="114.07933991692664">
        <ele>17.675380769185722</ele>
        <time>2026-09-18T00:44:21.500000Z</time>
        <extensions>
          <gpxtpx:TrackPointExtension>
            <gpxtpx:hr>116</gpxtpx:hr>
          </gpxtpx:TrackPointExtension>
        </extensions>
      </trkpt>
      <trkpt lat="22.543375824870687" lon="114.07933595878202">
        <ele>17.6804315187037</ele>
        <time>2026-09-18T00:44:22.500000Z</time>
        <extensions>
          <gpxtpx:TrackPointExtension>
            <gpxtpx:hr>116</gpxtpx:hr>
          </gpxtpx:TrackPointExtension>
        </extensions>
      </trkpt>
      <trkpt lat="22.543382644418386" lon="114.07933212799091">
        <ele>17.680470312014222</ele>
        <time>2026-09-18T00:44:23.500000Z</time>
        <extensions>
          <gpxtpx:TrackPointExtension>
            <gpxtpx:hr>116</gpxtpx:hr>
          </gpxtpx:TrackPointExtension>
        </extensions>
      </trkpt>
      <trkpt lat="22.54338835451385" lon="114.07932908973068">
        <ele>17.675844389013946</ele>
        <time>2026-09-18T00:44:24.500000Z</time>
        <extensions>
          <gpxtpx:TrackPointExtension>
            <gpxtpx:hr>117</gpxtpx:hr>
          </gpxtpx:TrackPointExtension>
        </extensions>
      </trkpt>
      <trkpt lat="22.543394265624713" lon="114.07932626461582">
        <ele>17.66741164494306</ele>
        <time>2026-09-18T00:44:25.500000Z</time>
        <extensions>
          <gpxtpx:TrackPointExtension>
            <gpxtpx:hr>117</gpxtpx:hr>
          </gpxtpx:TrackPointExtension>
        </extensions>
      </trkpt>
      <trkpt lat="22.543401286071273" lon="114.07932295606705">
        <ele>17.656179289333522</ele>
        <time>2026-09-18T00:44:26.500000Z</time>
        <extensions>
          <gpxtpx:TrackPointExtension>
            <gpxtpx:hr>117</gpxtpx:hr>
          </gpxtpx:TrackPointExtension>
        </extensions>
      </trkpt>
      <trkpt lat="22.54340978430195" lon="114.07931932439897">
        <ele>17.642815815284848</ele>
        <time>2026-09-18T00:44:27.500000Z</time>
        <extensions>
          <gpxtpx:TrackPointExtension>
            <gpxtpx:hr>117</gpxtpx:hr>
          </gpxtpx:TrackPointExtension>
        </extensions>
      </trkpt>
      <trkpt lat="22.543418455734397" lon="114.0793146960731">
        <ele>17.627851427532732</ele>
        <time>2026-09-18T00:44:28.500000Z</time>
        <extensions>
          <gpxtpx:TrackPointExtension>
            <gpxtpx:hr>117</gpxtpx:hr>
          </gpxtpx:TrackPointExtension>
        </extensions>
      </trkpt>
      <trkpt lat="22.543426088247458" lon="114.0793082016639">
        <ele>17.61105070821941</ele>
        <time>2026-09-18T00:44:29.500000Z</time>
        <extensions>
          <gpxtpx:TrackPointExtension>
            <gpxtpx:hr>119</gpxtpx:hr>
          </gpxtpx:TrackPointExtension>
        </extensions>
      </trkpt>
      <trkpt lat="22.543431806202168" lon="114.07930091557124">
        <ele>17.592087731696665</ele>
        <time>2026-09-18T00:44:30.500000Z</time>
        <extensions>
          <gpxtpx:TrackPointExtension>
            <gpxtpx:hr>119</gpxtpx:hr>
          </gpxtpx:TrackPointExtension>
        </extensions>
      </trkpt>
      <trkpt lat="22.543435240036363" lon="114.07929326525156">
        <ele>17.570968343876302</ele>
        <time>2026-09-18T00:44:31.500000Z</time>
        <extensions>
          <gpxtpx:TrackPointExtension>
            <gpxtpx:hr>119</gpxtpx:hr>
          </gpxtpx:TrackPointExtension>
        </extensions>
      </trkpt>
      <trkpt lat="22.543438329351822" lon="114.07928379806282">
        <ele>17.547977975569665</ele>
        <time>2026-09-18T00:44:32.500000Z</time>
        <extensions>
          <gpxtpx:TrackPointExtension>
            <gpxtpx:hr>119</gpxtpx:hr>
          </gpxtpx:TrackPointExtension>
        </extensions>
      </trkpt>
      <trkpt lat="22.543441970227114" lon="114.07927214245284">
        <ele>17.524332091212273</ele>
        <time>2026-09-18T00:44:33.500000Z</time>
        <extensions>
          <gpxtpx:TrackPointExtension>
            <gpxtpx:hr>119</gpxtpx:hr>
          </gpxtpx:TrackPointExtension>
        </extensions>
      </trkpt>
      <trkpt lat="22.54344620387015" lon="114.07925819211354">
        <ele>17.50177389383316</ele>
        <time>2026-09-18T00:44:34.500000Z</time>
        <extensions>
          <gpxtpx:TrackPointExtension>
            <gpxtpx:hr>119</gpxtpx:hr>
          </gpxtpx:TrackPointExtension>
        </extensions>
      </trkpt>
      <trkpt lat="22.543450414230556" lon="114.07924309774276">
        <ele>17.482416338287294</ele>
        <time>2026-09-18T00:44:35.500000Z</time>
        <extensions>
          <gpxtpx:TrackPointExtension>
            <gpxtpx:hr>119</gpxtpx:hr>
          </gpxtpx:TrackPointExtension>
        </extensions>
      </trkpt>
      <trkpt lat="22.543454002517663" lon="114.07922855217404">
        <ele>17.4685888402164</ele>
        <time>2026-09-18T00:44:36.500000Z</time>
        <extensions>
          <gpxtpx:TrackPointExtension>
            <gpxtpx:hr>119</gpxtpx:hr>
          </gpxtpx:TrackPointExtension>
        </extensions>
      </trkpt>
      <trkpt lat="22.543456863864215" lon="114.07921551934145">
        <ele>17.462126718834043</ele>
        <time>2026-09-18T00:44:37.500000Z</time>
        <extensions>
          <gpxtpx:TrackPointExtension>
            <gpxtpx:hr>119</gpxtpx:hr>
          </gpxtpx:TrackPointExtension>
        </extensions>
      </trkpt>
      <trkpt lat="22.54345915335182" lon="114.07920467961824">
        <ele>17.4649894554168</ele>
        <time>2026-09-18T00:44:38.500000Z</time>
        <extensions>
          <gpxtpx:TrackPointExtension>
            <gpxtpx:hr>119</gpxtpx:hr>
          </gpxtpx:TrackPointExtension>
        </extensions>
      </trkpt>
      <trkpt lat="22.54346077050641" lon="114.07919536923393">
        <ele>17.47867316287011</ele>
        <time>2026-09-18T00:44:39.500000Z</time>
        <extensions>
          <gpxtpx:TrackPointExtension>
            <gpxtpx:hr>119</gpxtpx:hr>
          </gpxtpx:TrackPointExtension>
        </extensions>
      </trkpt>
      <trkpt lat="22.543461321847182" lon="114.07918542449217">
        <ele>17.50395735166967</ele>
        <time>2026-09-18T00:44:40.500000Z</time>
        <extensions>
          <gpxtpx:TrackPointExtension>
            <gpxtpx:hr>117</gpxtpx:hr>
          </gpxtpx:TrackPointExtension>
        </extensions>
      </trkpt>
      <trkpt lat="22.54346116695604" lon="114.07917405203399">
        <ele>17.540727265179157</ele>
        <time>2026-09-18T00:44:41.500000Z</time>
        <extensions>
          <gpxtpx:TrackPointExtension>
            <gpxtpx:hr>117</gpxtpx:hr>
          </gpxtpx:TrackPointExtension>
        </extensions>
      </trkpt>
      <trkpt lat="22.543460830067158" lon="114.0791620768966">
        <ele>17.588728630915284</ele>
        <time>2026-09-18T00:44:42.500000Z</time>
        <extensions>
          <gpxtpx:TrackPointExtension>
            <gpxtpx:hr>117</gpxtpx:hr>
          </gpxtpx:TrackPointExtension>
        </extensions>
      </trkpt>
      <trkpt lat="22.543460828326655" lon="114.07915112853935">
        <ele>17.647086007520556</ele>
        <time>2026-09-18T00:44:43.500000Z</time>
        <extensions>
          <gpxtpx:TrackPointExtension>
            <gpxtpx:hr>117</gpxtpx:hr>
          </gpxtpx:TrackPointExtension>
        </extensions>
      </trkpt>
      <trkpt lat="22.543461584086714" lon="114.0791420033742">
        <ele>17.714663403108716</ele>
        <time>2026-09-18T00:44:44.500000Z</time>
        <extensions>
          <gpxtpx:TrackPointExtension>
            <gpxtpx:hr>117</gpxtpx:hr>
          </gpxtpx:TrackPointExtension>
        </extensions>
      </trkpt>
      <trkpt lat="22.543462448407897" lon="114.07913328616716">
        <ele>17.790317559614778</ele>
        <time>2026-09-18T00:44:45.500000Z</time>
        <extensions>
          <gpxtpx:TrackPointExtension>
            <gpxtpx:hr>117</gpxtpx:hr>
          </gpxtpx:TrackPointExtension>
        </extensions>
      </trkpt>
      <trkpt lat="22.54346323249117" lon="114.07912391036277">
        <ele>17.872446654364467</ele>
        <time>2026-09-18T00:44:46.500000Z</time>
        <extensions>
          <gpxtpx:TrackPointExtension>
            <gpxtpx:hr>118</gpxtpx:hr>
          </gpxtpx:TrackPointExtension>
        </extensions>
      </trkpt>
      <trkpt lat="22.543464344958288" lon="114.07911374144585">
        <ele>17.959018814377487</ele>
        <time>2026-09-18T00:44:47.500000Z</time>
        <extensions>
          <gpxtpx:TrackPointExtension>
            <gpxtpx:hr>118</gpxtpx:hr>
          </gpxtpx:TrackPointExtension>
        </extensions>
      </trkpt>
      <trkpt lat="22.54346620440616" lon="114.07910275497687">
        <ele>18.047489049844444</ele>
        <time>2026-09-18T00:44:48.500000Z</time>
        <extensions>
          <gpxtpx:TrackPointExtension>
            <gpxtpx:hr>118</gpxtpx:hr>
          </gpxtpx:TrackPointExtension>
        </extensions>
      </trkpt>
      <trkpt lat="22.54346870818496" lon="114.07909134321032">
        <ele>18.135042645037174</ele>
        <time>2026-09-18T00:44:49.500000Z</time>
        <extensions>
          <gpxtpx:TrackPointExtension>
            <gpxtpx:hr>118</gpxtpx:hr>
          </gpxtpx:TrackPointExtension>
        </extensions>
      </trkpt>
      <trkpt lat="22.543471407687477" lon="114.07907954719333">
        <ele>18.21898095216602</ele>
        <time>2026-09-18T00:44:50.500000Z</time>
        <extensions>
          <gpxtpx:TrackPointExtension>
            <gpxtpx:hr>119</gpxtpx:hr>
          </gpxtpx:TrackPointExtension>
        </extensions>
      </trkpt>
      <trkpt lat="22.543473635203696" lon="114.07906647012886">
        <ele>18.297183281742036</ele>
        <time>2026-09-18T00:44:51.500000Z</time>
        <extensions>
          <gpxtpx:TrackPointExtension>
            <gpxtpx:hr>119</gpxtpx:hr>
          </gpxtpx:TrackPointExtension>
        </extensions>
      </trkpt>
      <trkpt lat="22.54347530581237" lon="114.07905245328374">
        <ele>18.368419994600117</ele>
        <time>2026-09-18T00:44:52.500000Z</time>
        <extensions>
          <gpxtpx:TrackPointExtension>
            <gpxtpx:hr>119</gpxtpx:hr>
          </gpxtpx:TrackPointExtension>
        </extensions>
      </trkpt>
      <trkpt lat="22.54347758090323" lon="114.07903895128356">
        <ele>18.43225523084402</ele>
        <time>2026-09-18T00:44:53.500000Z</time>
        <extensions>
          <gpxtpx:TrackPointExtension>
            <gpxtpx:hr>119</gpxtpx:hr>
          </gpxtpx:TrackPointExtension>
        </extensions>
      </trkpt>
      <trkpt lat="22.54348046938457" lon="114.07902628192777">
        <ele>18.488720009103417</ele>
        <time>2026-09-18T00:44:54.500000Z</time>
        <extensions>
          <gpxtpx:TrackPointExtension>
            <gpxtpx:hr>120</gpxtpx:hr>
          </gpxtpx:TrackPointExtension>
        </extensions>
      </trkpt>
      <trkpt lat="22.54348281017653" lon="114.07901414665139">
        <ele>18.538426247425377</ele>
        <time>2026-09-18T00:44:55.500000Z</time>
        <extensions>
          <gpxtpx:TrackPointExtension>
            <gpxtpx:hr>120</gpxtpx:hr>
          </gpxtpx:TrackPointExtension>
        </extensions>
      </trkpt>
      <trkpt lat="22.543484313970822" lon="114.07900178289987">
        <ele>18.582199595868587</ele>
        <time>2026-09-18T00:44:56.500000Z</time>
        <extensions>
          <gpxtpx:TrackPointExtension>
            <gpxtpx:hr>120</gpxtpx:hr>
          </gpxtpx:TrackPointExtension>
        </extensions>
      </trkpt>
      <trkpt lat="22.543485625684124" lon="114.07898882428184">
        <ele>18.620830776169896</ele>
        <time>2026-09-18T00:44:57.500000Z</time>
        <extensions>
          <gpxtpx:TrackPointExtension>
            <gpxtpx:hr>120</gpxtpx:hr>
          </gpxtpx:TrackPointExtension>
        </extensions>
      </trkpt>
      <trkpt lat="22.543486961501277" lon="114.07897570422335">
        <ele>18.654877663590014</ele>
        <time>2026-09-18T00:44:58.500000Z</time>
        <extensions>
          <gpxtpx:TrackPointExtension>
            <gpxtpx:hr>120</gpxtpx:hr>
          </gpxtpx:TrackPointExtension>
        </extensions>
      </trkpt>
      <trkpt lat="22.54348837689535" lon="114.07896261503967">
        <ele>18.684699528850615</ele>
        <time>2026-09-18T00:44:59.500000Z</time>
        <extensions>
          <gpxtpx:TrackPointExtension>
            <gpxtpx:hr>121</gpxtpx:hr>
          </gpxtpx:TrackPointExtension>
        </extensions>
      </trkpt>
      <trkpt lat="22.543489787705482" lon="114.07894979221253">
        <ele>18.710323591716588</ele>
        <time>2026-09-18T00:45:00.500000Z</time>
        <extensions>
          <gpxtpx:TrackPointExtension>
            <gpxtpx:hr>121</gpxtpx:hr>
          </gpxtpx:TrackPointExtension>
        </extensions>
      </trkpt>
      <trkpt lat="22.543491278865094" lon="114.07893747764933">
        <ele>18.731579423882067</ele>
        <time>2026-09-18T00:45:01.500000Z</time>
        <extensions>
          <gpxtpx:TrackPointExtension>
            <gpxtpx:hr>121</gpxtpx:hr>
          </gpxtpx:TrackPointExtension>
        </extensions>
      </trkpt>
      <trkpt lat="22.54349314207986" lon="114.07892560557357">
        <ele>18.748357800766826</ele>
        <time>2026-09-18T00:45:02.500000Z</time>
        <extensions>
          <gpxtpx:TrackPointExtension>
            <gpxtpx:hr>121</gpxtpx:hr>
          </gpxtpx:TrackPointExtension>
        </extensions>
      </trkpt>
      <trkpt lat="22.543495620030907" lon="114.07891373508926">
        <ele>18.760908885858953</ele>
        <time>2026-09-18T00:45:03.500000Z</time>
        <extensions>
          <gpxtpx:TrackPointExtension>
            <gpxtpx:hr>121</gpxtpx:hr>
          </gpxtpx:TrackPointExtension>
        </extensions>
      </trkpt>
      <trkpt lat="22.543498210446447" lon="114.07890162336523">
        <ele>18.769793898798525</ele>
        <time>2026-09-18T00:45:04.500000Z</time>
        <extensions>
          <gpxtpx:TrackPointExtension>
            <gpxtpx:hr>120</gpxtpx:hr>
          </gpxtpx:TrackPointExtension>
        </extensions>
      </trkpt>
      <trkpt lat="22.543500499880807" lon="114.07888972101836">
        <ele>18.775867742486298</ele>
        <time>2026-09-18T00:45:05.500000Z</time>
        <extensions>
          <gpxtpx:TrackPointExtension>
            <gpxtpx:hr>120</gpxtpx:hr>
          </gpxtpx:TrackPointExtension>
        </extensions>
      </trkpt>
      <trkpt lat="22.54350249792349" lon="114.07887809550002">
        <ele>18.780062125064433</ele>
        <time>2026-09-18T00:45:06.500000Z</time>
        <extensions>
          <gpxtpx:TrackPointExtension>
            <gpxtpx:hr>120</gpxtpx:hr>
          </gpxtpx:TrackPointExtension>
        </extensions>
      </trkpt>
      <trkpt lat="22.543503990501772" lon="114.07886637712217">
        <ele>18.783202970400453</ele>
        <time>2026-09-18T00:45:07.500000Z</time>
        <extensions>
          <gpxtpx:TrackPointExtension>
            <gpxtpx:hr>120</gpxtpx:hr>
          </gpxtpx:TrackPointExtension>
        </extensions>
      </trkpt>
      <trkpt lat="22.54350497863517" lon="114.07885455403711">
        <ele>18.785818642936647</ele>
        <time>2026-09-18T00:45:08.500000Z</time>
        <extensions>
          <gpxtpx:TrackPointExtension>
            <gpxtpx:hr>120</gpxtpx:hr>
          </gpxtpx:TrackPointExtension>
        </extensions>
      </trkpt>
      <trkpt lat="22.543505719300597" lon="114.0788427684551">
        <ele>18.78823465295136</ele>
        <time>2026-09-18T00:45:09.500000Z</time>
        <extensions>
          <gpxtpx:TrackPointExtension>
            <gpxtpx:hr>117</gpxtpx:hr>
          </gpxtpx:TrackPointExtension>
        </extensions>
      </trkpt>
      <trkpt lat="22.543506508535426" lon="114.0788310207616">
        <ele>18.79053871612996</ele>
        <time>2026-09-18T00:45:10.500000Z</time>
        <extensions>
          <gpxtpx:TrackPointExtension>
            <gpxtpx:hr>117</gpxtpx:hr>
          </gpxtpx:TrackPointExtension>
        </extensions>
      </trkpt>
      <trkpt lat="22.543507695939827" lon="114.0788192888323">
        <ele>18.792652528733015</ele>
        <time>2026-09-18T00:45:11.500000Z</time>
        <extensions>
          <gpxtpx:TrackPointExtension>
            <gpxtpx:hr>117</gpxtpx:hr>
          </gpxtpx:TrackPointExtension>
        </extensions>
      </trkpt>
      <trkpt lat="22.543509286190375" lon="114.07880761551553">
        <ele>18.79441539850086</ele>
        <time>2026-09-18T00:45:12.500000Z</time>
        <extensions>
          <gpxtpx:TrackPointExtension>
            <gpxtpx:hr>117</gpxtpx:hr>
          </gpxtpx:TrackPointExtension>
        </extensions>
      </trkpt>
      <trkpt lat="22.54351131282553" lon="114.07879574621926">
        <ele>18.795682506635785</ele>
        <time>2026-09-18T00:45:13.500000Z</time>
        <extensions>
          <gpxtpx:TrackPointExtension>
            <gpxtpx:hr>117</gpxtpx:hr>
          </gpxtpx:TrackPointExtension>
        </extensions>
      </trkpt>
      <trkpt lat="22.54351399598708" lon="114.07878389058827">
        <ele>18.79647303186357</ele>
        <time>2026-09-18T00:45:14.500000Z</time>
        <extensions>
          <gpxtpx:TrackPointExtension>
            <gpxtpx:hr>117</gpxtpx:hr>
          </gpxtpx:TrackPointExtension>
        </extensions>
      </trkpt>
      <trkpt lat="22.543517343128276" lon="114.07877266871088">
        <ele>18.796884076669812</ele>
        <time>2026-09-18T00:45:15.500000Z</time>
        <extensions>
          <gpxtpx:TrackPointExtension>
            <gpxtpx:hr>117</gpxtpx:hr>
          </gpxtpx:TrackPointExtension>
        </extensions>
      </trkpt>
      <trkpt lat="22.543521007433657" lon="114.0787622327385">
        <ele>18.797079716809094</ele>
        <time>2026-09-18T00:45:16.500000Z</time>
        <extensions>
          <gpxtpx:TrackPointExtension>
            <gpxtpx:hr>117</gpxtpx:hr>
          </gpxtpx:TrackPointExtension>
        </extensions>
      </trkpt>
      <trkpt lat="22.54352442729612" lon="114.07875200402562">
        <ele>18.79736812505871</ele>
        <time>2026-09-18T00:45:17.500000Z</time>
        <extensions>
          <gpxtpx:TrackPointExtension>
            <gpxtpx:hr>117</gpxtpx:hr>
          </gpxtpx:TrackPointExtension>
        </extensions>
      </trkpt>
      <trkpt lat="22.54352723539631" lon="114.07874108832904">
        <ele>18.798041741363704</ele>
        <time>2026-09-18T00:45:18.500000Z</time>
        <extensions>
          <gpxtpx:TrackPointExtension>
            <gpxtpx:hr>117</gpxtpx:hr>
          </gpxtpx:TrackPointExtension>
        </extensions>
      </trkpt>
      <trkpt lat="22.54352884272828" lon="114.07872919686491">
        <ele>18.79930003453046</ele>
        <time>2026-09-18T00:45:19.500000Z</time>
        <extensions>
          <gpxtpx:TrackPointExtension>
            <gpxtpx:hr>117</gpxtpx:hr>
          </gpxtpx:TrackPointExtension>
        </extensions>
      </trkpt>
      <trkpt lat="22.543529203604034" lon="114.07871700170253">
        <ele>18.801321666687727</ele>
        <time>2026-09-18T00:45:20.500000Z</time>
        <extensions>
          <gpxtpx:TrackPointExtension>
            <gpxtpx:hr>115</gpxtpx:hr>
          </gpxtpx:TrackPointExtension>
        </extensions>
      </trkpt>
      <trkpt lat="22.54352899175357" lon="114.07870476457667">
        <ele>18.804343723692</ele>
        <time>2026-09-18T00:45:21.500000Z</time>
        <extensions>
          <gpxtpx:TrackPointExtension>
            <gpxtpx:hr>115</gpxtpx:hr>
          </gpxtpx:TrackPointExtension>
        </extensions>
      </trkpt>
      <trkpt lat="22.543528654705913" lon="114.0786921652295">
        <ele>18.808524486608803</ele>
        <time>2026-09-18T00:45:22.500000Z</time>
        <extensions>
          <gpxtpx:TrackPointExtension>
            <gpxtpx:hr>115</gpxtpx:hr>
          </gpxtpx:TrackPointExtension>
        </extensions>
      </trkpt>
      <trkpt lat="22.54352834958281" lon="114.07867964697733">
        <ele>18.814006249420345</ele>
        <time>2026-09-18T00:45:23.500000Z</time>
        <extensions>
          <gpxtpx:TrackPointExtension>
            <gpxtpx:hr>115</gpxtpx:hr>
          </gpxtpx:TrackPointExtension>
        </extensions>
      </trkpt>
      <trkpt lat="22.543528080807487" lon="114.07866774579246">
        <ele>18.82084846869111</ele>
        <time>2026-09-18T00:45:24.500000Z</time>
        <extensions>
          <gpxtpx:TrackPointExtension>
            <gpxtpx:hr>115</gpxtpx:hr>
          </gpxtpx:TrackPointExtension>
        </extensions>
      </trkpt>
      <trkpt lat="22.543527673345622" lon="114.07865627084556">
        <ele>18.82897592242807</ele>
        <time>2026-09-18T00:45:25.500000Z</time>
        <extensions>
          <gpxtpx:TrackPointExtension>
            <gpxtpx:hr>115</gpxtpx:hr>
          </gpxtpx:TrackPointExtension>
        </extensions>
      </trkpt>
      <trkpt lat="22.54352706574065" lon="114.07864494112563">
        <ele>18.838136399164796</ele>
        <time>2026-09-18T00:45:26.500000Z</time>
        <extensions>
          <gpxtpx:TrackPointExtension>
            <gpxtpx:hr>115</gpxtpx:hr>
          </gpxtpx:TrackPointExtension>
        </extensions>
      </trkpt>
      <trkpt lat="22.543526175538844" lon="114.07863390050629">
        <ele>18.84791572764516</ele>
        <time>2026-09-18T00:45:27.500000Z</time>
        <extensions>
          <gpxtpx:TrackPointExtension>
            <gpxtpx:hr>115</gpxtpx:hr>
          </gpxtpx:TrackPointExtension>
        </extensions>
      </trkpt>
      <trkpt lat="22.54352519312111" lon="114.07862341096606">
        <ele>18.857877259142697</ele>
        <time>2026-09-18T00:45:28.500000Z</time>
        <extensions>
          <gpxtpx:TrackPointExtension>
            <gpxtpx:hr>114</gpxtpx:hr>
          </gpxtpx:TrackPointExtension>
        </extensions>
      </trkpt>
      <trkpt lat="22.543524485160873" lon="114.07861326170175">
        <ele>18.86756860744208</ele>
        <time>2026-09-18T00:45:29.500000Z</time>
        <extensions>
          <gpxtpx:TrackPointExtension>
            <gpxtpx:hr>114</gpxtpx:hr>
          </gpxtpx:TrackPointExtension>
        </extensions>
      </trkpt>
      <trkpt lat="22.54352419981902" lon="114.07860277312311">
        <ele>18.8765355553478</ele>
        <time>2026-09-18T00:45:30.500000Z</time>
        <extensions>
          <gpxtpx:TrackPointExtension>
            <gpxtpx:hr>114</gpxtpx:hr>
          </gpxtpx:TrackPointExtension>
        </extensions>
      </trkpt>
      <trkpt lat="22.543524137032662" lon="114.07859186998157">
        <ele>18.884455271996558</ele>
        <time>2026-09-18T00:45:31.500000Z</time>
        <extensions>
          <gpxtpx:TrackPointExtension>
            <gpxtpx:hr>114</gpxtpx:hr>
          </gpxtpx:TrackPointExtension>
        </extensions>
      </trkpt>
      <trkpt lat="22.54352395291216" lon="114.07858071684642">
        <ele>18.891160869970918</ele>
        <time>2026-09-18T00:45:32.500000Z</time>
        <extensions>
          <gpxtpx:TrackPointExtension>
            <gpxtpx:hr>114</gpxtpx:hr>
          </gpxtpx:TrackPointExtension>
        </extensions>
      </trkpt>
      <trkpt lat="22.543523312948857" lon="114.078569279674">
        <ele>18.89654246624559</ele>
        <time>2026-09-18T00:45:33.500000Z</time>
        <extensions>
          <gpxtpx:TrackPointExtension>
            <gpxtpx:hr>114</gpxtpx:hr>
          </gpxtpx:TrackPointExtension>
        </extensions>
      </trkpt>
      <trkpt lat="22.543522790313" lon="114.07855781852149">
        <ele>18.900515964254737</ele>
        <time>2026-09-18T00:45:34.500000Z</time>
        <extensions>
          <gpxtpx:TrackPointExtension>
            <gpxtpx:hr>114</gpxtpx:hr>
          </gpxtpx:TrackPointExtension>
        </extensions>
      </trkpt>
      <trkpt lat="22.543522554391355" lon="114.0785464521142">
        <ele>18.90309017058462</ele>
        <time>2026-09-18T00:45:35.500000Z</time>
        <extensions>
          <gpxtpx:TrackPointExtension>
            <gpxtpx:hr>114</gpxtpx:hr>
          </gpxtpx:TrackPointExtension>
        </extensions>
      </trkpt>
      <trkpt lat="22.54352248340045" lon="114.07853511913413">
        <ele>18.90422558505088</ele>
        <time>2026-09-18T00:45:36.500000Z</time>
        <extensions>
          <gpxtpx:TrackPointExtension>
            <gpxtpx:hr>114</gpxtpx:hr>
          </gpxtpx:TrackPointExtension>
        </extensions>
      </trkpt>
      <trkpt lat="22.54352269644491" lon="114.078523709602">
        <ele>18.903966120444238</ele>
        <time>2026-09-18T00:45:37.500000Z</time>
        <extensions>
          <gpxtpx:TrackPointExtension>
            <gpxtpx:hr>114</gpxtpx:hr>
          </gpxtpx:TrackPointExtension>
        </extensions>
      </trkpt>
      <trkpt lat="22.543522868189942" lon="114.07851252081743">
        <ele>18.90248325560242</ele>
        <time>2026-09-18T00:45:38.500000Z</time>
        <extensions>
          <gpxtpx:TrackPointExtension>
            <gpxtpx:hr>114</gpxtpx:hr>
          </gpxtpx:TrackPointExtension>
        </extensions>
      </trkpt>
      <trkpt lat="22.543522380105593" lon="114.07850160595655">
        <ele>18.900139346718788</ele>
        <time>2026-09-18T00:45:39.500000Z</time>
        <extensions>
          <gpxtpx:TrackPointExtension>
            <gpxtpx:hr>114</gpxtpx:hr>
          </gpxtpx:TrackPointExtension>
        </extensions>
      </trkpt>
      <trkpt lat="22.543521610639363" lon="114.07849053800864">
        <ele>18.89734733477235</ele>
        <time>2026-09-18T00:45:40.500000Z</time>
        <extensions>
          <gpxtpx:TrackPointExtension>
            <gpxtpx:hr>114</gpxtpx:hr>
          </gpxtpx:TrackPointExtension>
        </extensions>
      </trkpt>
      <trkpt lat="22.54352125483425" lon="114.0784790603962">
        <ele>18.89459117781371</ele>
        <time>2026-09-18T00:45:41.500000Z</time>
        <extensions>
          <gpxtpx:TrackPointExtension>
            <gpxtpx:hr>114</gpxtpx:hr>
          </gpxtpx:TrackPointExtension>
        </extensions>
      </trkpt>
      <trkpt lat="22.543521239024702" lon="114.07846713555489">
        <ele>18.892346927896142</ele>
        <time>2026-09-18T00:45:42.500000Z</time>
        <extensions>
          <gpxtpx:TrackPointExtension>
            <gpxtpx:hr>114</gpxtpx:hr>
          </gpxtpx:TrackPointExtension>
        </extensions>
      </trkpt>
      <trkpt lat="22.543521410460357" lon="114.07845508546671">
        <ele>18.89098601974547</ele>
        <time>2026-09-18T00:45:43.500000Z</time>
        <extensions>
          <gpxtpx:TrackPointExtension>
            <gpxtpx:hr>114</gpxtpx:hr>
          </gpxtpx:TrackPointExtension>
        </extensions>
      </trkpt>
      <trkpt lat="22.543521885702532" lon="114.07844346923306">
        <ele>18.890650692395866</ele>
        <time>2026-09-18T00:45:44.500000Z</time>
        <extensions>
          <gpxtpx:TrackPointExtension>
            <gpxtpx:hr>114</gpxtpx:hr>
          </gpxtpx:TrackPointExtension>
        </extensions>
      </trkpt>
      <trkpt lat="22.543522371919135" lon="114.07843160770726">
        <ele>18.891366337426007</ele>
        <time>2026-09-18T00:45:45.500000Z</time>
        <extensions>
          <gpxtpx:TrackPointExtension>
            <gpxtpx:hr>113</gpxtpx:hr>
          </gpxtpx:TrackPointExtension>
        </extensions>
      </trkpt>
      <trkpt lat="22.54352250359823" lon="114.07841911350152">
        <ele>18.892973176203668</ele>
        <time>2026-09-18T00:45:46.500000Z</time>
        <extensions>
          <gpxtpx:TrackPointExtension>
            <gpxtpx:hr>113</gpxtpx:hr>
          </gpxtpx:TrackPointExtension>
        </extensions>
      </trkpt>
      <trkpt lat="22.54352199949832" lon="114.07840653186038">
        <ele>18.895210215821862</ele>
        <time>2026-09-18T00:45:47.500000Z</time>
        <extensions>
          <gpxtpx:TrackPointExtension>
            <gpxtpx:hr>113</gpxtpx:hr>
          </gpxtpx:TrackPointExtension>
        </extensions>
      </trkpt>
      <trkpt lat="22.543520656647917" lon="114.07839377210627">
        <ele>18.897823515348136</ele>
        <time>2026-09-18T00:45:48.500000Z</time>
        <extensions>
          <gpxtpx:TrackPointExtension>
            <gpxtpx:hr>113</gpxtpx:hr>
          </gpxtpx:TrackPointExtension>
        </extensions>
      </trkpt>
      <trkpt lat="22.543518823769826" lon="114.07838103670038">
        <ele>18.900654862634838</ele>
        <time>2026-09-18T00:45:49.500000Z</time>
        <extensions>
          <gpxtpx:TrackPointExtension>
            <gpxtpx:hr>113</gpxtpx:hr>
          </gpxtpx:TrackPointExtension>
        </extensions>
      </trkpt>
      <trkpt lat="22.543517194971557" lon="114.07836859945624">
        <ele>18.90372922923416</ele>
        <time>2026-09-18T00:45:50.500000Z</time>
        <extensions>
          <gpxtpx:TrackPointExtension>
            <gpxtpx:hr>112</gpxtpx:hr>
          </gpxtpx:TrackPointExtension>
        </extensions>
      </trkpt>
      <trkpt lat="22.54351611484372" lon="114.07835661454543">
        <ele>18.907261412590742</ele>
        <time>2026-09-18T00:45:51.500000Z</time>
        <extensions>
          <gpxtpx:TrackPointExtension>
            <gpxtpx:hr>112</gpxtpx:hr>
          </gpxtpx:TrackPointExtension>
        </extensions>
      </trkpt>
      <trkpt lat="22.54351549827539" lon="114.07834475484002">
        <ele>18.911509570665658</ele>
        <time>2026-09-18T00:45:52.500000Z</time>
        <extensions>
          <gpxtpx:TrackPointExtension>
            <gpxtpx:hr>112</gpxtpx:hr>
          </gpxtpx:TrackPointExtension>
        </extensions>
      </trkpt>
      <trkpt lat="22.543515354213245" lon="114.07833261589724">
        <ele>18.916538955643773</ele>
        <time>2026-09-18T00:45:53.500000Z</time>
        <extensions>
          <gpxtpx:TrackPointExtension>
            <gpxtpx:hr>112</gpxtpx:hr>
          </gpxtpx:TrackPointExtension>
        </extensions>
      </trkpt>
      <trkpt lat="22.54351574295972" lon="114.07832044992641">
        <ele>18.922297776676714</ele>
        <time>2026-09-18T00:45:54.500000Z</time>
        <extensions>
          <gpxtpx:TrackPointExtension>
            <gpxtpx:hr>111</gpxtpx:hr>
          </gpxtpx:TrackPointExtension>
        </extensions>
      </trkpt>
      <trkpt lat="22.543516560005312" lon="114.07830835767314">
        <ele>18.928652124479413</ele>
        <time>2026-09-18T00:45:55.500000Z</time>
        <extensions>
          <gpxtpx:TrackPointExtension>
            <gpxtpx:hr>111</gpxtpx:hr>
          </gpxtpx:TrackPointExtension>
        </extensions>
      </trkpt>
      <trkpt lat="22.543517533792727" lon="114.07829606698601">
        <ele>18.93534914497286</ele>
        <time>2026-09-18T00:45:56.500000Z</time>
        <extensions>
          <gpxtpx:TrackPointExtension>
            <gpxtpx:hr>111</gpxtpx:hr>
          </gpxtpx:TrackPointExtension>
        </extensions>
      </trkpt>
      <trkpt lat="22.54351826964157" lon="114.07828359518986">
        <ele>18.942029058001935</ele>
        <time>2026-09-18T00:45:57.500000Z</time>
        <extensions>
          <gpxtpx:TrackPointExtension>
            <gpxtpx:hr>111</gpxtpx:hr>
          </gpxtpx:TrackPointExtension>
        </extensions>
      </trkpt>
      <trkpt lat="22.543518868240497" lon="114.07827118409172">
        <ele>18.94827837217599</ele>
        <time>2026-09-18T00:45:58.500000Z</time>
        <extensions>
          <gpxtpx:TrackPointExtension>
            <gpxtpx:hr>111</gpxtpx:hr>
          </gpxtpx:TrackPointExtension>
        </extensions>
      </trkpt>
      <trkpt lat="22.543519540958787" lon="114.07825900934324">
        <ele>18.953637779690325</ele>
        <time>2026-09-18T00:45:59.500000Z</time>
        <extensions>
          <gpxtpx:TrackPointExtension>
            <gpxtpx:hr>111</gpxtpx:hr>
          </gpxtpx:TrackPointExtension>
        </extensions>
      </trkpt>
      <trkpt lat="22.54352022378074" lon="114.07824740516787">
        <ele>18.95770611613989</ele>
        <time>2026-09-18T00:46:00.500000Z</time>
        <extensions>
          <gpxtpx:TrackPointExtension>
            <gpxtpx:hr>111</gpxtpx:hr>
          </gpxtpx:TrackPointExtension>
        </extensions>
      </trkpt>
      <trkpt lat="22.54352066442949" lon="114.07823590992768">
        <ele>18.96022762451321</ele>
        <time>2026-09-18T00:46:01.500000Z</time>
        <extensions>
          <gpxtpx:TrackPointExtension>
            <gpxtpx:hr>109</gpxtpx:hr>
          </gpxtpx:TrackPointExtension>
        </extensions>
      </trkpt>
      <trkpt lat="22.543520701173005" lon="114.07822421655578">
        <ele>18.96113654319197</ele>
        <time>2026-09-18T00:46:02.500000Z</time>
        <extensions>
          <gpxtpx:TrackPointExtension>
            <gpxtpx:hr>109</gpxtpx:hr>
          </gpxtpx:TrackPointExtension>
        </extensions>
      </trkpt>
      <trkpt lat="22.543520473052194" lon="114.0782129321201">
        <ele>18.960774489678442</ele>
        <time>2026-09-18T00:46:03.500000Z</time>
        <extensions>
          <gpxtpx:TrackPointExtension>
            <gpxtpx:hr>109</gpxtpx:hr>
          </gpxtpx:TrackPointExtension>
        </extensions>
      </trkpt>
      <trkpt lat="22.543520435502312" lon="114.07820197886227">
        <ele>18.95968512352556</ele>
        <time>2026-09-18T00:46:04.500000Z</time>
        <extensions>
          <gpxtpx:TrackPointExtension>
            <gpxtpx:hr>109</gpxtpx:hr>
          </gpxtpx:TrackPointExtension>
        </extensions>
      </trkpt>
      <trkpt lat="22.543520502686327" lon="114.07819100171938">
        <ele>18.958381569013</ele>
        <time>2026-09-18T00:46:05.500000Z</time>
        <extensions>
          <gpxtpx:TrackPointExtension>
            <gpxtpx:hr>109</gpxtpx:hr>
          </gpxtpx:TrackPointExtension>
        </extensions>
      </trkpt>
      <trkpt lat="22.543520029628315" lon="114.07817980387688">
        <ele>18.957254310138524</ele>
        <time>2026-09-18T00:46:06.500000Z</time>
        <extensions>
          <gpxtpx:TrackPointExtension>
            <gpxtpx:hr>109</gpxtpx:hr>
          </gpxtpx:TrackPointExtension>
        </extensions>
      </trkpt>
      <trkpt lat="22.543519339362604" lon="114.07816879267263">
        <ele>18.95676836092025</ele>
        <time>2026-09-18T00:46:07.500000Z</time>
        <extensions>
          <gpxtpx:TrackPointExtension>
            <gpxtpx:hr>109</gpxtpx:hr>
          </gpxtpx:TrackPointExtension>
        </extensions>
      </trkpt>
      <trkpt lat="22.54351958312988" lon="114.07815851987596">
        <ele>18.95705698709935</ele>
        <time>2026-09-18T00:46:08.500000Z</time>
        <extensions>
          <gpxtpx:TrackPointExtension>
            <gpxtpx:hr>109</gpxtpx:hr>
          </gpxtpx:TrackPointExtension>
        </extensions>
      </trkpt>
      <trkpt lat="22.543520531286227" lon="114.07814840160259">
        <ele>18.958109084516764</ele>
        <time>2026-09-18T00:46:09.500000Z</time>
        <extensions>
          <gpxtpx:TrackPointExtension>
            <gpxtpx:hr>110</gpxtpx:hr>
          </gpxtpx:TrackPointExtension>
        </extensions>
      </trkpt>
      <trkpt lat="22.543522251940853" lon="114.07813783684648">
        <ele>18.959778632968664</ele>
        <time>2026-09-18T00:46:10.500000Z</time>
        <extensions>
          <gpxtpx:TrackPointExtension>
            <gpxtpx:hr>110</gpxtpx:hr>
          </gpxtpx:TrackPointExtension>
        </extensions>
      </trkpt>
      <trkpt lat="22.543525315544088" lon="114.07812691030546">
        <ele>18.96182268578559</ele>
        <time>2026-09-18T00:46:11.500000Z</time>
        <extensions>
          <gpxtpx:TrackPointExtension>
            <gpxtpx:hr>110</gpxtpx:hr>
          </gpxtpx:TrackPointExtension>
        </extensions>
      </trkpt>
      <trkpt lat="22.543529141982365" lon="114.07811665474033">
        <ele>18.96346984617412</ele>
        <time>2026-09-18T00:46:12.500000Z</time>
        <extensions>
          <gpxtpx:TrackPointExtension>
            <gpxtpx:hr>110</gpxtpx:hr>
          </gpxtpx:TrackPointExtension>
        </extensions>
      </trkpt>
      <trkpt lat="22.543533711668" lon="114.07810915251646">
        <ele>18.96433361247182</ele>
        <time>2026-09-18T00:46:13.500000Z</time>
        <extensions>
          <gpxtpx:TrackPointExtension>
            <gpxtpx:hr>112</gpxtpx:hr>
          </gpxtpx:TrackPointExtension>
        </extensions>
      </trkpt>
      <trkpt lat="22.543540234166798" lon="114.0781047413733">
        <ele>18.964173595421016</ele>
        <time>2026-09-18T00:46:14.500000Z</time>
        <extensions>
          <gpxtpx:TrackPointExtension>
            <gpxtpx:hr>112</gpxtpx:hr>
          </gpxtpx:TrackPointExtension>
        </extensions>
      </trkpt>
      <trkpt lat="22.5435494357119" lon="114.07810247887242">
        <ele>18.962978046387434</ele>
        <time>2026-09-18T00:46:15.500000Z</time>
        <extensions>
          <gpxtpx:TrackPointExtension>
            <gpxtpx:hr>112</gpxtpx:hr>
          </gpxtpx:TrackPointExtension>
        </extensions>
      </trkpt>
      <trkpt lat="22.54356094237638" lon="114.07810129151427">
        <ele>18.961020649410784</ele>
        <time>2026-09-18T00:46:16.500000Z</time>
        <extensions>
          <gpxtpx:TrackPointExtension>
            <gpxtpx:hr>112</gpxtpx:hr>
          </gpxtpx:TrackPointExtension>
        </extensions>
      </trkpt>
      <trkpt lat="22.54357397911799" lon="114.0781004090719">
        <ele>18.959287649020553</ele>
        <time>2026-09-18T00:46:17.500000Z</time>
        <extensions>
          <gpxtpx:TrackPointExtension>
            <gpxtpx:hr>112</gpxtpx:hr>
          </gpxtpx:TrackPointExtension>
        </extensions>
      </trkpt>
      <trkpt lat="22.543587184499195" lon="114.07809975644449">
        <ele>18.958771148696542</ele>
        <time>2026-09-18T00:46:18.500000Z</time>
        <extensions>
          <gpxtpx:TrackPointExtension>
            <gpxtpx:hr>112</gpxtpx:hr>
          </gpxtpx:TrackPointExtension>
        </extensions>
      </trkpt>
      <trkpt lat="22.543599743862934" lon="114.07809908606379">
        <ele>18.960514104925096</ele>
        <time>2026-09-18T00:46:19.500000Z</time>
        <extensions>
          <gpxtpx:TrackPointExtension>
            <gpxtpx:hr>112</gpxtpx:hr>
          </gpxtpx:TrackPointExtension>
        </extensions>
      </trkpt>
      <trkpt lat="22.543612717601974" lon="114.07809827453386">
        <ele>18.965817844495177</ele>
        <time>2026-09-18T00:46:20.500000Z</time>
        <extensions>
          <gpxtpx:TrackPointExtension>
            <gpxtpx:hr>116</gpxtpx:hr>
          </gpxtpx:TrackPointExtension>
        </extensions>
      </trkpt>
      <trkpt lat="22.543626216172843" lon="114.07809733672431">
        <ele>18.974714967422187</ele>
        <time>2026-09-18T00:46:21.500000Z</time>
        <extensions>
          <gpxtpx:TrackPointExtension>
            <gpxtpx:hr>116</gpxtpx:hr>
          </gpxtpx:TrackPointExtension>
        </extensions>
      </trkpt>
      <trkpt lat="22.543639281208517" lon="114.07809576291187">
        <ele>18.986421616747975</ele>
        <time>2026-09-18T00:46:22.500000Z</time>
        <extensions>
          <gpxtpx:TrackPointExtension>
            <gpxtpx:hr>116</gpxtpx:hr>
          </gpxtpx:TrackPointExtension>
        </extensions>
      </trkpt>
      <trkpt lat="22.543651756304058" lon="114.07809334240493">
        <ele>18.99924160633236</ele>
        <time>2026-09-18T00:46:23.500000Z</time>
        <extensions>
          <gpxtpx:TrackPointExtension>
            <gpxtpx:hr>116</gpxtpx:hr>
          </gpxtpx:TrackPointExtension>
        </extensions>
      </trkpt>
      <trkpt lat="22.54366318301418" lon="114.0780906547985">
        <ele>19.010753884911537</ele>
        <time>2026-09-18T00:46:24.500000Z</time>
        <extensions>
          <gpxtpx:TrackPointExtension>
            <gpxtpx:hr>116</gpxtpx:hr>
          </gpxtpx:TrackPointExtension>
        </extensions>
      </trkpt>
      <trkpt lat="22.543673117485262" lon="114.0780887075312">
        <ele>19.017588052898645</ele>
        <time>2026-09-18T00:46:25.500000Z</time>
        <extensions>
          <gpxtpx:TrackPointExtension>
            <gpxtpx:hr>116</gpxtpx:hr>
          </gpxtpx:TrackPointExtension>
        </extensions>
      </trkpt>
      <trkpt lat="22.543681800422355" lon="114.07808837127372">
        <ele>19.017358564771712</ele>
        <time>2026-09-18T00:46:26.500000Z</time>
        <extensions>
          <gpxtpx:TrackPointExtension>
            <gpxtpx:hr>116</gpxtpx:hr>
          </gpxtpx:TrackPointExtension>
        </extensions>
      </trkpt>
      <trkpt lat="22.543691185634543" lon="114.07808994663223">
        <ele>19.008197744376957</ele>
        <time>2026-09-18T00:46:27.500000Z</time>
        <extensions>
          <gpxtpx:TrackPointExtension>
            <gpxtpx:hr>116</gpxtpx:hr>
          </gpxtpx:TrackPointExtension>
        </extensions>
      </trkpt>
      <trkpt lat="22.543702490852954" lon="114.07809355345694">
        <ele>18.98918124753982</ele>
        <time>2026-09-18T00:46:28.500000Z</time>
        <extensions>
          <gpxtpx:TrackPointExtension>
            <gpxtpx:hr>116</gpxtpx:hr>
          </gpxtpx:TrackPointExtension>
        </extensions>
      </trkpt>
      <trkpt lat="22.54371483575505" lon="114.07809913491982">
        <ele>18.960527002811432</ele>
        <time>2026-09-18T00:46:29.500000Z</time>
        <extensions>
          <gpxtpx:TrackPointExtension>
            <gpxtpx:hr>113</gpxtpx:hr>
          </gpxtpx:TrackPointExtension>
        </extensions>
      </trkpt>
      <trkpt lat="22.54372675089355" lon="114.07810590805491">
        <ele>18.923680339939892</ele>
        <time>2026-09-18T00:46:30.500000Z</time>
        <extensions>
          <gpxtpx:TrackPointExtension>
            <gpxtpx:hr>113</gpxtpx:hr>
          </gpxtpx:TrackPointExtension>
        </extensions>
      </trkpt>
      <trkpt lat="22.543737865621946" lon="114.0781125924683">
        <ele>18.88136497605592</ele>
        <time>2026-09-18T00:46:31.500000Z</time>
        <extensions>
          <gpxtpx:TrackPointExtension>
            <gpxtpx:hr>113</gpxtpx:hr>
          </gpxtpx:TrackPointExtension>
        </extensions>
      </trkpt>
      <trkpt lat="22.54374963057193" lon="114.0781193072364">
        <ele>18.836926950141788</ele>
        <time>2026-09-18T00:46:32.500000Z</time>
        <extensions>
          <gpxtpx:TrackPointExtension>
            <gpxtpx:hr>113</gpxtpx:hr>
          </gpxtpx:TrackPointExtension>
        </extensions>
      </trkpt>
      <trkpt lat="22.54376123215894" lon="114.07812625305229">
        <ele>18.793658352456987</ele>
        <time>2026-09-18T00:46:33.500000Z</time>
        <extensions>
          <gpxtpx:TrackPointExtension>
            <gpxtpx:hr>113</gpxtpx:hr>
          </gpxtpx:TrackPointExtension>
        </extensions>
      </trkpt>
      <trkpt lat="22.54377184807157" lon="114.07813265192608">
        <ele>18.754457739181817</ele>
        <time>2026-09-18T00:46:34.500000Z</time>
        <extensions>
          <gpxtpx:TrackPointExtension>
            <gpxtpx:hr>113</gpxtpx:hr>
          </gpxtpx:TrackPointExtension>
        </extensions>
      </trkpt>
      <trkpt lat="22.543781962756643" lon="114.07813835828101">
        <ele>18.721165619790554</ele>
        <time>2026-09-18T00:46:35.500000Z</time>
        <extensions>
          <gpxtpx:TrackPointExtension>
            <gpxtpx:hr>112</gpxtpx:hr>
          </gpxtpx:TrackPointExtension>
        </extensions>
      </trkpt>
      <trkpt lat="22.543791611355797" lon="114.07814346288383">
        <ele>18.694530034437776</ele>
        <time>2026-09-18T00:46:36.500000Z</time>
        <extensions>
          <gpxtpx:TrackPointExtension>
            <gpxtpx:hr>112</gpxtpx:hr>
          </gpxtpx:TrackPointExtension>
        </extensions>
      </trkpt>
      <trkpt lat="22.543801056694495" lon="114.07814805576278">
        <ele>18.674505952745676</ele>
        <time>2026-09-18T00:46:37.500000Z</time>
        <extensions>
          <gpxtpx:TrackPointExtension>
            <gpxtpx:hr>112</gpxtpx:hr>
          </gpxtpx:TrackPointExtension>
        </extensions>
      </trkpt>
      <trkpt lat="22.543810477738333" lon="114.0781519449098">
        <ele>18.660739101469517</ele>
        <time>2026-09-18T00:46:38.500000Z</time>
        <extensions>
          <gpxtpx:TrackPointExtension>
            <gpxtpx:hr>112</gpxtpx:hr>
          </gpxtpx:TrackPointExtension>
        </extensions>
      </trkpt>
      <trkpt lat="22.543820112377926" lon="114.07815528177349">
        <ele>18.652661454863846</ele>
        <time>2026-09-18T00:46:39.500000Z</time>
        <extensions>
          <gpxtpx:TrackPointExtension>
            <gpxtpx:hr>112</gpxtpx:hr>
          </gpxtpx:TrackPointExtension>
        </extensions>
      </trkpt>
      <trkpt lat="22.54383034417819" lon="114.07815838239566">
        <ele>18.649741780012846</ele>
        <time>2026-09-18T00:46:40.500000Z</time>
        <extensions>
          <gpxtpx:TrackPointExtension>
            <gpxtpx:hr>112</gpxtpx:hr>
          </gpxtpx:TrackPointExtension>
        </extensions>
      </trkpt>
      <trkpt lat="22.543841447985262" lon="114.0781610562977">
        <ele>18.65147379785776</ele>
        <time>2026-09-18T00:46:41.500000Z</time>
        <extensions>
          <gpxtpx:TrackPointExtension>
            <gpxtpx:hr>112</gpxtpx:hr>
          </gpxtpx:TrackPointExtension>
        </extensions>
      </trkpt>
      <trkpt lat="22.543853419250166" lon="114.07816242528718">
        <ele>18.657351628877223</ele>
        <time>2026-09-18T00:46:42.500000Z</time>
        <extensions>
          <gpxtpx:TrackPointExtension>
            <gpxtpx:hr>112</gpxtpx:hr>
          </gpxtpx:TrackPointExtension>
        </extensions>
      </trkpt>
      <trkpt lat="22.543866148632528" lon="114.07816191321632">
        <ele>18.66689860355109</ele>
        <time>2026-09-18T00:46:43.500000Z</time>
        <extensions>
          <gpxtpx:TrackPointExtension>
            <gpxtpx:hr>110</gpxtpx:hr>
          </gpxtpx:TrackPointExtension>
        </extensions>
      </trkpt>
      <trkpt lat="22.543879350301765" lon="114.07815989814854">
        <ele>18.67940403148532</ele>
        <time>2026-09-18T00:46:44.500000Z</time>
        <extensions>
          <gpxtpx:TrackPointExtension>
            <gpxtpx:hr>110</gpxtpx:hr>
          </gpxtpx:TrackPointExtension>
        </extensions>
      </trkpt>
      <trkpt lat="22.54389263309593" lon="114.07815658198892">
        <ele>18.694048793055117</ele>
        <time>2026-09-18T00:46:45.500000Z</time>
        <extensions>
          <gpxtpx:TrackPointExtension>
            <gpxtpx:hr>110</gpxtpx:hr>
          </gpxtpx:TrackPointExtension>
        </extensions>
      </trkpt>
      <trkpt lat="22.543905043921992" lon="114.07815205061156">
        <ele>18.709934633225203</ele>
        <time>2026-09-18T00:46:46.500000Z</time>
        <extensions>
          <gpxtpx:TrackPointExtension>
            <gpxtpx:hr>110</gpxtpx:hr>
          </gpxtpx:TrackPointExtension>
        </extensions>
      </trkpt>
      <trkpt lat="22.543916324611878" lon="114.07814669740607">
        <ele>18.72617619112134</ele>
        <time>2026-09-18T00:46:47.500000Z</time>
        <extensions>
          <gpxtpx:TrackPointExtension>
            <gpxtpx:hr>110</gpxtpx:hr>
          </gpxtpx:TrackPointExtension>
        </extensions>
      </trkpt>
      <trkpt lat="22.543927501336515" lon="114.07814121178015">
        <ele>18.742084508761764</ele>
        <time>2026-09-18T00:46:48.500000Z</time>
        <extensions>
          <gpxtpx:TrackPointExtension>
            <gpxtpx:hr>110</gpxtpx:hr>
          </gpxtpx:TrackPointExtension>
        </extensions>
      </trkpt>
      <trkpt lat="22.543939434026075" lon="114.07813502033811">
        <ele>18.757063748314977</ele>
        <time>2026-09-18T00:46:49.500000Z</time>
        <extensions>
          <gpxtpx:TrackPointExtension>
            <gpxtpx:hr>110</gpxtpx:hr>
          </gpxtpx:TrackPointExtension>
        </extensions>
      </trkpt>
      <trkpt lat="22.543951750632054" lon="114.07812719736474">
        <ele>18.770639267750084</ele>
        <time>2026-09-18T00:46:50.500000Z</time>
        <extensions>
          <gpxtpx:TrackPointExtension>
            <gpxtpx:hr>110</gpxtpx:hr>
          </gpxtpx:TrackPointExtension>
        </extensions>
      </trkpt>
      <trkpt lat="22.54396410281189" lon="114.07811844799014">
        <ele>18.782452752813697</ele>
        <time>2026-09-18T00:46:51.500000Z</time>
        <extensions>
          <gpxtpx:TrackPointExtension>
            <gpxtpx:hr>110</gpxtpx:hr>
          </gpxtpx:TrackPointExtension>
        </extensions>
      </trkpt>
      <trkpt lat="22.543977057830233" lon="114.07811028869672">
        <ele>18.792436530813575</ele>
        <time>2026-09-18T00:46:52.500000Z</time>
        <extensions>
          <gpxtpx:TrackPointExtension>
            <gpxtpx:hr>110</gpxtpx:hr>
          </gpxtpx:TrackPointExtension>
        </extensions>
      </trkpt>
      <trkpt lat="22.543990873937393" lon="114.07810268103889">
        <ele>18.800644195638597</ele>
        <time>2026-09-18T00:46:53.500000Z</time>
        <extensions>
          <gpxtpx:TrackPointExtension>
            <gpxtpx:hr>110</gpxtpx:hr>
          </gpxtpx:TrackPointExtension>
        </extensions>
      </trkpt>
      <trkpt lat="22.54400459854202" lon="114.07809556249575">
        <ele>18.80730088893324</ele>
        <time>2026-09-18T00:46:54.500000Z</time>
        <extensions>
          <gpxtpx:TrackPointExtension>
            <gpxtpx:hr>110</gpxtpx:hr>
          </gpxtpx:TrackPointExtension>
        </extensions>
      </trkpt>
      <trkpt lat="22.54401797042337" lon="114.07808854333798">
        <ele>18.81277867872268</ele>
        <time>2026-09-18T00:46:55.500000Z</time>
        <extensions>
          <gpxtpx:TrackPointExtension>
            <gpxtpx:hr>110</gpxtpx:hr>
          </gpxtpx:TrackPointExtension>
        </extensions>
      </trkpt>
      <trkpt lat="22.544031328565257" lon="114.0780815656098">
        <ele>18.817597158253193</ele>
        <time>2026-09-18T00:46:56.500000Z</time>
        <extensions>
          <gpxtpx:TrackPointExtension>
            <gpxtpx:hr>109</gpxtpx:hr>
          </gpxtpx:TrackPointExtension>
        </extensions>
      </trkpt>
      <trkpt lat="22.54404379384453" lon="114.07807579138975">
        <ele>18.822015072219074</ele>
        <time>2026-09-18T00:46:57.500000Z</time>
        <extensions>
          <gpxtpx:TrackPointExtension>
            <gpxtpx:hr>109</gpxtpx:hr>
          </gpxtpx:TrackPointExtension>
        </extensions>
      </trkpt>
      <trkpt lat="22.544054677429767" lon="114.07807117163523">
        <ele>18.82641842868179</ele>
        <time>2026-09-18T00:46:58.500000Z</time>
        <extensions>
          <gpxtpx:TrackPointExtension>
            <gpxtpx:hr>109</gpxtpx:hr>
          </gpxtpx:TrackPointExtension>
        </extensions>
      </trkpt>
      <trkpt lat="22.544064689734846" lon="114.07806728562937">
        <ele>18.83110993914306</ele>
        <time>2026-09-18T00:46:59.500000Z</time>
        <extensions>
          <gpxtpx:TrackPointExtension>
            <gpxtpx:hr>109</gpxtpx:hr>
          </gpxtpx:TrackPointExtension>
        </extensions>
      </trkpt>
      <trkpt lat="22.54407413238743" lon="114.07806340849099">
        <ele>18.83617759589106</ele>
        <time>2026-09-18T00:47:00.500000Z</time>
        <extensions>
          <gpxtpx:TrackPointExtension>
            <gpxtpx:hr>109</gpxtpx:hr>
          </gpxtpx:TrackPointExtension>
        </extensions>
      </trkpt>
      <trkpt lat="22.54408295131307" lon="114.07805938224413">
        <ele>18.841306369751692</ele>
        <time>2026-09-18T00:47:01.500000Z</time>
        <extensions>
          <gpxtpx:TrackPointExtension>
            <gpxtpx:hr>109</gpxtpx:hr>
          </gpxtpx:TrackPointExtension>
        </extensions>
      </trkpt>
      <trkpt lat="22.544091620340325" lon="114.07805609310596">
        <ele>18.84609927330166</ele>
        <time>2026-09-18T00:47:02.500000Z</time>
        <extensions>
          <gpxtpx:TrackPointExtension>
            <gpxtpx:hr>109</gpxtpx:hr>
          </gpxtpx:TrackPointExtension>
        </extensions>
      </trkpt>
      <trkpt lat="22.544100845627895" lon="114.0780544017494">
        <ele>18.84986270684749</ele>
        <time>2026-09-18T00:47:03.500000Z</time>
        <extensions>
          <gpxtpx:TrackPointExtension>
            <gpxtpx:hr>109</gpxtpx:hr>
          </gpxtpx:TrackPointExtension>
        </extensions>
      </trkpt>
      <trkpt lat="22.54410981810521" lon="114.0780547216019">
        <ele>18.851804382167757</ele>
        <time>2026-09-18T00:47:04.500000Z</time>
        <extensions>
          <gpxtpx:TrackPointExtension>
            <gpxtpx:hr>109</gpxtpx:hr>
          </gpxtpx:TrackPointExtension>
        </extensions>
      </trkpt>
      <trkpt lat="22.544116988230567" lon="114.07805691686364">
        <ele>18.851264534518123</ele>
        <time>2026-09-18T00:47:05.500000Z</time>
        <extensions>
          <gpxtpx:TrackPointExtension>
            <gpxtpx:hr>109</gpxtpx:hr>
          </gpxtpx:TrackPointExtension>
        </extensions>
      </trkpt>
      <trkpt lat="22.54412224553574" lon="114.07806014617778">
        <ele>18.83594793267548</ele>
        <time>2026-09-18T00:47:06.500000Z</time>
        <extensions>
          <gpxtpx:TrackPointExtension>
            <gpxtpx:hr>108</gpxtpx:hr>
          </gpxtpx:TrackPointExtension>
        </extensions>
      </trkpt>
      <trkpt lat="22.544126529533465" lon="114.07806336961778">
        <ele>18.825176266022027</ele>
        <time>2026-09-18T00:47:07.500000Z</time>
        <extensions>
          <gpxtpx:TrackPointExtension>
            <gpxtpx:hr>108</gpxtpx:hr>
          </gpxtpx:TrackPointExtension>
        </extensions>
      </trkpt>
      <trkpt lat="22.544131615758303" lon="114.07806739732217">
        <ele>18.83363294415176</ele>
        <time>2026-09-18T00:47:08.500000Z</time>
        <extensions>
          <gpxtpx:TrackPointExtension>
            <gpxtpx:hr>108</gpxtpx:hr>
          </gpxtpx:TrackPointExtension>
        </extensions>
      </trkpt>
      <trkpt lat="22.54413904863237" lon="114.0780740506141">
        <ele>18.850936549715698</ele>
        <time>2026-09-18T00:47:09.500000Z</time>
        <extensions>
          <gpxtpx:TrackPointExtension>
            <gpxtpx:hr>108</gpxtpx:hr>
          </gpxtpx:TrackPointExtension>
        </extensions>
      </trkpt>
      <trkpt lat="22.544148903003283" lon="114.07808342508042">
        <ele>18.880940000526607</ele>
        <time>2026-09-18T00:47:10.500000Z</time>
        <extensions>
          <gpxtpx:TrackPointExtension>
            <gpxtpx:hr>108</gpxtpx:hr>
          </gpxtpx:TrackPointExtension>
        </extensions>
      </trkpt>
      <trkpt lat="22.544160049361835" lon="114.07809434854684">
        <ele>18.926611551083624</ele>
        <time>2026-09-18T00:47:11.500000Z</time>
        <extensions>
          <gpxtpx:TrackPointExtension>
            <gpxtpx:hr>108</gpxtpx:hr>
          </gpxtpx:TrackPointExtension>
        </extensions>
      </trkpt>
      <trkpt lat="22.544171079610432" lon="114.0781056230676">
        <ele>18.994651241227984</ele>
        <time>2026-09-18T00:47:12.500000Z</time>
        <extensions>
          <gpxtpx:TrackPointExtension>
            <gpxtpx:hr>108</gpxtpx:hr>
          </gpxtpx:TrackPointExtension>
        </extensions>
      </trkpt>
      <trkpt lat="22.544181436178608" lon="114.0781164772847">
        <ele>19.087540213018656</ele>
        <time>2026-09-18T00:47:13.500000Z</time>
        <extensions>
          <gpxtpx:TrackPointExtension>
            <gpxtpx:hr>108</gpxtpx:hr>
          </gpxtpx:TrackPointExtension>
        </extensions>
      </trkpt>
      <trkpt lat="22.54419079679757" lon="114.07812669339138">
        <ele>19.204541004262865</ele>
        <time>2026-09-18T00:47:14.500000Z</time>
        <extensions>
          <gpxtpx:TrackPointExtension>
            <gpxtpx:hr>108</gpxtpx:hr>
          </gpxtpx:TrackPointExtension>
        </extensions>
      </trkpt>
      <trkpt lat="22.544199010738655" lon="114.07813625290649">
        <ele>19.339463513344526</ele>
        <time>2026-09-18T00:47:15.500000Z</time>
        <extensions>
          <gpxtpx:TrackPointExtension>
            <gpxtpx:hr>108</gpxtpx:hr>
          </gpxtpx:TrackPointExtension>
        </extensions>
      </trkpt>
      <trkpt lat="22.54420598525067" lon="114.07814518361094">
        <ele>19.477601000107825</ele>
        <time>2026-09-18T00:47:16.500000Z</time>
        <extensions>
          <gpxtpx:TrackPointExtension>
            <gpxtpx:hr>108</gpxtpx:hr>
          </gpxtpx:TrackPointExtension>
        </extensions>
      </trkpt>
      <trkpt lat="22.544211578015158" lon="114.07815368442165">
        <ele>19.600701418705285</ele>
        <time>2026-09-18T00:47:17.500000Z</time>
        <extensions>
          <gpxtpx:TrackPointExtension>
            <gpxtpx:hr>108</gpxtpx:hr>
          </gpxtpx:TrackPointExtension>
        </extensions>
      </trkpt>
      <trkpt lat="22.544215654582356" lon="114.07816200143633">
        <ele>19.70115357078612</ele>
        <time>2026-09-18T00:47:18.500000Z</time>
        <extensions>
          <gpxtpx:TrackPointExtension>
            <gpxtpx:hr>108</gpxtpx:hr>
          </gpxtpx:TrackPointExtension>
        </extensions>
      </trkpt>
      <trkpt lat="22.54421863602183" lon="114.0781701683481">
        <ele>19.784226077608764</ele>
        <time>2026-09-18T00:47:19.500000Z</time>
        <extensions>
          <gpxtpx:TrackPointExtension>
            <gpxtpx:hr>108</gpxtpx:hr>
          </gpxtpx:TrackPointExtension>
        </extensions>
      </trkpt>
      <trkpt lat="22.54422133088498" lon="114.07817858428541">
        <ele>19.861308782361448</ele>
        <time>2026-09-18T00:47:20.600000Z</time>
        <extensions>
          <gpxtpx:TrackPointExtension>
            <gpxtpx:hr>108</gpxtpx:hr>
          </gpxtpx:TrackPointExtension>
        </extensions>
      </trkpt>
    </trkseg>
  </trk>
</gpx>