<?xml version="1.0" encoding="UTF-8"?>
<gpx xmlns="http://www.topografix.com/GPX/1/1" xmlns:gpxtpx="http://www.garmin.com/xmlschemas/TrackPointExtension/v1" xmlns:xsi="http://www.w3.org/2001/XMLSchema-instance" xsi:schemaLocation="http://www.topografix.com/GPX/1/1 http://www.topografix.com/GPX/1/1/gpx.xsd" version="1.1" creator="gpx.py -- https://github.com/tkrajina/gpxpy">
  <trk>
    <name>gpx from keep</name>
    <type>Run</type>
    <trkseg>
      <trkpt lat="22.549361381814926" lon="114.10501307893037">
        <ele>19.198742487467825</ele>
        <time>7642-02-10T02:55:41.600006Z</time>
      </trkpt>
      <trkpt lat="22.549357005199205" lon="114.10500144790817">
        <ele>19.217653182335198</ele>
        <time>1970-01-01T00:00:01Z</time>
        <extensions>
          <gpxtpx:TrackPointExtension>
            <gpxtpx:hr>93</gpxtpx:hr>
          </gpxtpx:TrackPointExtension>
        </extensions>
      </trkpt>
      <trkpt lat="22.549350958159298" lon="114.10498606993265">
        <ele>19.226957355625927</ele>
        <time>1970-01-01T00:00:01.900000Z</time>
        <extensions>
          <gpxtpx:TrackPointExtension>
            <gpxtpx:hr>93</gpxtpx:hr>
          </gpxtpx:TrackPointExtension>
        </extensions>
      </trkpt>
      <trkpt lat="22.549344802463224" lon="114.10496791414946">
        <ele>19.234248398803174</ele>
        <time>1970-01-01T00:00:02.900000Z</time>
        <extensions>
          <gpxtpx:TrackPointExtension>
            <gpxtpx:hr>92</gpxtpx:hr>
          </gpxtpx:TrackPointExtension>
        </extensions>
      </trkpt>
      <trkpt lat="22.549339597937553" lon="114.10495138868221">
        <ele>19.223553421907127</ele>
        <time>1970-01-01T00:00:03.700000Z</time>
        <extensions>
          <gpxtpx:TrackPointExtension>
            <gpxtpx:hr>92</gpxtpx:hr>
          </gpxtpx:TrackPointExtension>
        </extensions>
      </trkpt>
      <trkpt lat="22.549332112942036" lon="114.10492866836117">
        <ele>19.220123796723783</ele>
        <time>1970-01-01T00:00:04.700000Z</time>
        <extensions>
          <gpxtpx:TrackPointExtension>
            <gpxtpx:hr>92</gpxtpx:hr>
          </gpxtpx:TrackPointExtension>
        </extensions>
      </trkpt>
      <trkpt lat="22.549324518942278" lon="114.1049043048313">
        <ele>19.202468865551054</ele>
        <time>1970-01-01T00:00:05.700000Z</time>
        <extensions>
          <gpxtpx:TrackPointExtension>
            <gpxtpx:hr>94</gpxtpx:hr>
          </gpxtpx:TrackPointExtension>
        </extensions>
      </trkpt>
      <trkpt lat="22.549317634491192" lon="114.1048789035851">
        <ele>19.18616566248238</ele>
        <time>1970-01-01T00:00:06.700000Z</time>
        <extensions>
          <gpxtpx:TrackPointExtension>
            <gpxtpx:hr>94</gpxtpx:hr>
          </gpxtpx:TrackPointExtension>
        </extensions>
      </trkpt>
      <trkpt lat="22.549311695966527" lon="114.10485337285257">
        <ele>19.148495161905885</ele>
        <time>1970-01-01T00:00:07.700000Z</time>
        <extensions>
          <gpxtpx:TrackPointExtension>
            <gpxtpx:hr>94</gpxtpx:hr>
          </gpxtpx:TrackPointExtension>
        </extensions>
      </trkpt>
      <trkpt lat="22.549306236440177" lon="114.1048286652792">
        <ele>19.125974650494754</ele>
        <time>1970-01-01T00:00:08.700000Z</time>
        <extensions>
          <gpxtpx:TrackPointExtension>
            <gpxtpx:hr>94</gpxtpx:hr>
          </gpxtpx:TrackPointExtension>
        </extensions>
      </trkpt>
      <trkpt lat="22.549301109000478" lon="114.10480473574883">
        <ele>19.129908262751997</ele>
        <time>1970-01-01T00:00:09.700000Z</time>
        <extensions>
          <gpxtpx:TrackPointExtension>
            <gpxtpx:hr>94</gpxtpx:hr>
          </gpxtpx:TrackPointExtension>
        </extensions>
      </trkpt>
      <trkpt lat="22.549296840242594" lon="114.10478038014037">
        <ele>19.120300070382655</ele>
        <time>1970-01-01T00:00:10.700000Z</time>
        <extensions>
          <gpxtpx:TrackPointExtension>
            <gpxtpx:hr>94</gpxtpx:hr>
          </gpxtpx:TrackPointExtension>
        </extensions>
      </trkpt>
      <trkpt lat="22.549293841454997" lon="114.10475735600936">
        <ele>19.148095606826246</ele>
        <time>1970-01-01T00:00:11.700000Z</time>
        <extensions>
          <gpxtpx:TrackPointExtension>
            <gpxtpx:hr>103</gpxtpx:hr>
          </gpxtpx:TrackPointExtension>
        </extensions>
      </trkpt>
      <trkpt lat="22.54929162375298" lon="114.10473578838763">
        <ele>19.191990892402828</ele>
        <time>1970-01-01T00:00:12.700000Z</time>
        <extensions>
          <gpxtpx:TrackPointExtension>
            <gpxtpx:hr>103</gpxtpx:hr>
          </gpxtpx:TrackPointExtension>
        </extensions>
      </trkpt>
      <trkpt lat="22.549289124815726" lon="114.10471479892571">
        <ele>19.24679782707244</ele>
        <time>1970-01-01T00:00:13.700000Z</time>
        <extensions>
          <gpxtpx:TrackPointExtension>
            <gpxtpx:hr>103</gpxtpx:hr>
          </gpxtpx:TrackPointExtension>
        </extensions>
      </trkpt>
      <trkpt lat="22.54928592429149" lon="114.10469483149502">
        <ele>19.307166492566466</ele>
        <time>1970-01-01T00:00:14.700000Z</time>
        <extensions>
          <gpxtpx:TrackPointExtension>
            <gpxtpx:hr>103</gpxtpx:hr>
          </gpxtpx:TrackPointExtension>
        </extensions>
      </trkpt>
      <trkpt lat="22.5492811507638" lon="114.10467625192044">
        <ele>19.351156439632177</ele>
        <time>1970-01-01T00:00:15.700000Z</time>
        <extensions>
          <gpxtpx:TrackPointExtension>
            <gpxtpx:hr>103</gpxtpx:hr>
          </gpxtpx:TrackPointExtension>
        </extensions>
      </trkpt>
      <trkpt lat="22.549274377643506" lon="114.1046582871998">
        <ele>19.393182070925832</ele>
        <time>1970-01-01T00:00:16.700000Z</time>
        <extensions>
          <gpxtpx:TrackPointExtension>
            <gpxtpx:hr>103</gpxtpx:hr>
          </gpxtpx:TrackPointExtension>
        </extensions>
      </trkpt>
      <trkpt lat="22.549266387970594" lon="114.10464103272749">
        <ele>19.468826125375926</ele>
        <time>1970-01-01T00:00:17.700000Z</time>
        <extensions>
          <gpxtpx:TrackPointExtension>
            <gpxtpx:hr>103</gpxtpx:hr>
          </gpxtpx:TrackPointExtension>
        </extensions>
      </trkpt>
      <trkpt lat="22.54925888991432" lon="114.10462577889294">
        <ele>19.576114525087178</ele>
        <time>1970-01-01T00:00:18.700000Z</time>
        <extensions>
          <gpxtpx:TrackPointExtension>
            <gpxtpx:hr>103</gpxtpx:hr>
          </gpxtpx:TrackPointExtension>
        </extensions>
      </trkpt>
      <trkpt lat="22.54925278033374" lon="114.10461181773825">
        <ele>19.73533313628286</ele>
        <time>1970-01-01T00:00:19.700000Z</time>
        <extensions>
          <gpxtpx:TrackPointExtension>
            <gpxtpx:hr>103</gpxtpx:hr>
          </gpxtpx:TrackPointExtension>
        </extensions>
      </trkpt>
      <trkpt lat="22.5492471529146" lon="114.10459625793294">
        <ele>19.910101529210806</ele>
        <time>1970-01-01T00:00:20.700000Z</time>
        <extensions>
          <gpxtpx:TrackPointExtension>
            <gpxtpx:hr>109</gpxtpx:hr>
          </gpxtpx:TrackPointExtension>
        </extensions>
      </trkpt>
      <trkpt lat="22.549242344721456" lon="114.10457802451634">
        <ele>20.11546422354877</ele>
        <time>1970-01-01T00:00:21.700000Z</time>
        <extensions>
          <gpxtpx:TrackPointExtension>
            <gpxtpx:hr>109</gpxtpx:hr>
          </gpxtpx:TrackPointExtension>
        </extensions>
      </trkpt>
      <trkpt lat="22.549232959291835" lon="114.10455714662179">
        <ele>20.439508642069995</ele>
        <time>1970-01-01T00:00:22.700000Z</time>
        <extensions>
          <gpxtpx:TrackPointExtension>
            <gpxtpx:hr>109</gpxtpx:hr>
          </gpxtpx:TrackPointExtension>
        </extensions>
      </trkpt>
      <trkpt lat="22.54922661778713" lon="114.10453719832525">
        <ele>20.770667015574872</ele>
        <time>1970-01-01T00:00:23.700000Z</time>
        <extensions>
          <gpxtpx:TrackPointExtension>
            <gpxtpx:hr>109</gpxtpx:hr>
          </gpxtpx:TrackPointExtension>
        </extensions>
      </trkpt>
      <trkpt lat="22.549221244934454" lon="114.10451795750281">
        <ele>21.07781248074025</ele>
        <time>1970-01-01T00:00:24.700000Z</time>
        <extensions>
          <gpxtpx:TrackPointExtension>
            <gpxtpx:hr>109</gpxtpx:hr>
          </gpxtpx:TrackPointExtension>
        </extensions>
      </trkpt>
      <trkpt lat="22.549217323558903" lon="114.10449868271057">
        <ele>21.399540956132114</ele>
        <time>1970-01-01T00:00:25.700000Z</time>
        <extensions>
          <gpxtpx:TrackPointExtension>
            <gpxtpx:hr>109</gpxtpx:hr>
          </gpxtpx:TrackPointExtension>
        </extensions>
      </trkpt>
      <trkpt lat="22.549209882448487" lon="114.10447818941603">
        <ele>21.731082203797996</ele>
        <time>1970-01-01T00:00:26.700000Z</time>
        <extensions>
          <gpxtpx:TrackPointExtension>
            <gpxtpx:hr>109</gpxtpx:hr>
          </gpxtpx:TrackPointExtension>
        </extensions>
      </trkpt>
      <trkpt lat="22.549200379507024" lon="114.10445597688727">
        <ele>22.080286841839552</ele>
        <time>1970-01-01T00:00:27.700000Z</time>
        <extensions>
          <gpxtpx:TrackPointExtension>
            <gpxtpx:hr>115</gpxtpx:hr>
          </gpxtpx:TrackPointExtension>
        </extensions>
      </trkpt>
      <trkpt lat="22.549191111247154" lon="114.10443352670374">
        <ele>22.43880896642804</ele>
        <time>1970-01-01T00:00:28.700000Z</time>
        <extensions>
          <gpxtpx:TrackPointExtension>
            <gpxtpx:hr>115</gpxtpx:hr>
          </gpxtpx:TrackPointExtension>
        </extensions>
      </trkpt>
      <trkpt lat="22.549183066529434" lon="114.10441076442049">
        <ele>22.80511113628745</ele>
        <time>1970-01-01T00:00:29.700000Z</time>
        <extensions>
          <gpxtpx:TrackPointExtension>
            <gpxtpx:hr>115</gpxtpx:hr>
          </gpxtpx:TrackPointExtension>
        </extensions>
      </trkpt>
      <trkpt lat="22.54917618039784" lon="114.10438833010186">
        <ele>23.160748468711972</ele>
        <time>1970-01-01T00:00:30.700000Z</time>
        <extensions>
          <gpxtpx:TrackPointExtension>
            <gpxtpx:hr>115</gpxtpx:hr>
          </gpxtpx:TrackPointExtension>
        </extensions>
      </trkpt>
      <trkpt lat="22.549168821008305" lon="114.1043654016404">
        <ele>23.504517540335655</ele>
        <time>1970-01-01T00:00:31.700000Z</time>
        <extensions>
          <gpxtpx:TrackPointExtension>
            <gpxtpx:hr>115</gpxtpx:hr>
          </gpxtpx:TrackPointExtension>
        </extensions>
      </trkpt>
      <trkpt lat="22.549160037333753" lon="114.10434004497213">
        <ele>23.829034448601305</ele>
        <time>1970-01-01T00:00:32.700000Z</time>
        <extensions>
          <gpxtpx:TrackPointExtension>
            <gpxtpx:hr>117</gpxtpx:hr>
          </gpxtpx:TrackPointExtension>
        </extensions>
      </trkpt>
      <trkpt lat="22.54915119726506" lon="114.10431353047204">
        <ele>24.1094766035676</ele>
        <time>1970-01-01T00:00:33.700000Z</time>
        <extensions>
          <gpxtpx:TrackPointExtension>
            <gpxtpx:hr>117</gpxtpx:hr>
          </gpxtpx:TrackPointExtension>
        </extensions>
      </trkpt>
      <trkpt lat="22.549144032844392" lon="114.10428756614293">
        <ele>24.371773415245116</ele>
        <time>1970-01-01T00:00:34.700000Z</time>
        <extensions>
          <gpxtpx:TrackPointExtension>
            <gpxtpx:hr>117</gpxtpx:hr>
          </gpxtpx:TrackPointExtension>
        </extensions>
      </trkpt>
      <trkpt lat="22.549137592880996" lon="114.10426266945467">
        <ele>24.61287926323712</ele>
        <time>1970-01-01T00:00:35.700000Z</time>
        <extensions>
          <gpxtpx:TrackPointExtension>
            <gpxtpx:hr>118</gpxtpx:hr>
          </gpxtpx:TrackPointExtension>
        </extensions>
      </trkpt>
      <trkpt lat="22.549130741219052" lon="114.1042382845461">
        <ele>24.79336086846888</ele>
        <time>1970-01-01T00:00:36.700000Z</time>
        <extensions>
          <gpxtpx:TrackPointExtension>
            <gpxtpx:hr>118</gpxtpx:hr>
          </gpxtpx:TrackPointExtension>
        </extensions>
      </trkpt>
      <trkpt lat="22.5491238524844" lon="114.10421242850393">
        <ele>24.967108292505145</ele>
        <time>1970-01-01T00:00:37.700000Z</time>
        <extensions>
          <gpxtpx:TrackPointExtension>
            <gpxtpx:hr>118</gpxtpx:hr>
          </gpxtpx:TrackPointExtension>
        </extensions>
      </trkpt>
      <trkpt lat="22.549117518032894" lon="114.10418417701787">
        <ele>25.113423204049468</ele>
        <time>1970-01-01T00:00:38.700000Z</time>
        <extensions>
          <gpxtpx:TrackPointExtension>
            <gpxtpx:hr>118</gpxtpx:hr>
          </gpxtpx:TrackPointExtension>
        </extensions>
      </trkpt>
      <trkpt lat="22.549111871721493" lon="114.10415464423698">
        <ele>25.23987862560898</ele>
        <time>1970-01-01T00:00:39.700000Z</time>
        <extensions>
          <gpxtpx:TrackPointExtension>
            <gpxtpx:hr>118</gpxtpx:hr>
          </gpxtpx:TrackPointExtension>
        </extensions>
      </trkpt>
      <trkpt lat="22.54910665509849" lon="114.1041258385308">
        <ele>25.364398933947086</ele>
        <time>1970-01-01T00:00:40.700000Z</time>
        <extensions>
          <gpxtpx:TrackPointExtension>
            <gpxtpx:hr>122</gpxtpx:hr>
          </gpxtpx:TrackPointExtension>
        </extensions>
      </trkpt>
      <trkpt lat="22.549102167570606" lon="114.10409765268552">
        <ele>25.504427580162883</ele>
        <time>1970-01-01T00:00:41.700000Z</time>
        <extensions>
          <gpxtpx:TrackPointExtension>
            <gpxtpx:hr>122</gpxtpx:hr>
          </gpxtpx:TrackPointExtension>
        </extensions>
      </trkpt>
      <trkpt lat="22.549099539492403" lon="114.10406812943599">
        <ele>25.672885932959616</ele>
        <time>1970-01-01T00:00:42.700000Z</time>
        <extensions>
          <gpxtpx:TrackPointExtension>
            <gpxtpx:hr>122</gpxtpx:hr>
          </gpxtpx:TrackPointExtension>
        </extensions>
      </trkpt>
      <trkpt lat="22.54909981457749" lon="114.1040357149796">
        <ele>25.889583200216293</ele>
        <time>1970-01-01T00:00:43.700000Z</time>
        <extensions>
          <gpxtpx:TrackPointExtension>
            <gpxtpx:hr>122</gpxtpx:hr>
          </gpxtpx:TrackPointExtension>
        </extensions>
      </trkpt>
      <trkpt lat="22.549102447938406" lon="114.1040016281082">
        <ele>26.189409902319312</ele>
        <time>1970-01-01T00:00:44.700000Z</time>
        <extensions>
          <gpxtpx:TrackPointExtension>
            <gpxtpx:hr>122</gpxtpx:hr>
          </gpxtpx:TrackPointExtension>
        </extensions>
      </trkpt>
      <trkpt lat="22.54910562786475" lon="114.10396783574784">
        <ele>26.581094187684357</ele>
        <time>1970-01-01T00:00:45.700000Z</time>
        <extensions>
          <gpxtpx:TrackPointExtension>
            <gpxtpx:hr>122</gpxtpx:hr>
          </gpxtpx:TrackPointExtension>
        </extensions>
      </trkpt>
      <trkpt lat="22.549107802819048" lon="114.10393589947556">
        <ele>27.05293194949627</ele>
        <time>1970-01-01T00:00:46.700000Z</time>
        <extensions>
          <gpxtpx:TrackPointExtension>
            <gpxtpx:hr>122</gpxtpx:hr>
          </gpxtpx:TrackPointExtension>
        </extensions>
      </trkpt>
      <trkpt lat="22.549108380313434" lon="114.10390605299438">
        <ele>27.603011151775718</ele>
        <time>1970-01-01T00:00:47.700000Z</time>
        <extensions>
          <gpxtpx:TrackPointExtension>
            <gpxtpx:hr>122</gpxtpx:hr>
          </gpxtpx:TrackPointExtension>
        </extensions>
      </trkpt>
      <trkpt lat="22.549107595481644" lon="114.10387710346448">
        <ele>28.23472247365862</ele>
        <time>1970-01-01T00:00:48.700000Z</time>
        <extensions>
          <gpxtpx:TrackPointExtension>
            <gpxtpx:hr>122</gpxtpx:hr>
          </gpxtpx:TrackPointExtension>
        </extensions>
      </trkpt>
      <trkpt lat="22.549106397877868" lon="114.10384794086525">
        <ele>28.978707779198885</ele>
        <time>1970-01-01T00:00:49.700000Z</time>
        <extensions>
          <gpxtpx:TrackPointExtension>
            <gpxtpx:hr>122</gpxtpx:hr>
          </gpxtpx:TrackPointExtension>
        </extensions>
      </trkpt>
      <trkpt lat="22.549105695495665" lon="114.1038176448552">
        <ele>29.776293294504285</ele>
        <time>1970-01-01T00:00:50.700000Z</time>
        <extensions>
          <gpxtpx:TrackPointExtension>
            <gpxtpx:hr>125</gpxtpx:hr>
          </gpxtpx:TrackPointExtension>
        </extensions>
      </trkpt>
      <trkpt lat="22.549106302888685" lon="114.10378652247037">
        <ele>30.63941920734942</ele>
        <time>1970-01-01T00:00:51.700000Z</time>
        <extensions>
          <gpxtpx:TrackPointExtension>
            <gpxtpx:hr>125</gpxtpx:hr>
          </gpxtpx:TrackPointExtension>
        </extensions>
      </trkpt>
      <trkpt lat="22.549108746481394" lon="114.10375603989466">
        <ele>31.526077113114297</ele>
        <time>1970-01-01T00:00:52.700000Z</time>
        <extensions>
          <gpxtpx:TrackPointExtension>
            <gpxtpx:hr>125</gpxtpx:hr>
          </gpxtpx:TrackPointExtension>
        </extensions>
      </trkpt>
      <trkpt lat="22.549112648543517" lon="114.10372552391604">
        <ele>32.410661480389535</ele>
        <time>1970-01-01T00:00:53.700000Z</time>
        <extensions>
          <gpxtpx:TrackPointExtension>
            <gpxtpx:hr>125</gpxtpx:hr>
          </gpxtpx:TrackPointExtension>
        </extensions>
      </trkpt>
      <trkpt lat="22.549117210837185" lon="114.10369395237655">
        <ele>33.29389053583145</ele>
        <time>1970-01-01T00:00:54.700000Z</time>
        <extensions>
          <gpxtpx:TrackPointExtension>
            <gpxtpx:hr>125</gpxtpx:hr>
          </gpxtpx:TrackPointExtension>
        </extensions>
      </trkpt>
      <trkpt lat="22.54912180574811" lon="114.10366171972133">
        <ele>34.16038238350302</ele>
        <time>1970-01-01T00:00:55.700000Z</time>
        <extensions>
          <gpxtpx:TrackPointExtension>
            <gpxtpx:hr>129</gpxtpx:hr>
          </gpxtpx:TrackPointExtension>
        </extensions>
      </trkpt>
      <trkpt lat="22.54912591212077" lon="114.10362986003848">
        <ele>34.944101764820516</ele>
        <time>1970-01-01T00:00:56.700000Z</time>
        <extensions>
          <gpxtpx:TrackPointExtension>
            <gpxtpx:hr>129</gpxtpx:hr>
          </gpxtpx:TrackPointExtension>
        </extensions>
      </trkpt>
      <trkpt lat="22.549129181906796" lon="114.10359854537475">
        <ele>35.620617903769016</ele>
        <time>1970-01-01T00:00:57.700000Z</time>
        <extensions>
          <gpxtpx:TrackPointExtension>
            <gpxtpx:hr>129</gpxtpx:hr>
          </gpxtpx:TrackPointExtension>
        </extensions>
      </trkpt>
      <trkpt lat="22.549131656261803" lon="114.10356780403211">
        <ele>36.217555491253734</ele>
        <time>1970-01-01T00:00:58.700000Z</time>
        <extensions>
          <gpxtpx:TrackPointExtension>
            <gpxtpx:hr>129</gpxtpx:hr>
          </gpxtpx:TrackPointExtension>
        </extensions>
      </trkpt>
      <trkpt lat="22.549133243701245" lon="114.10353748427957">
        <ele>36.72685680259019</ele>
        <time>1970-01-01T00:00:59.700000Z</time>
        <extensions>
          <gpxtpx:TrackPointExtension>
            <gpxtpx:hr>129</gpxtpx:hr>
          </gpxtpx:TrackPointExtension>
        </extensions>
      </trkpt>
      <trkpt lat="22.54913378037021" lon="114.10350723267891">
        <ele>37.118823416531086</ele>
        <time>1970-01-01T00:01:00.700000Z</time>
        <extensions>
          <gpxtpx:TrackPointExtension>
            <gpxtpx:hr>129</gpxtpx:hr>
          </gpxtpx:TrackPointExtension>
        </extensions>
      </trkpt>
      <trkpt lat="22.549134148391733" lon="114.1034764500794">
        <ele>37.42538304254413</ele>
        <time>1970-01-01T00:01:01.700000Z</time>
        <extensions>
          <gpxtpx:TrackPointExtension>
            <gpxtpx:hr>133</gpxtpx:hr>
          </gpxtpx:TrackPointExtension>
        </extensions>
      </trkpt>
      <trkpt lat="22.54913564743017" lon="114.10344466213381">
        <ele>37.614633494988084</ele>
        <time>1970-01-01T00:01:02.700000Z</time>
        <extensions>
          <gpxtpx:TrackPointExtension>
            <gpxtpx:hr>133</gpxtpx:hr>
          </gpxtpx:TrackPointExtension>
        </extensions>
      </trkpt>
      <trkpt lat="22.549139040793797" lon="114.10341231892286">
        <ele>37.68181550502777</ele>
        <time>1970-01-01T00:01:03.700000Z</time>
        <extensions>
          <gpxtpx:TrackPointExtension>
            <gpxtpx:hr>133</gpxtpx:hr>
          </gpxtpx:TrackPointExtension>
        </extensions>
      </trkpt>
      <trkpt lat="22.549144115069545" lon="114.1033801251837">
        <ele>37.6377573935315</ele>
        <time>1970-01-01T00:01:04.700000Z</time>
        <extensions>
          <gpxtpx:TrackPointExtension>
            <gpxtpx:hr>133</gpxtpx:hr>
          </gpxtpx:TrackPointExtension>
        </extensions>
      </trkpt>
      <trkpt lat="22.54914954707768" lon="114.1033477011193">
        <ele>37.455208553001285</ele>
        <time>1970-01-01T00:01:05.700000Z</time>
        <extensions>
          <gpxtpx:TrackPointExtension>
            <gpxtpx:hr>133</gpxtpx:hr>
          </gpxtpx:TrackPointExtension>
        </extensions>
      </trkpt>
      <trkpt lat="22.54915439578191" lon="114.10331523775925">
        <ele>37.12629802618176</ele>
        <time>1970-01-01T00:01:06.700000Z</time>
        <extensions>
          <gpxtpx:TrackPointExtension>
            <gpxtpx:hr>135</gpxtpx:hr>
          </gpxtpx:TrackPointExtension>
        </extensions>
      </trkpt>
      <trkpt lat="22.54915831749082" lon="114.10328313550899">
        <ele>36.72504995577037</ele>
        <time>1970-01-01T00:01:07.700000Z</time>
        <extensions>
          <gpxtpx:TrackPointExtension>
            <gpxtpx:hr>135</gpxtpx:hr>
          </gpxtpx:TrackPointExtension>
        </extensions>
      </trkpt>
      <trkpt lat="22.54916086602448" lon="114.10325211540582">
        <ele>36.239694685675204</ele>
        <time>1970-01-01T00:01:08.700000Z</time>
        <extensions>
          <gpxtpx:TrackPointExtension>
            <gpxtpx:hr>135</gpxtpx:hr>
          </gpxtpx:TrackPointExtension>
        </extensions>
      </trkpt>
      <trkpt lat="22.549160767813238" lon="114.10322134410764">
        <ele>35.67863460723311</ele>
        <time>1970-01-01T00:01:09.700000Z</time>
        <extensions>
          <gpxtpx:TrackPointExtension>
            <gpxtpx:hr>135</gpxtpx:hr>
          </gpxtpx:TrackPointExtension>
        </extensions>
      </trkpt>
      <trkpt lat="22.549157093081053" lon="114.10318947365202">
        <ele>35.065992002375424</ele>
        <time>1970-01-01T00:01:10.700000Z</time>
        <extensions>
          <gpxtpx:TrackPointExtension>
            <gpxtpx:hr>135</gpxtpx:hr>
          </gpxtpx:TrackPointExtension>
        </extensions>
      </trkpt>
      <trkpt lat="22.549151096167698" lon="114.10315691053904">
        <ele>34.37507000938058</ele>
        <time>1970-01-01T00:01:11.700000Z</time>
        <extensions>
          <gpxtpx:TrackPointExtension>
            <gpxtpx:hr>138</gpxtpx:hr>
          </gpxtpx:TrackPointExtension>
        </extensions>
      </trkpt>
      <trkpt lat="22.54914454773331" lon="114.10312492939318">
        <ele>33.65652784984559</ele>
        <time>1970-01-01T00:01:12.700000Z</time>
        <extensions>
          <gpxtpx:TrackPointExtension>
            <gpxtpx:hr>138</gpxtpx:hr>
          </gpxtpx:TrackPointExtension>
        </extensions>
      </trkpt>
      <trkpt lat="22.549137424514157" lon="114.1030952554801">
        <ele>32.88943949341774</ele>
        <time>1970-01-01T00:01:13.700000Z</time>
        <extensions>
          <gpxtpx:TrackPointExtension>
            <gpxtpx:hr>138</gpxtpx:hr>
          </gpxtpx:TrackPointExtension>
        </extensions>
      </trkpt>
      <trkpt lat="22.549129270923434" lon="114.10306810945931">
        <ele>32.07825258933008</ele>
        <time>1970-01-01T00:01:14.700000Z</time>
        <extensions>
          <gpxtpx:TrackPointExtension>
            <gpxtpx:hr>138</gpxtpx:hr>
          </gpxtpx:TrackPointExtension>
        </extensions>
      </trkpt>
      <trkpt lat="22.549120146710823" lon="114.10304134813902">
        <ele>31.239313249476254</ele>
        <time>1970-01-01T00:01:15.700000Z</time>
        <extensions>
          <gpxtpx:TrackPointExtension>
            <gpxtpx:hr>138</gpxtpx:hr>
          </gpxtpx:TrackPointExtension>
        </extensions>
      </trkpt>
      <trkpt lat="22.549111012762026" lon="114.10301428883702">
        <ele>30.383624715730548</ele>
        <time>1970-01-01T00:01:16.700000Z</time>
        <extensions>
          <gpxtpx:TrackPointExtension>
            <gpxtpx:hr>138</gpxtpx:hr>
          </gpxtpx:TrackPointExtension>
        </extensions>
      </trkpt>
      <trkpt lat="22.549102762882114" lon="114.10298719674216">
        <ele>29.570032108575106</ele>
        <time>1970-01-01T00:01:17.700000Z</time>
        <extensions>
          <gpxtpx:TrackPointExtension>
            <gpxtpx:hr>138</gpxtpx:hr>
          </gpxtpx:TrackPointExtension>
        </extensions>
      </trkpt>
      <trkpt lat="22.54909467324108" lon="114.10296032768298">
        <ele>28.75687946099788</ele>
        <time>1970-01-01T00:01:18.700000Z</time>
        <extensions>
          <gpxtpx:TrackPointExtension>
            <gpxtpx:hr>138</gpxtpx:hr>
          </gpxtpx:TrackPointExtension>
        </extensions>
      </trkpt>
      <trkpt lat="22.549085934037034" lon="114.10293372123385">
        <ele>27.94738315604627</ele>
        <time>1970-01-01T00:01:19.700000Z</time>
        <extensions>
          <gpxtpx:TrackPointExtension>
            <gpxtpx:hr>138</gpxtpx:hr>
          </gpxtpx:TrackPointExtension>
        </extensions>
      </trkpt>
      <trkpt lat="22.549076260923893" lon="114.10290650736997">
        <ele>27.174392093904316</ele>
        <time>1970-01-01T00:01:20.700000Z</time>
        <extensions>
          <gpxtpx:TrackPointExtension>
            <gpxtpx:hr>138</gpxtpx:hr>
          </gpxtpx:TrackPointExtension>
        </extensions>
      </trkpt>
      <trkpt lat="22.549065382628388" lon="114.10287951270857">
        <ele>26.448585133999586</ele>
        <time>1970-01-01T00:01:21.700000Z</time>
        <extensions>
          <gpxtpx:TrackPointExtension>
            <gpxtpx:hr>138</gpxtpx:hr>
          </gpxtpx:TrackPointExtension>
        </extensions>
      </trkpt>
      <trkpt lat="22.54905293327295" lon="114.10285362577999">
        <ele>25.774849470704794</ele>
        <time>1970-01-01T00:01:22.700000Z</time>
        <extensions>
          <gpxtpx:TrackPointExtension>
            <gpxtpx:hr>138</gpxtpx:hr>
          </gpxtpx:TrackPointExtension>
        </extensions>
      </trkpt>
      <trkpt lat="22.5490389394637" lon="114.10282880535888">
        <ele>25.152318689972162</ele>
        <time>1970-01-01T00:01:23.700000Z</time>
        <extensions>
          <gpxtpx:TrackPointExtension>
            <gpxtpx:hr>139</gpxtpx:hr>
          </gpxtpx:TrackPointExtension>
        </extensions>
      </trkpt>
      <trkpt lat="22.549023216482635" lon="114.1028049963066">
        <ele>24.589735909365118</ele>
        <time>1970-01-01T00:01:24.700000Z</time>
        <extensions>
          <gpxtpx:TrackPointExtension>
            <gpxtpx:hr>139</gpxtpx:hr>
          </gpxtpx:TrackPointExtension>
        </extensions>
      </trkpt>
      <trkpt lat="22.549006064166182" lon="114.1027823533445">
        <ele>24.113215901888907</ele>
        <time>1970-01-01T00:01:25.700000Z</time>
        <extensions>
          <gpxtpx:TrackPointExtension>
            <gpxtpx:hr>139</gpxtpx:hr>
          </gpxtpx:TrackPointExtension>
        </extensions>
      </trkpt>
      <trkpt lat="22.54898824549754" lon="114.10276153676124">
        <ele>23.723886818625033</ele>
        <time>1970-01-01T00:01:26.700000Z</time>
        <extensions>
          <gpxtpx:TrackPointExtension>
            <gpxtpx:hr>139</gpxtpx:hr>
          </gpxtpx:TrackPointExtension>
        </extensions>
      </trkpt>
      <trkpt lat="22.54897001746104" lon="114.10274233710008">
        <ele>23.422421230003238</ele>
        <time>1970-01-01T00:01:27.700000Z</time>
        <extensions>
          <gpxtpx:TrackPointExtension>
            <gpxtpx:hr>139</gpxtpx:hr>
          </gpxtpx:TrackPointExtension>
        </extensions>
      </trkpt>
      <trkpt lat="22.548951180528793" lon="114.10272391357317">
        <ele>23.149428183212876</ele>
        <time>1970-01-01T00:01:28.700000Z</time>
        <extensions>
          <gpxtpx:TrackPointExtension>
            <gpxtpx:hr>139</gpxtpx:hr>
          </gpxtpx:TrackPointExtension>
        </extensions>
      </trkpt>
      <trkpt lat="22.548931441780237" lon="114.10270620318175">
        <ele>22.931193734519184</ele>
        <time>1970-01-01T00:01:29.700000Z</time>
        <extensions>
          <gpxtpx:TrackPointExtension>
            <gpxtpx:hr>139</gpxtpx:hr>
          </gpxtpx:TrackPointExtension>
        </extensions>
      </trkpt>
      <trkpt lat="22.548910684188453" lon="114.10268904640297">
        <ele>22.75124405603856</ele>
        <time>1970-01-01T00:01:30.700000Z</time>
        <extensions>
          <gpxtpx:TrackPointExtension>
            <gpxtpx:hr>139</gpxtpx:hr>
          </gpxtpx:TrackPointExtension>
        </extensions>
      </trkpt>
      <trkpt lat="22.54888924990124" lon="114.10267178106076">
        <ele>22.58331173006445</ele>
        <time>1970-01-01T00:01:31.700000Z</time>
        <extensions>
          <gpxtpx:TrackPointExtension>
            <gpxtpx:hr>139</gpxtpx:hr>
          </gpxtpx:TrackPointExtension>
        </extensions>
      </trkpt>
      <trkpt lat="22.548868194998633" lon="114.10265366028864">
        <ele>22.473230335861444</ele>
        <time>1970-01-01T00:01:32.700000Z</time>
        <extensions>
          <gpxtpx:TrackPointExtension>
            <gpxtpx:hr>139</gpxtpx:hr>
          </gpxtpx:TrackPointExtension>
        </extensions>
      </trkpt>
      <trkpt lat="22.548847911865927" lon="114.1026342696979">
        <ele>22.375495973043144</ele>
        <time>1970-01-01T00:01:33.700000Z</time>
        <extensions>
          <gpxtpx:TrackPointExtension>
            <gpxtpx:hr>139</gpxtpx:hr>
          </gpxtpx:TrackPointExtension>
        </extensions>
      </trkpt>
      <trkpt lat="22.548827887351827" lon="114.10261438747517">
        <ele>22.29465701431036</ele>
        <time>1970-01-01T00:01:34.700000Z</time>
        <extensions>
          <gpxtpx:TrackPointExtension>
            <gpxtpx:hr>139</gpxtpx:hr>
          </gpxtpx:TrackPointExtension>
        </extensions>
      </trkpt>
      <trkpt lat="22.548807759538445" lon="114.1025945531457">
        <ele>22.226364987902343</ele>
        <time>1970-01-01T00:01:35.700000Z</time>
        <extensions>
          <gpxtpx:TrackPointExtension>
            <gpxtpx:hr>140</gpxtpx:hr>
          </gpxtpx:TrackPointExtension>
        </extensions>
      </trkpt>
      <trkpt lat="22.54878782449051" lon="114.10257502563714">
        <ele>22.134297657757998</ele>
        <time>1970-01-01T00:01:36.700000Z</time>
        <extensions>
          <gpxtpx:TrackPointExtension>
            <gpxtpx:hr>140</gpxtpx:hr>
          </gpxtpx:TrackPointExtension>
        </extensions>
      </trkpt>
      <trkpt lat="22.54876894956193" lon="114.10255599387678">
        <ele>22.021929243579507</ele>
        <time>1970-01-01T00:01:37.700000Z</time>
        <extensions>
          <gpxtpx:TrackPointExtension>
            <gpxtpx:hr>140</gpxtpx:hr>
          </gpxtpx:TrackPointExtension>
        </extensions>
      </trkpt>
      <trkpt lat="22.548751523476483" lon="114.10253768773421">
        <ele>21.879254480823874</ele>
        <time>1970-01-01T00:01:38.700000Z</time>
        <extensions>
          <gpxtpx:TrackPointExtension>
            <gpxtpx:hr>140</gpxtpx:hr>
          </gpxtpx:TrackPointExtension>
        </extensions>
      </trkpt>
      <trkpt lat="22.54873447421319" lon="114.10251943418639">
        <ele>21.727115395478904</ele>
        <time>1970-01-01T00:01:39.700000Z</time>
        <extensions>
          <gpxtpx:TrackPointExtension>
            <gpxtpx:hr>140</gpxtpx:hr>
          </gpxtpx:TrackPointExtension>
        </extensions>
      </trkpt>
      <trkpt lat="22.548717069180668" lon="114.10250010242696">
        <ele>21.56892066821456</ele>
        <time>1970-01-01T00:01:40.700000Z</time>
        <extensions>
          <gpxtpx:TrackPointExtension>
            <gpxtpx:hr>140</gpxtpx:hr>
          </gpxtpx:TrackPointExtension>
        </extensions>
      </trkpt>
      <trkpt lat="22.548700224031784" lon="114.10247966246332">
        <ele>21.394146731123328</ele>
        <time>1970-01-01T00:01:41.700000Z</time>
        <extensions>
          <gpxtpx:TrackPointExtension>
            <gpxtpx:hr>140</gpxtpx:hr>
          </gpxtpx:TrackPointExtension>
        </extensions>
      </trkpt>
      <trkpt lat="22.54868540046358" lon="114.102458071688">
        <ele>21.201615568250418</ele>
        <time>1970-01-01T00:01:42.700000Z</time>
        <extensions>
          <gpxtpx:TrackPointExtension>
            <gpxtpx:hr>140</gpxtpx:hr>
          </gpxtpx:TrackPointExtension>
        </extensions>
      </trkpt>
      <trkpt lat="22.548672786936923" lon="114.10243571660997">
        <ele>20.979518245905638</ele>
        <time>1970-01-01T00:01:43.700000Z</time>
        <extensions>
          <gpxtpx:TrackPointExtension>
            <gpxtpx:hr>140</gpxtpx:hr>
          </gpxtpx:TrackPointExtension>
        </extensions>
      </trkpt>
      <trkpt lat="22.548660485091133" lon="114.10241312835946">
        <ele>20.738150005228817</ele>
        <time>1970-01-01T00:01:44.700000Z</time>
        <extensions>
          <gpxtpx:TrackPointExtension>
            <gpxtpx:hr>140</gpxtpx:hr>
          </gpxtpx:TrackPointExtension>
        </extensions>
      </trkpt>
      <trkpt lat="22.54864694656892" lon="114.10239042830943">
        <ele>20.46815216075629</ele>
        <time>1970-01-01T00:01:45.700000Z</time>
        <extensions>
          <gpxtpx:TrackPointExtension>
            <gpxtpx:hr>141</gpxtpx:hr>
          </gpxtpx:TrackPointExtension>
        </extensions>
      </trkpt>
      <trkpt lat="22.5486325334859" lon="114.10236781608421">
        <ele>20.177753780037165</ele>
        <time>1970-01-01T00:01:46.700000Z</time>
        <extensions>
          <gpxtpx:TrackPointExtension>
            <gpxtpx:hr>141</gpxtpx:hr>
          </gpxtpx:TrackPointExtension>
        </extensions>
      </trkpt>
      <trkpt lat="22.54861793317025" lon="114.10234530903304">
        <ele>19.88128185644746</ele>
        <time>1970-01-01T00:01:47.700000Z</time>
        <extensions>
          <gpxtpx:TrackPointExtension>
            <gpxtpx:hr>141</gpxtpx:hr>
          </gpxtpx:TrackPointExtension>
        </extensions>
      </trkpt>
      <trkpt lat="22.548603719598596" lon="114.1023226529201">
        <ele>19.578676905483007</ele>
        <time>1970-01-01T00:01:48.700000Z</time>
        <extensions>
          <gpxtpx:TrackPointExtension>
            <gpxtpx:hr>141</gpxtpx:hr>
          </gpxtpx:TrackPointExtension>
        </extensions>
      </trkpt>
      <trkpt lat="22.548589914539782" lon="114.10229974249815">
        <ele>19.25877880025655</ele>
        <time>1970-01-01T00:01:49.700000Z</time>
        <extensions>
          <gpxtpx:TrackPointExtension>
            <gpxtpx:hr>141</gpxtpx:hr>
          </gpxtpx:TrackPointExtension>
        </extensions>
      </trkpt>
      <trkpt lat="22.548575024262146" lon="114.10227681171753">
        <ele>18.93885378073901</ele>
        <time>1970-01-01T00:01:50.700000Z</time>
        <extensions>
          <gpxtpx:TrackPointExtension>
            <gpxtpx:hr>141</gpxtpx:hr>
          </gpxtpx:TrackPointExtension>
        </extensions>
      </trkpt>
      <trkpt lat="22.548558120025383" lon="114.10225359784604">
        <ele>18.613762236200273</ele>
        <time>1970-01-01T00:01:51.700000Z</time>
        <extensions>
          <gpxtpx:TrackPointExtension>
            <gpxtpx:hr>141</gpxtpx:hr>
          </gpxtpx:TrackPointExtension>
        </extensions>
      </trkpt>
      <trkpt lat="22.54854020820059" lon="114.10222968009263">
        <ele>18.28335544280708</ele>
        <time>1970-01-01T00:01:52.700000Z</time>
        <extensions>
          <gpxtpx:TrackPointExtension>
            <gpxtpx:hr>141</gpxtpx:hr>
          </gpxtpx:TrackPointExtension>
        </extensions>
      </trkpt>
      <trkpt lat="22.548522835982084" lon="114.10220621349232">
        <ele>17.98337507713586</ele>
        <time>1970-01-01T00:01:53.700000Z</time>
        <extensions>
          <gpxtpx:TrackPointExtension>
            <gpxtpx:hr>141</gpxtpx:hr>
          </gpxtpx:TrackPointExtension>
        </extensions>
      </trkpt>
      <trkpt lat="22.548505295300107" lon="114.10218450449014">
        <ele>17.680260498076677</ele>
        <time>1970-01-01T00:01:54.700000Z</time>
        <extensions>
          <gpxtpx:TrackPointExtension>
            <gpxtpx:hr>141</gpxtpx:hr>
          </gpxtpx:TrackPointExtension>
        </extensions>
      </trkpt>
      <trkpt lat="22.548486381806306" lon="114.10216538470986">
        <ele>17.365975213237107</ele>
        <time>1970-01-01T00:01:55.700000Z</time>
        <extensions>
          <gpxtpx:TrackPointExtension>
            <gpxtpx:hr>142</gpxtpx:hr>
          </gpxtpx:TrackPointExtension>
        </extensions>
      </trkpt>
      <trkpt lat="22.548466270203125" lon="114.10214832122837">
        <ele>17.08246819023043</ele>
        <time>1970-01-01T00:01:56.700000Z</time>
        <extensions>
          <gpxtpx:TrackPointExtension>
            <gpxtpx:hr>142</gpxtpx:hr>
          </gpxtpx:TrackPointExtension>
        </extensions>
      </trkpt>
      <trkpt lat="22.54844602387608" lon="114.10213204280552">
        <ele>16.822912666015327</ele>
        <time>1970-01-01T00:01:57.700000Z</time>
        <extensions>
          <gpxtpx:TrackPointExtension>
            <gpxtpx:hr>142</gpxtpx:hr>
          </gpxtpx:TrackPointExtension>
        </extensions>
      </trkpt>
      <trkpt lat="22.548426564108034" lon="114.10211626383334">
        <ele>16.5834836428985</ele>
        <time>1970-01-01T00:01:58.700000Z</time>
        <extensions>
          <gpxtpx:TrackPointExtension>
            <gpxtpx:hr>142</gpxtpx:hr>
          </gpxtpx:TrackPointExtension>
        </extensions>
      </trkpt>
      <trkpt lat="22.54840823152237" lon="114.10210144630042">
        <ele>16.376758961007</ele>
        <time>1970-01-01T00:01:59.700000Z</time>
        <extensions>
          <gpxtpx:TrackPointExtension>
            <gpxtpx:hr>142</gpxtpx:hr>
          </gpxtpx:TrackPointExtension>
        </extensions>
      </trkpt>
      <trkpt lat="22.548389893881062" lon="114.10208665994595">
        <ele>16.213154061697423</ele>
        <time>1970-01-01T00:02:00.700000Z</time>
        <extensions>
          <gpxtpx:TrackPointExtension>
            <gpxtpx:hr>142</gpxtpx:hr>
          </gpxtpx:TrackPointExtension>
        </extensions>
      </trkpt>
      <trkpt lat="22.548370516529086" lon="114.10206964477625">
        <ele>16.09043021313846</ele>
        <time>1970-01-01T00:02:01.700000Z</time>
        <extensions>
          <gpxtpx:TrackPointExtension>
            <gpxtpx:hr>142</gpxtpx:hr>
          </gpxtpx:TrackPointExtension>
        </extensions>
      </trkpt>
      <trkpt lat="22.54835091901534" lon="114.10205057014723">
        <ele>15.997576861642301</ele>
        <time>1970-01-01T00:02:02.700000Z</time>
        <extensions>
          <gpxtpx:TrackPointExtension>
            <gpxtpx:hr>142</gpxtpx:hr>
          </gpxtpx:TrackPointExtension>
        </extensions>
      </trkpt>
      <trkpt lat="22.54833242556739" lon="114.10203031504692">
        <ele>15.896061711013317</ele>
        <time>1970-01-01T00:02:03.700000Z</time>
        <extensions>
          <gpxtpx:TrackPointExtension>
            <gpxtpx:hr>142</gpxtpx:hr>
          </gpxtpx:TrackPointExtension>
        </extensions>
      </trkpt>
      <trkpt lat="22.5483160867185" lon="114.10200888290034">
        <ele>15.81587147526443</ele>
        <time>1970-01-01T00:02:04.700000Z</time>
        <extensions>
          <gpxtpx:TrackPointExtension>
            <gpxtpx:hr>142</gpxtpx:hr>
          </gpxtpx:TrackPointExtension>
        </extensions>
      </trkpt>
      <trkpt lat="22.54830197619964" lon="114.10198620665993">
        <ele>15.729970874264836</ele>
        <time>1970-01-01T00:02:05.700000Z</time>
        <extensions>
          <gpxtpx:TrackPointExtension>
            <gpxtpx:hr>142</gpxtpx:hr>
          </gpxtpx:TrackPointExtension>
        </extensions>
      </trkpt>
      <trkpt lat="22.548289124117446" lon="114.10196271898229">
        <ele>15.624814787879586</ele>
        <time>1970-01-01T00:02:06.700000Z</time>
        <extensions>
          <gpxtpx:TrackPointExtension>
            <gpxtpx:hr>142</gpxtpx:hr>
          </gpxtpx:TrackPointExtension>
        </extensions>
      </trkpt>
      <trkpt lat="22.548276020184307" lon="114.10193968528549">
        <ele>15.504746353253722</ele>
        <time>1970-01-01T00:02:07.700000Z</time>
        <extensions>
          <gpxtpx:TrackPointExtension>
            <gpxtpx:hr>142</gpxtpx:hr>
          </gpxtpx:TrackPointExtension>
        </extensions>
      </trkpt>
      <trkpt lat="22.548261402490592" lon="114.10191754623855">
        <ele>15.371607304550707</ele>
        <time>1970-01-01T00:02:08.700000Z</time>
        <extensions>
          <gpxtpx:TrackPointExtension>
            <gpxtpx:hr>139</gpxtpx:hr>
          </gpxtpx:TrackPointExtension>
        </extensions>
      </trkpt>
      <trkpt lat="22.548244803684902" lon="114.10189701099272">
        <ele>15.228299946524203</ele>
        <time>1970-01-01T00:02:09.700000Z</time>
        <extensions>
          <gpxtpx:TrackPointExtension>
            <gpxtpx:hr>139</gpxtpx:hr>
          </gpxtpx:TrackPointExtension>
        </extensions>
      </trkpt>
      <trkpt lat="22.54822614571894" lon="114.10187819296694">
        <ele>15.088226829655468</ele>
        <time>1970-01-01T00:02:10.700000Z</time>
        <extensions>
          <gpxtpx:TrackPointExtension>
            <gpxtpx:hr>139</gpxtpx:hr>
          </gpxtpx:TrackPointExtension>
        </extensions>
      </trkpt>
      <trkpt lat="22.548205236938877" lon="114.10185993218009">
        <ele>14.968439782038331</ele>
        <time>1970-01-01T00:02:11.700000Z</time>
        <extensions>
          <gpxtpx:TrackPointExtension>
            <gpxtpx:hr>139</gpxtpx:hr>
          </gpxtpx:TrackPointExtension>
        </extensions>
      </trkpt>
      <trkpt lat="22.548182547368285" lon="114.1018408471512">
        <ele>14.779961385764182</ele>
        <time>1970-01-01T00:02:12.700000Z</time>
        <extensions>
          <gpxtpx:TrackPointExtension>
            <gpxtpx:hr>139</gpxtpx:hr>
          </gpxtpx:TrackPointExtension>
        </extensions>
      </trkpt>
      <trkpt lat="22.548158989218486" lon="114.10181996921803">
        <ele>14.582392813637853</ele>
        <time>1970-01-01T00:02:13.700000Z</time>
        <extensions>
          <gpxtpx:TrackPointExtension>
            <gpxtpx:hr>142</gpxtpx:hr>
          </gpxtpx:TrackPointExtension>
        </extensions>
      </trkpt>
      <trkpt lat="22.548135522385333" lon="114.10179788956532">
        <ele>14.388880759477615</ele>
        <time>1970-01-01T00:02:14.700000Z</time>
        <extensions>
          <gpxtpx:TrackPointExtension>
            <gpxtpx:hr>142</gpxtpx:hr>
          </gpxtpx:TrackPointExtension>
        </extensions>
      </trkpt>
      <trkpt lat="22.54811278660296" lon="114.10177569947462">
        <ele>14.174509290605783</ele>
        <time>1970-01-01T00:02:15.700000Z</time>
        <extensions>
          <gpxtpx:TrackPointExtension>
            <gpxtpx:hr>142</gpxtpx:hr>
          </gpxtpx:TrackPointExtension>
        </extensions>
      </trkpt>
      <trkpt lat="22.548090870278404" lon="114.10175381581709">
        <ele>13.977699934504926</ele>
        <time>1970-01-01T00:02:16.700000Z</time>
        <extensions>
          <gpxtpx:TrackPointExtension>
            <gpxtpx:hr>142</gpxtpx:hr>
          </gpxtpx:TrackPointExtension>
        </extensions>
      </trkpt>
      <trkpt lat="22.54807022365771" lon="114.10173274336529">
        <ele>13.796609936282039</ele>
        <time>1970-01-01T00:02:17.700000Z</time>
        <extensions>
          <gpxtpx:TrackPointExtension>
            <gpxtpx:hr>142</gpxtpx:hr>
          </gpxtpx:TrackPointExtension>
        </extensions>
      </trkpt>
      <trkpt lat="22.54805113116112" lon="114.10171239193629">
        <ele>13.615677018649876</ele>
        <time>1970-01-01T00:02:18.700000Z</time>
        <extensions>
          <gpxtpx:TrackPointExtension>
            <gpxtpx:hr>142</gpxtpx:hr>
          </gpxtpx:TrackPointExtension>
        </extensions>
      </trkpt>
      <trkpt lat="22.548032626226124" lon="114.10169285437037">
        <ele>13.420307925902307</ele>
        <time>1970-01-01T00:02:19.700000Z</time>
        <extensions>
          <gpxtpx:TrackPointExtension>
            <gpxtpx:hr>142</gpxtpx:hr>
          </gpxtpx:TrackPointExtension>
        </extensions>
      </trkpt>
      <trkpt lat="22.548013786948925" lon="114.10167322269967">
        <ele>13.300964775495231</ele>
        <time>1970-01-01T00:02:20.700000Z</time>
        <extensions>
          <gpxtpx:TrackPointExtension>
            <gpxtpx:hr>142</gpxtpx:hr>
          </gpxtpx:TrackPointExtension>
        </extensions>
      </trkpt>
      <trkpt lat="22.547994803587734" lon="114.10165277222302">
        <ele>13.196911641396582</ele>
        <time>1970-01-01T00:02:21.700000Z</time>
        <extensions>
          <gpxtpx:TrackPointExtension>
            <gpxtpx:hr>142</gpxtpx:hr>
          </gpxtpx:TrackPointExtension>
        </extensions>
      </trkpt>
      <trkpt lat="22.547976410999983" lon="114.10163161625808">
        <ele>13.11141537129879</ele>
        <time>1970-01-01T00:02:22.700000Z</time>
        <extensions>
          <gpxtpx:TrackPointExtension>
            <gpxtpx:hr>142</gpxtpx:hr>
          </gpxtpx:TrackPointExtension>
        </extensions>
      </trkpt>
      <trkpt lat="22.54795909211495" lon="114.10161037510262">
        <ele>13.076112614944577</ele>
        <time>1970-01-01T00:02:23.700000Z</time>
        <extensions>
          <gpxtpx:TrackPointExtension>
            <gpxtpx:hr>141</gpxtpx:hr>
          </gpxtpx:TrackPointExtension>
        </extensions>
      </trkpt>
      <trkpt lat="22.547942880547428" lon="114.10159048572044">
        <ele>13.063703213818371</ele>
        <time>1970-01-01T00:02:24.700000Z</time>
        <extensions>
          <gpxtpx:TrackPointExtension>
            <gpxtpx:hr>141</gpxtpx:hr>
          </gpxtpx:TrackPointExtension>
        </extensions>
      </trkpt>
      <trkpt lat="22.547927598725526" lon="114.10157224736712">
        <ele>13.066507090814412</ele>
        <time>1970-01-01T00:02:25.700000Z</time>
        <extensions>
          <gpxtpx:TrackPointExtension>
            <gpxtpx:hr>141</gpxtpx:hr>
          </gpxtpx:TrackPointExtension>
        </extensions>
      </trkpt>
      <trkpt lat="22.54791204738294" lon="114.10155464626165">
        <ele>13.101717438548803</ele>
        <time>1970-01-01T00:02:26.700000Z</time>
        <extensions>
          <gpxtpx:TrackPointExtension>
            <gpxtpx:hr>141</gpxtpx:hr>
          </gpxtpx:TrackPointExtension>
        </extensions>
      </trkpt>
      <trkpt lat="22.547895255058556" lon="114.1015373280426">
        <ele>13.142179041169584</ele>
        <time>1970-01-01T00:02:27.700000Z</time>
        <extensions>
          <gpxtpx:TrackPointExtension>
            <gpxtpx:hr>141</gpxtpx:hr>
          </gpxtpx:TrackPointExtension>
        </extensions>
      </trkpt>
      <trkpt lat="22.547877559144307" lon="114.1015200774198">
        <ele>13.184419603087008</ele>
        <time>1970-01-01T00:02:28.700000Z</time>
        <extensions>
          <gpxtpx:TrackPointExtension>
            <gpxtpx:hr>141</gpxtpx:hr>
          </gpxtpx:TrackPointExtension>
        </extensions>
      </trkpt>
      <trkpt lat="22.54786012008167" lon="114.10150184204919">
        <ele>13.242989350110292</ele>
        <time>1970-01-01T00:02:29.700000Z</time>
        <extensions>
          <gpxtpx:TrackPointExtension>
            <gpxtpx:hr>141</gpxtpx:hr>
          </gpxtpx:TrackPointExtension>
        </extensions>
      </trkpt>
      <trkpt lat="22.547844220809683" lon="114.10148103723188">
        <ele>13.293217532336712</ele>
        <time>1970-01-01T00:02:30.700000Z</time>
        <extensions>
          <gpxtpx:TrackPointExtension>
            <gpxtpx:hr>141</gpxtpx:hr>
          </gpxtpx:TrackPointExtension>
        </extensions>
      </trkpt>
      <trkpt lat="22.54783068410612" lon="114.10145787862395">
        <ele>13.326848222874105</ele>
        <time>1970-01-01T00:02:31.700000Z</time>
        <extensions>
          <gpxtpx:TrackPointExtension>
            <gpxtpx:hr>140</gpxtpx:hr>
          </gpxtpx:TrackPointExtension>
        </extensions>
      </trkpt>
      <trkpt lat="22.54781832281012" lon="114.10143428107925">
        <ele>13.368173832073808</ele>
        <time>1970-01-01T00:02:32.700000Z</time>
        <extensions>
          <gpxtpx:TrackPointExtension>
            <gpxtpx:hr>140</gpxtpx:hr>
          </gpxtpx:TrackPointExtension>
        </extensions>
      </trkpt>
      <trkpt lat="22.54780456683207" lon="114.10141107405627">
        <ele>13.410178842023015</ele>
        <time>1970-01-01T00:02:33.700000Z</time>
        <extensions>
          <gpxtpx:TrackPointExtension>
            <gpxtpx:hr>140</gpxtpx:hr>
          </gpxtpx:TrackPointExtension>
        </extensions>
      </trkpt>
      <trkpt lat="22.547788157119378" lon="114.10138791961874">
        <ele>13.434889467433095</ele>
        <time>1970-01-01T00:02:34.700000Z</time>
        <extensions>
          <gpxtpx:TrackPointExtension>
            <gpxtpx:hr>140</gpxtpx:hr>
          </gpxtpx:TrackPointExtension>
        </extensions>
      </trkpt>
      <trkpt lat="22.547771230585408" lon="114.10136494613828">
        <ele>13.453583059832454</ele>
        <time>1970-01-01T00:02:35.700000Z</time>
        <extensions>
          <gpxtpx:TrackPointExtension>
            <gpxtpx:hr>140</gpxtpx:hr>
          </gpxtpx:TrackPointExtension>
        </extensions>
      </trkpt>
      <trkpt lat="22.54775615794672" lon="114.1013424143169">
        <ele>13.457141369581223</ele>
        <time>1970-01-01T00:02:36.700000Z</time>
        <extensions>
          <gpxtpx:TrackPointExtension>
            <gpxtpx:hr>140</gpxtpx:hr>
          </gpxtpx:TrackPointExtension>
        </extensions>
      </trkpt>
      <trkpt lat="22.547743392806833" lon="114.10131995250072">
        <ele>13.445481941103935</ele>
        <time>1970-01-01T00:02:37.700000Z</time>
        <extensions>
          <gpxtpx:TrackPointExtension>
            <gpxtpx:hr>141</gpxtpx:hr>
          </gpxtpx:TrackPointExtension>
        </extensions>
      </trkpt>
      <trkpt lat="22.547732037610977" lon="114.10129768107838">
        <ele>13.445177267305553</ele>
        <time>1970-01-01T00:02:38.700000Z</time>
        <extensions>
          <gpxtpx:TrackPointExtension>
            <gpxtpx:hr>141</gpxtpx:hr>
          </gpxtpx:TrackPointExtension>
        </extensions>
      </trkpt>
      <trkpt lat="22.547720967441933" lon="114.10127627243887">
        <ele>13.475907482206821</ele>
        <time>1970-01-01T00:02:39.700000Z</time>
        <extensions>
          <gpxtpx:TrackPointExtension>
            <gpxtpx:hr>141</gpxtpx:hr>
          </gpxtpx:TrackPointExtension>
        </extensions>
      </trkpt>
      <trkpt lat="22.547709469657864" lon="114.10125582754688">
        <ele>13.553961091674864</ele>
        <time>1970-01-01T00:02:40.700000Z</time>
        <extensions>
          <gpxtpx:TrackPointExtension>
            <gpxtpx:hr>141</gpxtpx:hr>
          </gpxtpx:TrackPointExtension>
        </extensions>
      </trkpt>
      <trkpt lat="22.547697228728207" lon="114.10123656399614">
        <ele>13.652686022222042</ele>
        <time>1970-01-01T00:02:41.700000Z</time>
        <extensions>
          <gpxtpx:TrackPointExtension>
            <gpxtpx:hr>141</gpxtpx:hr>
          </gpxtpx:TrackPointExtension>
        </extensions>
      </trkpt>
      <trkpt lat="22.54768355559217" lon="114.10121858480079">
        <ele>13.790184125304222</ele>
        <time>1970-01-01T00:02:42.700000Z</time>
        <extensions>
          <gpxtpx:TrackPointExtension>
            <gpxtpx:hr>141</gpxtpx:hr>
          </gpxtpx:TrackPointExtension>
        </extensions>
      </trkpt>
      <trkpt lat="22.54766833202606" lon="114.10120122915305">
        <ele>13.983832870610058</ele>
        <time>1970-01-01T00:02:43.700000Z</time>
        <extensions>
          <gpxtpx:TrackPointExtension>
            <gpxtpx:hr>142</gpxtpx:hr>
          </gpxtpx:TrackPointExtension>
        </extensions>
      </trkpt>
      <trkpt lat="22.547652284278193" lon="114.10118260380465">
        <ele>14.19419754948467</ele>
        <time>1970-01-01T00:02:44.700000Z</time>
        <extensions>
          <gpxtpx:TrackPointExtension>
            <gpxtpx:hr>142</gpxtpx:hr>
          </gpxtpx:TrackPointExtension>
        </extensions>
      </trkpt>
      <trkpt lat="22.547635946485475" lon="114.10116188715627">
        <ele>14.457260836847126</ele>
        <time>1970-01-01T00:02:45.700000Z</time>
        <extensions>
          <gpxtpx:TrackPointExtension>
            <gpxtpx:hr>142</gpxtpx:hr>
          </gpxtpx:TrackPointExtension>
        </extensions>
      </trkpt>
      <trkpt lat="22.547620895310054" lon="114.1011393316694">
        <ele>14.746067492291331</ele>
        <time>1970-01-01T00:02:46.700000Z</time>
        <extensions>
          <gpxtpx:TrackPointExtension>
            <gpxtpx:hr>142</gpxtpx:hr>
          </gpxtpx:TrackPointExtension>
        </extensions>
      </trkpt>
      <trkpt lat="22.54760859437389" lon="114.10111633567226">
        <ele>15.064422324299812</ele>
        <time>1970-01-01T00:02:47.700000Z</time>
        <extensions>
          <gpxtpx:TrackPointExtension>
            <gpxtpx:hr>142</gpxtpx:hr>
          </gpxtpx:TrackPointExtension>
        </extensions>
      </trkpt>
      <trkpt lat="22.547598743253157" lon="114.10109463616986">
        <ele>15.416425782255828</ele>
        <time>1970-01-01T00:02:48.700000Z</time>
        <extensions>
          <gpxtpx:TrackPointExtension>
            <gpxtpx:hr>142</gpxtpx:hr>
          </gpxtpx:TrackPointExtension>
        </extensions>
      </trkpt>
      <trkpt lat="22.54759048754167" lon="114.101074771761">
        <ele>15.78266177419573</ele>
        <time>1970-01-01T00:02:49.700000Z</time>
        <extensions>
          <gpxtpx:TrackPointExtension>
            <gpxtpx:hr>142</gpxtpx:hr>
          </gpxtpx:TrackPointExtension>
        </extensions>
      </trkpt>
      <trkpt lat="22.547582902227244" lon="114.10105504098556">
        <ele>16.139311525970697</ele>
        <time>1970-01-01T00:02:50.700000Z</time>
        <extensions>
          <gpxtpx:TrackPointExtension>
            <gpxtpx:hr>142</gpxtpx:hr>
          </gpxtpx:TrackPointExtension>
        </extensions>
      </trkpt>
      <trkpt lat="22.547576289488767" lon="114.10103237901941">
        <ele>16.48134821932763</ele>
        <time>1970-01-01T00:02:51.700000Z</time>
        <extensions>
          <gpxtpx:TrackPointExtension>
            <gpxtpx:hr>143</gpxtpx:hr>
          </gpxtpx:TrackPointExtension>
        </extensions>
      </trkpt>
      <trkpt lat="22.5475711060437" lon="114.10100664877487">
        <ele>16.78964150045067</ele>
        <time>1970-01-01T00:02:52.700000Z</time>
        <extensions>
          <gpxtpx:TrackPointExtension>
            <gpxtpx:hr>143</gpxtpx:hr>
          </gpxtpx:TrackPointExtension>
        </extensions>
      </trkpt>
      <trkpt lat="22.547566435374055" lon="114.10098078465032">
        <ele>17.065333161503077</ele>
        <time>1970-01-01T00:02:53.700000Z</time>
        <extensions>
          <gpxtpx:TrackPointExtension>
            <gpxtpx:hr>143</gpxtpx:hr>
          </gpxtpx:TrackPointExtension>
        </extensions>
      </trkpt>
      <trkpt lat="22.547562016866777" lon="114.10095640259179">
        <ele>17.288186822086573</ele>
        <time>1970-01-01T00:02:54.700000Z</time>
        <extensions>
          <gpxtpx:TrackPointExtension>
            <gpxtpx:hr>143</gpxtpx:hr>
          </gpxtpx:TrackPointExtension>
        </extensions>
      </trkpt>
      <trkpt lat="22.5475571759039" lon="114.10093487155254">
        <ele>17.454505359753966</ele>
        <time>1970-01-01T00:02:55.700000Z</time>
        <extensions>
          <gpxtpx:TrackPointExtension>
            <gpxtpx:hr>143</gpxtpx:hr>
          </gpxtpx:TrackPointExtension>
        </extensions>
      </trkpt>
      <trkpt lat="22.54755068647499" lon="114.10091694265128">
        <ele>17.58709831815213</ele>
        <time>1970-01-01T00:02:56.700000Z</time>
        <extensions>
          <gpxtpx:TrackPointExtension>
            <gpxtpx:hr>143</gpxtpx:hr>
          </gpxtpx:TrackPointExtension>
        </extensions>
      </trkpt>
      <trkpt lat="22.547541654678355" lon="114.1009027686258">
        <ele>17.696735900826752</ele>
        <time>1970-01-01T00:02:57.700000Z</time>
        <extensions>
          <gpxtpx:TrackPointExtension>
            <gpxtpx:hr>143</gpxtpx:hr>
          </gpxtpx:TrackPointExtension>
        </extensions>
      </trkpt>
      <trkpt lat="22.547529935528306" lon="114.10089279248159">
        <ele>17.78656413499266</ele>
        <time>1970-01-01T00:02:58.700000Z</time>
        <extensions>
          <gpxtpx:TrackPointExtension>
            <gpxtpx:hr>143</gpxtpx:hr>
          </gpxtpx:TrackPointExtension>
        </extensions>
      </trkpt>
      <trkpt lat="22.547514671497563" lon="114.10088547246745">
        <ele>17.865560627542436</ele>
        <time>1970-01-01T00:02:59.700000Z</time>
        <extensions>
          <gpxtpx:TrackPointExtension>
            <gpxtpx:hr>143</gpxtpx:hr>
          </gpxtpx:TrackPointExtension>
        </extensions>
      </trkpt>
      <trkpt lat="22.54749573062926" lon="114.1008774563045">
        <ele>17.955978095531464</ele>
        <time>1970-01-01T00:03:00.700000Z</time>
        <extensions>
          <gpxtpx:TrackPointExtension>
            <gpxtpx:hr>138</gpxtpx:hr>
          </gpxtpx:TrackPointExtension>
        </extensions>
      </trkpt>
      <trkpt lat="22.547476283039657" lon="114.10086580268238">
        <ele>18.05258472263813</ele>
        <time>1970-01-01T00:03:01.700000Z</time>
        <extensions>
          <gpxtpx:TrackPointExtension>
            <gpxtpx:hr>138</gpxtpx:hr>
          </gpxtpx:TrackPointExtension>
        </extensions>
      </trkpt>
      <trkpt lat="22.547460672392265" lon="114.10084851476564">
        <ele>18.165825640782714</ele>
        <time>1970-01-01T00:03:02.700000Z</time>
        <extensions>
          <gpxtpx:TrackPointExtension>
            <gpxtpx:hr>138</gpxtpx:hr>
          </gpxtpx:TrackPointExtension>
        </extensions>
      </trkpt>
      <trkpt lat="22.547450544405656" lon="114.10082567382241">
        <ele>18.310503417626023</ele>
        <time>1970-01-01T00:03:03.700000Z</time>
        <extensions>
          <gpxtpx:TrackPointExtension>
            <gpxtpx:hr>138</gpxtpx:hr>
          </gpxtpx:TrackPointExtension>
        </extensions>
      </trkpt>
      <trkpt lat="22.547445571507275" lon="114.1007991804588">
        <ele>18.482588692568243</ele>
        <time>1970-01-01T00:03:04.700000Z</time>
        <extensions>
          <gpxtpx:TrackPointExtension>
            <gpxtpx:hr>138</gpxtpx:hr>
          </gpxtpx:TrackPointExtension>
        </extensions>
      </trkpt>
      <trkpt lat="22.54744421755594" lon="114.1007704957611">
        <ele>18.685514053329825</ele>
        <time>1970-01-01T00:03:05.700000Z</time>
        <extensions>
          <gpxtpx:TrackPointExtension>
            <gpxtpx:hr>138</gpxtpx:hr>
          </gpxtpx:TrackPointExtension>
        </extensions>
      </trkpt>
      <trkpt lat="22.547444078682293" lon="114.10074033675805">
        <ele>18.913205910474062</ele>
        <time>1970-01-01T00:03:06.700000Z</time>
        <extensions>
          <gpxtpx:TrackPointExtension>
            <gpxtpx:hr>138</gpxtpx:hr>
          </gpxtpx:TrackPointExtension>
        </extensions>
      </trkpt>
      <trkpt lat="22.5474434189221" lon="114.10070944848923">
        <ele>19.166854241862893</ele>
        <time>1970-01-01T00:03:07.700000Z</time>
        <extensions>
          <gpxtpx:TrackPointExtension>
            <gpxtpx:hr>139</gpxtpx:hr>
          </gpxtpx:TrackPointExtension>
        </extensions>
      </trkpt>
      <trkpt lat="22.547441649902236" lon="114.10067836476556">
        <ele>19.434560640715063</ele>
        <time>1970-01-01T00:03:08.700000Z</time>
        <extensions>
          <gpxtpx:TrackPointExtension>
            <gpxtpx:hr>139</gpxtpx:hr>
          </gpxtpx:TrackPointExtension>
        </extensions>
      </trkpt>
      <trkpt lat="22.547439171232163" lon="114.10064739150577">
        <ele>19.70475771650672</ele>
        <time>1970-01-01T00:03:09.700000Z</time>
        <extensions>
          <gpxtpx:TrackPointExtension>
            <gpxtpx:hr>139</gpxtpx:hr>
          </gpxtpx:TrackPointExtension>
        </extensions>
      </trkpt>
      <trkpt lat="22.54743627177315" lon="114.10061605890247">
        <ele>19.969086970202625</ele>
        <time>1970-01-01T00:03:10.700000Z</time>
        <extensions>
          <gpxtpx:TrackPointExtension>
            <gpxtpx:hr>139</gpxtpx:hr>
          </gpxtpx:TrackPointExtension>
        </extensions>
      </trkpt>
      <trkpt lat="22.54743337911896" lon="114.1005840129645">
        <ele>20.22568462509662</ele>
        <time>1970-01-01T00:03:11.700000Z</time>
        <extensions>
          <gpxtpx:TrackPointExtension>
            <gpxtpx:hr>139</gpxtpx:hr>
          </gpxtpx:TrackPointExtension>
        </extensions>
      </trkpt>
      <trkpt lat="22.54743118726103" lon="114.10055166858582">
        <ele>20.46399657987058</ele>
        <time>1970-01-01T00:03:12.700000Z</time>
        <extensions>
          <gpxtpx:TrackPointExtension>
            <gpxtpx:hr>139</gpxtpx:hr>
          </gpxtpx:TrackPointExtension>
        </extensions>
      </trkpt>
      <trkpt lat="22.54742945764772" lon="114.10051948422837">
        <ele>20.659720761701465</ele>
        <time>1970-01-01T00:03:13.700000Z</time>
        <extensions>
          <gpxtpx:TrackPointExtension>
            <gpxtpx:hr>139</gpxtpx:hr>
          </gpxtpx:TrackPointExtension>
        </extensions>
      </trkpt>
      <trkpt lat="22.54742772306155" lon="114.10048853521702">
        <ele>20.82136568147689</ele>
        <time>1970-01-01T00:03:14.700000Z</time>
        <extensions>
          <gpxtpx:TrackPointExtension>
            <gpxtpx:hr>139</gpxtpx:hr>
          </gpxtpx:TrackPointExtension>
        </extensions>
      </trkpt>
      <trkpt lat="22.547425900343146" lon="114.10045924063012">
        <ele>20.945117335766554</ele>
        <time>1970-01-01T00:03:15.700000Z</time>
        <extensions>
          <gpxtpx:TrackPointExtension>
            <gpxtpx:hr>139</gpxtpx:hr>
          </gpxtpx:TrackPointExtension>
        </extensions>
      </trkpt>
      <trkpt lat="22.547424234647256" lon="114.10043141008093">
        <ele>21.013818303123116</ele>
        <time>1970-01-01T00:03:16.700000Z</time>
        <extensions>
          <gpxtpx:TrackPointExtension>
            <gpxtpx:hr>143</gpxtpx:hr>
          </gpxtpx:TrackPointExtension>
        </extensions>
      </trkpt>
      <trkpt lat="22.547422641961628" lon="114.10040479465081">
        <ele>21.067535518668592</ele>
        <time>1970-01-01T00:03:17.700000Z</time>
        <extensions>
          <gpxtpx:TrackPointExtension>
            <gpxtpx:hr>143</gpxtpx:hr>
          </gpxtpx:TrackPointExtension>
        </extensions>
      </trkpt>
      <trkpt lat="22.547420665925966" lon="114.10037917058385">
        <ele>21.094133249484003</ele>
        <time>1970-01-01T00:03:18.700000Z</time>
        <extensions>
          <gpxtpx:TrackPointExtension>
            <gpxtpx:hr>143</gpxtpx:hr>
          </gpxtpx:TrackPointExtension>
        </extensions>
      </trkpt>
      <trkpt lat="22.547418822350036" lon="114.1003538177323">
        <ele>21.09936283249408</ele>
        <time>1970-01-01T00:03:19.700000Z</time>
        <extensions>
          <gpxtpx:TrackPointExtension>
            <gpxtpx:hr>143</gpxtpx:hr>
          </gpxtpx:TrackPointExtension>
        </extensions>
      </trkpt>
      <trkpt lat="22.547417388263465" lon="114.10032857091613">
        <ele>21.098042094148695</ele>
        <time>1970-01-01T00:03:20.700000Z</time>
        <extensions>
          <gpxtpx:TrackPointExtension>
            <gpxtpx:hr>143</gpxtpx:hr>
          </gpxtpx:TrackPointExtension>
        </extensions>
      </trkpt>
      <trkpt lat="22.54741571315446" lon="114.10030409508526">
        <ele>21.0739264478907</ele>
        <time>1970-01-01T00:03:21.700000Z</time>
        <extensions>
          <gpxtpx:TrackPointExtension>
            <gpxtpx:hr>145</gpxtpx:hr>
          </gpxtpx:TrackPointExtension>
        </extensions>
      </trkpt>
      <trkpt lat="22.547413697826308" lon="114.1002805068633">
        <ele>21.03740405384451</ele>
        <time>1970-01-01T00:03:22.700000Z</time>
        <extensions>
          <gpxtpx:TrackPointExtension>
            <gpxtpx:hr>145</gpxtpx:hr>
          </gpxtpx:TrackPointExtension>
        </extensions>
      </trkpt>
      <trkpt lat="22.54741169468435" lon="114.10025758736509">
        <ele>20.96677368041128</ele>
        <time>1970-01-01T00:03:23.700000Z</time>
        <extensions>
          <gpxtpx:TrackPointExtension>
            <gpxtpx:hr>145</gpxtpx:hr>
          </gpxtpx:TrackPointExtension>
        </extensions>
      </trkpt>
      <trkpt lat="22.547409961106744" lon="114.10023514566848">
        <ele>20.867633689194918</ele>
        <time>1970-01-01T00:03:24.700000Z</time>
        <extensions>
          <gpxtpx:TrackPointExtension>
            <gpxtpx:hr>145</gpxtpx:hr>
          </gpxtpx:TrackPointExtension>
        </extensions>
      </trkpt>
      <trkpt lat="22.54740843999803" lon="114.10021262793578">
        <ele>20.728804513812065</ele>
        <time>1970-01-01T00:03:25.700000Z</time>
        <extensions>
          <gpxtpx:TrackPointExtension>
            <gpxtpx:hr>145</gpxtpx:hr>
          </gpxtpx:TrackPointExtension>
        </extensions>
      </trkpt>
      <trkpt lat="22.54740782690026" lon="114.10018969707698">
        <ele>20.570195445790887</ele>
        <time>1970-01-01T00:03:26.700000Z</time>
        <extensions>
          <gpxtpx:TrackPointExtension>
            <gpxtpx:hr>144</gpxtpx:hr>
          </gpxtpx:TrackPointExtension>
        </extensions>
      </trkpt>
      <trkpt lat="22.547408463646363" lon="114.10016562525435">
        <ele>20.392207639291883</ele>
        <time>1970-01-01T00:03:27.700000Z</time>
        <extensions>
          <gpxtpx:TrackPointExtension>
            <gpxtpx:hr>144</gpxtpx:hr>
          </gpxtpx:TrackPointExtension>
        </extensions>
      </trkpt>
      <trkpt lat="22.547409914604057" lon="114.10014127333397">
        <ele>20.16457956843078</ele>
        <time>1970-01-01T00:03:28.700000Z</time>
        <extensions>
          <gpxtpx:TrackPointExtension>
            <gpxtpx:hr>144</gpxtpx:hr>
          </gpxtpx:TrackPointExtension>
        </extensions>
      </trkpt>
      <trkpt lat="22.54741127354208" lon="114.1001170675793">
        <ele>19.902832354418933</ele>
        <time>1970-01-01T00:03:29.700000Z</time>
        <extensions>
          <gpxtpx:TrackPointExtension>
            <gpxtpx:hr>144</gpxtpx:hr>
          </gpxtpx:TrackPointExtension>
        </extensions>
      </trkpt>
      <trkpt lat="22.547412121370535" lon="114.10009213746655">
        <ele>19.60803495068103</ele>
        <time>1970-01-01T00:03:30.700000Z</time>
        <extensions>
          <gpxtpx:TrackPointExtension>
            <gpxtpx:hr>144</gpxtpx:hr>
          </gpxtpx:TrackPointExtension>
        </extensions>
      </trkpt>
      <trkpt lat="22.54741275848896" lon="114.1000671383293">
        <ele>19.282733783125877</ele>
        <time>1970-01-01T00:03:31.700000Z</time>
        <extensions>
          <gpxtpx:TrackPointExtension>
            <gpxtpx:hr>144</gpxtpx:hr>
          </gpxtpx:TrackPointExtension>
        </extensions>
      </trkpt>
      <trkpt lat="22.54741290129184" lon="114.10004244786957">
        <ele>18.93548414390534</ele>
        <time>1970-01-01T00:03:32.700000Z</time>
        <extensions>
          <gpxtpx:TrackPointExtension>
            <gpxtpx:hr>144</gpxtpx:hr>
          </gpxtpx:TrackPointExtension>
        </extensions>
      </trkpt>
      <trkpt lat="22.547412655678627" lon="114.10001778965616">
        <ele>18.57420818414539</ele>
        <time>1970-01-01T00:03:33.700000Z</time>
        <extensions>
          <gpxtpx:TrackPointExtension>
            <gpxtpx:hr>143</gpxtpx:hr>
          </gpxtpx:TrackPointExtension>
        </extensions>
      </trkpt>
      <trkpt lat="22.54741238221922" lon="114.099993176131">
        <ele>18.192015511915088</ele>
        <time>1970-01-01T00:03:34.700000Z</time>
        <extensions>
          <gpxtpx:TrackPointExtension>
            <gpxtpx:hr>143</gpxtpx:hr>
          </gpxtpx:TrackPointExtension>
        </extensions>
      </trkpt>
      <trkpt lat="22.547411940370967" lon="114.09996835283233">
        <ele>17.80087100341916</ele>
        <time>1970-01-01T00:03:35.700000Z</time>
        <extensions>
          <gpxtpx:TrackPointExtension>
            <gpxtpx:hr>143</gpxtpx:hr>
          </gpxtpx:TrackPointExtension>
        </extensions>
      </trkpt>
      <trkpt lat="22.547411485541776" lon="114.09994354396993">
        <ele>17.391364539973438</ele>
        <time>1970-01-01T00:03:36.700000Z</time>
        <extensions>
          <gpxtpx:TrackPointExtension>
            <gpxtpx:hr>143</gpxtpx:hr>
          </gpxtpx:TrackPointExtension>
        </extensions>
      </trkpt>
      <trkpt lat="22.547410945479157" lon="114.0999199696174">
        <ele>16.95560537930578</ele>
        <time>1970-01-01T00:03:37.700000Z</time>
        <extensions>
          <gpxtpx:TrackPointExtension>
            <gpxtpx:hr>143</gpxtpx:hr>
          </gpxtpx:TrackPointExtension>
        </extensions>
      </trkpt>
      <trkpt lat="22.547409999143156" lon="114.09989863763444">
        <ele>16.50837403163314</ele>
        <time>1970-01-01T00:03:38.700000Z</time>
        <extensions>
          <gpxtpx:TrackPointExtension>
            <gpxtpx:hr>143</gpxtpx:hr>
          </gpxtpx:TrackPointExtension>
        </extensions>
      </trkpt>
      <trkpt lat="22.547408712809474" lon="114.09987824721598">
        <ele>16.026488915085793</ele>
        <time>1970-01-01T00:03:39.700000Z</time>
        <extensions>
          <gpxtpx:TrackPointExtension>
            <gpxtpx:hr>143</gpxtpx:hr>
          </gpxtpx:TrackPointExtension>
        </extensions>
      </trkpt>
      <trkpt lat="22.54740704612294" lon="114.09985723497697">
        <ele>15.52098326291889</ele>
        <time>1970-01-01T00:03:40.700000Z</time>
        <extensions>
          <gpxtpx:TrackPointExtension>
            <gpxtpx:hr>143</gpxtpx:hr>
          </gpxtpx:TrackPointExtension>
        </extensions>
      </trkpt>
      <trkpt lat="22.547405150642675" lon="114.09983543638003">
        <ele>15.007515522651374</ele>
        <time>1970-01-01T00:03:41.700000Z</time>
        <extensions>
          <gpxtpx:TrackPointExtension>
            <gpxtpx:hr>143</gpxtpx:hr>
          </gpxtpx:TrackPointExtension>
        </extensions>
      </trkpt>
      <trkpt lat="22.547402623198984" lon="114.09981254900656">
        <ele>14.495261745527387</ele>
        <time>1970-01-01T00:03:42.700000Z</time>
        <extensions>
          <gpxtpx:TrackPointExtension>
            <gpxtpx:hr>143</gpxtpx:hr>
          </gpxtpx:TrackPointExtension>
        </extensions>
      </trkpt>
      <trkpt lat="22.54739789680168" lon="114.09978857332591">
        <ele>13.984176139347255</ele>
        <time>1970-01-01T00:03:43.700000Z</time>
        <extensions>
          <gpxtpx:TrackPointExtension>
            <gpxtpx:hr>143</gpxtpx:hr>
          </gpxtpx:TrackPointExtension>
        </extensions>
      </trkpt>
      <trkpt lat="22.547389528603794" lon="114.0997645668309">
        <ele>13.45625162590295</ele>
        <time>1970-01-01T00:03:44.700000Z</time>
        <extensions>
          <gpxtpx:TrackPointExtension>
            <gpxtpx:hr>143</gpxtpx:hr>
          </gpxtpx:TrackPointExtension>
        </extensions>
      </trkpt>
      <trkpt lat="22.547377267839178" lon="114.09974169728517">
        <ele>12.91097010858357</ele>
        <time>1970-01-01T00:03:45.700000Z</time>
        <extensions>
          <gpxtpx:TrackPointExtension>
            <gpxtpx:hr>143</gpxtpx:hr>
          </gpxtpx:TrackPointExtension>
        </extensions>
      </trkpt>
      <trkpt lat="22.547361230005734" lon="114.09972089517261">
        <ele>12.367527150548995</ele>
        <time>1970-01-01T00:03:46.700000Z</time>
        <extensions>
          <gpxtpx:TrackPointExtension>
            <gpxtpx:hr>143</gpxtpx:hr>
          </gpxtpx:TrackPointExtension>
        </extensions>
      </trkpt>
      <trkpt lat="22.547342346127635" lon="114.09970286608227">
        <ele>11.80852631200105</ele>
        <time>1970-01-01T00:03:47.700000Z</time>
        <extensions>
          <gpxtpx:TrackPointExtension>
            <gpxtpx:hr>143</gpxtpx:hr>
          </gpxtpx:TrackPointExtension>
        </extensions>
      </trkpt>
      <trkpt lat="22.54732147079703" lon="114.09968969295261">
        <ele>11.28003177139908</ele>
        <time>1970-01-01T00:03:48.700000Z</time>
        <extensions>
          <gpxtpx:TrackPointExtension>
            <gpxtpx:hr>143</gpxtpx:hr>
          </gpxtpx:TrackPointExtension>
        </extensions>
      </trkpt>
      <trkpt lat="22.547298639470757" lon="114.0996836875627">
        <ele>10.767553240992129</ele>
        <time>1970-01-01T00:03:49.700000Z</time>
        <extensions>
          <gpxtpx:TrackPointExtension>
            <gpxtpx:hr>143</gpxtpx:hr>
          </gpxtpx:TrackPointExtension>
        </extensions>
      </trkpt>
      <trkpt lat="22.547274282456286" lon="114.09968407660335">
        <ele>10.296244419179857</ele>
        <time>1970-01-01T00:03:50.700000Z</time>
        <extensions>
          <gpxtpx:TrackPointExtension>
            <gpxtpx:hr>143</gpxtpx:hr>
          </gpxtpx:TrackPointExtension>
        </extensions>
      </trkpt>
      <trkpt lat="22.547248857245435" lon="114.09968811185422">
        <ele>9.877488764934242</ele>
        <time>1970-01-01T00:03:51.700000Z</time>
        <extensions>
          <gpxtpx:TrackPointExtension>
            <gpxtpx:hr>143</gpxtpx:hr>
          </gpxtpx:TrackPointExtension>
        </extensions>
      </trkpt>
      <trkpt lat="22.547222753768406" lon="114.09969352634383">
        <ele>9.491428598761559</ele>
        <time>1970-01-01T00:03:52.700000Z</time>
        <extensions>
          <gpxtpx:TrackPointExtension>
            <gpxtpx:hr>143</gpxtpx:hr>
          </gpxtpx:TrackPointExtension>
        </extensions>
      </trkpt>
      <trkpt lat="22.547195946522287" lon="114.09969910317032">
        <ele>9.172896461561322</ele>
        <time>1970-01-01T00:03:53.700000Z</time>
        <extensions>
          <gpxtpx:TrackPointExtension>
            <gpxtpx:hr>141</gpxtpx:hr>
          </gpxtpx:TrackPointExtension>
        </extensions>
      </trkpt>
      <trkpt lat="22.547169618096564" lon="114.09970402902256">
        <ele>8.89778599049896</ele>
        <time>1970-01-01T00:03:54.700000Z</time>
        <extensions>
          <gpxtpx:TrackPointExtension>
            <gpxtpx:hr>141</gpxtpx:hr>
          </gpxtpx:TrackPointExtension>
        </extensions>
      </trkpt>
      <trkpt lat="22.547144259578257" lon="114.09970799990182">
        <ele>8.662177364341915</ele>
        <time>1970-01-01T00:03:55.700000Z</time>
        <extensions>
          <gpxtpx:TrackPointExtension>
            <gpxtpx:hr>141</gpxtpx:hr>
          </gpxtpx:TrackPointExtension>
        </extensions>
      </trkpt>
      <trkpt lat="22.547118697802297" lon="114.0997105279713">
        <ele>8.505747862160206</ele>
        <time>1970-01-01T00:03:56.700000Z</time>
        <extensions>
          <gpxtpx:TrackPointExtension>
            <gpxtpx:hr>141</gpxtpx:hr>
          </gpxtpx:TrackPointExtension>
        </extensions>
      </trkpt>
      <trkpt lat="22.547092357494726" lon="114.09971139773678">
        <ele>8.37588663212955</ele>
        <time>1970-01-01T00:03:57.700000Z</time>
        <extensions>
          <gpxtpx:TrackPointExtension>
            <gpxtpx:hr>141</gpxtpx:hr>
          </gpxtpx:TrackPointExtension>
        </extensions>
      </trkpt>
      <trkpt lat="22.547065531290855" lon="114.099710774415">
        <ele>8.273042362183332</ele>
        <time>1970-01-01T00:03:58.700000Z</time>
        <extensions>
          <gpxtpx:TrackPointExtension>
            <gpxtpx:hr>141</gpxtpx:hr>
          </gpxtpx:TrackPointExtension>
        </extensions>
      </trkpt>
      <trkpt lat="22.547038975226407" lon="114.09970951171974">
        <ele>8.193869802169502</ele>
        <time>1970-01-01T00:03:59.700000Z</time>
        <extensions>
          <gpxtpx:TrackPointExtension>
            <gpxtpx:hr>140</gpxtpx:hr>
          </gpxtpx:TrackPointExtension>
        </extensions>
      </trkpt>
      <trkpt lat="22.547013557677257" lon="114.09970864004389">
        <ele>8.10360258538276</ele>
        <time>1970-01-01T00:04:00.700000Z</time>
        <extensions>
          <gpxtpx:TrackPointExtension>
            <gpxtpx:hr>140</gpxtpx:hr>
          </gpxtpx:TrackPointExtension>
        </extensions>
      </trkpt>
      <trkpt lat="22.546989155256174" lon="114.09970867897512">
        <ele>8.008708612062037</ele>
        <time>1970-01-01T00:04:01.700000Z</time>
        <extensions>
          <gpxtpx:TrackPointExtension>
            <gpxtpx:hr>140</gpxtpx:hr>
          </gpxtpx:TrackPointExtension>
        </extensions>
      </trkpt>
      <trkpt lat="22.546965357591446" lon="114.09970991251559">
        <ele>7.909269426949322</ele>
        <time>1970-01-01T00:04:02.700000Z</time>
        <extensions>
          <gpxtpx:TrackPointExtension>
            <gpxtpx:hr>140</gpxtpx:hr>
          </gpxtpx:TrackPointExtension>
        </extensions>
      </trkpt>
      <trkpt lat="22.546941996047607" lon="114.09971189939097">
        <ele>7.801518674939871</ele>
        <time>1970-01-01T00:04:03.700000Z</time>
        <extensions>
          <gpxtpx:TrackPointExtension>
            <gpxtpx:hr>140</gpxtpx:hr>
          </gpxtpx:TrackPointExtension>
        </extensions>
      </trkpt>
      <trkpt lat="22.546919408869286" lon="114.09971383247152">
        <ele>7.713376997038722</ele>
        <time>1970-01-01T00:04:04.700000Z</time>
        <extensions>
          <gpxtpx:TrackPointExtension>
            <gpxtpx:hr>140</gpxtpx:hr>
          </gpxtpx:TrackPointExtension>
        </extensions>
      </trkpt>
      <trkpt lat="22.54689734916049" lon="114.099715848011">
        <ele>7.6202920554205775</ele>
        <time>1970-01-01T00:04:05.700000Z</time>
        <extensions>
          <gpxtpx:TrackPointExtension>
            <gpxtpx:hr>139</gpxtpx:hr>
          </gpxtpx:TrackPointExtension>
        </extensions>
      </trkpt>
      <trkpt lat="22.546876082843628" lon="114.09971764611423">
        <ele>7.521821355447173</ele>
        <time>1970-01-01T00:04:06.700000Z</time>
        <extensions>
          <gpxtpx:TrackPointExtension>
            <gpxtpx:hr>139</gpxtpx:hr>
          </gpxtpx:TrackPointExtension>
        </extensions>
      </trkpt>
      <trkpt lat="22.546856928182507" lon="114.09971880642384">
        <ele>7.432500238530338</ele>
        <time>1970-01-01T00:04:07.700000Z</time>
        <extensions>
          <gpxtpx:TrackPointExtension>
            <gpxtpx:hr>139</gpxtpx:hr>
          </gpxtpx:TrackPointExtension>
        </extensions>
      </trkpt>
      <trkpt lat="22.546840630685157" lon="114.09971977582165">
        <ele>7.354276865720749</ele>
        <time>1970-01-01T00:04:08.700000Z</time>
        <extensions>
          <gpxtpx:TrackPointExtension>
            <gpxtpx:hr>139</gpxtpx:hr>
          </gpxtpx:TrackPointExtension>
        </extensions>
      </trkpt>
      <trkpt lat="22.546829280131348" lon="114.09972114206383">
        <ele>7.261100202798843</ele>
        <time>1970-01-01T00:04:09.700000Z</time>
        <extensions>
          <gpxtpx:TrackPointExtension>
            <gpxtpx:hr>139</gpxtpx:hr>
          </gpxtpx:TrackPointExtension>
        </extensions>
      </trkpt>
      <trkpt lat="22.546826770717196" lon="114.09972359404314">
        <ele>7.189764836803079</ele>
        <time>1970-01-01T00:04:10.700000Z</time>
        <extensions>
          <gpxtpx:TrackPointExtension>
            <gpxtpx:hr>139</gpxtpx:hr>
          </gpxtpx:TrackPointExtension>
        </extensions>
      </trkpt>
      <trkpt lat="22.54683702587433" lon="114.09972668682212">
        <ele>7.134005303494632</ele>
        <time>1970-01-01T00:04:11.700000Z</time>
        <extensions>
          <gpxtpx:TrackPointExtension>
            <gpxtpx:hr>139</gpxtpx:hr>
          </gpxtpx:TrackPointExtension>
        </extensions>
      </trkpt>
      <trkpt lat="22.546861568188316" lon="114.09972818349986">
        <ele>7.099873003549874</ele>
        <time>1970-01-01T00:04:12.700000Z</time>
        <extensions>
          <gpxtpx:TrackPointExtension>
            <gpxtpx:hr>138</gpxtpx:hr>
          </gpxtpx:TrackPointExtension>
        </extensions>
      </trkpt>
      <trkpt lat="22.546894533672408" lon="114.09972626319042">
        <ele>7.088755962438881</ele>
        <time>1970-01-01T00:04:13.700000Z</time>
        <extensions>
          <gpxtpx:TrackPointExtension>
            <gpxtpx:hr>138</gpxtpx:hr>
          </gpxtpx:TrackPointExtension>
        </extensions>
      </trkpt>
      <trkpt lat="22.54692858186849" lon="114.09972133963747">
        <ele>7.102841624990106</ele>
        <time>1970-01-01T00:04:14.700000Z</time>
        <extensions>
          <gpxtpx:TrackPointExtension>
            <gpxtpx:hr>138</gpxtpx:hr>
          </gpxtpx:TrackPointExtension>
        </extensions>
      </trkpt>
      <trkpt lat="22.546961422814555" lon="114.09971486457965">
        <ele>7.123880014754832</ele>
        <time>1970-01-01T00:04:15.700000Z</time>
        <extensions>
          <gpxtpx:TrackPointExtension>
            <gpxtpx:hr>138</gpxtpx:hr>
          </gpxtpx:TrackPointExtension>
        </extensions>
      </trkpt>
      <trkpt lat="22.546992971596882" lon="114.0997082417167">
        <ele>7.148358586244285</ele>
        <time>1970-01-01T00:04:16.700000Z</time>
        <extensions>
          <gpxtpx:TrackPointExtension>
            <gpxtpx:hr>139</gpxtpx:hr>
          </gpxtpx:TrackPointExtension>
        </extensions>
      </trkpt>
      <trkpt lat="22.547023780824365" lon="114.09970260756542">
        <ele>7.202371152117848</ele>
        <time>1970-01-01T00:04:17.700000Z</time>
        <extensions>
          <gpxtpx:TrackPointExtension>
            <gpxtpx:hr>139</gpxtpx:hr>
          </gpxtpx:TrackPointExtension>
        </extensions>
      </trkpt>
      <trkpt lat="22.54705413040551" lon="114.09969858473288">
        <ele>7.247203963808715</ele>
        <time>1970-01-01T00:04:18.700000Z</time>
        <extensions>
          <gpxtpx:TrackPointExtension>
            <gpxtpx:hr>139</gpxtpx:hr>
          </gpxtpx:TrackPointExtension>
        </extensions>
      </trkpt>
      <trkpt lat="22.547083824883355" lon="114.09969642075731">
        <ele>7.2942604050040245</ele>
        <time>1970-01-01T00:04:19.700000Z</time>
        <extensions>
          <gpxtpx:TrackPointExtension>
            <gpxtpx:hr>139</gpxtpx:hr>
          </gpxtpx:TrackPointExtension>
        </extensions>
      </trkpt>
      <trkpt lat="22.54711276678094" lon="114.09969556519282">
        <ele>7.321814288385212</ele>
        <time>1970-01-01T00:04:20.700000Z</time>
        <extensions>
          <gpxtpx:TrackPointExtension>
            <gpxtpx:hr>140</gpxtpx:hr>
          </gpxtpx:TrackPointExtension>
        </extensions>
      </trkpt>
      <trkpt lat="22.547140824637758" lon="114.0996953849859">
        <ele>7.351935146376491</ele>
        <time>1970-01-01T00:04:21.700000Z</time>
        <extensions>
          <gpxtpx:TrackPointExtension>
            <gpxtpx:hr>140</gpxtpx:hr>
          </gpxtpx:TrackPointExtension>
        </extensions>
      </trkpt>
      <trkpt lat="22.54716802658497" lon="114.0996955797087">
        <ele>7.380098192952573</ele>
        <time>1970-01-01T00:04:22.700000Z</time>
        <extensions>
          <gpxtpx:TrackPointExtension>
            <gpxtpx:hr>140</gpxtpx:hr>
          </gpxtpx:TrackPointExtension>
        </extensions>
      </trkpt>
      <trkpt lat="22.547194374186574" lon="114.09969531265904">
        <ele>7.3950432147830725</ele>
        <time>1970-01-01T00:04:23.700000Z</time>
        <extensions>
          <gpxtpx:TrackPointExtension>
            <gpxtpx:hr>140</gpxtpx:hr>
          </gpxtpx:TrackPointExtension>
        </extensions>
      </trkpt>
      <trkpt lat="22.547219232316195" lon="114.09969374527137">
        <ele>7.410244571976364</ele>
        <time>1970-01-01T00:04:24.700000Z</time>
        <extensions>
          <gpxtpx:TrackPointExtension>
            <gpxtpx:hr>140</gpxtpx:hr>
          </gpxtpx:TrackPointExtension>
        </extensions>
      </trkpt>
      <trkpt lat="22.54724262580268" lon="114.09969032456021">
        <ele>7.432377587072551</ele>
        <time>1970-01-01T00:04:25.700000Z</time>
        <extensions>
          <gpxtpx:TrackPointExtension>
            <gpxtpx:hr>140</gpxtpx:hr>
          </gpxtpx:TrackPointExtension>
        </extensions>
      </trkpt>
      <trkpt lat="22.547264415058102" lon="114.09968580298172">
        <ele>7.4346454832702875</ele>
        <time>1970-01-01T00:04:26.700000Z</time>
        <extensions>
          <gpxtpx:TrackPointExtension>
            <gpxtpx:hr>139</gpxtpx:hr>
          </gpxtpx:TrackPointExtension>
        </extensions>
      </trkpt>
      <trkpt lat="22.54728508593645" lon="114.09968098370453">
        <ele>7.411231121979654</ele>
        <time>1970-01-01T00:04:27.700000Z</time>
        <extensions>
          <gpxtpx:TrackPointExtension>
            <gpxtpx:hr>139</gpxtpx:hr>
          </gpxtpx:TrackPointExtension>
        </extensions>
      </trkpt>
      <trkpt lat="22.547304036654022" lon="114.09967493093723">
        <ele>7.397540758363903</ele>
        <time>1970-01-01T00:04:28.700000Z</time>
        <extensions>
          <gpxtpx:TrackPointExtension>
            <gpxtpx:hr>139</gpxtpx:hr>
          </gpxtpx:TrackPointExtension>
        </extensions>
      </trkpt>
      <trkpt lat="22.54731862243938" lon="114.09966382550566">
        <ele>7.369659936986864</ele>
        <time>1970-01-01T00:04:29.700000Z</time>
        <extensions>
          <gpxtpx:TrackPointExtension>
            <gpxtpx:hr>139</gpxtpx:hr>
          </gpxtpx:TrackPointExtension>
        </extensions>
      </trkpt>
      <trkpt lat="22.54732696896768" lon="114.09964490456642">
        <ele>7.353390480391681</ele>
        <time>1970-01-01T00:04:30.700000Z</time>
        <extensions>
          <gpxtpx:TrackPointExtension>
            <gpxtpx:hr>139</gpxtpx:hr>
          </gpxtpx:TrackPointExtension>
        </extensions>
      </trkpt>
      <trkpt lat="22.547329351805917" lon="114.0996201459342">
        <ele>7.356786040589213</ele>
        <time>1970-01-01T00:04:31.700000Z</time>
        <extensions>
          <gpxtpx:TrackPointExtension>
            <gpxtpx:hr>139</gpxtpx:hr>
          </gpxtpx:TrackPointExtension>
        </extensions>
      </trkpt>
      <trkpt lat="22.547326962014406" lon="114.09959437310698">
        <ele>7.365341496653855</ele>
        <time>1970-01-01T00:04:32.700000Z</time>
        <extensions>
          <gpxtpx:TrackPointExtension>
            <gpxtpx:hr>139</gpxtpx:hr>
          </gpxtpx:TrackPointExtension>
        </extensions>
      </trkpt>
      <trkpt lat="22.547321634649453" lon="114.09957125056927">
        <ele>7.381329970434308</ele>
        <time>1970-01-01T00:04:33.700000Z</time>
        <extensions>
          <gpxtpx:TrackPointExtension>
            <gpxtpx:hr>139</gpxtpx:hr>
          </gpxtpx:TrackPointExtension>
        </extensions>
      </trkpt>
      <trkpt lat="22.54731625008536" lon="114.09955216117548">
        <ele>7.401076486334205</ele>
        <time>1970-01-01T00:04:34.700000Z</time>
        <extensions>
          <gpxtpx:TrackPointExtension>
            <gpxtpx:hr>139</gpxtpx:hr>
          </gpxtpx:TrackPointExtension>
        </extensions>
      </trkpt>
      <trkpt lat="22.547312033705143" lon="114.09953720647655">
        <ele>7.43656138703227</ele>
        <time>1970-01-01T00:04:35.700000Z</time>
        <extensions>
          <gpxtpx:TrackPointExtension>
            <gpxtpx:hr>138</gpxtpx:hr>
          </gpxtpx:TrackPointExtension>
        </extensions>
      </trkpt>
      <trkpt lat="22.547308959884994" lon="114.09952713758248">
        <ele>7.4801468988880515</ele>
        <time>1970-01-01T00:04:36.700000Z</time>
        <extensions>
          <gpxtpx:TrackPointExtension>
            <gpxtpx:hr>138</gpxtpx:hr>
          </gpxtpx:TrackPointExtension>
        </extensions>
      </trkpt>
      <trkpt lat="22.54730662797291" lon="114.09952449076052">
        <ele>7.52936718147248</ele>
        <time>1970-01-01T00:04:37.700000Z</time>
        <extensions>
          <gpxtpx:TrackPointExtension>
            <gpxtpx:hr>138</gpxtpx:hr>
          </gpxtpx:TrackPointExtension>
        </extensions>
      </trkpt>
      <trkpt lat="22.54730450003104" lon="114.09952674896218">
        <ele>7.577582757920027</ele>
        <time>1970-01-01T00:04:38.700000Z</time>
        <extensions>
          <gpxtpx:TrackPointExtension>
            <gpxtpx:hr>138</gpxtpx:hr>
          </gpxtpx:TrackPointExtension>
        </extensions>
      </trkpt>
      <trkpt lat="22.547302684075824" lon="114.09952949596791">
        <ele>7.635189916938543</ele>
        <time>1970-01-01T00:04:39.700000Z</time>
        <extensions>
          <gpxtpx:TrackPointExtension>
            <gpxtpx:hr>138</gpxtpx:hr>
          </gpxtpx:TrackPointExtension>
        </extensions>
      </trkpt>
      <trkpt lat="22.547301142224565" lon="114.09953202072646">
        <ele>7.6971897929906845</ele>
        <time>1970-01-01T00:04:40.700000Z</time>
        <extensions>
          <gpxtpx:TrackPointExtension>
            <gpxtpx:hr>138</gpxtpx:hr>
          </gpxtpx:TrackPointExtension>
        </extensions>
      </trkpt>
      <trkpt lat="22.5473000929421" lon="114.09953389399568">
        <ele>7.764699530787766</ele>
        <time>1970-01-01T00:04:41.700000Z</time>
        <extensions>
          <gpxtpx:TrackPointExtension>
            <gpxtpx:hr>138</gpxtpx:hr>
          </gpxtpx:TrackPointExtension>
        </extensions>
      </trkpt>
      <trkpt lat="22.547299659620577" lon="114.09953471513134">
        <ele>7.833591680042446</ele>
        <time>1970-01-01T00:04:42.700000Z</time>
        <extensions>
          <gpxtpx:TrackPointExtension>
            <gpxtpx:hr>138</gpxtpx:hr>
          </gpxtpx:TrackPointExtension>
        </extensions>
      </trkpt>
      <trkpt lat="22.547299573965073" lon="114.09953470824179">
        <ele>7.893729006871581</ele>
        <time>1970-01-01T00:04:43.700000Z</time>
        <extensions>
          <gpxtpx:TrackPointExtension>
            <gpxtpx:hr>138</gpxtpx:hr>
          </gpxtpx:TrackPointExtension>
        </extensions>
      </trkpt>
      <trkpt lat="22.547309472027717" lon="114.0994684560721">
        <ele>8.215201579034328</ele>
        <time>1970-01-01T00:04:51.700000Z</time>
        <extensions>
          <gpxtpx:TrackPointExtension>
            <gpxtpx:hr>141</gpxtpx:hr>
          </gpxtpx:TrackPointExtension>
        </extensions>
      </trkpt>
      <trkpt lat="22.54731598294861" lon="114.09943848155348">
        <ele>8.236594591289759</ele>
        <time>1970-01-01T00:04:52.700000Z</time>
        <extensions>
          <gpxtpx:TrackPointExtension>
            <gpxtpx:hr>141</gpxtpx:hr>
          </gpxtpx:TrackPointExtension>
        </extensions>
      </trkpt>
      <trkpt lat="22.547324511009162" lon="114.09940745963691">
        <ele>8.258328079245985</ele>
        <time>1970-01-01T00:04:53.700000Z</time>
        <extensions>
          <gpxtpx:TrackPointExtension>
            <gpxtpx:hr>141</gpxtpx:hr>
          </gpxtpx:TrackPointExtension>
        </extensions>
      </trkpt>
      <trkpt lat="22.547334507799327" lon="114.0993790082555">
        <ele>8.270011350512505</ele>
        <time>1970-01-01T00:04:54.700000Z</time>
        <extensions>
          <gpxtpx:TrackPointExtension>
            <gpxtpx:hr>141</gpxtpx:hr>
          </gpxtpx:TrackPointExtension>
        </extensions>
      </trkpt>
      <trkpt lat="22.547345653603777" lon="114.0993542510994">
        <ele>8.28246234357357</ele>
        <time>1970-01-01T00:04:55.700000Z</time>
        <extensions>
          <gpxtpx:TrackPointExtension>
            <gpxtpx:hr>139</gpxtpx:hr>
          </gpxtpx:TrackPointExtension>
        </extensions>
      </trkpt>
      <trkpt lat="22.547358355575255" lon="114.09933346008472">
        <ele>8.277783492580056</ele>
        <time>1970-01-01T00:04:56.700000Z</time>
        <extensions>
          <gpxtpx:TrackPointExtension>
            <gpxtpx:hr>139</gpxtpx:hr>
          </gpxtpx:TrackPointExtension>
        </extensions>
      </trkpt>
      <trkpt lat="22.54737269548844" lon="114.09931638828014">
        <ele>8.248209649696946</ele>
        <time>1970-01-01T00:04:57.700000Z</time>
        <extensions>
          <gpxtpx:TrackPointExtension>
            <gpxtpx:hr>139</gpxtpx:hr>
          </gpxtpx:TrackPointExtension>
        </extensions>
      </trkpt>
      <trkpt lat="22.547388617928217" lon="114.09930269756512">
        <ele>8.217810879461467</ele>
        <time>1970-01-01T00:04:58.700000Z</time>
        <extensions>
          <gpxtpx:TrackPointExtension>
            <gpxtpx:hr>139</gpxtpx:hr>
          </gpxtpx:TrackPointExtension>
        </extensions>
      </trkpt>
      <trkpt lat="22.54740658419933" lon="114.09929203431918">
        <ele>8.198753459379077</ele>
        <time>1970-01-01T00:04:59.700000Z</time>
        <extensions>
          <gpxtpx:TrackPointExtension>
            <gpxtpx:hr>139</gpxtpx:hr>
          </gpxtpx:TrackPointExtension>
        </extensions>
      </trkpt>
      <trkpt lat="22.547427418431038" lon="114.09928542966092">
        <ele>8.15858580544591</ele>
        <time>1970-01-01T00:05:00.700000Z</time>
        <extensions>
          <gpxtpx:TrackPointExtension>
            <gpxtpx:hr>139</gpxtpx:hr>
          </gpxtpx:TrackPointExtension>
        </extensions>
      </trkpt>
      <trkpt lat="22.547452071437196" lon="114.09928386693127">
        <ele>8.120934497565031</ele>
        <time>1970-01-01T00:05:01.700000Z</time>
        <extensions>
          <gpxtpx:TrackPointExtension>
            <gpxtpx:hr>139</gpxtpx:hr>
          </gpxtpx:TrackPointExtension>
        </extensions>
      </trkpt>
      <trkpt lat="22.54747976271052" lon="114.09928568329435">
        <ele>8.088174608536065</ele>
        <time>1970-01-01T00:05:02.700000Z</time>
        <extensions>
          <gpxtpx:TrackPointExtension>
            <gpxtpx:hr>139</gpxtpx:hr>
          </gpxtpx:TrackPointExtension>
        </extensions>
      </trkpt>
      <trkpt lat="22.547507973412678" lon="114.09928845066027">
        <ele>8.042374905198812</ele>
        <time>1970-01-01T00:05:03.700000Z</time>
        <extensions>
          <gpxtpx:TrackPointExtension>
            <gpxtpx:hr>139</gpxtpx:hr>
          </gpxtpx:TrackPointExtension>
        </extensions>
      </trkpt>
      <trkpt lat="22.547534898128365" lon="114.0992903514546">
        <ele>8.001797086559236</ele>
        <time>1970-01-01T00:05:04.700000Z</time>
        <extensions>
          <gpxtpx:TrackPointExtension>
            <gpxtpx:hr>136</gpxtpx:hr>
          </gpxtpx:TrackPointExtension>
        </extensions>
      </trkpt>
      <trkpt lat="22.54756057318457" lon="114.09929050489268">
        <ele>7.965728077106178</ele>
        <time>1970-01-01T00:05:05.700000Z</time>
        <extensions>
          <gpxtpx:TrackPointExtension>
            <gpxtpx:hr>136</gpxtpx:hr>
          </gpxtpx:TrackPointExtension>
        </extensions>
      </trkpt>
      <trkpt lat="22.547586108051902" lon="114.09928927984822">
        <ele>7.927590555511415</ele>
        <time>1970-01-01T00:05:06.700000Z</time>
        <extensions>
          <gpxtpx:TrackPointExtension>
            <gpxtpx:hr>136</gpxtpx:hr>
          </gpxtpx:TrackPointExtension>
        </extensions>
      </trkpt>
      <trkpt lat="22.547612181736813" lon="114.09928733745242">
        <ele>7.895148441195488</ele>
        <time>1970-01-01T00:05:07.700000Z</time>
        <extensions>
          <gpxtpx:TrackPointExtension>
            <gpxtpx:hr>136</gpxtpx:hr>
          </gpxtpx:TrackPointExtension>
        </extensions>
      </trkpt>
      <trkpt lat="22.54763902134839" lon="114.09928466579653">
        <ele>7.874502548016608</ele>
        <time>1970-01-01T00:05:08.700000Z</time>
        <extensions>
          <gpxtpx:TrackPointExtension>
            <gpxtpx:hr>136</gpxtpx:hr>
          </gpxtpx:TrackPointExtension>
        </extensions>
      </trkpt>
      <trkpt lat="22.54766622206697" lon="114.09928080838654">
        <ele>7.8967135194689035</ele>
        <time>1970-01-01T00:05:09.700000Z</time>
        <extensions>
          <gpxtpx:TrackPointExtension>
            <gpxtpx:hr>136</gpxtpx:hr>
          </gpxtpx:TrackPointExtension>
        </extensions>
      </trkpt>
      <trkpt lat="22.547693300717583" lon="114.09927592979885">
        <ele>7.920898491516709</ele>
        <time>1970-01-01T00:05:10.700000Z</time>
        <extensions>
          <gpxtpx:TrackPointExtension>
            <gpxtpx:hr>136</gpxtpx:hr>
          </gpxtpx:TrackPointExtension>
        </extensions>
      </trkpt>
      <trkpt lat="22.547720541959098" lon="114.09927079793532">
        <ele>7.95881025493145</ele>
        <time>1970-01-01T00:05:11.700000Z</time>
        <extensions>
          <gpxtpx:TrackPointExtension>
            <gpxtpx:hr>137</gpxtpx:hr>
          </gpxtpx:TrackPointExtension>
        </extensions>
      </trkpt>
      <trkpt lat="22.547748097059372" lon="114.09926607357535">
        <ele>7.997450572438538</ele>
        <time>1970-01-01T00:05:12.700000Z</time>
        <extensions>
          <gpxtpx:TrackPointExtension>
            <gpxtpx:hr>137</gpxtpx:hr>
          </gpxtpx:TrackPointExtension>
        </extensions>
      </trkpt>
      <trkpt lat="22.54777586876794" lon="114.09926116952397">
        <ele>8.060328063555062</ele>
        <time>1970-01-01T00:05:13.700000Z</time>
        <extensions>
          <gpxtpx:TrackPointExtension>
            <gpxtpx:hr>137</gpxtpx:hr>
          </gpxtpx:TrackPointExtension>
        </extensions>
      </trkpt>
      <trkpt lat="22.547803281411024" lon="114.09925500231236">
        <ele>8.144477003253996</ele>
        <time>1970-01-01T00:05:14.700000Z</time>
        <extensions>
          <gpxtpx:TrackPointExtension>
            <gpxtpx:hr>137</gpxtpx:hr>
          </gpxtpx:TrackPointExtension>
        </extensions>
      </trkpt>
      <trkpt lat="22.547829683364355" lon="114.09924718629246">
        <ele>8.239252967759967</ele>
        <time>1970-01-01T00:05:15.700000Z</time>
        <extensions>
          <gpxtpx:TrackPointExtension>
            <gpxtpx:hr>137</gpxtpx:hr>
          </gpxtpx:TrackPointExtension>
        </extensions>
      </trkpt>
      <trkpt lat="22.54785472164799" lon="114.0992377333111">
        <ele>8.368168032728136</ele>
        <time>1970-01-01T00:05:16.700000Z</time>
        <extensions>
          <gpxtpx:TrackPointExtension>
            <gpxtpx:hr>137</gpxtpx:hr>
          </gpxtpx:TrackPointExtension>
        </extensions>
      </trkpt>
      <trkpt lat="22.54787882312233" lon="114.0992264401698">
        <ele>8.482747164554894</ele>
        <time>1970-01-01T00:05:17.700000Z</time>
        <extensions>
          <gpxtpx:TrackPointExtension>
            <gpxtpx:hr>137</gpxtpx:hr>
          </gpxtpx:TrackPointExtension>
        </extensions>
      </trkpt>
      <trkpt lat="22.5479023795482" lon="114.09921357070729">
        <ele>8.563086819835007</ele>
        <time>1970-01-01T00:05:18.700000Z</time>
        <extensions>
          <gpxtpx:TrackPointExtension>
            <gpxtpx:hr>138</gpxtpx:hr>
          </gpxtpx:TrackPointExtension>
        </extensions>
      </trkpt>
      <trkpt lat="22.547925632309173" lon="114.09920016845219">
        <ele>8.65947137400508</ele>
        <time>1970-01-01T00:05:19.700000Z</time>
        <extensions>
          <gpxtpx:TrackPointExtension>
            <gpxtpx:hr>138</gpxtpx:hr>
          </gpxtpx:TrackPointExtension>
        </extensions>
      </trkpt>
      <trkpt lat="22.547948539643766" lon="114.09918723661634">
        <ele>8.727434582076967</ele>
        <time>1970-01-01T00:05:20.700000Z</time>
        <extensions>
          <gpxtpx:TrackPointExtension>
            <gpxtpx:hr>138</gpxtpx:hr>
          </gpxtpx:TrackPointExtension>
        </extensions>
      </trkpt>
      <trkpt lat="22.547971074003826" lon="114.09917489422473">
        <ele>8.770483931526542</ele>
        <time>1970-01-01T00:05:21.700000Z</time>
        <extensions>
          <gpxtpx:TrackPointExtension>
            <gpxtpx:hr>139</gpxtpx:hr>
          </gpxtpx:TrackPointExtension>
        </extensions>
      </trkpt>
      <trkpt lat="22.547992848388475" lon="114.09916220455352">
        <ele>8.807932374998927</ele>
        <time>1970-01-01T00:05:22.700000Z</time>
        <extensions>
          <gpxtpx:TrackPointExtension>
            <gpxtpx:hr>139</gpxtpx:hr>
          </gpxtpx:TrackPointExtension>
        </extensions>
      </trkpt>
      <trkpt lat="22.548013535341696" lon="114.09914811026465">
        <ele>8.84456670563668</ele>
        <time>1970-01-01T00:05:23.700000Z</time>
        <extensions>
          <gpxtpx:TrackPointExtension>
            <gpxtpx:hr>139</gpxtpx:hr>
          </gpxtpx:TrackPointExtension>
        </extensions>
      </trkpt>
      <trkpt lat="22.548033132026177" lon="114.09913240566375">
        <ele>8.86025187652558</ele>
        <time>1970-01-01T00:05:24.700000Z</time>
        <extensions>
          <gpxtpx:TrackPointExtension>
            <gpxtpx:hr>139</gpxtpx:hr>
          </gpxtpx:TrackPointExtension>
        </extensions>
      </trkpt>
      <trkpt lat="22.548051166782017" lon="114.09911496637379">
        <ele>8.873488989658654</ele>
        <time>1970-01-01T00:05:25.700000Z</time>
        <extensions>
          <gpxtpx:TrackPointExtension>
            <gpxtpx:hr>138</gpxtpx:hr>
          </gpxtpx:TrackPointExtension>
        </extensions>
      </trkpt>
      <trkpt lat="22.548066962969795" lon="114.09909612008761">
        <ele>8.864354851655662</ele>
        <time>1970-01-01T00:05:26.700000Z</time>
        <extensions>
          <gpxtpx:TrackPointExtension>
            <gpxtpx:hr>138</gpxtpx:hr>
          </gpxtpx:TrackPointExtension>
        </extensions>
      </trkpt>
      <trkpt lat="22.548080486133877" lon="114.09907621354778">
        <ele>8.847549073398113</ele>
        <time>1970-01-01T00:05:27.700000Z</time>
        <extensions>
          <gpxtpx:TrackPointExtension>
            <gpxtpx:hr>138</gpxtpx:hr>
          </gpxtpx:TrackPointExtension>
        </extensions>
      </trkpt>
      <trkpt lat="22.548092450628296" lon="114.09905592253881">
        <ele>8.806390726007521</ele>
        <time>1970-01-01T00:05:28.700000Z</time>
        <extensions>
          <gpxtpx:TrackPointExtension>
            <gpxtpx:hr>138</gpxtpx:hr>
          </gpxtpx:TrackPointExtension>
        </extensions>
      </trkpt>
      <trkpt lat="22.548104382954268" lon="114.09903559246507">
        <ele>8.766679911874235</ele>
        <time>1970-01-01T00:05:29.700000Z</time>
        <extensions>
          <gpxtpx:TrackPointExtension>
            <gpxtpx:hr>138</gpxtpx:hr>
          </gpxtpx:TrackPointExtension>
        </extensions>
      </trkpt>
      <trkpt lat="22.54811754460362" lon="114.09901557670698">
        <ele>8.733831741847098</ele>
        <time>1970-01-01T00:05:30.700000Z</time>
        <extensions>
          <gpxtpx:TrackPointExtension>
            <gpxtpx:hr>138</gpxtpx:hr>
          </gpxtpx:TrackPointExtension>
        </extensions>
      </trkpt>
      <trkpt lat="22.54813278862306" lon="114.09899617012171">
        <ele>8.706536221317947</ele>
        <time>1970-01-01T00:05:31.700000Z</time>
        <extensions>
          <gpxtpx:TrackPointExtension>
            <gpxtpx:hr>139</gpxtpx:hr>
          </gpxtpx:TrackPointExtension>
        </extensions>
      </trkpt>
      <trkpt lat="22.548150329181674" lon="114.09897717166679">
        <ele>8.674843471497297</ele>
        <time>1970-01-01T00:05:32.700000Z</time>
        <extensions>
          <gpxtpx:TrackPointExtension>
            <gpxtpx:hr>139</gpxtpx:hr>
          </gpxtpx:TrackPointExtension>
        </extensions>
      </trkpt>
      <trkpt lat="22.548169448248537" lon="114.09895881947617">
        <ele>8.645497772842646</ele>
        <time>1970-01-01T00:05:33.700000Z</time>
        <extensions>
          <gpxtpx:TrackPointExtension>
            <gpxtpx:hr>139</gpxtpx:hr>
          </gpxtpx:TrackPointExtension>
        </extensions>
      </trkpt>
      <trkpt lat="22.54818961755086" lon="114.0989407601457">
        <ele>8.640188505873084</ele>
        <time>1970-01-01T00:05:34.700000Z</time>
        <extensions>
          <gpxtpx:TrackPointExtension>
            <gpxtpx:hr>139</gpxtpx:hr>
          </gpxtpx:TrackPointExtension>
        </extensions>
      </trkpt>
      <trkpt lat="22.548210229890238" lon="114.09892236902948">
        <ele>8.639390298165381</ele>
        <time>1970-01-01T00:05:35.700000Z</time>
        <extensions>
          <gpxtpx:TrackPointExtension>
            <gpxtpx:hr>139</gpxtpx:hr>
          </gpxtpx:TrackPointExtension>
        </extensions>
      </trkpt>
      <trkpt lat="22.548230659895296" lon="114.09890359814769">
        <ele>8.632374576292932</ele>
        <time>1970-01-01T00:05:36.700000Z</time>
        <extensions>
          <gpxtpx:TrackPointExtension>
            <gpxtpx:hr>138</gpxtpx:hr>
          </gpxtpx:TrackPointExtension>
        </extensions>
      </trkpt>
      <trkpt lat="22.548250331970767" lon="114.098884239554">
        <ele>8.621689688414335</ele>
        <time>1970-01-01T00:05:37.700000Z</time>
        <extensions>
          <gpxtpx:TrackPointExtension>
            <gpxtpx:hr>138</gpxtpx:hr>
          </gpxtpx:TrackPointExtension>
        </extensions>
      </trkpt>
      <trkpt lat="22.54826963496452" lon="114.09886476733304">
        <ele>8.598461030051112</ele>
        <time>1970-01-01T00:05:38.700000Z</time>
        <extensions>
          <gpxtpx:TrackPointExtension>
            <gpxtpx:hr>138</gpxtpx:hr>
          </gpxtpx:TrackPointExtension>
        </extensions>
      </trkpt>
      <trkpt lat="22.54829022198753" lon="114.09884628025394">
        <ele>8.607038564048707</ele>
        <time>1970-01-01T00:05:39.700000Z</time>
        <extensions>
          <gpxtpx:TrackPointExtension>
            <gpxtpx:hr>138</gpxtpx:hr>
          </gpxtpx:TrackPointExtension>
        </extensions>
      </trkpt>
      <trkpt lat="22.548312409981765" lon="114.0988296483583">
        <ele>8.63417998328805</ele>
        <time>1970-01-01T00:05:40.700000Z</time>
        <extensions>
          <gpxtpx:TrackPointExtension>
            <gpxtpx:hr>138</gpxtpx:hr>
          </gpxtpx:TrackPointExtension>
        </extensions>
      </trkpt>
      <trkpt lat="22.548334969340946" lon="114.09881460544244">
        <ele>8.666097291745245</ele>
        <time>1970-01-01T00:05:41.700000Z</time>
        <extensions>
          <gpxtpx:TrackPointExtension>
            <gpxtpx:hr>139</gpxtpx:hr>
          </gpxtpx:TrackPointExtension>
        </extensions>
      </trkpt>
      <trkpt lat="22.54835691338689" lon="114.09880037392944">
        <ele>8.692438350059092</ele>
        <time>1970-01-01T00:05:42.700000Z</time>
        <extensions>
          <gpxtpx:TrackPointExtension>
            <gpxtpx:hr>139</gpxtpx:hr>
          </gpxtpx:TrackPointExtension>
        </extensions>
      </trkpt>
      <trkpt lat="22.54837769666456" lon="114.0987867275635">
        <ele>8.767576049081981</ele>
        <time>1970-01-01T00:05:43.700000Z</time>
        <extensions>
          <gpxtpx:TrackPointExtension>
            <gpxtpx:hr>139</gpxtpx:hr>
          </gpxtpx:TrackPointExtension>
        </extensions>
      </trkpt>
      <trkpt lat="22.54839830589731" lon="114.09877341980054">
        <ele>8.825533574447036</ele>
        <time>1970-01-01T00:05:44.700000Z</time>
        <extensions>
          <gpxtpx:TrackPointExtension>
            <gpxtpx:hr>139</gpxtpx:hr>
          </gpxtpx:TrackPointExtension>
        </extensions>
      </trkpt>
      <trkpt lat="22.548419574577224" lon="114.09876129508946">
        <ele>8.893417009152472</ele>
        <time>1970-01-01T00:05:45.700000Z</time>
        <extensions>
          <gpxtpx:TrackPointExtension>
            <gpxtpx:hr>139</gpxtpx:hr>
          </gpxtpx:TrackPointExtension>
        </extensions>
      </trkpt>
      <trkpt lat="22.54844203967879" lon="114.09875115963527">
        <ele>8.959408147260547</ele>
        <time>1970-01-01T00:05:46.700000Z</time>
        <extensions>
          <gpxtpx:TrackPointExtension>
            <gpxtpx:hr>141</gpxtpx:hr>
          </gpxtpx:TrackPointExtension>
        </extensions>
      </trkpt>
      <trkpt lat="22.548465584260228" lon="114.0987424078316">
        <ele>9.04858707357198</ele>
        <time>1970-01-01T00:05:47.700000Z</time>
        <extensions>
          <gpxtpx:TrackPointExtension>
            <gpxtpx:hr>141</gpxtpx:hr>
          </gpxtpx:TrackPointExtension>
        </extensions>
      </trkpt>
      <trkpt lat="22.548489263353428" lon="114.09873437594928">
        <ele>9.140620618127286</ele>
        <time>1970-01-01T00:05:48.700000Z</time>
        <extensions>
          <gpxtpx:TrackPointExtension>
            <gpxtpx:hr>141</gpxtpx:hr>
          </gpxtpx:TrackPointExtension>
        </extensions>
      </trkpt>
      <trkpt lat="22.548512892176213" lon="114.09872673450035">
        <ele>9.240037511102855</ele>
        <time>1970-01-01T00:05:49.700000Z</time>
        <extensions>
          <gpxtpx:TrackPointExtension>
            <gpxtpx:hr>141</gpxtpx:hr>
          </gpxtpx:TrackPointExtension>
        </extensions>
      </trkpt>
      <trkpt lat="22.54853651599612" lon="114.09872037858355">
        <ele>9.347124537453055</ele>
        <time>1970-01-01T00:05:50.700000Z</time>
        <extensions>
          <gpxtpx:TrackPointExtension>
            <gpxtpx:hr>141</gpxtpx:hr>
          </gpxtpx:TrackPointExtension>
        </extensions>
      </trkpt>
      <trkpt lat="22.54856036247161" lon="114.09871691536533">
        <ele>9.470073146745563</ele>
        <time>1970-01-01T00:05:51.700000Z</time>
        <extensions>
          <gpxtpx:TrackPointExtension>
            <gpxtpx:hr>141</gpxtpx:hr>
          </gpxtpx:TrackPointExtension>
        </extensions>
      </trkpt>
      <trkpt lat="22.548585090143746" lon="114.09871686667817">
        <ele>9.600558817386627</ele>
        <time>1970-01-01T00:05:52.700000Z</time>
        <extensions>
          <gpxtpx:TrackPointExtension>
            <gpxtpx:hr>143</gpxtpx:hr>
          </gpxtpx:TrackPointExtension>
        </extensions>
      </trkpt>
      <trkpt lat="22.54861064038258" lon="114.09871947272926">
        <ele>9.720064260065556</ele>
        <time>1970-01-01T00:05:53.700000Z</time>
        <extensions>
          <gpxtpx:TrackPointExtension>
            <gpxtpx:hr>143</gpxtpx:hr>
          </gpxtpx:TrackPointExtension>
        </extensions>
      </trkpt>
      <trkpt lat="22.54863637557003" lon="114.09872307492056">
        <ele>9.847760760225356</ele>
        <time>1970-01-01T00:05:54.700000Z</time>
        <extensions>
          <gpxtpx:TrackPointExtension>
            <gpxtpx:hr>143</gpxtpx:hr>
          </gpxtpx:TrackPointExtension>
        </extensions>
      </trkpt>
      <trkpt lat="22.548661798676626" lon="114.09872613494507">
        <ele>9.956546592526138</ele>
        <time>1970-01-01T00:05:55.700000Z</time>
        <extensions>
          <gpxtpx:TrackPointExtension>
            <gpxtpx:hr>143</gpxtpx:hr>
          </gpxtpx:TrackPointExtension>
        </extensions>
      </trkpt>
      <trkpt lat="22.548686891680127" lon="114.09872814441432">
        <ele>10.04893159866333</ele>
        <time>1970-01-01T00:05:56.700000Z</time>
        <extensions>
          <gpxtpx:TrackPointExtension>
            <gpxtpx:hr>144</gpxtpx:hr>
          </gpxtpx:TrackPointExtension>
        </extensions>
      </trkpt>
      <trkpt lat="22.548711562159156" lon="114.09872951617493">
        <ele>10.141328786499798</ele>
        <time>1970-01-01T00:05:57.700000Z</time>
        <extensions>
          <gpxtpx:TrackPointExtension>
            <gpxtpx:hr>144</gpxtpx:hr>
          </gpxtpx:TrackPointExtension>
        </extensions>
      </trkpt>
      <trkpt lat="22.548735454137493" lon="114.09873055350697">
        <ele>10.249512378126383</ele>
        <time>1970-01-01T00:05:58.700000Z</time>
        <extensions>
          <gpxtpx:TrackPointExtension>
            <gpxtpx:hr>144</gpxtpx:hr>
          </gpxtpx:TrackPointExtension>
        </extensions>
      </trkpt>
      <trkpt lat="22.548759014342476" lon="114.09873135036464">
        <ele>10.35933566186577</ele>
        <time>1970-01-01T00:05:59.700000Z</time>
        <extensions>
          <gpxtpx:TrackPointExtension>
            <gpxtpx:hr>144</gpxtpx:hr>
          </gpxtpx:TrackPointExtension>
        </extensions>
      </trkpt>
      <trkpt lat="22.548783089723788" lon="114.09873196930324">
        <ele>10.460809442214668</ele>
        <time>1970-01-01T00:06:00.700000Z</time>
        <extensions>
          <gpxtpx:TrackPointExtension>
            <gpxtpx:hr>144</gpxtpx:hr>
          </gpxtpx:TrackPointExtension>
        </extensions>
      </trkpt>
      <trkpt lat="22.548808374697273" lon="114.09873252899405">
        <ele>10.568993509747088</ele>
        <time>1970-01-01T00:06:01.700000Z</time>
        <extensions>
          <gpxtpx:TrackPointExtension>
            <gpxtpx:hr>144</gpxtpx:hr>
          </gpxtpx:TrackPointExtension>
        </extensions>
      </trkpt>
      <trkpt lat="22.548834192178994" lon="114.09873320054379">
        <ele>10.688571684993804</ele>
        <time>1970-01-01T00:06:02.700000Z</time>
        <extensions>
          <gpxtpx:TrackPointExtension>
            <gpxtpx:hr>144</gpxtpx:hr>
          </gpxtpx:TrackPointExtension>
        </extensions>
      </trkpt>
      <trkpt lat="22.548859572259975" lon="114.09873437481495">
        <ele>10.81650344002992</ele>
        <time>1970-01-01T00:06:03.700000Z</time>
        <extensions>
          <gpxtpx:TrackPointExtension>
            <gpxtpx:hr>144</gpxtpx:hr>
          </gpxtpx:TrackPointExtension>
        </extensions>
      </trkpt>
      <trkpt lat="22.548884050373157" lon="114.09873686069945">
        <ele>10.953916572965682</ele>
        <time>1970-01-01T00:06:04.700000Z</time>
        <extensions>
          <gpxtpx:TrackPointExtension>
            <gpxtpx:hr>144</gpxtpx:hr>
          </gpxtpx:TrackPointExtension>
        </extensions>
      </trkpt>
      <trkpt lat="22.548907741371842" lon="114.09874031324232">
        <ele>11.110401364974678</ele>
        <time>1970-01-01T00:06:05.700000Z</time>
        <extensions>
          <gpxtpx:TrackPointExtension>
            <gpxtpx:hr>144</gpxtpx:hr>
          </gpxtpx:TrackPointExtension>
        </extensions>
      </trkpt>
      <trkpt lat="22.54893084925811" lon="114.09874333362892">
        <ele>11.255030564032495</ele>
        <time>1970-01-01T00:06:06.700000Z</time>
        <extensions>
          <gpxtpx:TrackPointExtension>
            <gpxtpx:hr>143</gpxtpx:hr>
          </gpxtpx:TrackPointExtension>
        </extensions>
      </trkpt>
      <trkpt lat="22.548953965364294" lon="114.0987451319682">
        <ele>11.419808966107666</ele>
        <time>1970-01-01T00:06:07.700000Z</time>
        <extensions>
          <gpxtpx:TrackPointExtension>
            <gpxtpx:hr>143</gpxtpx:hr>
          </gpxtpx:TrackPointExtension>
        </extensions>
      </trkpt>
      <trkpt lat="22.548978144835726" lon="114.0987455205185">
        <ele>11.637867002747953</ele>
        <time>1970-01-01T00:06:08.700000Z</time>
        <extensions>
          <gpxtpx:TrackPointExtension>
            <gpxtpx:hr>143</gpxtpx:hr>
          </gpxtpx:TrackPointExtension>
        </extensions>
      </trkpt>
      <trkpt lat="22.549003690598493" lon="114.0987447650666">
        <ele>11.8627789337188</ele>
        <time>1970-01-01T00:06:09.700000Z</time>
        <extensions>
          <gpxtpx:TrackPointExtension>
            <gpxtpx:hr>143</gpxtpx:hr>
          </gpxtpx:TrackPointExtension>
        </extensions>
      </trkpt>
      <trkpt lat="22.54902936107617" lon="114.0987427712292">
        <ele>12.119879452511668</ele>
        <time>1970-01-01T00:06:10.700000Z</time>
        <extensions>
          <gpxtpx:TrackPointExtension>
            <gpxtpx:hr>143</gpxtpx:hr>
          </gpxtpx:TrackPointExtension>
        </extensions>
      </trkpt>
      <trkpt lat="22.549054380023943" lon="114.09873901498031">
        <ele>12.365912624634802</ele>
        <time>1970-01-01T00:06:11.700000Z</time>
        <extensions>
          <gpxtpx:TrackPointExtension>
            <gpxtpx:hr>143</gpxtpx:hr>
          </gpxtpx:TrackPointExtension>
        </extensions>
      </trkpt>
      <trkpt lat="22.549078473270296" lon="114.09873352219812">
        <ele>12.628129226155579</ele>
        <time>1970-01-01T00:06:12.700000Z</time>
        <extensions>
          <gpxtpx:TrackPointExtension>
            <gpxtpx:hr>142</gpxtpx:hr>
          </gpxtpx:TrackPointExtension>
        </extensions>
      </trkpt>
      <trkpt lat="22.549101313338657" lon="114.09872653799268">
        <ele>12.870299405418336</ele>
        <time>1970-01-01T00:06:13.700000Z</time>
        <extensions>
          <gpxtpx:TrackPointExtension>
            <gpxtpx:hr>142</gpxtpx:hr>
          </gpxtpx:TrackPointExtension>
        </extensions>
      </trkpt>
      <trkpt lat="22.549123295210574" lon="114.09871835765573">
        <ele>13.099162674508989</ele>
        <time>1970-01-01T00:06:14.700000Z</time>
        <extensions>
          <gpxtpx:TrackPointExtension>
            <gpxtpx:hr>142</gpxtpx:hr>
          </gpxtpx:TrackPointExtension>
        </extensions>
      </trkpt>
      <trkpt lat="22.549144827683875" lon="114.09870912964162">
        <ele>13.317380912601948</ele>
        <time>1970-01-01T00:06:15.700000Z</time>
        <extensions>
          <gpxtpx:TrackPointExtension>
            <gpxtpx:hr>142</gpxtpx:hr>
          </gpxtpx:TrackPointExtension>
        </extensions>
      </trkpt>
      <trkpt lat="22.54916613938846" lon="114.09869889204806">
        <ele>13.514513375237584</ele>
        <time>1970-01-01T00:06:16.700000Z</time>
        <extensions>
          <gpxtpx:TrackPointExtension>
            <gpxtpx:hr>142</gpxtpx:hr>
          </gpxtpx:TrackPointExtension>
        </extensions>
      </trkpt>
      <trkpt lat="22.549186664981793" lon="114.09868691663344">
        <ele>13.6843421459198</ele>
        <time>1970-01-01T00:06:17.700000Z</time>
        <extensions>
          <gpxtpx:TrackPointExtension>
            <gpxtpx:hr>142</gpxtpx:hr>
          </gpxtpx:TrackPointExtension>
        </extensions>
      </trkpt>
      <trkpt lat="22.549205896962878" lon="114.09867295366134">
        <ele>13.845996367745101</ele>
        <time>1970-01-01T00:06:18.700000Z</time>
        <extensions>
          <gpxtpx:TrackPointExtension>
            <gpxtpx:hr>142</gpxtpx:hr>
          </gpxtpx:TrackPointExtension>
        </extensions>
      </trkpt>
      <trkpt lat="22.549224520130558" lon="114.09865706818374">
        <ele>13.972188184969127</ele>
        <time>1970-01-01T00:06:19.700000Z</time>
        <extensions>
          <gpxtpx:TrackPointExtension>
            <gpxtpx:hr>145</gpxtpx:hr>
          </gpxtpx:TrackPointExtension>
        </extensions>
      </trkpt>
      <trkpt lat="22.549242484030746" lon="114.098638926675">
        <ele>14.071185822598636</ele>
        <time>1970-01-01T00:06:20.700000Z</time>
        <extensions>
          <gpxtpx:TrackPointExtension>
            <gpxtpx:hr>145</gpxtpx:hr>
          </gpxtpx:TrackPointExtension>
        </extensions>
      </trkpt>
      <trkpt lat="22.549259852646298" lon="114.09861933737723">
        <ele>14.12402056902647</ele>
        <time>1970-01-01T00:06:21.700000Z</time>
        <extensions>
          <gpxtpx:TrackPointExtension>
            <gpxtpx:hr>145</gpxtpx:hr>
          </gpxtpx:TrackPointExtension>
        </extensions>
      </trkpt>
      <trkpt lat="22.549276950191388" lon="114.09859946979223">
        <ele>14.14949008449912</ele>
        <time>1970-01-01T00:06:22.700000Z</time>
        <extensions>
          <gpxtpx:TrackPointExtension>
            <gpxtpx:hr>145</gpxtpx:hr>
          </gpxtpx:TrackPointExtension>
        </extensions>
      </trkpt>
      <trkpt lat="22.549294063337186" lon="114.09857979888882">
        <ele>14.1469620866701</ele>
        <time>1970-01-01T00:06:23.700000Z</time>
        <extensions>
          <gpxtpx:TrackPointExtension>
            <gpxtpx:hr>145</gpxtpx:hr>
          </gpxtpx:TrackPointExtension>
        </extensions>
      </trkpt>
      <trkpt lat="22.549311410557173" lon="114.09856031798078">
        <ele>14.099781499244273</ele>
        <time>1970-01-01T00:06:24.700000Z</time>
        <extensions>
          <gpxtpx:TrackPointExtension>
            <gpxtpx:hr>145</gpxtpx:hr>
          </gpxtpx:TrackPointExtension>
        </extensions>
      </trkpt>
      <trkpt lat="22.54932925933971" lon="114.0985405382449">
        <ele>14.066908800043166</ele>
        <time>1970-01-01T00:06:25.700000Z</time>
        <extensions>
          <gpxtpx:TrackPointExtension>
            <gpxtpx:hr>145</gpxtpx:hr>
          </gpxtpx:TrackPointExtension>
        </extensions>
      </trkpt>
      <trkpt lat="22.549347817076452" lon="114.09852077210114">
        <ele>14.0340028507635</ele>
        <time>1970-01-01T00:06:26.700000Z</time>
        <extensions>
          <gpxtpx:TrackPointExtension>
            <gpxtpx:hr>150</gpxtpx:hr>
          </gpxtpx:TrackPointExtension>
        </extensions>
      </trkpt>
      <trkpt lat="22.549366979958506" lon="114.09850151132193">
        <ele>14.010906441137195</ele>
        <time>1970-01-01T00:06:27.700000Z</time>
        <extensions>
          <gpxtpx:TrackPointExtension>
            <gpxtpx:hr>150</gpxtpx:hr>
          </gpxtpx:TrackPointExtension>
        </extensions>
      </trkpt>
      <trkpt lat="22.549386373894457" lon="114.0984833711878">
        <ele>13.97624661680311</ele>
        <time>1970-01-01T00:06:28.700000Z</time>
        <extensions>
          <gpxtpx:TrackPointExtension>
            <gpxtpx:hr>150</gpxtpx:hr>
          </gpxtpx:TrackPointExtension>
        </extensions>
      </trkpt>
      <trkpt lat="22.549405783239056" lon="114.0984665776222">
        <ele>13.968084575608373</ele>
        <time>1970-01-01T00:06:29.700000Z</time>
        <extensions>
          <gpxtpx:TrackPointExtension>
            <gpxtpx:hr>150</gpxtpx:hr>
          </gpxtpx:TrackPointExtension>
        </extensions>
      </trkpt>
      <trkpt lat="22.549424885390795" lon="114.09845110700924">
        <ele>13.993351397104561</ele>
        <time>1970-01-01T00:06:30.700000Z</time>
        <extensions>
          <gpxtpx:TrackPointExtension>
            <gpxtpx:hr>150</gpxtpx:hr>
          </gpxtpx:TrackPointExtension>
        </extensions>
      </trkpt>
      <trkpt lat="22.549443463996493" lon="114.09843688308888">
        <ele>14.02933319285512</ele>
        <time>1970-01-01T00:06:31.700000Z</time>
        <extensions>
          <gpxtpx:TrackPointExtension>
            <gpxtpx:hr>150</gpxtpx:hr>
          </gpxtpx:TrackPointExtension>
        </extensions>
      </trkpt>
      <trkpt lat="22.549461939350287" lon="114.09842253433183">
        <ele>14.053714245557785</ele>
        <time>1970-01-01T00:06:32.700000Z</time>
        <extensions>
          <gpxtpx:TrackPointExtension>
            <gpxtpx:hr>150</gpxtpx:hr>
          </gpxtpx:TrackPointExtension>
        </extensions>
      </trkpt>
      <trkpt lat="22.549480303638276" lon="114.09840712391129">
        <ele>14.091205134056509</ele>
        <time>1970-01-01T00:06:33.700000Z</time>
        <extensions>
          <gpxtpx:TrackPointExtension>
            <gpxtpx:hr>151</gpxtpx:hr>
          </gpxtpx:TrackPointExtension>
        </extensions>
      </trkpt>
      <trkpt lat="22.549498254230908" lon="114.09839127297467">
        <ele>14.150687954388559</ele>
        <time>1970-01-01T00:06:34.700000Z</time>
        <extensions>
          <gpxtpx:TrackPointExtension>
            <gpxtpx:hr>151</gpxtpx:hr>
          </gpxtpx:TrackPointExtension>
        </extensions>
      </trkpt>
      <trkpt lat="22.549516789251538" lon="114.09837534563955">
        <ele>14.228455364704132</ele>
        <time>1970-01-01T00:06:35.700000Z</time>
        <extensions>
          <gpxtpx:TrackPointExtension>
            <gpxtpx:hr>151</gpxtpx:hr>
          </gpxtpx:TrackPointExtension>
        </extensions>
      </trkpt>
      <trkpt lat="22.549536406336273" lon="114.09835922723884">
        <ele>14.3193768998608</ele>
        <time>1970-01-01T00:06:36.700000Z</time>
        <extensions>
          <gpxtpx:TrackPointExtension>
            <gpxtpx:hr>151</gpxtpx:hr>
          </gpxtpx:TrackPointExtension>
        </extensions>
      </trkpt>
      <trkpt lat="22.54955552815607" lon="114.09834253481108">
        <ele>14.40844198781997</ele>
        <time>1970-01-01T00:06:37.700000Z</time>
        <extensions>
          <gpxtpx:TrackPointExtension>
            <gpxtpx:hr>151</gpxtpx:hr>
          </gpxtpx:TrackPointExtension>
        </extensions>
      </trkpt>
      <trkpt lat="22.549573723811942" lon="114.09832544934277">
        <ele>14.493016722612083</ele>
        <time>1970-01-01T00:06:38.700000Z</time>
        <extensions>
          <gpxtpx:TrackPointExtension>
            <gpxtpx:hr>151</gpxtpx:hr>
          </gpxtpx:TrackPointExtension>
        </extensions>
      </trkpt>
      <trkpt lat="22.549591770523012" lon="114.098308693177">
        <ele>14.571899737231433</ele>
        <time>1970-01-01T00:06:39.700000Z</time>
        <extensions>
          <gpxtpx:TrackPointExtension>
            <gpxtpx:hr>151</gpxtpx:hr>
          </gpxtpx:TrackPointExtension>
        </extensions>
      </trkpt>
      <trkpt lat="22.54960982552872" lon="114.09829165907743">
        <ele>14.646948711015284</ele>
        <time>1970-01-01T00:06:40.700000Z</time>
        <extensions>
          <gpxtpx:TrackPointExtension>
            <gpxtpx:hr>151</gpxtpx:hr>
          </gpxtpx:TrackPointExtension>
        </extensions>
      </trkpt>
      <trkpt lat="22.54962721841658" lon="114.09827414103535">
        <ele>14.723878796212375</ele>
        <time>1970-01-01T00:06:41.700000Z</time>
        <extensions>
          <gpxtpx:TrackPointExtension>
            <gpxtpx:hr>151</gpxtpx:hr>
          </gpxtpx:TrackPointExtension>
        </extensions>
      </trkpt>
      <trkpt lat="22.549643474827608" lon="114.09825708766729">
        <ele>14.80901348311454</ele>
        <time>1970-01-01T00:06:42.700000Z</time>
        <extensions>
          <gpxtpx:TrackPointExtension>
            <gpxtpx:hr>151</gpxtpx:hr>
          </gpxtpx:TrackPointExtension>
        </extensions>
      </trkpt>
      <trkpt lat="22.549659041576" lon="114.09824085209736">
        <ele>14.888661896809936</ele>
        <time>1970-01-01T00:06:43.700000Z</time>
        <extensions>
          <gpxtpx:TrackPointExtension>
            <gpxtpx:hr>151</gpxtpx:hr>
          </gpxtpx:TrackPointExtension>
        </extensions>
      </trkpt>
      <trkpt lat="22.54967415777052" lon="114.09822519226014">
        <ele>14.951100110076368</ele>
        <time>1970-01-01T00:06:44.700000Z</time>
        <extensions>
          <gpxtpx:TrackPointExtension>
            <gpxtpx:hr>151</gpxtpx:hr>
          </gpxtpx:TrackPointExtension>
        </extensions>
      </trkpt>
      <trkpt lat="22.549688932918375" lon="114.0982089326469">
        <ele>15.008356204256415</ele>
        <time>1970-01-01T00:06:45.700000Z</time>
        <extensions>
          <gpxtpx:TrackPointExtension>
            <gpxtpx:hr>151</gpxtpx:hr>
          </gpxtpx:TrackPointExtension>
        </extensions>
      </trkpt>
      <trkpt lat="22.549702979736143" lon="114.0981908794292">
        <ele>15.058115233667195</ele>
        <time>1970-01-01T00:06:46.700000Z</time>
        <extensions>
          <gpxtpx:TrackPointExtension>
            <gpxtpx:hr>152</gpxtpx:hr>
          </gpxtpx:TrackPointExtension>
        </extensions>
      </trkpt>
      <trkpt lat="22.549716036928857" lon="114.09817095324945">
        <ele>15.106260338798165</ele>
        <time>1970-01-01T00:06:47.700000Z</time>
        <extensions>
          <gpxtpx:TrackPointExtension>
            <gpxtpx:hr>152</gpxtpx:hr>
          </gpxtpx:TrackPointExtension>
        </extensions>
      </trkpt>
      <trkpt lat="22.549728749728715" lon="114.09814976418009">
        <ele>15.154316617175937</ele>
        <time>1970-01-01T00:06:48.700000Z</time>
        <extensions>
          <gpxtpx:TrackPointExtension>
            <gpxtpx:hr>152</gpxtpx:hr>
          </gpxtpx:TrackPointExtension>
        </extensions>
      </trkpt>
      <trkpt lat="22.549742017388358" lon="114.0981282116622">
        <ele>15.213383857160807</ele>
        <time>1970-01-01T00:06:49.700000Z</time>
        <extensions>
          <gpxtpx:TrackPointExtension>
            <gpxtpx:hr>152</gpxtpx:hr>
          </gpxtpx:TrackPointExtension>
        </extensions>
      </trkpt>
      <trkpt lat="22.54975632091266" lon="114.0981068153558">
        <ele>15.285225884057581</ele>
        <time>1970-01-01T00:06:50.700000Z</time>
        <extensions>
          <gpxtpx:TrackPointExtension>
            <gpxtpx:hr>151</gpxtpx:hr>
          </gpxtpx:TrackPointExtension>
        </extensions>
      </trkpt>
      <trkpt lat="22.549770799671116" lon="114.09808590749411">
        <ele>15.362408404238522</ele>
        <time>1970-01-01T00:06:51.700000Z</time>
        <extensions>
          <gpxtpx:TrackPointExtension>
            <gpxtpx:hr>151</gpxtpx:hr>
          </gpxtpx:TrackPointExtension>
        </extensions>
      </trkpt>
      <trkpt lat="22.549784695323623" lon="114.09806564800054">
        <ele>15.403247946873307</ele>
        <time>1970-01-01T00:06:52.700000Z</time>
        <extensions>
          <gpxtpx:TrackPointExtension>
            <gpxtpx:hr>151</gpxtpx:hr>
          </gpxtpx:TrackPointExtension>
        </extensions>
      </trkpt>
      <trkpt lat="22.549798125383813" lon="114.09804541519867">
        <ele>15.418216460384429</ele>
        <time>1970-01-01T00:06:53.700000Z</time>
        <extensions>
          <gpxtpx:TrackPointExtension>
            <gpxtpx:hr>151</gpxtpx:hr>
          </gpxtpx:TrackPointExtension>
        </extensions>
      </trkpt>
      <trkpt lat="22.549810564050627" lon="114.09802450296971">
        <ele>15.433341873809695</ele>
        <time>1970-01-01T00:06:54.700000Z</time>
        <extensions>
          <gpxtpx:TrackPointExtension>
            <gpxtpx:hr>151</gpxtpx:hr>
          </gpxtpx:TrackPointExtension>
        </extensions>
      </trkpt>
      <trkpt lat="22.549822161919117" lon="114.0980029493748">
        <ele>15.436568541452289</ele>
        <time>1970-01-01T00:06:55.700000Z</time>
        <extensions>
          <gpxtpx:TrackPointExtension>
            <gpxtpx:hr>152</gpxtpx:hr>
          </gpxtpx:TrackPointExtension>
        </extensions>
      </trkpt>
      <trkpt lat="22.54983395035965" lon="114.09798131508339">
        <ele>15.421905647031963</ele>
        <time>1970-01-01T00:06:56.700000Z</time>
        <extensions>
          <gpxtpx:TrackPointExtension>
            <gpxtpx:hr>152</gpxtpx:hr>
          </gpxtpx:TrackPointExtension>
        </extensions>
      </trkpt>
      <trkpt lat="22.549846384646422" lon="114.09795912951533">
        <ele>15.417457403615117</ele>
        <time>1970-01-01T00:06:57.700000Z</time>
        <extensions>
          <gpxtpx:TrackPointExtension>
            <gpxtpx:hr>152</gpxtpx:hr>
          </gpxtpx:TrackPointExtension>
        </extensions>
      </trkpt>
      <trkpt lat="22.549858505032518" lon="114.09793612322477">
        <ele>15.401911078952253</ele>
        <time>1970-01-01T00:06:58.700000Z</time>
        <extensions>
          <gpxtpx:TrackPointExtension>
            <gpxtpx:hr>152</gpxtpx:hr>
          </gpxtpx:TrackPointExtension>
        </extensions>
      </trkpt>
      <trkpt lat="22.54987004468544" lon="114.09791317063541">
        <ele>15.363303920254111</ele>
        <time>1970-01-01T00:06:59.700000Z</time>
        <extensions>
          <gpxtpx:TrackPointExtension>
            <gpxtpx:hr>152</gpxtpx:hr>
          </gpxtpx:TrackPointExtension>
        </extensions>
      </trkpt>
      <trkpt lat="22.549882032311988" lon="114.09789094741753">
        <ele>15.309402573853731</ele>
        <time>1970-01-01T00:07:00.700000Z</time>
        <extensions>
          <gpxtpx:TrackPointExtension>
            <gpxtpx:hr>153</gpxtpx:hr>
          </gpxtpx:TrackPointExtension>
        </extensions>
      </trkpt>
      <trkpt lat="22.54989537374892" lon="114.097869448917">
        <ele>15.241366642527282</ele>
        <time>1970-01-01T00:07:01.700000Z</time>
        <extensions>
          <gpxtpx:TrackPointExtension>
            <gpxtpx:hr>153</gpxtpx:hr>
          </gpxtpx:TrackPointExtension>
        </extensions>
      </trkpt>
      <trkpt lat="22.54991081717659" lon="114.09784886919876">
        <ele>15.155840598978102</ele>
        <time>1970-01-01T00:07:02.700000Z</time>
        <extensions>
          <gpxtpx:TrackPointExtension>
            <gpxtpx:hr>153</gpxtpx:hr>
          </gpxtpx:TrackPointExtension>
        </extensions>
      </trkpt>
      <trkpt lat="22.54992849623497" lon="114.09782962113607">
        <ele>15.069330368191004</ele>
        <time>1970-01-01T00:07:03.700000Z</time>
        <extensions>
          <gpxtpx:TrackPointExtension>
            <gpxtpx:hr>153</gpxtpx:hr>
          </gpxtpx:TrackPointExtension>
        </extensions>
      </trkpt>
      <trkpt lat="22.54994774683629" lon="114.09781195219027">
        <ele>14.974215005524457</ele>
        <time>1970-01-01T00:07:04.700000Z</time>
        <extensions>
          <gpxtpx:TrackPointExtension>
            <gpxtpx:hr>153</gpxtpx:hr>
          </gpxtpx:TrackPointExtension>
        </extensions>
      </trkpt>
      <trkpt lat="22.549968116503752" lon="114.0977948818955">
        <ele>14.881857110187411</ele>
        <time>1970-01-01T00:07:05.700000Z</time>
        <extensions>
          <gpxtpx:TrackPointExtension>
            <gpxtpx:hr>153</gpxtpx:hr>
          </gpxtpx:TrackPointExtension>
        </extensions>
      </trkpt>
      <trkpt lat="22.5499891912918" lon="114.097777768689">
        <ele>14.788874791935086</ele>
        <time>1970-01-01T00:07:06.700000Z</time>
        <extensions>
          <gpxtpx:TrackPointExtension>
            <gpxtpx:hr>152</gpxtpx:hr>
          </gpxtpx:TrackPointExtension>
        </extensions>
      </trkpt>
      <trkpt lat="22.550010182427588" lon="114.0977608466735">
        <ele>14.71771642845124</ele>
        <time>1970-01-01T00:07:07.700000Z</time>
        <extensions>
          <gpxtpx:TrackPointExtension>
            <gpxtpx:hr>152</gpxtpx:hr>
          </gpxtpx:TrackPointExtension>
        </extensions>
      </trkpt>
      <trkpt lat="22.55003015204702" lon="114.09774418114691">
        <ele>14.625004692003131</ele>
        <time>1970-01-01T00:07:08.700000Z</time>
        <extensions>
          <gpxtpx:TrackPointExtension>
            <gpxtpx:hr>152</gpxtpx:hr>
          </gpxtpx:TrackPointExtension>
        </extensions>
      </trkpt>
      <trkpt lat="22.55004923514688" lon="114.09772807773008">
        <ele>14.531392238102853</ele>
        <time>1970-01-01T00:07:09.700000Z</time>
        <extensions>
          <gpxtpx:TrackPointExtension>
            <gpxtpx:hr>152</gpxtpx:hr>
          </gpxtpx:TrackPointExtension>
        </extensions>
      </trkpt>
      <trkpt lat="22.550067555531985" lon="114.09771250537959">
        <ele>14.436606938019395</ele>
        <time>1970-01-01T00:07:10.700000Z</time>
        <extensions>
          <gpxtpx:TrackPointExtension>
            <gpxtpx:hr>152</gpxtpx:hr>
          </gpxtpx:TrackPointExtension>
        </extensions>
      </trkpt>
      <trkpt lat="22.550084708505768" lon="114.09769696529582">
        <ele>14.346638839691877</ele>
        <time>1970-01-01T00:07:11.700000Z</time>
        <extensions>
          <gpxtpx:TrackPointExtension>
            <gpxtpx:hr>152</gpxtpx:hr>
          </gpxtpx:TrackPointExtension>
        </extensions>
      </trkpt>
      <trkpt lat="22.550100456740967" lon="114.09768029065705">
        <ele>14.244724839925766</ele>
        <time>1970-01-01T00:07:12.700000Z</time>
        <extensions>
          <gpxtpx:TrackPointExtension>
            <gpxtpx:hr>150</gpxtpx:hr>
          </gpxtpx:TrackPointExtension>
        </extensions>
      </trkpt>
      <trkpt lat="22.55011362949578" lon="114.09766086794271">
        <ele>14.137734323740005</ele>
        <time>1970-01-01T00:07:13.700000Z</time>
        <extensions>
          <gpxtpx:TrackPointExtension>
            <gpxtpx:hr>150</gpxtpx:hr>
          </gpxtpx:TrackPointExtension>
        </extensions>
      </trkpt>
      <trkpt lat="22.55012238551859" lon="114.0976380786164">
        <ele>14.036195253953338</ele>
        <time>1970-01-01T00:07:14.700000Z</time>
        <extensions>
          <gpxtpx:TrackPointExtension>
            <gpxtpx:hr>150</gpxtpx:hr>
          </gpxtpx:TrackPointExtension>
        </extensions>
      </trkpt>
      <trkpt lat="22.55012528978603" lon="114.09761241842796">
        <ele>13.912323833443224</ele>
        <time>1970-01-01T00:07:15.700000Z</time>
        <extensions>
          <gpxtpx:TrackPointExtension>
            <gpxtpx:hr>150</gpxtpx:hr>
          </gpxtpx:TrackPointExtension>
        </extensions>
      </trkpt>
      <trkpt lat="22.550122735043267" lon="114.09758504814994">
        <ele>13.782749786041677</ele>
        <time>1970-01-01T00:07:16.700000Z</time>
        <extensions>
          <gpxtpx:TrackPointExtension>
            <gpxtpx:hr>150</gpxtpx:hr>
          </gpxtpx:TrackPointExtension>
        </extensions>
      </trkpt>
      <trkpt lat="22.550116407778777" lon="114.09755794434754">
        <ele>13.627083126455545</ele>
        <time>1970-01-01T00:07:17.700000Z</time>
        <extensions>
          <gpxtpx:TrackPointExtension>
            <gpxtpx:hr>152</gpxtpx:hr>
          </gpxtpx:TrackPointExtension>
        </extensions>
      </trkpt>
      <trkpt lat="22.550108068316625" lon="114.09753275441773">
        <ele>13.448312406428158</ele>
        <time>1970-01-01T00:07:18.700000Z</time>
        <extensions>
          <gpxtpx:TrackPointExtension>
            <gpxtpx:hr>152</gpxtpx:hr>
          </gpxtpx:TrackPointExtension>
        </extensions>
      </trkpt>
      <trkpt lat="22.550099638629145" lon="114.09750953699219">
        <ele>13.250818421132863</ele>
        <time>1970-01-01T00:07:19.700000Z</time>
        <extensions>
          <gpxtpx:TrackPointExtension>
            <gpxtpx:hr>152</gpxtpx:hr>
          </gpxtpx:TrackPointExtension>
        </extensions>
      </trkpt>
      <trkpt lat="22.550092705112476" lon="114.09748765013411">
        <ele>13.014525773003697</ele>
        <time>1970-01-01T00:07:20.700000Z</time>
        <extensions>
          <gpxtpx:TrackPointExtension>
            <gpxtpx:hr>152</gpxtpx:hr>
          </gpxtpx:TrackPointExtension>
        </extensions>
      </trkpt>
      <trkpt lat="22.55008717804825" lon="114.09746562015029">
        <ele>12.771576804108918</ele>
        <time>1970-01-01T00:07:21.700000Z</time>
        <extensions>
          <gpxtpx:TrackPointExtension>
            <gpxtpx:hr>152</gpxtpx:hr>
          </gpxtpx:TrackPointExtension>
        </extensions>
      </trkpt>
      <trkpt lat="22.55008241572949" lon="114.09744223064098">
        <ele>12.510007079690695</ele>
        <time>1970-01-01T00:07:22.700000Z</time>
        <extensions>
          <gpxtpx:TrackPointExtension>
            <gpxtpx:hr>153</gpxtpx:hr>
          </gpxtpx:TrackPointExtension>
        </extensions>
      </trkpt>
      <trkpt lat="22.55007757846152" lon="114.09741776511333">
        <ele>12.227886212989688</ele>
        <time>1970-01-01T00:07:23.700000Z</time>
        <extensions>
          <gpxtpx:TrackPointExtension>
            <gpxtpx:hr>153</gpxtpx:hr>
          </gpxtpx:TrackPointExtension>
        </extensions>
      </trkpt>
      <trkpt lat="22.550071166725147" lon="114.09739277604847">
        <ele>11.938580521382391</ele>
        <time>1970-01-01T00:07:24.700000Z</time>
        <extensions>
          <gpxtpx:TrackPointExtension>
            <gpxtpx:hr>153</gpxtpx:hr>
          </gpxtpx:TrackPointExtension>
        </extensions>
      </trkpt>
      <trkpt lat="22.550062559700002" lon="114.09736800774304">
        <ele>11.623929751105607</ele>
        <time>1970-01-01T00:07:25.700000Z</time>
        <extensions>
          <gpxtpx:TrackPointExtension>
            <gpxtpx:hr>153</gpxtpx:hr>
          </gpxtpx:TrackPointExtension>
        </extensions>
      </trkpt>
      <trkpt lat="22.550051717373258" lon="114.09734449686368">
        <ele>11.301908373832703</ele>
        <time>1970-01-01T00:07:26.700000Z</time>
        <extensions>
          <gpxtpx:TrackPointExtension>
            <gpxtpx:hr>153</gpxtpx:hr>
          </gpxtpx:TrackPointExtension>
        </extensions>
      </trkpt>
      <trkpt lat="22.550039299041885" lon="114.09732233728981">
        <ele>10.977380779571831</ele>
        <time>1970-01-01T00:07:27.700000Z</time>
        <extensions>
          <gpxtpx:TrackPointExtension>
            <gpxtpx:hr>153</gpxtpx:hr>
          </gpxtpx:TrackPointExtension>
        </extensions>
      </trkpt>
      <trkpt lat="22.5500263621361" lon="114.09730042355059">
        <ele>10.669157325290143</ele>
        <time>1970-01-01T00:07:28.700000Z</time>
        <extensions>
          <gpxtpx:TrackPointExtension>
            <gpxtpx:hr>153</gpxtpx:hr>
          </gpxtpx:TrackPointExtension>
        </extensions>
      </trkpt>
      <trkpt lat="22.550013114306562" lon="114.09727765161435">
        <ele>10.377598787657917</ele>
        <time>1970-01-01T00:07:29.700000Z</time>
        <extensions>
          <gpxtpx:TrackPointExtension>
            <gpxtpx:hr>153</gpxtpx:hr>
          </gpxtpx:TrackPointExtension>
        </extensions>
      </trkpt>
      <trkpt lat="22.549999926148793" lon="114.0972543906138">
        <ele>10.10134266410023</ele>
        <time>1970-01-01T00:07:30.700000Z</time>
        <extensions>
          <gpxtpx:TrackPointExtension>
            <gpxtpx:hr>153</gpxtpx:hr>
          </gpxtpx:TrackPointExtension>
        </extensions>
      </trkpt>
      <trkpt lat="22.549986710106584" lon="114.09723106975139">
        <ele>9.853892788290977</ele>
        <time>1970-01-01T00:07:31.700000Z</time>
        <extensions>
          <gpxtpx:TrackPointExtension>
            <gpxtpx:hr>153</gpxtpx:hr>
          </gpxtpx:TrackPointExtension>
        </extensions>
      </trkpt>
      <trkpt lat="22.549972511111143" lon="114.09720801781519">
        <ele>9.629746315069497</ele>
        <time>1970-01-01T00:07:32.700000Z</time>
        <extensions>
          <gpxtpx:TrackPointExtension>
            <gpxtpx:hr>153</gpxtpx:hr>
          </gpxtpx:TrackPointExtension>
        </extensions>
      </trkpt>
      <trkpt lat="22.549956627617746" lon="114.09718593204637">
        <ele>9.435440643690526</ele>
        <time>1970-01-01T00:07:33.700000Z</time>
        <extensions>
          <gpxtpx:TrackPointExtension>
            <gpxtpx:hr>153</gpxtpx:hr>
          </gpxtpx:TrackPointExtension>
        </extensions>
      </trkpt>
      <trkpt lat="22.549938296712845" lon="114.09716605564597">
        <ele>9.252024881541729</ele>
        <time>1970-01-01T00:07:34.700000Z</time>
        <extensions>
          <gpxtpx:TrackPointExtension>
            <gpxtpx:hr>153</gpxtpx:hr>
          </gpxtpx:TrackPointExtension>
        </extensions>
      </trkpt>
      <trkpt lat="22.549917737363476" lon="114.09714941975211">
        <ele>9.083851515315473</ele>
        <time>1970-01-01T00:07:35.700000Z</time>
        <extensions>
          <gpxtpx:TrackPointExtension>
            <gpxtpx:hr>153</gpxtpx:hr>
          </gpxtpx:TrackPointExtension>
        </extensions>
      </trkpt>
      <trkpt lat="22.549895933627894" lon="114.09713588977003">
        <ele>8.924442497082055</ele>
        <time>1970-01-01T00:07:36.700000Z</time>
        <extensions>
          <gpxtpx:TrackPointExtension>
            <gpxtpx:hr>149</gpxtpx:hr>
          </gpxtpx:TrackPointExtension>
        </extensions>
      </trkpt>
      <trkpt lat="22.549872774020656" lon="114.09712376541304">
        <ele>8.755706164985895</ele>
        <time>1970-01-01T00:07:37.700000Z</time>
        <extensions>
          <gpxtpx:TrackPointExtension>
            <gpxtpx:hr>149</gpxtpx:hr>
          </gpxtpx:TrackPointExtension>
        </extensions>
      </trkpt>
      <trkpt lat="22.549848842625458" lon="114.09711023927515">
        <ele>8.58964380249381</ele>
        <time>1970-01-01T00:07:38.700000Z</time>
        <extensions>
          <gpxtpx:TrackPointExtension>
            <gpxtpx:hr>149</gpxtpx:hr>
          </gpxtpx:TrackPointExtension>
        </extensions>
      </trkpt>
      <trkpt lat="22.549826306256033" lon="114.09709345007357">
        <ele>8.428514016792178</ele>
        <time>1970-01-01T00:07:39.700000Z</time>
        <extensions>
          <gpxtpx:TrackPointExtension>
            <gpxtpx:hr>149</gpxtpx:hr>
          </gpxtpx:TrackPointExtension>
        </extensions>
      </trkpt>
      <trkpt lat="22.54980720114818" lon="114.09707230302723">
        <ele>8.260418025776744</ele>
        <time>1970-01-01T00:07:40.700000Z</time>
        <extensions>
          <gpxtpx:TrackPointExtension>
            <gpxtpx:hr>149</gpxtpx:hr>
          </gpxtpx:TrackPointExtension>
        </extensions>
      </trkpt>
      <trkpt lat="22.549793234079814" lon="114.09704697409767">
        <ele>8.082231608219445</ele>
        <time>1970-01-01T00:07:41.700000Z</time>
        <extensions>
          <gpxtpx:TrackPointExtension>
            <gpxtpx:hr>149</gpxtpx:hr>
          </gpxtpx:TrackPointExtension>
        </extensions>
      </trkpt>
      <trkpt lat="22.54978447584089" lon="114.09701927754071">
        <ele>7.8965482376515865</ele>
        <time>1970-01-01T00:07:42.700000Z</time>
        <extensions>
          <gpxtpx:TrackPointExtension>
            <gpxtpx:hr>149</gpxtpx:hr>
          </gpxtpx:TrackPointExtension>
        </extensions>
      </trkpt>
      <trkpt lat="22.549779390312185" lon="114.09699099287229">
        <ele>7.690145758911967</ele>
        <time>1970-01-01T00:07:43.700000Z</time>
        <extensions>
          <gpxtpx:TrackPointExtension>
            <gpxtpx:hr>149</gpxtpx:hr>
          </gpxtpx:TrackPointExtension>
        </extensions>
      </trkpt>
      <trkpt lat="22.54977658141379" lon="114.0969627298674">
        <ele>7.46788411680609</ele>
        <time>1970-01-01T00:07:44.700000Z</time>
        <extensions>
          <gpxtpx:TrackPointExtension>
            <gpxtpx:hr>149</gpxtpx:hr>
          </gpxtpx:TrackPointExtension>
        </extensions>
      </trkpt>
      <trkpt lat="22.549775772845166" lon="114.09693468009014">
        <ele>7.280856866389513</ele>
        <time>1970-01-01T00:07:45.700000Z</time>
        <extensions>
          <gpxtpx:TrackPointExtension>
            <gpxtpx:hr>149</gpxtpx:hr>
          </gpxtpx:TrackPointExtension>
        </extensions>
      </trkpt>
      <trkpt lat="22.54977764932591" lon="114.09690801654894">
        <ele>7.101695218123496</ele>
        <time>1970-01-01T00:07:46.700000Z</time>
        <extensions>
          <gpxtpx:TrackPointExtension>
            <gpxtpx:hr>149</gpxtpx:hr>
          </gpxtpx:TrackPointExtension>
        </extensions>
      </trkpt>
      <trkpt lat="22.549782896576172" lon="114.09688349486822">
        <ele>6.9446554919704795</ele>
        <time>1970-01-01T00:07:47.700000Z</time>
        <extensions>
          <gpxtpx:TrackPointExtension>
            <gpxtpx:hr>147</gpxtpx:hr>
          </gpxtpx:TrackPointExtension>
        </extensions>
      </trkpt>
      <trkpt lat="22.549792267247458" lon="114.09685964175377">
        <ele>6.824414525181055</ele>
        <time>1970-01-01T00:07:48.700000Z</time>
        <extensions>
          <gpxtpx:TrackPointExtension>
            <gpxtpx:hr>147</gpxtpx:hr>
          </gpxtpx:TrackPointExtension>
        </extensions>
      </trkpt>
      <trkpt lat="22.54980569327444" lon="114.09683606547136">
        <ele>6.7460098173469305</ele>
        <time>1970-01-01T00:07:49.700000Z</time>
        <extensions>
          <gpxtpx:TrackPointExtension>
            <gpxtpx:hr>147</gpxtpx:hr>
          </gpxtpx:TrackPointExtension>
        </extensions>
      </trkpt>
      <trkpt lat="22.549822362201528" lon="114.09681365208141">
        <ele>6.71046844124794</ele>
        <time>1970-01-01T00:07:50.700000Z</time>
        <extensions>
          <gpxtpx:TrackPointExtension>
            <gpxtpx:hr>147</gpxtpx:hr>
          </gpxtpx:TrackPointExtension>
        </extensions>
      </trkpt>
      <trkpt lat="22.549841710216057" lon="114.09679325971696">
        <ele>6.704376037232578</ele>
        <time>1970-01-01T00:07:51.700000Z</time>
        <extensions>
          <gpxtpx:TrackPointExtension>
            <gpxtpx:hr>147</gpxtpx:hr>
          </gpxtpx:TrackPointExtension>
        </extensions>
      </trkpt>
      <trkpt lat="22.54986374487645" lon="114.09677619695996">
        <ele>6.756588104180992</ele>
        <time>1970-01-01T00:07:52.700000Z</time>
        <extensions>
          <gpxtpx:TrackPointExtension>
            <gpxtpx:hr>147</gpxtpx:hr>
          </gpxtpx:TrackPointExtension>
        </extensions>
      </trkpt>
      <trkpt lat="22.549888111128748" lon="114.09676333211564">
        <ele>6.86887093167752</ele>
        <time>1970-01-01T00:07:53.700000Z</time>
        <extensions>
          <gpxtpx:TrackPointExtension>
            <gpxtpx:hr>146</gpxtpx:hr>
          </gpxtpx:TrackPointExtension>
        </extensions>
      </trkpt>
      <trkpt lat="22.549913822152092" lon="114.09675431510881">
        <ele>7.013154934160411</ele>
        <time>1970-01-01T00:07:54.700000Z</time>
        <extensions>
          <gpxtpx:TrackPointExtension>
            <gpxtpx:hr>146</gpxtpx:hr>
          </gpxtpx:TrackPointExtension>
        </extensions>
      </trkpt>
      <trkpt lat="22.5499400728611" lon="114.09674726629974">
        <ele>7.179162102751434</ele>
        <time>1970-01-01T00:07:55.700000Z</time>
        <extensions>
          <gpxtpx:TrackPointExtension>
            <gpxtpx:hr>146</gpxtpx:hr>
          </gpxtpx:TrackPointExtension>
        </extensions>
      </trkpt>
      <trkpt lat="22.549966423253874" lon="114.0967405681535">
        <ele>7.381948782131076</ele>
        <time>1970-01-01T00:07:56.700000Z</time>
        <extensions>
          <gpxtpx:TrackPointExtension>
            <gpxtpx:hr>146</gpxtpx:hr>
          </gpxtpx:TrackPointExtension>
        </extensions>
      </trkpt>
      <trkpt lat="22.549992464166785" lon="114.0967337969356">
        <ele>7.602587568573654</ele>
        <time>1970-01-01T00:07:57.700000Z</time>
        <extensions>
          <gpxtpx:TrackPointExtension>
            <gpxtpx:hr>147</gpxtpx:hr>
          </gpxtpx:TrackPointExtension>
        </extensions>
      </trkpt>
      <trkpt lat="22.55001800451638" lon="114.09672667470167">
        <ele>7.838960858993232</ele>
        <time>1970-01-01T00:07:58.700000Z</time>
        <extensions>
          <gpxtpx:TrackPointExtension>
            <gpxtpx:hr>147</gpxtpx:hr>
          </gpxtpx:TrackPointExtension>
        </extensions>
      </trkpt>
      <trkpt lat="22.550042767651632" lon="114.09671946116953">
        <ele>8.105043894611299</ele>
        <time>1970-01-01T00:07:59.700000Z</time>
        <extensions>
          <gpxtpx:TrackPointExtension>
            <gpxtpx:hr>147</gpxtpx:hr>
          </gpxtpx:TrackPointExtension>
        </extensions>
      </trkpt>
      <trkpt lat="22.550066893653632" lon="114.09671236544769">
        <ele>8.389105121605098</ele>
        <time>1970-01-01T00:08:00.700000Z</time>
        <extensions>
          <gpxtpx:TrackPointExtension>
            <gpxtpx:hr>147</gpxtpx:hr>
          </gpxtpx:TrackPointExtension>
        </extensions>
      </trkpt>
      <trkpt lat="22.550091018853383" lon="114.0967047426477">
        <ele>8.648288394324481</ele>
        <time>1970-01-01T00:08:01.700000Z</time>
        <extensions>
          <gpxtpx:TrackPointExtension>
            <gpxtpx:hr>147</gpxtpx:hr>
          </gpxtpx:TrackPointExtension>
        </extensions>
      </trkpt>
      <trkpt lat="22.55011497261575" lon="114.09669604472654">
        <ele>8.891562260687351</ele>
        <time>1970-01-01T00:08:02.700000Z</time>
        <extensions>
          <gpxtpx:TrackPointExtension>
            <gpxtpx:hr>145</gpxtpx:hr>
          </gpxtpx:TrackPointExtension>
        </extensions>
      </trkpt>
      <trkpt lat="22.550138024632094" lon="114.0966858714094">
        <ele>9.116147881373763</ele>
        <time>1970-01-01T00:08:03.700000Z</time>
        <extensions>
          <gpxtpx:TrackPointExtension>
            <gpxtpx:hr>145</gpxtpx:hr>
          </gpxtpx:TrackPointExtension>
        </extensions>
      </trkpt>
      <trkpt lat="22.550160319284732" lon="114.09667444584453">
        <ele>9.323792921379209</ele>
        <time>1970-01-01T00:08:04.700000Z</time>
        <extensions>
          <gpxtpx:TrackPointExtension>
            <gpxtpx:hr>145</gpxtpx:hr>
          </gpxtpx:TrackPointExtension>
        </extensions>
      </trkpt>
      <trkpt lat="22.55018219235622" lon="114.09666263668491">
        <ele>9.507079674862325</ele>
        <time>1970-01-01T00:08:05.700000Z</time>
        <extensions>
          <gpxtpx:TrackPointExtension>
            <gpxtpx:hr>145</gpxtpx:hr>
          </gpxtpx:TrackPointExtension>
        </extensions>
      </trkpt>
      <trkpt lat="22.55020359179131" lon="114.09665082183936">
        <ele>9.679613758809865</ele>
        <time>1970-01-01T00:08:06.700000Z</time>
        <extensions>
          <gpxtpx:TrackPointExtension>
            <gpxtpx:hr>145</gpxtpx:hr>
          </gpxtpx:TrackPointExtension>
        </extensions>
      </trkpt>
      <trkpt lat="22.550224412754034" lon="114.09663907822204">
        <ele>9.81157402228564</ele>
        <time>1970-01-01T00:08:07.700000Z</time>
        <extensions>
          <gpxtpx:TrackPointExtension>
            <gpxtpx:hr>145</gpxtpx:hr>
          </gpxtpx:TrackPointExtension>
        </extensions>
      </trkpt>
      <trkpt lat="22.55024466316916" lon="114.09662700995058">
        <ele>9.920953338965774</ele>
        <time>1970-01-01T00:08:08.700000Z</time>
        <extensions>
          <gpxtpx:TrackPointExtension>
            <gpxtpx:hr>145</gpxtpx:hr>
          </gpxtpx:TrackPointExtension>
        </extensions>
      </trkpt>
      <trkpt lat="22.550264645493517" lon="114.0966144127206">
        <ele>9.997616273351014</ele>
        <time>1970-01-01T00:08:09.700000Z</time>
        <extensions>
          <gpxtpx:TrackPointExtension>
            <gpxtpx:hr>145</gpxtpx:hr>
          </gpxtpx:TrackPointExtension>
        </extensions>
      </trkpt>
      <trkpt lat="22.5502846390957" lon="114.09660074924751">
        <ele>10.05342673882842</ele>
        <time>1970-01-01T00:08:10.700000Z</time>
        <extensions>
          <gpxtpx:TrackPointExtension>
            <gpxtpx:hr>145</gpxtpx:hr>
          </gpxtpx:TrackPointExtension>
        </extensions>
      </trkpt>
      <trkpt lat="22.55030414551749" lon="114.09658599875443">
        <ele>10.080933277495205</ele>
        <time>1970-01-01T00:08:11.700000Z</time>
        <extensions>
          <gpxtpx:TrackPointExtension>
            <gpxtpx:hr>145</gpxtpx:hr>
          </gpxtpx:TrackPointExtension>
        </extensions>
      </trkpt>
      <trkpt lat="22.55032269512824" lon="114.09657069863056">
        <ele>10.093495030887425</ele>
        <time>1970-01-01T00:08:12.700000Z</time>
        <extensions>
          <gpxtpx:TrackPointExtension>
            <gpxtpx:hr>145</gpxtpx:hr>
          </gpxtpx:TrackPointExtension>
        </extensions>
      </trkpt>
      <trkpt lat="22.55034029959122" lon="114.09655477602625">
        <ele>10.068040324375033</ele>
        <time>1970-01-01T00:08:13.700000Z</time>
        <extensions>
          <gpxtpx:TrackPointExtension>
            <gpxtpx:hr>145</gpxtpx:hr>
          </gpxtpx:TrackPointExtension>
        </extensions>
      </trkpt>
      <trkpt lat="22.55035758801608" lon="114.09653819949749">
        <ele>10.015952297486365</ele>
        <time>1970-01-01T00:08:14.700000Z</time>
        <extensions>
          <gpxtpx:TrackPointExtension>
            <gpxtpx:hr>145</gpxtpx:hr>
          </gpxtpx:TrackPointExtension>
        </extensions>
      </trkpt>
      <trkpt lat="22.55037516696511" lon="114.09652114751303">
        <ele>9.933879625983536</ele>
        <time>1970-01-01T00:08:15.700000Z</time>
        <extensions>
          <gpxtpx:TrackPointExtension>
            <gpxtpx:hr>145</gpxtpx:hr>
          </gpxtpx:TrackPointExtension>
        </extensions>
      </trkpt>
      <trkpt lat="22.55039280263818" lon="114.09650380242758">
        <ele>9.810374082066119</ele>
        <time>1970-01-01T00:08:16.700000Z</time>
        <extensions>
          <gpxtpx:TrackPointExtension>
            <gpxtpx:hr>145</gpxtpx:hr>
          </gpxtpx:TrackPointExtension>
        </extensions>
      </trkpt>
      <trkpt lat="22.5504101182" lon="114.0964865324215">
        <ele>9.688122075982392</ele>
        <time>1970-01-01T00:08:17.700000Z</time>
        <extensions>
          <gpxtpx:TrackPointExtension>
            <gpxtpx:hr>145</gpxtpx:hr>
          </gpxtpx:TrackPointExtension>
        </extensions>
      </trkpt>
      <trkpt lat="22.550427093083055" lon="114.09646932022414">
        <ele>9.544029514305294</ele>
        <time>1970-01-01T00:08:18.700000Z</time>
        <extensions>
          <gpxtpx:TrackPointExtension>
            <gpxtpx:hr>145</gpxtpx:hr>
          </gpxtpx:TrackPointExtension>
        </extensions>
      </trkpt>
      <trkpt lat="22.550444013525514" lon="114.09645157589352">
        <ele>9.391425298526883</ele>
        <time>1970-01-01T00:08:19.700000Z</time>
        <extensions>
          <gpxtpx:TrackPointExtension>
            <gpxtpx:hr>145</gpxtpx:hr>
          </gpxtpx:TrackPointExtension>
        </extensions>
      </trkpt>
      <trkpt lat="22.550460670684767" lon="114.09643303288986">
        <ele>9.234920464456081</ele>
        <time>1970-01-01T00:08:20.700000Z</time>
        <extensions>
          <gpxtpx:TrackPointExtension>
            <gpxtpx:hr>146</gpxtpx:hr>
          </gpxtpx:TrackPointExtension>
        </extensions>
      </trkpt>
      <trkpt lat="22.550477392632136" lon="114.09641337052346">
        <ele>9.076133513823152</ele>
        <time>1970-01-01T00:08:21.700000Z</time>
        <extensions>
          <gpxtpx:TrackPointExtension>
            <gpxtpx:hr>146</gpxtpx:hr>
          </gpxtpx:TrackPointExtension>
        </extensions>
      </trkpt>
      <trkpt lat="22.550495077321223" lon="114.09639342409822">
        <ele>8.918044418096542</ele>
        <time>1970-01-01T00:08:22.700000Z</time>
        <extensions>
          <gpxtpx:TrackPointExtension>
            <gpxtpx:hr>146</gpxtpx:hr>
          </gpxtpx:TrackPointExtension>
        </extensions>
      </trkpt>
      <trkpt lat="22.550513846532315" lon="114.09637475284019">
        <ele>8.752655947580934</ele>
        <time>1970-01-01T00:08:23.700000Z</time>
        <extensions>
          <gpxtpx:TrackPointExtension>
            <gpxtpx:hr>146</gpxtpx:hr>
          </gpxtpx:TrackPointExtension>
        </extensions>
      </trkpt>
      <trkpt lat="22.550533386084613" lon="114.0963576369649">
        <ele>8.596650580875576</ele>
        <time>1970-01-01T00:08:24.700000Z</time>
        <extensions>
          <gpxtpx:TrackPointExtension>
            <gpxtpx:hr>146</gpxtpx:hr>
          </gpxtpx:TrackPointExtension>
        </extensions>
      </trkpt>
      <trkpt lat="22.550553408348172" lon="114.09634121323334">
        <ele>8.448570124804974</ele>
        <time>1970-01-01T00:08:25.700000Z</time>
        <extensions>
          <gpxtpx:TrackPointExtension>
            <gpxtpx:hr>146</gpxtpx:hr>
          </gpxtpx:TrackPointExtension>
        </extensions>
      </trkpt>
      <trkpt lat="22.55057314184384" lon="114.09632399703176">
        <ele>8.291413833387196</ele>
        <time>1970-01-01T00:08:26.700000Z</time>
        <extensions>
          <gpxtpx:TrackPointExtension>
            <gpxtpx:hr>146</gpxtpx:hr>
          </gpxtpx:TrackPointExtension>
        </extensions>
      </trkpt>
      <trkpt lat="22.550591584046266" lon="114.0963053681286">
        <ele>8.138876768760383</ele>
        <time>1970-01-01T00:08:27.700000Z</time>
        <extensions>
          <gpxtpx:TrackPointExtension>
            <gpxtpx:hr>145</gpxtpx:hr>
          </gpxtpx:TrackPointExtension>
        </extensions>
      </trkpt>
      <trkpt lat="22.550609002137655" lon="114.09628533773477">
        <ele>8.016526591964066</ele>
        <time>1970-01-01T00:08:28.700000Z</time>
        <extensions>
          <gpxtpx:TrackPointExtension>
            <gpxtpx:hr>145</gpxtpx:hr>
          </gpxtpx:TrackPointExtension>
        </extensions>
      </trkpt>
      <trkpt lat="22.550626118114106" lon="114.09626435831707">
        <ele>7.901416781358421</ele>
        <time>1970-01-01T00:08:29.700000Z</time>
        <extensions>
          <gpxtpx:TrackPointExtension>
            <gpxtpx:hr>145</gpxtpx:hr>
          </gpxtpx:TrackPointExtension>
        </extensions>
      </trkpt>
      <trkpt lat="22.550642912216883" lon="114.09624369287333">
        <ele>7.818903830833733</ele>
        <time>1970-01-01T00:08:30.700000Z</time>
        <extensions>
          <gpxtpx:TrackPointExtension>
            <gpxtpx:hr>145</gpxtpx:hr>
          </gpxtpx:TrackPointExtension>
        </extensions>
      </trkpt>
      <trkpt lat="22.550659257975617" lon="114.09622301168716">
        <ele>7.766054805368185</ele>
        <time>1970-01-01T00:08:31.700000Z</time>
        <extensions>
          <gpxtpx:TrackPointExtension>
            <gpxtpx:hr>145</gpxtpx:hr>
          </gpxtpx:TrackPointExtension>
        </extensions>
      </trkpt>
      <trkpt lat="22.550674954642226" lon="114.09620143512213">
        <ele>7.745959891937673</ele>
        <time>1970-01-01T00:08:32.700000Z</time>
        <extensions>
          <gpxtpx:TrackPointExtension>
            <gpxtpx:hr>143</gpxtpx:hr>
          </gpxtpx:TrackPointExtension>
        </extensions>
      </trkpt>
      <trkpt lat="22.550689966153925" lon="114.09617904816218">
        <ele>7.735580666922033</ele>
        <time>1970-01-01T00:08:33.700000Z</time>
        <extensions>
          <gpxtpx:TrackPointExtension>
            <gpxtpx:hr>143</gpxtpx:hr>
          </gpxtpx:TrackPointExtension>
        </extensions>
      </trkpt>
      <trkpt lat="22.550704998080946" lon="114.09615601323986">
        <ele>7.728048793040216</ele>
        <time>1970-01-01T00:08:34.700000Z</time>
        <extensions>
          <gpxtpx:TrackPointExtension>
            <gpxtpx:hr>143</gpxtpx:hr>
          </gpxtpx:TrackPointExtension>
        </extensions>
      </trkpt>
      <trkpt lat="22.550719824180163" lon="114.09613285665137">
        <ele>7.720006819814444</ele>
        <time>1970-01-01T00:08:35.700000Z</time>
        <extensions>
          <gpxtpx:TrackPointExtension>
            <gpxtpx:hr>143</gpxtpx:hr>
          </gpxtpx:TrackPointExtension>
        </extensions>
      </trkpt>
      <trkpt lat="22.55073338493569" lon="114.09610994965341">
        <ele>7.710272081196308</ele>
        <time>1970-01-01T00:08:36.700000Z</time>
        <extensions>
          <gpxtpx:TrackPointExtension>
            <gpxtpx:hr>143</gpxtpx:hr>
          </gpxtpx:TrackPointExtension>
        </extensions>
      </trkpt>
      <trkpt lat="22.550745940812927" lon="114.09608709394809">
        <ele>7.717401864007115</ele>
        <time>1970-01-01T00:08:37.700000Z</time>
        <extensions>
          <gpxtpx:TrackPointExtension>
            <gpxtpx:hr>143</gpxtpx:hr>
          </gpxtpx:TrackPointExtension>
        </extensions>
      </trkpt>
      <trkpt lat="22.550757862785492" lon="114.09606329042128">
        <ele>7.744601343758404</ele>
        <time>1970-01-01T00:08:38.700000Z</time>
        <extensions>
          <gpxtpx:TrackPointExtension>
            <gpxtpx:hr>143</gpxtpx:hr>
          </gpxtpx:TrackPointExtension>
        </extensions>
      </trkpt>
      <trkpt lat="22.550768560399128" lon="114.09603836834683">
        <ele>7.755317475646734</ele>
        <time>1970-01-01T00:08:39.700000Z</time>
        <extensions>
          <gpxtpx:TrackPointExtension>
            <gpxtpx:hr>143</gpxtpx:hr>
          </gpxtpx:TrackPointExtension>
        </extensions>
      </trkpt>
      <trkpt lat="22.55077713129637" lon="114.09601349063531">
        <ele>7.78118026163429</ele>
        <time>1970-01-01T00:08:40.700000Z</time>
        <extensions>
          <gpxtpx:TrackPointExtension>
            <gpxtpx:hr>143</gpxtpx:hr>
          </gpxtpx:TrackPointExtension>
        </extensions>
      </trkpt>
      <trkpt lat="22.550783958506813" lon="114.09598908739481">
        <ele>7.796971345320344</ele>
        <time>1970-01-01T00:08:41.700000Z</time>
        <extensions>
          <gpxtpx:TrackPointExtension>
            <gpxtpx:hr>143</gpxtpx:hr>
          </gpxtpx:TrackPointExtension>
        </extensions>
      </trkpt>
      <trkpt lat="22.550790686850213" lon="114.0959643077046">
        <ele>7.7970254719257355</ele>
        <time>1970-01-01T00:08:42.700000Z</time>
        <extensions>
          <gpxtpx:TrackPointExtension>
            <gpxtpx:hr>143</gpxtpx:hr>
          </gpxtpx:TrackPointExtension>
        </extensions>
      </trkpt>
      <trkpt lat="22.5507978023683" lon="114.09593861528433">
        <ele>8.107038027606905</ele>
        <time>1970-01-01T00:08:43.700000Z</time>
        <extensions>
          <gpxtpx:TrackPointExtension>
            <gpxtpx:hr>144</gpxtpx:hr>
          </gpxtpx:TrackPointExtension>
        </extensions>
      </trkpt>
      <trkpt lat="22.55080359141374" lon="114.09591358954826">
        <ele>8.19887878652662</ele>
        <time>1970-01-01T00:08:44.700000Z</time>
        <extensions>
          <gpxtpx:TrackPointExtension>
            <gpxtpx:hr>144</gpxtpx:hr>
          </gpxtpx:TrackPointExtension>
        </extensions>
      </trkpt>
      <trkpt lat="22.550806932042406" lon="114.09588976917969">
        <ele>8.294894833117723</ele>
        <time>1970-01-01T00:08:45.700000Z</time>
        <extensions>
          <gpxtpx:TrackPointExtension>
            <gpxtpx:hr>144</gpxtpx:hr>
          </gpxtpx:TrackPointExtension>
        </extensions>
      </trkpt>
      <trkpt lat="22.550810026724072" lon="114.09586630118405">
        <ele>8.397248000837862</ele>
        <time>1970-01-01T00:08:46.700000Z</time>
        <extensions>
          <gpxtpx:TrackPointExtension>
            <gpxtpx:hr>144</gpxtpx:hr>
          </gpxtpx:TrackPointExtension>
        </extensions>
      </trkpt>
      <trkpt lat="22.550815313310213" lon="114.09584256971084">
        <ele>8.501260279677808</ele>
        <time>1970-01-01T00:08:47.700000Z</time>
        <extensions>
          <gpxtpx:TrackPointExtension>
            <gpxtpx:hr>144</gpxtpx:hr>
          </gpxtpx:TrackPointExtension>
        </extensions>
      </trkpt>
      <trkpt lat="22.55082326476326" lon="114.09581827290515">
        <ele>8.608657139353454</ele>
        <time>1970-01-01T00:08:48.700000Z</time>
        <extensions>
          <gpxtpx:TrackPointExtension>
            <gpxtpx:hr>144</gpxtpx:hr>
          </gpxtpx:TrackPointExtension>
        </extensions>
      </trkpt>
      <trkpt lat="22.55083292794144" lon="114.09579394189075">
        <ele>8.723158325068653</ele>
        <time>1970-01-01T00:08:49.700000Z</time>
        <extensions>
          <gpxtpx:TrackPointExtension>
            <gpxtpx:hr>144</gpxtpx:hr>
          </gpxtpx:TrackPointExtension>
        </extensions>
      </trkpt>
      <trkpt lat="22.550842684624996" lon="114.09577004569067">
        <ele>8.840037408284843</ele>
        <time>1970-01-01T00:08:50.700000Z</time>
        <extensions>
          <gpxtpx:TrackPointExtension>
            <gpxtpx:hr>144</gpxtpx:hr>
          </gpxtpx:TrackPointExtension>
        </extensions>
      </trkpt>
      <trkpt lat="22.55085148883378" lon="114.09574667500183">
        <ele>8.958313862793148</ele>
        <time>1970-01-01T00:08:51.700000Z</time>
        <extensions>
          <gpxtpx:TrackPointExtension>
            <gpxtpx:hr>145</gpxtpx:hr>
          </gpxtpx:TrackPointExtension>
        </extensions>
      </trkpt>
      <trkpt lat="22.550859070440392" lon="114.09572389748487">
        <ele>9.062543430365622</ele>
        <time>1970-01-01T00:08:52.700000Z</time>
        <extensions>
          <gpxtpx:TrackPointExtension>
            <gpxtpx:hr>145</gpxtpx:hr>
          </gpxtpx:TrackPointExtension>
        </extensions>
      </trkpt>
      <trkpt lat="22.550864253310866" lon="114.09570126569814">
        <ele>9.134082838892937</ele>
        <time>1970-01-01T00:08:53.700000Z</time>
        <extensions>
          <gpxtpx:TrackPointExtension>
            <gpxtpx:hr>145</gpxtpx:hr>
          </gpxtpx:TrackPointExtension>
        </extensions>
      </trkpt>
      <trkpt lat="22.55086562484778" lon="114.09567868913891">
        <ele>9.147656285203993</ele>
        <time>1970-01-01T00:08:54.700000Z</time>
        <extensions>
          <gpxtpx:TrackPointExtension>
            <gpxtpx:hr>145</gpxtpx:hr>
          </gpxtpx:TrackPointExtension>
        </extensions>
      </trkpt>
      <trkpt lat="22.55086214156377" lon="114.09565644127213">
        <ele>9.107808390632272</ele>
        <time>1970-01-01T00:08:55.700000Z</time>
        <extensions>
          <gpxtpx:TrackPointExtension>
            <gpxtpx:hr>145</gpxtpx:hr>
          </gpxtpx:TrackPointExtension>
        </extensions>
      </trkpt>
      <trkpt lat="22.550853011252677" lon="114.09563521882">
        <ele>9.034783608280122</ele>
        <time>1970-01-01T00:08:56.700000Z</time>
        <extensions>
          <gpxtpx:TrackPointExtension>
            <gpxtpx:hr>145</gpxtpx:hr>
          </gpxtpx:TrackPointExtension>
        </extensions>
      </trkpt>
      <trkpt lat="22.550837465691576" lon="114.09561654570476">
        <ele>8.949972869828343</ele>
        <time>1970-01-01T00:08:57.700000Z</time>
        <extensions>
          <gpxtpx:TrackPointExtension>
            <gpxtpx:hr>146</gpxtpx:hr>
          </gpxtpx:TrackPointExtension>
        </extensions>
      </trkpt>
      <trkpt lat="22.550815507434635" lon="114.09560094819194">
        <ele>8.850721716880798</ele>
        <time>1970-01-01T00:08:58.700000Z</time>
        <extensions>
          <gpxtpx:TrackPointExtension>
            <gpxtpx:hr>146</gpxtpx:hr>
          </gpxtpx:TrackPointExtension>
        </extensions>
      </trkpt>
      <trkpt lat="22.550789085477504" lon="114.09558772625327">
        <ele>8.749268559738994</ele>
        <time>1970-01-01T00:08:59.700000Z</time>
        <extensions>
          <gpxtpx:TrackPointExtension>
            <gpxtpx:hr>146</gpxtpx:hr>
          </gpxtpx:TrackPointExtension>
        </extensions>
      </trkpt>
      <trkpt lat="22.55076112502455" lon="114.09557629281771">
        <ele>8.629056169651449</ele>
        <time>1970-01-01T00:09:00.700000Z</time>
        <extensions>
          <gpxtpx:TrackPointExtension>
            <gpxtpx:hr>146</gpxtpx:hr>
          </gpxtpx:TrackPointExtension>
        </extensions>
      </trkpt>
      <trkpt lat="22.55073388081131" lon="114.09556544412617">
        <ele>8.501245140098035</ele>
        <time>1970-01-01T00:09:01.700000Z</time>
        <extensions>
          <gpxtpx:TrackPointExtension>
            <gpxtpx:hr>146</gpxtpx:hr>
          </gpxtpx:TrackPointExtension>
        </extensions>
      </trkpt>
      <trkpt lat="22.55070774737919" lon="114.09555422063328">
        <ele>8.385020871646702</ele>
        <time>1970-01-01T00:09:02.700000Z</time>
        <extensions>
          <gpxtpx:TrackPointExtension>
            <gpxtpx:hr>146</gpxtpx:hr>
          </gpxtpx:TrackPointExtension>
        </extensions>
      </trkpt>
      <trkpt lat="22.550682140314812" lon="114.09554235330776">
        <ele>8.256639556027949</ele>
        <time>1970-01-01T00:09:03.700000Z</time>
        <extensions>
          <gpxtpx:TrackPointExtension>
            <gpxtpx:hr>145</gpxtpx:hr>
          </gpxtpx:TrackPointExtension>
        </extensions>
      </trkpt>
      <trkpt lat="22.550656963130653" lon="114.0955293203982">
        <ele>8.108837434090674</ele>
        <time>1970-01-01T00:09:04.700000Z</time>
        <extensions>
          <gpxtpx:TrackPointExtension>
            <gpxtpx:hr>145</gpxtpx:hr>
          </gpxtpx:TrackPointExtension>
        </extensions>
      </trkpt>
      <trkpt lat="22.550632034270276" lon="114.09551558444592">
        <ele>7.976206323131919</ele>
        <time>1970-01-01T00:09:05.700000Z</time>
        <extensions>
          <gpxtpx:TrackPointExtension>
            <gpxtpx:hr>145</gpxtpx:hr>
          </gpxtpx:TrackPointExtension>
        </extensions>
      </trkpt>
      <trkpt lat="22.550606868789284" lon="114.09550203466561">
        <ele>7.8399086352437735</ele>
        <time>1970-01-01T00:09:06.700000Z</time>
        <extensions>
          <gpxtpx:TrackPointExtension>
            <gpxtpx:hr>145</gpxtpx:hr>
          </gpxtpx:TrackPointExtension>
        </extensions>
      </trkpt>
      <trkpt lat="22.550580968269454" lon="114.09548933645644">
        <ele>7.70505846850574</ele>
        <time>1970-01-01T00:09:07.700000Z</time>
        <extensions>
          <gpxtpx:TrackPointExtension>
            <gpxtpx:hr>144</gpxtpx:hr>
          </gpxtpx:TrackPointExtension>
        </extensions>
      </trkpt>
      <trkpt lat="22.55055469900786" lon="114.09547801820413">
        <ele>7.584270435385406</ele>
        <time>1970-01-01T00:09:08.700000Z</time>
        <extensions>
          <gpxtpx:TrackPointExtension>
            <gpxtpx:hr>144</gpxtpx:hr>
          </gpxtpx:TrackPointExtension>
        </extensions>
      </trkpt>
      <trkpt lat="22.550529085889494" lon="114.09546745955387">
        <ele>7.463076637126505</ele>
        <time>1970-01-01T00:09:09.700000Z</time>
        <extensions>
          <gpxtpx:TrackPointExtension>
            <gpxtpx:hr>144</gpxtpx:hr>
          </gpxtpx:TrackPointExtension>
        </extensions>
      </trkpt>
      <trkpt lat="22.550504519720597" lon="114.09545747679749">
        <ele>7.334413984790444</ele>
        <time>1970-01-01T00:09:10.700000Z</time>
        <extensions>
          <gpxtpx:TrackPointExtension>
            <gpxtpx:hr>144</gpxtpx:hr>
          </gpxtpx:TrackPointExtension>
        </extensions>
      </trkpt>
      <trkpt lat="22.550480427308532" lon="114.09544859010397">
        <ele>7.212601263076067</ele>
        <time>1970-01-01T00:09:11.700000Z</time>
        <extensions>
          <gpxtpx:TrackPointExtension>
            <gpxtpx:hr>144</gpxtpx:hr>
          </gpxtpx:TrackPointExtension>
        </extensions>
      </trkpt>
      <trkpt lat="22.550455874717017" lon="114.09544147183706">
        <ele>7.066872376948595</ele>
        <time>1970-01-01T00:09:12.700000Z</time>
        <extensions>
          <gpxtpx:TrackPointExtension>
            <gpxtpx:hr>144</gpxtpx:hr>
          </gpxtpx:TrackPointExtension>
        </extensions>
      </trkpt>
      <trkpt lat="22.550430730670044" lon="114.09543707769382">
        <ele>6.903072715736926</ele>
        <time>1970-01-01T00:09:13.700000Z</time>
        <extensions>
          <gpxtpx:TrackPointExtension>
            <gpxtpx:hr>144</gpxtpx:hr>
          </gpxtpx:TrackPointExtension>
        </extensions>
      </trkpt>
      <trkpt lat="22.550405797766427" lon="114.09543520639548">
        <ele>6.748624495230615</ele>
        <time>1970-01-01T00:09:14.700000Z</time>
        <extensions>
          <gpxtpx:TrackPointExtension>
            <gpxtpx:hr>144</gpxtpx:hr>
          </gpxtpx:TrackPointExtension>
        </extensions>
      </trkpt>
      <trkpt lat="22.55038146897344" lon="114.0954350808446">
        <ele>6.591393911279738</ele>
        <time>1970-01-01T00:09:15.700000Z</time>
        <extensions>
          <gpxtpx:TrackPointExtension>
            <gpxtpx:hr>144</gpxtpx:hr>
          </gpxtpx:TrackPointExtension>
        </extensions>
      </trkpt>
      <trkpt lat="22.550357402525805" lon="114.09543652259268">
        <ele>6.41720210108906</ele>
        <time>1970-01-01T00:09:16.700000Z</time>
        <extensions>
          <gpxtpx:TrackPointExtension>
            <gpxtpx:hr>144</gpxtpx:hr>
          </gpxtpx:TrackPointExtension>
        </extensions>
      </trkpt>
      <trkpt lat="22.550333066994632" lon="114.09543890124314">
        <ele>6.224911540746689</ele>
        <time>1970-01-01T00:09:17.700000Z</time>
        <extensions>
          <gpxtpx:TrackPointExtension>
            <gpxtpx:hr>144</gpxtpx:hr>
          </gpxtpx:TrackPointExtension>
        </extensions>
      </trkpt>
      <trkpt lat="22.550308719168694" lon="114.09544163048804">
        <ele>6.032125808298588</ele>
        <time>1970-01-01T00:09:18.700000Z</time>
        <extensions>
          <gpxtpx:TrackPointExtension>
            <gpxtpx:hr>144</gpxtpx:hr>
          </gpxtpx:TrackPointExtension>
        </extensions>
      </trkpt>
      <trkpt lat="22.55028492368642" lon="114.09544429772431">
        <ele>5.816365096718073</ele>
        <time>1970-01-01T00:09:19.700000Z</time>
        <extensions>
          <gpxtpx:TrackPointExtension>
            <gpxtpx:hr>144</gpxtpx:hr>
          </gpxtpx:TrackPointExtension>
        </extensions>
      </trkpt>
      <trkpt lat="22.550261515506904" lon="114.09544674521065">
        <ele>5.587640713900328</ele>
        <time>1970-01-01T00:09:20.700000Z</time>
        <extensions>
          <gpxtpx:TrackPointExtension>
            <gpxtpx:hr>144</gpxtpx:hr>
          </gpxtpx:TrackPointExtension>
        </extensions>
      </trkpt>
      <trkpt lat="22.55023848034664" lon="114.0954492324135">
        <ele>5.362671030685306</ele>
        <time>1970-01-01T00:09:21.700000Z</time>
        <extensions>
          <gpxtpx:TrackPointExtension>
            <gpxtpx:hr>145</gpxtpx:hr>
          </gpxtpx:TrackPointExtension>
        </extensions>
      </trkpt>
      <trkpt lat="22.55021592449367" lon="114.09545129041078">
        <ele>5.119682275690138</ele>
        <time>1970-01-01T00:09:22.700000Z</time>
        <extensions>
          <gpxtpx:TrackPointExtension>
            <gpxtpx:hr>145</gpxtpx:hr>
          </gpxtpx:TrackPointExtension>
        </extensions>
      </trkpt>
      <trkpt lat="22.55019388078357" lon="114.09545179517687">
        <ele>4.8617342580109835</ele>
        <time>1970-01-01T00:09:23.700000Z</time>
        <extensions>
          <gpxtpx:TrackPointExtension>
            <gpxtpx:hr>145</gpxtpx:hr>
          </gpxtpx:TrackPointExtension>
        </extensions>
      </trkpt>
      <trkpt lat="22.550171806383844" lon="114.09544861018688">
        <ele>4.609699707478285</ele>
        <time>1970-01-01T00:09:24.700000Z</time>
        <extensions>
          <gpxtpx:TrackPointExtension>
            <gpxtpx:hr>145</gpxtpx:hr>
          </gpxtpx:TrackPointExtension>
        </extensions>
      </trkpt>
      <trkpt lat="22.550149693708466" lon="114.09544022798646">
        <ele>4.3684034291654825</ele>
        <time>1970-01-01T00:09:25.700000Z</time>
        <extensions>
          <gpxtpx:TrackPointExtension>
            <gpxtpx:hr>145</gpxtpx:hr>
          </gpxtpx:TrackPointExtension>
        </extensions>
      </trkpt>
      <trkpt lat="22.550128598988525" lon="114.09542690151939">
        <ele>4.137638311833143</ele>
        <time>1970-01-01T00:09:26.700000Z</time>
        <extensions>
          <gpxtpx:TrackPointExtension>
            <gpxtpx:hr>146</gpxtpx:hr>
          </gpxtpx:TrackPointExtension>
        </extensions>
      </trkpt>
      <trkpt lat="22.55010909717163" lon="114.09540991552335">
        <ele>3.918952335603535</ele>
        <time>1970-01-01T00:09:27.700000Z</time>
        <extensions>
          <gpxtpx:TrackPointExtension>
            <gpxtpx:hr>146</gpxtpx:hr>
          </gpxtpx:TrackPointExtension>
        </extensions>
      </trkpt>
      <trkpt lat="22.550091174034517" lon="114.0953911711153">
        <ele>3.7350843837484717</ele>
        <time>1970-01-01T00:09:28.700000Z</time>
        <extensions>
          <gpxtpx:TrackPointExtension>
            <gpxtpx:hr>146</gpxtpx:hr>
          </gpxtpx:TrackPointExtension>
        </extensions>
      </trkpt>
      <trkpt lat="22.550074762882844" lon="114.09537116951962">
        <ele>3.5703408801928163</ele>
        <time>1970-01-01T00:09:29.700000Z</time>
        <extensions>
          <gpxtpx:TrackPointExtension>
            <gpxtpx:hr>146</gpxtpx:hr>
          </gpxtpx:TrackPointExtension>
        </extensions>
      </trkpt>
      <trkpt lat="22.550059547229345" lon="114.09534952010294">
        <ele>3.430446990765631</ele>
        <time>1970-01-01T00:09:30.700000Z</time>
        <extensions>
          <gpxtpx:TrackPointExtension>
            <gpxtpx:hr>146</gpxtpx:hr>
          </gpxtpx:TrackPointExtension>
        </extensions>
      </trkpt>
      <trkpt lat="22.550044857810345" lon="114.09532696139537">
        <ele>3.326711724512279</ele>
        <time>1970-01-01T00:09:31.700000Z</time>
        <extensions>
          <gpxtpx:TrackPointExtension>
            <gpxtpx:hr>146</gpxtpx:hr>
          </gpxtpx:TrackPointExtension>
        </extensions>
      </trkpt>
      <trkpt lat="22.55003022280326" lon="114.0953046214765">
        <ele>3.2571841534227133</ele>
        <time>1970-01-01T00:09:32.700000Z</time>
        <extensions>
          <gpxtpx:TrackPointExtension>
            <gpxtpx:hr>146</gpxtpx:hr>
          </gpxtpx:TrackPointExtension>
        </extensions>
      </trkpt>
      <trkpt lat="22.550016230585708" lon="114.09528387219648">
        <ele>3.215437203645706</ele>
        <time>1970-01-01T00:09:33.700000Z</time>
        <extensions>
          <gpxtpx:TrackPointExtension>
            <gpxtpx:hr>146</gpxtpx:hr>
          </gpxtpx:TrackPointExtension>
        </extensions>
      </trkpt>
      <trkpt lat="22.550003007444896" lon="114.0952636606352">
        <ele>3.2127885343506932</ele>
        <time>1970-01-01T00:09:34.700000Z</time>
        <extensions>
          <gpxtpx:TrackPointExtension>
            <gpxtpx:hr>146</gpxtpx:hr>
          </gpxtpx:TrackPointExtension>
        </extensions>
      </trkpt>
      <trkpt lat="22.549989785503705" lon="114.09524168173515">
        <ele>3.2252669585868716</ele>
        <time>1970-01-01T00:09:35.700000Z</time>
        <extensions>
          <gpxtpx:TrackPointExtension>
            <gpxtpx:hr>146</gpxtpx:hr>
          </gpxtpx:TrackPointExtension>
        </extensions>
      </trkpt>
      <trkpt lat="22.54997635160061" lon="114.09521834300139">
        <ele>3.2683978993445635</ele>
        <time>1970-01-01T00:09:36.700000Z</time>
        <extensions>
          <gpxtpx:TrackPointExtension>
            <gpxtpx:hr>147</gpxtpx:hr>
          </gpxtpx:TrackPointExtension>
        </extensions>
      </trkpt>
      <trkpt lat="22.549962565479845" lon="114.09519454161695">
        <ele>3.3606478944420815</ele>
        <time>1970-01-01T00:09:37.700000Z</time>
        <extensions>
          <gpxtpx:TrackPointExtension>
            <gpxtpx:hr>147</gpxtpx:hr>
          </gpxtpx:TrackPointExtension>
        </extensions>
      </trkpt>
      <trkpt lat="22.54994850211622" lon="114.09517069689905">
        <ele>3.4753849310800433</ele>
        <time>1970-01-01T00:09:38.700000Z</time>
        <extensions>
          <gpxtpx:TrackPointExtension>
            <gpxtpx:hr>147</gpxtpx:hr>
          </gpxtpx:TrackPointExtension>
        </extensions>
      </trkpt>
      <trkpt lat="22.549934817083564" lon="114.09514710963946">
        <ele>3.613994052633643</ele>
        <time>1970-01-01T00:09:39.700000Z</time>
        <extensions>
          <gpxtpx:TrackPointExtension>
            <gpxtpx:hr>147</gpxtpx:hr>
          </gpxtpx:TrackPointExtension>
        </extensions>
      </trkpt>
      <trkpt lat="22.549921439260096" lon="114.09512361522872">
        <ele>3.7697608824819326</ele>
        <time>1970-01-01T00:09:40.700000Z</time>
        <extensions>
          <gpxtpx:TrackPointExtension>
            <gpxtpx:hr>145</gpxtpx:hr>
          </gpxtpx:TrackPointExtension>
        </extensions>
      </trkpt>
      <trkpt lat="22.549907567176863" lon="114.09510053647001">
        <ele>3.9391291216015816</ele>
        <time>1970-01-01T00:09:41.700000Z</time>
        <extensions>
          <gpxtpx:TrackPointExtension>
            <gpxtpx:hr>145</gpxtpx:hr>
          </gpxtpx:TrackPointExtension>
        </extensions>
      </trkpt>
      <trkpt lat="22.54989311163773" lon="114.09507767206073">
        <ele>4.110452393069863</ele>
        <time>1970-01-01T00:09:42.700000Z</time>
        <extensions>
          <gpxtpx:TrackPointExtension>
            <gpxtpx:hr>145</gpxtpx:hr>
          </gpxtpx:TrackPointExtension>
        </extensions>
      </trkpt>
      <trkpt lat="22.549879447475472" lon="114.09505533145196">
        <ele>4.2847106624394655</ele>
        <time>1970-01-01T00:09:43.700000Z</time>
        <extensions>
          <gpxtpx:TrackPointExtension>
            <gpxtpx:hr>145</gpxtpx:hr>
          </gpxtpx:TrackPointExtension>
        </extensions>
      </trkpt>
      <trkpt lat="22.549867124286507" lon="114.09503398887695">
        <ele>4.453898750245571</ele>
        <time>1970-01-01T00:09:44.700000Z</time>
        <extensions>
          <gpxtpx:TrackPointExtension>
            <gpxtpx:hr>145</gpxtpx:hr>
          </gpxtpx:TrackPointExtension>
        </extensions>
      </trkpt>
      <trkpt lat="22.549854615674132" lon="114.09501318343747">
        <ele>4.614013511687517</ele>
        <time>1970-01-01T00:09:45.700000Z</time>
        <extensions>
          <gpxtpx:TrackPointExtension>
            <gpxtpx:hr>145</gpxtpx:hr>
          </gpxtpx:TrackPointExtension>
        </extensions>
      </trkpt>
      <trkpt lat="22.54984120640249" lon="114.09499302283356">
        <ele>4.758339383639395</ele>
        <time>1970-01-01T00:09:46.700000Z</time>
        <extensions>
          <gpxtpx:TrackPointExtension>
            <gpxtpx:hr>145</gpxtpx:hr>
          </gpxtpx:TrackPointExtension>
        </extensions>
      </trkpt>
      <trkpt lat="22.549826941017717" lon="114.09497316130854">
        <ele>4.900332541204989</ele>
        <time>1970-01-01T00:09:47.700000Z</time>
        <extensions>
          <gpxtpx:TrackPointExtension>
            <gpxtpx:hr>145</gpxtpx:hr>
          </gpxtpx:TrackPointExtension>
        </extensions>
      </trkpt>
      <trkpt lat="22.549811756367298" lon="114.09495360067982">
        <ele>5.026679288595915</ele>
        <time>1970-01-01T00:09:48.700000Z</time>
        <extensions>
          <gpxtpx:TrackPointExtension>
            <gpxtpx:hr>145</gpxtpx:hr>
          </gpxtpx:TrackPointExtension>
        </extensions>
      </trkpt>
      <trkpt lat="22.549795544070708" lon="114.09493617421232">
        <ele>5.112542980350554</ele>
        <time>1970-01-01T00:09:49.700000Z</time>
        <extensions>
          <gpxtpx:TrackPointExtension>
            <gpxtpx:hr>145</gpxtpx:hr>
          </gpxtpx:TrackPointExtension>
        </extensions>
      </trkpt>
      <trkpt lat="22.549777289033372" lon="114.09492218815608">
        <ele>5.196669742465019</ele>
        <time>1970-01-01T00:09:50.700000Z</time>
        <extensions>
          <gpxtpx:TrackPointExtension>
            <gpxtpx:hr>145</gpxtpx:hr>
          </gpxtpx:TrackPointExtension>
        </extensions>
      </trkpt>
      <trkpt lat="22.54975630423722" lon="114.09491246899944">
        <ele>5.261698582209647</ele>
        <time>1970-01-01T00:09:51.700000Z</time>
        <extensions>
          <gpxtpx:TrackPointExtension>
            <gpxtpx:hr>145</gpxtpx:hr>
          </gpxtpx:TrackPointExtension>
        </extensions>
      </trkpt>
      <trkpt lat="22.549733049637624" lon="114.09490784650838">
        <ele>5.284732757136226</ele>
        <time>1970-01-01T00:09:52.700000Z</time>
        <extensions>
          <gpxtpx:TrackPointExtension>
            <gpxtpx:hr>146</gpxtpx:hr>
          </gpxtpx:TrackPointExtension>
        </extensions>
      </trkpt>
      <trkpt lat="22.54970855104825" lon="114.09490764763588">
        <ele>5.301955911330879</ele>
        <time>1970-01-01T00:09:53.700000Z</time>
        <extensions>
          <gpxtpx:TrackPointExtension>
            <gpxtpx:hr>146</gpxtpx:hr>
          </gpxtpx:TrackPointExtension>
        </extensions>
      </trkpt>
      <trkpt lat="22.54968440039196" lon="114.09491080819308">
        <ele>5.301384394057095</ele>
        <time>1970-01-01T00:09:54.700000Z</time>
        <extensions>
          <gpxtpx:TrackPointExtension>
            <gpxtpx:hr>146</gpxtpx:hr>
          </gpxtpx:TrackPointExtension>
        </extensions>
      </trkpt>
      <trkpt lat="22.54966176180579" lon="114.09491784410287">
        <ele>5.312911961227655</ele>
        <time>1970-01-01T00:09:55.700000Z</time>
        <extensions>
          <gpxtpx:TrackPointExtension>
            <gpxtpx:hr>146</gpxtpx:hr>
          </gpxtpx:TrackPointExtension>
        </extensions>
      </trkpt>
      <trkpt lat="22.549641304311645" lon="114.09492981881336">
        <ele>5.339548890478909</ele>
        <time>1970-01-01T00:09:56.700000Z</time>
        <extensions>
          <gpxtpx:TrackPointExtension>
            <gpxtpx:hr>146</gpxtpx:hr>
          </gpxtpx:TrackPointExtension>
        </extensions>
      </trkpt>
      <trkpt lat="22.54962260403066" lon="114.09494618880204">
        <ele>5.3435778031125665</ele>
        <time>1970-01-01T00:09:57.700000Z</time>
        <extensions>
          <gpxtpx:TrackPointExtension>
            <gpxtpx:hr>146</gpxtpx:hr>
          </gpxtpx:TrackPointExtension>
        </extensions>
      </trkpt>
      <trkpt lat="22.549605214303057" lon="114.09496579325653">
        <ele>5.361384063959122</ele>
        <time>1970-01-01T00:09:58.700000Z</time>
        <extensions>
          <gpxtpx:TrackPointExtension>
            <gpxtpx:hr>146</gpxtpx:hr>
          </gpxtpx:TrackPointExtension>
        </extensions>
      </trkpt>
      <trkpt lat="22.54958905563013" lon="114.09498703235103">
        <ele>5.391527238301933</ele>
        <time>1970-01-01T00:09:59.700000Z</time>
        <extensions>
          <gpxtpx:TrackPointExtension>
            <gpxtpx:hr>146</gpxtpx:hr>
          </gpxtpx:TrackPointExtension>
        </extensions>
      </trkpt>
      <trkpt lat="22.549573131402436" lon="114.09500845867406">
        <ele>5.433031301014125</ele>
        <time>1970-01-01T00:10:00.700000Z</time>
        <extensions>
          <gpxtpx:TrackPointExtension>
            <gpxtpx:hr>146</gpxtpx:hr>
          </gpxtpx:TrackPointExtension>
        </extensions>
      </trkpt>
      <trkpt lat="22.54955705647832" lon="114.0950303494188">
        <ele>5.497028897516429</ele>
        <time>1970-01-01T00:10:01.700000Z</time>
        <extensions>
          <gpxtpx:TrackPointExtension>
            <gpxtpx:hr>147</gpxtpx:hr>
          </gpxtpx:TrackPointExtension>
        </extensions>
      </trkpt>
      <trkpt lat="22.549541035024475" lon="114.09505346980532">
        <ele>5.5825645150616765</ele>
        <time>1970-01-01T00:10:02.700000Z</time>
        <extensions>
          <gpxtpx:TrackPointExtension>
            <gpxtpx:hr>147</gpxtpx:hr>
          </gpxtpx:TrackPointExtension>
        </extensions>
      </trkpt>
      <trkpt lat="22.549524659672397" lon="114.0950776771086">
        <ele>5.713675155304372</ele>
        <time>1970-01-01T00:10:03.700000Z</time>
        <extensions>
          <gpxtpx:TrackPointExtension>
            <gpxtpx:hr>147</gpxtpx:hr>
          </gpxtpx:TrackPointExtension>
        </extensions>
      </trkpt>
      <trkpt lat="22.549507997912084" lon="114.09510161803011">
        <ele>5.885173841379583</ele>
        <time>1970-01-01T00:10:04.700000Z</time>
        <extensions>
          <gpxtpx:TrackPointExtension>
            <gpxtpx:hr>147</gpxtpx:hr>
          </gpxtpx:TrackPointExtension>
        </extensions>
      </trkpt>
      <trkpt lat="22.549490839526634" lon="114.09512405544758">
        <ele>6.088549413718283</ele>
        <time>1970-01-01T00:10:05.700000Z</time>
        <extensions>
          <gpxtpx:TrackPointExtension>
            <gpxtpx:hr>147</gpxtpx:hr>
          </gpxtpx:TrackPointExtension>
        </extensions>
      </trkpt>
      <trkpt lat="22.549472907653698" lon="114.09514481742234">
        <ele>6.3011191841214895</ele>
        <time>1970-01-01T00:10:06.700000Z</time>
        <extensions>
          <gpxtpx:TrackPointExtension>
            <gpxtpx:hr>147</gpxtpx:hr>
          </gpxtpx:TrackPointExtension>
        </extensions>
      </trkpt>
      <trkpt lat="22.54945397127489" lon="114.09516406309514">
        <ele>6.539139266125858</ele>
        <time>1970-01-01T00:10:07.700000Z</time>
        <extensions>
          <gpxtpx:TrackPointExtension>
            <gpxtpx:hr>147</gpxtpx:hr>
          </gpxtpx:TrackPointExtension>
        </extensions>
      </trkpt>
      <trkpt lat="22.54943395109211" lon="114.09518220483918">
        <ele>6.794727855361998</ele>
        <time>1970-01-01T00:10:08.700000Z</time>
        <extensions>
          <gpxtpx:TrackPointExtension>
            <gpxtpx:hr>147</gpxtpx:hr>
          </gpxtpx:TrackPointExtension>
        </extensions>
      </trkpt>
      <trkpt lat="22.549413331769802" lon="114.09519938760538">
        <ele>7.052034576423466</ele>
        <time>1970-01-01T00:10:09.700000Z</time>
        <extensions>
          <gpxtpx:TrackPointExtension>
            <gpxtpx:hr>147</gpxtpx:hr>
          </gpxtpx:TrackPointExtension>
        </extensions>
      </trkpt>
      <trkpt lat="22.549392170021225" lon="114.09521546657524">
        <ele>7.323527306318283</ele>
        <time>1970-01-01T00:10:10.700000Z</time>
        <extensions>
          <gpxtpx:TrackPointExtension>
            <gpxtpx:hr>149</gpxtpx:hr>
          </gpxtpx:TrackPointExtension>
        </extensions>
      </trkpt>
      <trkpt lat="22.549371236871295" lon="114.09523082878398">
        <ele>7.600122516043484</ele>
        <time>1970-01-01T00:10:11.700000Z</time>
        <extensions>
          <gpxtpx:TrackPointExtension>
            <gpxtpx:hr>149</gpxtpx:hr>
          </gpxtpx:TrackPointExtension>
        </extensions>
      </trkpt>
      <trkpt lat="22.549351354039388" lon="114.09524572784463">
        <ele>7.8744828794151545</ele>
        <time>1970-01-01T00:10:12.700000Z</time>
        <extensions>
          <gpxtpx:TrackPointExtension>
            <gpxtpx:hr>149</gpxtpx:hr>
          </gpxtpx:TrackPointExtension>
        </extensions>
      </trkpt>
      <trkpt lat="22.54933139925588" lon="114.0952603387294">
        <ele>8.116723138839006</ele>
        <time>1970-01-01T00:10:13.700000Z</time>
        <extensions>
          <gpxtpx:TrackPointExtension>
            <gpxtpx:hr>149</gpxtpx:hr>
          </gpxtpx:TrackPointExtension>
        </extensions>
      </trkpt>
      <trkpt lat="22.54931084584777" lon="114.09527497331548">
        <ele>8.346569625660777</ele>
        <time>1970-01-01T00:10:14.700000Z</time>
        <extensions>
          <gpxtpx:TrackPointExtension>
            <gpxtpx:hr>149</gpxtpx:hr>
          </gpxtpx:TrackPointExtension>
        </extensions>
      </trkpt>
      <trkpt lat="22.54928980827831" lon="114.09528973476267">
        <ele>8.578627057373524</ele>
        <time>1970-01-01T00:10:15.700000Z</time>
        <extensions>
          <gpxtpx:TrackPointExtension>
            <gpxtpx:hr>149</gpxtpx:hr>
          </gpxtpx:TrackPointExtension>
        </extensions>
      </trkpt>
      <trkpt lat="22.549268363823217" lon="114.09530454965027">
        <ele>8.783604427240789</ele>
        <time>1970-01-01T00:10:16.700000Z</time>
        <extensions>
          <gpxtpx:TrackPointExtension>
            <gpxtpx:hr>149</gpxtpx:hr>
          </gpxtpx:TrackPointExtension>
        </extensions>
      </trkpt>
      <trkpt lat="22.549246791879543" lon="114.09531945339785">
        <ele>8.969929068349302</ele>
        <time>1970-01-01T00:10:17.700000Z</time>
        <extensions>
          <gpxtpx:TrackPointExtension>
            <gpxtpx:hr>149</gpxtpx:hr>
          </gpxtpx:TrackPointExtension>
        </extensions>
      </trkpt>
      <trkpt lat="22.549225106839124" lon="114.09533465881863">
        <ele>9.156297794543207</ele>
        <time>1970-01-01T00:10:18.700000Z</time>
        <extensions>
          <gpxtpx:TrackPointExtension>
            <gpxtpx:hr>149</gpxtpx:hr>
          </gpxtpx:TrackPointExtension>
        </extensions>
      </trkpt>
      <trkpt lat="22.549203384250294" lon="114.09535006876641">
        <ele>9.305339916609228</ele>
        <time>1970-01-01T00:10:19.700000Z</time>
        <extensions>
          <gpxtpx:TrackPointExtension>
            <gpxtpx:hr>149</gpxtpx:hr>
          </gpxtpx:TrackPointExtension>
        </extensions>
      </trkpt>
      <trkpt lat="22.549181859405454" lon="114.09536531921707">
        <ele>9.440819075331092</ele>
        <time>1970-01-01T00:10:20.700000Z</time>
        <extensions>
          <gpxtpx:TrackPointExtension>
            <gpxtpx:hr>149</gpxtpx:hr>
          </gpxtpx:TrackPointExtension>
        </extensions>
      </trkpt>
      <trkpt lat="22.549160706003775" lon="114.09538067991313">
        <ele>9.548113296739757</ele>
        <time>1970-01-01T00:10:21.700000Z</time>
        <extensions>
          <gpxtpx:TrackPointExtension>
            <gpxtpx:hr>148</gpxtpx:hr>
          </gpxtpx:TrackPointExtension>
        </extensions>
      </trkpt>
      <trkpt lat="22.549140360575237" lon="114.09539662680014">
        <ele>9.637678583152592</ele>
        <time>1970-01-01T00:10:22.700000Z</time>
        <extensions>
          <gpxtpx:TrackPointExtension>
            <gpxtpx:hr>148</gpxtpx:hr>
          </gpxtpx:TrackPointExtension>
        </extensions>
      </trkpt>
      <trkpt lat="22.549120316038447" lon="114.09541364941904">
        <ele>9.716522782109678</ele>
        <time>1970-01-01T00:10:23.700000Z</time>
        <extensions>
          <gpxtpx:TrackPointExtension>
            <gpxtpx:hr>148</gpxtpx:hr>
          </gpxtpx:TrackPointExtension>
        </extensions>
      </trkpt>
      <trkpt lat="22.549100066431993" lon="114.09543159096806">
        <ele>9.798074430786073</ele>
        <time>1970-01-01T00:10:24.700000Z</time>
        <extensions>
          <gpxtpx:TrackPointExtension>
            <gpxtpx:hr>148</gpxtpx:hr>
          </gpxtpx:TrackPointExtension>
        </extensions>
      </trkpt>
      <trkpt lat="22.549079897463287" lon="114.09544934964126">
        <ele>9.883985630236566</ele>
        <time>1970-01-01T00:10:25.700000Z</time>
        <extensions>
          <gpxtpx:TrackPointExtension>
            <gpxtpx:hr>148</gpxtpx:hr>
          </gpxtpx:TrackPointExtension>
        </extensions>
      </trkpt>
      <trkpt lat="22.549060081714686" lon="114.09546598736424">
        <ele>9.97615309804678</ele>
        <time>1970-01-01T00:10:26.700000Z</time>
        <extensions>
          <gpxtpx:TrackPointExtension>
            <gpxtpx:hr>148</gpxtpx:hr>
          </gpxtpx:TrackPointExtension>
        </extensions>
      </trkpt>
      <trkpt lat="22.549039767800604" lon="114.09548139052298">
        <ele>10.07576482836157</ele>
        <time>1970-01-01T00:10:27.700000Z</time>
        <extensions>
          <gpxtpx:TrackPointExtension>
            <gpxtpx:hr>148</gpxtpx:hr>
          </gpxtpx:TrackPointExtension>
        </extensions>
      </trkpt>
      <trkpt lat="22.549018987266194" lon="114.0954955298765">
        <ele>10.178878703154624</ele>
        <time>1970-01-01T00:10:28.700000Z</time>
        <extensions>
          <gpxtpx:TrackPointExtension>
            <gpxtpx:hr>148</gpxtpx:hr>
          </gpxtpx:TrackPointExtension>
        </extensions>
      </trkpt>
      <trkpt lat="22.54899879557562" lon="114.09550844909958">
        <ele>10.268161233514547</ele>
        <time>1970-01-01T00:10:29.700000Z</time>
        <extensions>
          <gpxtpx:TrackPointExtension>
            <gpxtpx:hr>148</gpxtpx:hr>
          </gpxtpx:TrackPointExtension>
        </extensions>
      </trkpt>
      <trkpt lat="22.548979044103245" lon="114.0955205242836">
        <ele>10.337321079336107</ele>
        <time>1970-01-01T00:10:30.700000Z</time>
        <extensions>
          <gpxtpx:TrackPointExtension>
            <gpxtpx:hr>147</gpxtpx:hr>
          </gpxtpx:TrackPointExtension>
        </extensions>
      </trkpt>
      <trkpt lat="22.548959350699878" lon="114.09553246396733">
        <ele>10.39144420530647</ele>
        <time>1970-01-01T00:10:31.700000Z</time>
        <extensions>
          <gpxtpx:TrackPointExtension>
            <gpxtpx:hr>147</gpxtpx:hr>
          </gpxtpx:TrackPointExtension>
        </extensions>
      </trkpt>
      <trkpt lat="22.548939970979237" lon="114.09554433777033">
        <ele>10.421224314719439</ele>
        <time>1970-01-01T00:10:32.700000Z</time>
        <extensions>
          <gpxtpx:TrackPointExtension>
            <gpxtpx:hr>147</gpxtpx:hr>
          </gpxtpx:TrackPointExtension>
        </extensions>
      </trkpt>
      <trkpt lat="22.548920860498562" lon="114.09555564847749">
        <ele>10.428837564773858</ele>
        <time>1970-01-01T00:10:33.700000Z</time>
        <extensions>
          <gpxtpx:TrackPointExtension>
            <gpxtpx:hr>147</gpxtpx:hr>
          </gpxtpx:TrackPointExtension>
        </extensions>
      </trkpt>
      <trkpt lat="22.54890248887991" lon="114.09556674311789">
        <ele>10.39726940728724</ele>
        <time>1970-01-01T00:10:34.700000Z</time>
        <extensions>
          <gpxtpx:TrackPointExtension>
            <gpxtpx:hr>147</gpxtpx:hr>
          </gpxtpx:TrackPointExtension>
        </extensions>
      </trkpt>
      <trkpt lat="22.54888553500796" lon="114.09557819796966">
        <ele>10.33274763263762</ele>
        <time>1970-01-01T00:10:35.700000Z</time>
        <extensions>
          <gpxtpx:TrackPointExtension>
            <gpxtpx:hr>147</gpxtpx:hr>
          </gpxtpx:TrackPointExtension>
        </extensions>
      </trkpt>
      <trkpt lat="22.54887079280105" lon="114.0955893291493">
        <ele>10.21018338110298</ele>
        <time>1970-01-01T00:10:36.700000Z</time>
        <extensions>
          <gpxtpx:TrackPointExtension>
            <gpxtpx:hr>147</gpxtpx:hr>
          </gpxtpx:TrackPointExtension>
        </extensions>
      </trkpt>
      <trkpt lat="22.54885784745763" lon="114.09559788412284">
        <ele>10.038026938214898</ele>
        <time>1970-01-01T00:10:37.700000Z</time>
        <extensions>
          <gpxtpx:TrackPointExtension>
            <gpxtpx:hr>144</gpxtpx:hr>
          </gpxtpx:TrackPointExtension>
        </extensions>
      </trkpt>
      <trkpt lat="22.54884578364768" lon="114.0956027030576">
        <ele>9.808329062536359</ele>
        <time>1970-01-01T00:10:38.700000Z</time>
        <extensions>
          <gpxtpx:TrackPointExtension>
            <gpxtpx:hr>144</gpxtpx:hr>
          </gpxtpx:TrackPointExtension>
        </extensions>
      </trkpt>
      <trkpt lat="22.54883365147966" lon="114.09560628403666">
        <ele>9.511477107182145</ele>
        <time>1970-01-01T00:10:39.700000Z</time>
        <extensions>
          <gpxtpx:TrackPointExtension>
            <gpxtpx:hr>144</gpxtpx:hr>
          </gpxtpx:TrackPointExtension>
        </extensions>
      </trkpt>
      <trkpt lat="22.5488201533346" lon="114.09561055678445">
        <ele>9.172324477694929</ele>
        <time>1970-01-01T00:10:40.700000Z</time>
        <extensions>
          <gpxtpx:TrackPointExtension>
            <gpxtpx:hr>144</gpxtpx:hr>
          </gpxtpx:TrackPointExtension>
        </extensions>
      </trkpt>
      <trkpt lat="22.54880426514798" lon="114.09561597607556">
        <ele>8.783996540121734</ele>
        <time>1970-01-01T00:10:41.700000Z</time>
        <extensions>
          <gpxtpx:TrackPointExtension>
            <gpxtpx:hr>144</gpxtpx:hr>
          </gpxtpx:TrackPointExtension>
        </extensions>
      </trkpt>
      <trkpt lat="22.54878711276223" lon="114.09562247474233">
        <ele>8.353821669705212</ele>
        <time>1970-01-01T00:10:42.700000Z</time>
        <extensions>
          <gpxtpx:TrackPointExtension>
            <gpxtpx:hr>144</gpxtpx:hr>
          </gpxtpx:TrackPointExtension>
        </extensions>
      </trkpt>
      <trkpt lat="22.548771288495892" lon="114.09562855388025">
        <ele>7.917365673929453</ele>
        <time>1970-01-01T00:10:43.700000Z</time>
        <extensions>
          <gpxtpx:TrackPointExtension>
            <gpxtpx:hr>144</gpxtpx:hr>
          </gpxtpx:TrackPointExtension>
        </extensions>
      </trkpt>
      <trkpt lat="22.54875803211825" lon="114.09563325372166">
        <ele>7.476468613371253</ele>
        <time>1970-01-01T00:10:44.700000Z</time>
        <extensions>
          <gpxtpx:TrackPointExtension>
            <gpxtpx:hr>144</gpxtpx:hr>
          </gpxtpx:TrackPointExtension>
        </extensions>
      </trkpt>
      <trkpt lat="22.54874760001567" lon="114.09563709789245">
        <ele>7.03947651013732</ele>
        <time>1970-01-01T00:10:45.700000Z</time>
        <extensions>
          <gpxtpx:TrackPointExtension>
            <gpxtpx:hr>145</gpxtpx:hr>
          </gpxtpx:TrackPointExtension>
        </extensions>
      </trkpt>
      <trkpt lat="22.548738309332947" lon="114.09564102265166">
        <ele>6.6273279674351215</ele>
        <time>1970-01-01T00:10:46.700000Z</time>
        <extensions>
          <gpxtpx:TrackPointExtension>
            <gpxtpx:hr>145</gpxtpx:hr>
          </gpxtpx:TrackPointExtension>
        </extensions>
      </trkpt>
      <trkpt lat="22.548725664906915" lon="114.09564694252063">
        <ele>6.266448934562504</ele>
        <time>1970-01-01T00:10:47.700000Z</time>
        <extensions>
          <gpxtpx:TrackPointExtension>
            <gpxtpx:hr>145</gpxtpx:hr>
          </gpxtpx:TrackPointExtension>
        </extensions>
      </trkpt>
      <trkpt lat="22.548707327388627" lon="114.09565638842236">
        <ele>5.94096271879971</ele>
        <time>1970-01-01T00:10:48.700000Z</time>
        <extensions>
          <gpxtpx:TrackPointExtension>
            <gpxtpx:hr>145</gpxtpx:hr>
          </gpxtpx:TrackPointExtension>
        </extensions>
      </trkpt>
      <trkpt lat="22.548685737033047" lon="114.09566875110244">
        <ele>5.677966876886785</ele>
        <time>1970-01-01T00:10:49.700000Z</time>
        <extensions>
          <gpxtpx:TrackPointExtension>
            <gpxtpx:hr>145</gpxtpx:hr>
          </gpxtpx:TrackPointExtension>
        </extensions>
      </trkpt>
      <trkpt lat="22.54866388362148" lon="114.09568285893008">
        <ele>5.46310200355947</ele>
        <time>1970-01-01T00:10:50.700000Z</time>
        <extensions>
          <gpxtpx:TrackPointExtension>
            <gpxtpx:hr>145</gpxtpx:hr>
          </gpxtpx:TrackPointExtension>
        </extensions>
      </trkpt>
      <trkpt lat="22.548642676252836" lon="114.09569744208784">
        <ele>5.2892199801281095</ele>
        <time>1970-01-01T00:10:51.700000Z</time>
        <extensions>
          <gpxtpx:TrackPointExtension>
            <gpxtpx:hr>147</gpxtpx:hr>
          </gpxtpx:TrackPointExtension>
        </extensions>
      </trkpt>
      <trkpt lat="22.548621313797977" lon="114.09571167326772">
        <ele>5.146674325689673</ele>
        <time>1970-01-01T00:10:52.700000Z</time>
        <extensions>
          <gpxtpx:TrackPointExtension>
            <gpxtpx:hr>147</gpxtpx:hr>
          </gpxtpx:TrackPointExtension>
        </extensions>
      </trkpt>
      <trkpt lat="22.548599301474272" lon="114.09572471294207">
        <ele>5.057105182670057</ele>
        <time>1970-01-01T00:10:53.700000Z</time>
        <extensions>
          <gpxtpx:TrackPointExtension>
            <gpxtpx:hr>147</gpxtpx:hr>
          </gpxtpx:TrackPointExtension>
        </extensions>
      </trkpt>
      <trkpt lat="22.54857615787476" lon="114.09573585979236">
        <ele>4.995514805428684</ele>
        <time>1970-01-01T00:10:54.700000Z</time>
        <extensions>
          <gpxtpx:TrackPointExtension>
            <gpxtpx:hr>147</gpxtpx:hr>
          </gpxtpx:TrackPointExtension>
        </extensions>
      </trkpt>
      <trkpt lat="22.54855116692737" lon="114.09574528520024">
        <ele>4.965865444391966</ele>
        <time>1970-01-01T00:10:55.700000Z</time>
        <extensions>
          <gpxtpx:TrackPointExtension>
            <gpxtpx:hr>150</gpxtpx:hr>
          </gpxtpx:TrackPointExtension>
        </extensions>
      </trkpt>
      <trkpt lat="22.548525034953126" lon="114.09575301058568">
        <ele>4.944335428066552</ele>
        <time>1970-01-01T00:10:56.700000Z</time>
        <extensions>
          <gpxtpx:TrackPointExtension>
            <gpxtpx:hr>150</gpxtpx:hr>
          </gpxtpx:TrackPointExtension>
        </extensions>
      </trkpt>
      <trkpt lat="22.548499098920416" lon="114.09575898180074">
        <ele>4.925209659151733</ele>
        <time>1970-01-01T00:10:57.700000Z</time>
        <extensions>
          <gpxtpx:TrackPointExtension>
            <gpxtpx:hr>150</gpxtpx:hr>
          </gpxtpx:TrackPointExtension>
        </extensions>
      </trkpt>
      <trkpt lat="22.54847394429556" lon="114.09576326667214">
        <ele>4.9293713588267565</ele>
        <time>1970-01-01T00:10:58.700000Z</time>
        <extensions>
          <gpxtpx:TrackPointExtension>
            <gpxtpx:hr>150</gpxtpx:hr>
          </gpxtpx:TrackPointExtension>
        </extensions>
      </trkpt>
      <trkpt lat="22.548449154515666" lon="114.09576648949852">
        <ele>4.924140021204948</ele>
        <time>1970-01-01T00:10:59.700000Z</time>
        <extensions>
          <gpxtpx:TrackPointExtension>
            <gpxtpx:hr>150</gpxtpx:hr>
          </gpxtpx:TrackPointExtension>
        </extensions>
      </trkpt>
      <trkpt lat="22.548424129516185" lon="114.09577024577108">
        <ele>4.923546893522143</ele>
        <time>1970-01-01T00:11:00.700000Z</time>
        <extensions>
          <gpxtpx:TrackPointExtension>
            <gpxtpx:hr>150</gpxtpx:hr>
          </gpxtpx:TrackPointExtension>
        </extensions>
      </trkpt>
      <trkpt lat="22.54839947053291" lon="114.09577578233876">
        <ele>4.936965214088559</ele>
        <time>1970-01-01T00:11:01.700000Z</time>
        <extensions>
          <gpxtpx:TrackPointExtension>
            <gpxtpx:hr>151</gpxtpx:hr>
          </gpxtpx:TrackPointExtension>
        </extensions>
      </trkpt>
      <trkpt lat="22.548375809033246" lon="114.09578353064316">
        <ele>4.929091568104923</ele>
        <time>1970-01-01T00:11:02.700000Z</time>
        <extensions>
          <gpxtpx:TrackPointExtension>
            <gpxtpx:hr>151</gpxtpx:hr>
          </gpxtpx:TrackPointExtension>
        </extensions>
      </trkpt>
      <trkpt lat="22.548353422593518" lon="114.09579341489273">
        <ele>4.899105112068355</ele>
        <time>1970-01-01T00:11:03.700000Z</time>
        <extensions>
          <gpxtpx:TrackPointExtension>
            <gpxtpx:hr>151</gpxtpx:hr>
          </gpxtpx:TrackPointExtension>
        </extensions>
      </trkpt>
      <trkpt lat="22.548332508559664" lon="114.09580536635256">
        <ele>4.8787901205942035</ele>
        <time>1970-01-01T00:11:04.700000Z</time>
        <extensions>
          <gpxtpx:TrackPointExtension>
            <gpxtpx:hr>151</gpxtpx:hr>
          </gpxtpx:TrackPointExtension>
        </extensions>
      </trkpt>
      <trkpt lat="22.54831220732231" lon="114.09581946415105">
        <ele>4.861065496690571</ele>
        <time>1970-01-01T00:11:05.700000Z</time>
        <extensions>
          <gpxtpx:TrackPointExtension>
            <gpxtpx:hr>151</gpxtpx:hr>
          </gpxtpx:TrackPointExtension>
        </extensions>
      </trkpt>
      <trkpt lat="22.54829194592221" lon="114.09583525362119">
        <ele>4.817373515106738</ele>
        <time>1970-01-01T00:11:06.700000Z</time>
        <extensions>
          <gpxtpx:TrackPointExtension>
            <gpxtpx:hr>151</gpxtpx:hr>
          </gpxtpx:TrackPointExtension>
        </extensions>
      </trkpt>
      <trkpt lat="22.548271527299097" lon="114.0958518135243">
        <ele>4.773743105120957</ele>
        <time>1970-01-01T00:11:07.700000Z</time>
        <extensions>
          <gpxtpx:TrackPointExtension>
            <gpxtpx:hr>151</gpxtpx:hr>
          </gpxtpx:TrackPointExtension>
        </extensions>
      </trkpt>
      <trkpt lat="22.548251240418782" lon="114.0958689118842">
        <ele>4.729734688997269</ele>
        <time>1970-01-01T00:11:08.700000Z</time>
        <extensions>
          <gpxtpx:TrackPointExtension>
            <gpxtpx:hr>151</gpxtpx:hr>
          </gpxtpx:TrackPointExtension>
        </extensions>
      </trkpt>
      <trkpt lat="22.54823169137032" lon="114.09588708939273">
        <ele>4.682898107916117</ele>
        <time>1970-01-01T00:11:09.700000Z</time>
        <extensions>
          <gpxtpx:TrackPointExtension>
            <gpxtpx:hr>151</gpxtpx:hr>
          </gpxtpx:TrackPointExtension>
        </extensions>
      </trkpt>
      <trkpt lat="22.548212702681937" lon="114.09590599628446">
        <ele>4.624959941953421</ele>
        <time>1970-01-01T00:11:10.700000Z</time>
        <extensions>
          <gpxtpx:TrackPointExtension>
            <gpxtpx:hr>151</gpxtpx:hr>
          </gpxtpx:TrackPointExtension>
        </extensions>
      </trkpt>
      <trkpt lat="22.548194194427467" lon="114.09592507433211">
        <ele>4.60767933446914</ele>
        <time>1970-01-01T00:11:11.700000Z</time>
        <extensions>
          <gpxtpx:TrackPointExtension>
            <gpxtpx:hr>150</gpxtpx:hr>
          </gpxtpx:TrackPointExtension>
        </extensions>
      </trkpt>
      <trkpt lat="22.548177083794176" lon="114.09594397650093">
        <ele>4.580347282811999</ele>
        <time>1970-01-01T00:11:12.700000Z</time>
        <extensions>
          <gpxtpx:TrackPointExtension>
            <gpxtpx:hr>150</gpxtpx:hr>
          </gpxtpx:TrackPointExtension>
        </extensions>
      </trkpt>
      <trkpt lat="22.548161042238792" lon="114.09596196530197">
        <ele>4.535031694918871</ele>
        <time>1970-01-01T00:11:13.700000Z</time>
        <extensions>
          <gpxtpx:TrackPointExtension>
            <gpxtpx:hr>150</gpxtpx:hr>
          </gpxtpx:TrackPointExtension>
        </extensions>
      </trkpt>
      <trkpt lat="22.548144825291217" lon="114.09597901510199">
        <ele>4.464321897365153</ele>
        <time>1970-01-01T00:11:14.700000Z</time>
        <extensions>
          <gpxtpx:TrackPointExtension>
            <gpxtpx:hr>150</gpxtpx:hr>
          </gpxtpx:TrackPointExtension>
        </extensions>
      </trkpt>
      <trkpt lat="22.548127448140725" lon="114.09599496040431">
        <ele>4.414882831275463</ele>
        <time>1970-01-01T00:11:15.700000Z</time>
        <extensions>
          <gpxtpx:TrackPointExtension>
            <gpxtpx:hr>150</gpxtpx:hr>
          </gpxtpx:TrackPointExtension>
        </extensions>
      </trkpt>
      <trkpt lat="22.54810807226565" lon="114.09600928371748">
        <ele>4.379387474618852</ele>
        <time>1970-01-01T00:11:16.700000Z</time>
        <extensions>
          <gpxtpx:TrackPointExtension>
            <gpxtpx:hr>149</gpxtpx:hr>
          </gpxtpx:TrackPointExtension>
        </extensions>
      </trkpt>
      <trkpt lat="22.548086250334272" lon="114.09602183989536">
        <ele>4.3574986001476645</ele>
        <time>1970-01-01T00:11:17.700000Z</time>
        <extensions>
          <gpxtpx:TrackPointExtension>
            <gpxtpx:hr>149</gpxtpx:hr>
          </gpxtpx:TrackPointExtension>
        </extensions>
      </trkpt>
      <trkpt lat="22.54806275226244" lon="114.09603197571528">
        <ele>4.354261627420783</ele>
        <time>1970-01-01T00:11:18.700000Z</time>
        <extensions>
          <gpxtpx:TrackPointExtension>
            <gpxtpx:hr>149</gpxtpx:hr>
          </gpxtpx:TrackPointExtension>
        </extensions>
      </trkpt>
      <trkpt lat="22.54803937184566" lon="114.09603972448487">
        <ele>4.3554198583588</ele>
        <time>1970-01-01T00:11:19.700000Z</time>
        <extensions>
          <gpxtpx:TrackPointExtension>
            <gpxtpx:hr>149</gpxtpx:hr>
          </gpxtpx:TrackPointExtension>
        </extensions>
      </trkpt>
      <trkpt lat="22.548016589144787" lon="114.09604624502198">
        <ele>4.367629715241492</ele>
        <time>1970-01-01T00:11:20.700000Z</time>
        <extensions>
          <gpxtpx:TrackPointExtension>
            <gpxtpx:hr>149</gpxtpx:hr>
          </gpxtpx:TrackPointExtension>
        </extensions>
      </trkpt>
      <trkpt lat="22.547993938579975" lon="114.09605244771747">
        <ele>4.378457369282842</ele>
        <time>1970-01-01T00:11:21.700000Z</time>
        <extensions>
          <gpxtpx:TrackPointExtension>
            <gpxtpx:hr>149</gpxtpx:hr>
          </gpxtpx:TrackPointExtension>
        </extensions>
      </trkpt>
      <trkpt lat="22.547972235909352" lon="114.09605866091195">
        <ele>4.424304549582303</ele>
        <time>1970-01-01T00:11:22.700000Z</time>
        <extensions>
          <gpxtpx:TrackPointExtension>
            <gpxtpx:hr>149</gpxtpx:hr>
          </gpxtpx:TrackPointExtension>
        </extensions>
      </trkpt>
      <trkpt lat="22.547951535587387" lon="114.09606539219905">
        <ele>4.459635533392429</ele>
        <time>1970-01-01T00:11:23.700000Z</time>
        <extensions>
          <gpxtpx:TrackPointExtension>
            <gpxtpx:hr>148</gpxtpx:hr>
          </gpxtpx:TrackPointExtension>
        </extensions>
      </trkpt>
      <trkpt lat="22.54793069748045" lon="114.09607307985222">
        <ele>4.499391287565231</ele>
        <time>1970-01-01T00:11:24.700000Z</time>
        <extensions>
          <gpxtpx:TrackPointExtension>
            <gpxtpx:hr>148</gpxtpx:hr>
          </gpxtpx:TrackPointExtension>
        </extensions>
      </trkpt>
      <trkpt lat="22.547908069304096" lon="114.09608205849739">
        <ele>4.546634861268103</ele>
        <time>1970-01-01T00:11:25.700000Z</time>
        <extensions>
          <gpxtpx:TrackPointExtension>
            <gpxtpx:hr>148</gpxtpx:hr>
          </gpxtpx:TrackPointExtension>
        </extensions>
      </trkpt>
      <trkpt lat="22.547883577877755" lon="114.09609225638985">
        <ele>4.588816586881876</ele>
        <time>1970-01-01T00:11:26.700000Z</time>
        <extensions>
          <gpxtpx:TrackPointExtension>
            <gpxtpx:hr>149</gpxtpx:hr>
          </gpxtpx:TrackPointExtension>
        </extensions>
      </trkpt>
      <trkpt lat="22.547858948195035" lon="114.09610249845798">
        <ele>4.6190416077151895</ele>
        <time>1970-01-01T00:11:27.700000Z</time>
        <extensions>
          <gpxtpx:TrackPointExtension>
            <gpxtpx:hr>149</gpxtpx:hr>
          </gpxtpx:TrackPointExtension>
        </extensions>
      </trkpt>
      <trkpt lat="22.54783505722347" lon="114.09611240818242">
        <ele>4.6656141970306635</ele>
        <time>1970-01-01T00:11:28.700000Z</time>
        <extensions>
          <gpxtpx:TrackPointExtension>
            <gpxtpx:hr>149</gpxtpx:hr>
          </gpxtpx:TrackPointExtension>
        </extensions>
      </trkpt>
      <trkpt lat="22.547812345606182" lon="114.09612249136454">
        <ele>4.709894200786948</ele>
        <time>1970-01-01T00:11:29.700000Z</time>
        <extensions>
          <gpxtpx:TrackPointExtension>
            <gpxtpx:hr>149</gpxtpx:hr>
          </gpxtpx:TrackPointExtension>
        </extensions>
      </trkpt>
      <trkpt lat="22.54779039671386" lon="114.09613285527152">
        <ele>4.745064207352698</ele>
        <time>1970-01-01T00:11:30.700000Z</time>
        <extensions>
          <gpxtpx:TrackPointExtension>
            <gpxtpx:hr>149</gpxtpx:hr>
          </gpxtpx:TrackPointExtension>
        </extensions>
      </trkpt>
      <trkpt lat="22.547768181393486" lon="114.09614316542721">
        <ele>4.772509193047881</ele>
        <time>1970-01-01T00:11:31.700000Z</time>
        <extensions>
          <gpxtpx:TrackPointExtension>
            <gpxtpx:hr>149</gpxtpx:hr>
          </gpxtpx:TrackPointExtension>
        </extensions>
      </trkpt>
      <trkpt lat="22.547745731746026" lon="114.09615294102089">
        <ele>4.796532870270312</ele>
        <time>1970-01-01T00:11:32.700000Z</time>
        <extensions>
          <gpxtpx:TrackPointExtension>
            <gpxtpx:hr>149</gpxtpx:hr>
          </gpxtpx:TrackPointExtension>
        </extensions>
      </trkpt>
      <trkpt lat="22.54772362434248" lon="114.0961622254047">
        <ele>4.824778696522117</ele>
        <time>1970-01-01T00:11:33.700000Z</time>
        <extensions>
          <gpxtpx:TrackPointExtension>
            <gpxtpx:hr>149</gpxtpx:hr>
          </gpxtpx:TrackPointExtension>
        </extensions>
      </trkpt>
      <trkpt lat="22.54770199443827" lon="114.09617149113878">
        <ele>4.84392698481679</ele>
        <time>1970-01-01T00:11:34.700000Z</time>
        <extensions>
          <gpxtpx:TrackPointExtension>
            <gpxtpx:hr>149</gpxtpx:hr>
          </gpxtpx:TrackPointExtension>
        </extensions>
      </trkpt>
      <trkpt lat="22.54768103727922" lon="114.09618072276913">
        <ele>4.846635102294385</ele>
        <time>1970-01-01T00:11:35.700000Z</time>
        <extensions>
          <gpxtpx:TrackPointExtension>
            <gpxtpx:hr>149</gpxtpx:hr>
          </gpxtpx:TrackPointExtension>
        </extensions>
      </trkpt>
      <trkpt lat="22.547660416865387" lon="114.09619006844179">
        <ele>4.851822512224317</ele>
        <time>1970-01-01T00:11:36.700000Z</time>
        <extensions>
          <gpxtpx:TrackPointExtension>
            <gpxtpx:hr>149</gpxtpx:hr>
          </gpxtpx:TrackPointExtension>
        </extensions>
      </trkpt>
      <trkpt lat="22.54763949359791" lon="114.09619991892875">
        <ele>4.854220657609403</ele>
        <time>1970-01-01T00:11:37.700000Z</time>
        <extensions>
          <gpxtpx:TrackPointExtension>
            <gpxtpx:hr>149</gpxtpx:hr>
          </gpxtpx:TrackPointExtension>
        </extensions>
      </trkpt>
      <trkpt lat="22.547618274714512" lon="114.09621080069198">
        <ele>4.8312773406505585</ele>
        <time>1970-01-01T00:11:38.700000Z</time>
        <extensions>
          <gpxtpx:TrackPointExtension>
            <gpxtpx:hr>149</gpxtpx:hr>
          </gpxtpx:TrackPointExtension>
        </extensions>
      </trkpt>
      <trkpt lat="22.547597467903476" lon="114.09622252929383">
        <ele>4.819945934228599</ele>
        <time>1970-01-01T00:11:39.700000Z</time>
        <extensions>
          <gpxtpx:TrackPointExtension>
            <gpxtpx:hr>149</gpxtpx:hr>
          </gpxtpx:TrackPointExtension>
        </extensions>
      </trkpt>
      <trkpt lat="22.54757753123371" lon="114.09623504923515">
        <ele>4.800768306478858</ele>
        <time>1970-01-01T00:11:40.700000Z</time>
        <extensions>
          <gpxtpx:TrackPointExtension>
            <gpxtpx:hr>149</gpxtpx:hr>
          </gpxtpx:TrackPointExtension>
        </extensions>
      </trkpt>
      <trkpt lat="22.54755861055124" lon="114.09624873170004">
        <ele>4.781039082445204</ele>
        <time>1970-01-01T00:11:41.700000Z</time>
        <extensions>
          <gpxtpx:TrackPointExtension>
            <gpxtpx:hr>149</gpxtpx:hr>
          </gpxtpx:TrackPointExtension>
        </extensions>
      </trkpt>
      <trkpt lat="22.547540237196408" lon="114.0962631676479">
        <ele>4.768404403701425</ele>
        <time>1970-01-01T00:11:42.700000Z</time>
        <extensions>
          <gpxtpx:TrackPointExtension>
            <gpxtpx:hr>150</gpxtpx:hr>
          </gpxtpx:TrackPointExtension>
        </extensions>
      </trkpt>
      <trkpt lat="22.54752157646987" lon="114.09627763520898">
        <ele>4.7760009709745646</ele>
        <time>1970-01-01T00:11:43.700000Z</time>
        <extensions>
          <gpxtpx:TrackPointExtension>
            <gpxtpx:hr>150</gpxtpx:hr>
          </gpxtpx:TrackPointExtension>
        </extensions>
      </trkpt>
      <trkpt lat="22.547501902571017" lon="114.09629160370717">
        <ele>4.787551871500909</ele>
        <time>1970-01-01T00:11:44.700000Z</time>
        <extensions>
          <gpxtpx:TrackPointExtension>
            <gpxtpx:hr>150</gpxtpx:hr>
          </gpxtpx:TrackPointExtension>
        </extensions>
      </trkpt>
      <trkpt lat="22.547481116865477" lon="114.09630484936628">
        <ele>4.811240701936185</ele>
        <time>1970-01-01T00:11:45.700000Z</time>
        <extensions>
          <gpxtpx:TrackPointExtension>
            <gpxtpx:hr>150</gpxtpx:hr>
          </gpxtpx:TrackPointExtension>
        </extensions>
      </trkpt>
      <trkpt lat="22.547460089638353" lon="114.09631683742882">
        <ele>4.848138821311295</ele>
        <time>1970-01-01T00:11:46.700000Z</time>
        <extensions>
          <gpxtpx:TrackPointExtension>
            <gpxtpx:hr>150</gpxtpx:hr>
          </gpxtpx:TrackPointExtension>
        </extensions>
      </trkpt>
      <trkpt lat="22.54743943597063" lon="114.09632744900362">
        <ele>4.912806562148035</ele>
        <time>1970-01-01T00:11:47.700000Z</time>
        <extensions>
          <gpxtpx:TrackPointExtension>
            <gpxtpx:hr>150</gpxtpx:hr>
          </gpxtpx:TrackPointExtension>
        </extensions>
      </trkpt>
      <trkpt lat="22.54741910868847" lon="114.09633707859717">
        <ele>4.990735900588334</ele>
        <time>1970-01-01T00:11:48.700000Z</time>
        <extensions>
          <gpxtpx:TrackPointExtension>
            <gpxtpx:hr>150</gpxtpx:hr>
          </gpxtpx:TrackPointExtension>
        </extensions>
      </trkpt>
      <trkpt lat="22.547398086702184" lon="114.09634600486416">
        <ele>5.0905723217874765</ele>
        <time>1970-01-01T00:11:49.700000Z</time>
        <extensions>
          <gpxtpx:TrackPointExtension>
            <gpxtpx:hr>150</gpxtpx:hr>
          </gpxtpx:TrackPointExtension>
        </extensions>
      </trkpt>
      <trkpt lat="22.547375730592726" lon="114.09635449314153">
        <ele>5.195213850587606</ele>
        <time>1970-01-01T00:11:50.700000Z</time>
        <extensions>
          <gpxtpx:TrackPointExtension>
            <gpxtpx:hr>151</gpxtpx:hr>
          </gpxtpx:TrackPointExtension>
        </extensions>
      </trkpt>
      <trkpt lat="22.547352265503292" lon="114.09636261515382">
        <ele>5.323527618311346</ele>
        <time>1970-01-01T00:11:51.700000Z</time>
        <extensions>
          <gpxtpx:TrackPointExtension>
            <gpxtpx:hr>151</gpxtpx:hr>
          </gpxtpx:TrackPointExtension>
        </extensions>
      </trkpt>
      <trkpt lat="22.547327801090884" lon="114.09637019785308">
        <ele>5.459235685877502</ele>
        <time>1970-01-01T00:11:52.700000Z</time>
        <extensions>
          <gpxtpx:TrackPointExtension>
            <gpxtpx:hr>151</gpxtpx:hr>
          </gpxtpx:TrackPointExtension>
        </extensions>
      </trkpt>
      <trkpt lat="22.547302801261004" lon="114.09637674619732">
        <ele>5.603817509487271</ele>
        <time>1970-01-01T00:11:53.700000Z</time>
        <extensions>
          <gpxtpx:TrackPointExtension>
            <gpxtpx:hr>151</gpxtpx:hr>
          </gpxtpx:TrackPointExtension>
        </extensions>
      </trkpt>
      <trkpt lat="22.54727788400492" lon="114.09638179643066">
        <ele>5.761408371850848</ele>
        <time>1970-01-01T00:11:54.700000Z</time>
        <extensions>
          <gpxtpx:TrackPointExtension>
            <gpxtpx:hr>151</gpxtpx:hr>
          </gpxtpx:TrackPointExtension>
        </extensions>
      </trkpt>
      <trkpt lat="22.54725330215524" lon="114.09638520474486">
        <ele>5.914730132557452</ele>
        <time>1970-01-01T00:11:55.700000Z</time>
        <extensions>
          <gpxtpx:TrackPointExtension>
            <gpxtpx:hr>151</gpxtpx:hr>
          </gpxtpx:TrackPointExtension>
        </extensions>
      </trkpt>
      <trkpt lat="22.547228952292112" lon="114.09638696048627">
        <ele>6.055294920690358</ele>
        <time>1970-01-01T00:11:56.700000Z</time>
        <extensions>
          <gpxtpx:TrackPointExtension>
            <gpxtpx:hr>151</gpxtpx:hr>
          </gpxtpx:TrackPointExtension>
        </extensions>
      </trkpt>
      <trkpt lat="22.54720442703419" lon="114.09638765297639">
        <ele>6.2045598374679685</ele>
        <time>1970-01-01T00:11:57.700000Z</time>
        <extensions>
          <gpxtpx:TrackPointExtension>
            <gpxtpx:hr>151</gpxtpx:hr>
          </gpxtpx:TrackPointExtension>
        </extensions>
      </trkpt>
      <trkpt lat="22.54717985141311" lon="114.09638775348802">
        <ele>6.324419008567929</ele>
        <time>1970-01-01T00:11:58.700000Z</time>
        <extensions>
          <gpxtpx:TrackPointExtension>
            <gpxtpx:hr>151</gpxtpx:hr>
          </gpxtpx:TrackPointExtension>
        </extensions>
      </trkpt>
      <trkpt lat="22.547155535035245" lon="114.09638791857937">
        <ele>6.426614219322801</ele>
        <time>1970-01-01T00:11:59.700000Z</time>
        <extensions>
          <gpxtpx:TrackPointExtension>
            <gpxtpx:hr>151</gpxtpx:hr>
          </gpxtpx:TrackPointExtension>
        </extensions>
      </trkpt>
      <trkpt lat="22.54713182056696" lon="114.09638896313147">
        <ele>6.528469656594098</ele>
        <time>1970-01-01T00:12:00.700000Z</time>
        <extensions>
          <gpxtpx:TrackPointExtension>
            <gpxtpx:hr>151</gpxtpx:hr>
          </gpxtpx:TrackPointExtension>
        </extensions>
      </trkpt>
      <trkpt lat="22.547108138149973" lon="114.09639043731866">
        <ele>6.630502695217729</ele>
        <time>1970-01-01T00:12:01.700000Z</time>
        <extensions>
          <gpxtpx:TrackPointExtension>
            <gpxtpx:hr>151</gpxtpx:hr>
          </gpxtpx:TrackPointExtension>
        </extensions>
      </trkpt>
      <trkpt lat="22.547083685768342" lon="114.09639174853173">
        <ele>6.722120203077793</ele>
        <time>1970-01-01T00:12:02.700000Z</time>
        <extensions>
          <gpxtpx:TrackPointExtension>
            <gpxtpx:hr>151</gpxtpx:hr>
          </gpxtpx:TrackPointExtension>
        </extensions>
      </trkpt>
      <trkpt lat="22.547058779249664" lon="114.09639353118342">
        <ele>6.818183357827365</ele>
        <time>1970-01-01T00:12:03.700000Z</time>
        <extensions>
          <gpxtpx:TrackPointExtension>
            <gpxtpx:hr>151</gpxtpx:hr>
          </gpxtpx:TrackPointExtension>
        </extensions>
      </trkpt>
      <trkpt lat="22.54703333398561" lon="114.09639611994517">
        <ele>6.912535957060754</ele>
        <time>1970-01-01T00:12:04.700000Z</time>
        <extensions>
          <gpxtpx:TrackPointExtension>
            <gpxtpx:hr>151</gpxtpx:hr>
          </gpxtpx:TrackPointExtension>
        </extensions>
      </trkpt>
      <trkpt lat="22.547007597898784" lon="114.0963983461745">
        <ele>7.017763610929251</ele>
        <time>1970-01-01T00:12:05.700000Z</time>
        <extensions>
          <gpxtpx:TrackPointExtension>
            <gpxtpx:hr>151</gpxtpx:hr>
          </gpxtpx:TrackPointExtension>
        </extensions>
      </trkpt>
      <trkpt lat="22.546982237932635" lon="114.09639911288271">
        <ele>7.124096331186593</ele>
        <time>1970-01-01T00:12:06.700000Z</time>
        <extensions>
          <gpxtpx:TrackPointExtension>
            <gpxtpx:hr>151</gpxtpx:hr>
          </gpxtpx:TrackPointExtension>
        </extensions>
      </trkpt>
      <trkpt lat="22.546957528767955" lon="114.09639847487075">
        <ele>7.221242160536349</ele>
        <time>1970-01-01T00:12:07.700000Z</time>
        <extensions>
          <gpxtpx:TrackPointExtension>
            <gpxtpx:hr>151</gpxtpx:hr>
          </gpxtpx:TrackPointExtension>
        </extensions>
      </trkpt>
      <trkpt lat="22.546933586392605" lon="114.09639718831978">
        <ele>7.32010402251035</ele>
        <time>1970-01-01T00:12:08.700000Z</time>
        <extensions>
          <gpxtpx:TrackPointExtension>
            <gpxtpx:hr>151</gpxtpx:hr>
          </gpxtpx:TrackPointExtension>
        </extensions>
      </trkpt>
      <trkpt lat="22.54690976804887" lon="114.09639549773239">
        <ele>7.418013473972678</ele>
        <time>1970-01-01T00:12:09.700000Z</time>
        <extensions>
          <gpxtpx:TrackPointExtension>
            <gpxtpx:hr>151</gpxtpx:hr>
          </gpxtpx:TrackPointExtension>
        </extensions>
      </trkpt>
      <trkpt lat="22.546886084063857" lon="114.09639334023285">
        <ele>7.518902979791164</ele>
        <time>1970-01-01T00:12:10.700000Z</time>
        <extensions>
          <gpxtpx:TrackPointExtension>
            <gpxtpx:hr>150</gpxtpx:hr>
          </gpxtpx:TrackPointExtension>
        </extensions>
      </trkpt>
      <trkpt lat="22.546863135849083" lon="114.09639063309397">
        <ele>7.613850989378989</ele>
        <time>1970-01-01T00:12:11.700000Z</time>
        <extensions>
          <gpxtpx:TrackPointExtension>
            <gpxtpx:hr>150</gpxtpx:hr>
          </gpxtpx:TrackPointExtension>
        </extensions>
      </trkpt>
      <trkpt lat="22.54684050111056" lon="114.09638758465681">
        <ele>7.679144046269357</ele>
        <time>1970-01-01T00:12:12.700000Z</time>
        <extensions>
          <gpxtpx:TrackPointExtension>
            <gpxtpx:hr>150</gpxtpx:hr>
          </gpxtpx:TrackPointExtension>
        </extensions>
      </trkpt>
      <trkpt lat="22.54681740286454" lon="114.0963849161809">
        <ele>7.710684437304735</ele>
        <time>1970-01-01T00:12:13.700000Z</time>
        <extensions>
          <gpxtpx:TrackPointExtension>
            <gpxtpx:hr>150</gpxtpx:hr>
          </gpxtpx:TrackPointExtension>
        </extensions>
      </trkpt>
      <trkpt lat="22.546793725344564" lon="114.09638281777264">
        <ele>7.708488299511373</ele>
        <time>1970-01-01T00:12:14.700000Z</time>
        <extensions>
          <gpxtpx:TrackPointExtension>
            <gpxtpx:hr>150</gpxtpx:hr>
          </gpxtpx:TrackPointExtension>
        </extensions>
      </trkpt>
      <trkpt lat="22.54677042560305" lon="114.09638100318847">
        <ele>7.701979569159448</ele>
        <time>1970-01-01T00:12:15.700000Z</time>
        <extensions>
          <gpxtpx:TrackPointExtension>
            <gpxtpx:hr>150</gpxtpx:hr>
          </gpxtpx:TrackPointExtension>
        </extensions>
      </trkpt>
      <trkpt lat="22.546747875661378" lon="114.09637953417237">
        <ele>7.6710542887449265</ele>
        <time>1970-01-01T00:12:16.700000Z</time>
        <extensions>
          <gpxtpx:TrackPointExtension>
            <gpxtpx:hr>151</gpxtpx:hr>
          </gpxtpx:TrackPointExtension>
        </extensions>
      </trkpt>
      <trkpt lat="22.546725046507877" lon="114.09637827520187">
        <ele>7.620950870215893</ele>
        <time>1970-01-01T00:12:17.700000Z</time>
        <extensions>
          <gpxtpx:TrackPointExtension>
            <gpxtpx:hr>151</gpxtpx:hr>
          </gpxtpx:TrackPointExtension>
        </extensions>
      </trkpt>
      <trkpt lat="22.546701846882378" lon="114.09637676486135">
        <ele>7.556462662294507</ele>
        <time>1970-01-01T00:12:18.700000Z</time>
        <extensions>
          <gpxtpx:TrackPointExtension>
            <gpxtpx:hr>151</gpxtpx:hr>
          </gpxtpx:TrackPointExtension>
        </extensions>
      </trkpt>
      <trkpt lat="22.546678821475794" lon="114.09637471282966">
        <ele>7.4514886839315295</ele>
        <time>1970-01-01T00:12:19.700000Z</time>
        <extensions>
          <gpxtpx:TrackPointExtension>
            <gpxtpx:hr>151</gpxtpx:hr>
          </gpxtpx:TrackPointExtension>
        </extensions>
      </trkpt>
      <trkpt lat="22.546656101928733" lon="114.09637220846">
        <ele>7.314305888488889</ele>
        <time>1970-01-01T00:12:20.700000Z</time>
        <extensions>
          <gpxtpx:TrackPointExtension>
            <gpxtpx:hr>151</gpxtpx:hr>
          </gpxtpx:TrackPointExtension>
        </extensions>
      </trkpt>
      <trkpt lat="22.546633280953625" lon="114.09637012691397">
        <ele>7.172543897293508</ele>
        <time>1970-01-01T00:12:21.700000Z</time>
        <extensions>
          <gpxtpx:TrackPointExtension>
            <gpxtpx:hr>152</gpxtpx:hr>
          </gpxtpx:TrackPointExtension>
        </extensions>
      </trkpt>
      <trkpt lat="22.546609670603004" lon="114.09636932819512">
        <ele>7.017118770629168</ele>
        <time>1970-01-01T00:12:22.700000Z</time>
        <extensions>
          <gpxtpx:TrackPointExtension>
            <gpxtpx:hr>152</gpxtpx:hr>
          </gpxtpx:TrackPointExtension>
        </extensions>
      </trkpt>
      <trkpt lat="22.54658536652921" lon="114.0963699163455">
        <ele>6.8573510479182005</ele>
        <time>1970-01-01T00:12:23.700000Z</time>
        <extensions>
          <gpxtpx:TrackPointExtension>
            <gpxtpx:hr>152</gpxtpx:hr>
          </gpxtpx:TrackPointExtension>
        </extensions>
      </trkpt>
      <trkpt lat="22.546560855414977" lon="114.09637211063895">
        <ele>6.685536742210388</ele>
        <time>1970-01-01T00:12:24.700000Z</time>
        <extensions>
          <gpxtpx:TrackPointExtension>
            <gpxtpx:hr>152</gpxtpx:hr>
          </gpxtpx:TrackPointExtension>
        </extensions>
      </trkpt>
      <trkpt lat="22.54653634784407" lon="114.09637661431792">
        <ele>6.513026364147663</ele>
        <time>1970-01-01T00:12:25.700000Z</time>
        <extensions>
          <gpxtpx:TrackPointExtension>
            <gpxtpx:hr>152</gpxtpx:hr>
          </gpxtpx:TrackPointExtension>
        </extensions>
      </trkpt>
      <trkpt lat="22.546512307622933" lon="114.09638499032923">
        <ele>6.371009210124612</ele>
        <time>1970-01-01T00:12:26.700000Z</time>
        <extensions>
          <gpxtpx:TrackPointExtension>
            <gpxtpx:hr>152</gpxtpx:hr>
          </gpxtpx:TrackPointExtension>
        </extensions>
      </trkpt>
      <trkpt lat="22.546489508675638" lon="114.09639818361498">
        <ele>6.237368834204972</ele>
        <time>1970-01-01T00:12:27.700000Z</time>
        <extensions>
          <gpxtpx:TrackPointExtension>
            <gpxtpx:hr>153</gpxtpx:hr>
          </gpxtpx:TrackPointExtension>
        </extensions>
      </trkpt>
      <trkpt lat="22.546468451271352" lon="114.09641473431329">
        <ele>6.121855417266488</ele>
        <time>1970-01-01T00:12:28.700000Z</time>
        <extensions>
          <gpxtpx:TrackPointExtension>
            <gpxtpx:hr>153</gpxtpx:hr>
          </gpxtpx:TrackPointExtension>
        </extensions>
      </trkpt>
      <trkpt lat="22.54644895023778" lon="114.09643208280244">
        <ele>6.027887011878192</ele>
        <time>1970-01-01T00:12:29.700000Z</time>
        <extensions>
          <gpxtpx:TrackPointExtension>
            <gpxtpx:hr>153</gpxtpx:hr>
          </gpxtpx:TrackPointExtension>
        </extensions>
      </trkpt>
      <trkpt lat="22.546429891547884" lon="114.09644895145772">
        <ele>5.9531500386074185</ele>
        <time>1970-01-01T00:12:30.700000Z</time>
        <extensions>
          <gpxtpx:TrackPointExtension>
            <gpxtpx:hr>153</gpxtpx:hr>
          </gpxtpx:TrackPointExtension>
        </extensions>
      </trkpt>
      <trkpt lat="22.546410654515423" lon="114.09646580387658">
        <ele>5.900639683008194</ele>
        <time>1970-01-01T00:12:31.700000Z</time>
        <extensions>
          <gpxtpx:TrackPointExtension>
            <gpxtpx:hr>153</gpxtpx:hr>
          </gpxtpx:TrackPointExtension>
        </extensions>
      </trkpt>
      <trkpt lat="22.546391350130325" lon="114.09648279643393">
        <ele>5.871541149914265</ele>
        <time>1970-01-01T00:12:32.700000Z</time>
        <extensions>
          <gpxtpx:TrackPointExtension>
            <gpxtpx:hr>153</gpxtpx:hr>
          </gpxtpx:TrackPointExtension>
        </extensions>
      </trkpt>
      <trkpt lat="22.54637211297197" lon="114.09649988660321">
        <ele>5.856069248169661</ele>
        <time>1970-01-01T00:12:33.700000Z</time>
        <extensions>
          <gpxtpx:TrackPointExtension>
            <gpxtpx:hr>153</gpxtpx:hr>
          </gpxtpx:TrackPointExtension>
        </extensions>
      </trkpt>
      <trkpt lat="22.546353552202362" lon="114.09651782625701">
        <ele>5.858153836801648</ele>
        <time>1970-01-01T00:12:34.700000Z</time>
        <extensions>
          <gpxtpx:TrackPointExtension>
            <gpxtpx:hr>153</gpxtpx:hr>
          </gpxtpx:TrackPointExtension>
        </extensions>
      </trkpt>
      <trkpt lat="22.546336183274327" lon="114.09653720114592">
        <ele>5.869745233096182</ele>
        <time>1970-01-01T00:12:35.700000Z</time>
        <extensions>
          <gpxtpx:TrackPointExtension>
            <gpxtpx:hr>153</gpxtpx:hr>
          </gpxtpx:TrackPointExtension>
        </extensions>
      </trkpt>
      <trkpt lat="22.546319792336796" lon="114.09655762244846">
        <ele>5.883721341378987</ele>
        <time>1970-01-01T00:12:36.700000Z</time>
        <extensions>
          <gpxtpx:TrackPointExtension>
            <gpxtpx:hr>153</gpxtpx:hr>
          </gpxtpx:TrackPointExtension>
        </extensions>
      </trkpt>
      <trkpt lat="22.54630421278236" lon="114.09657822613819">
        <ele>5.909683046862483</ele>
        <time>1970-01-01T00:12:37.700000Z</time>
        <extensions>
          <gpxtpx:TrackPointExtension>
            <gpxtpx:hr>153</gpxtpx:hr>
          </gpxtpx:TrackPointExtension>
        </extensions>
      </trkpt>
      <trkpt lat="22.546288968394435" lon="114.0965988408428">
        <ele>5.905389896593988</ele>
        <time>1970-01-01T00:12:38.700000Z</time>
        <extensions>
          <gpxtpx:TrackPointExtension>
            <gpxtpx:hr>153</gpxtpx:hr>
          </gpxtpx:TrackPointExtension>
        </extensions>
      </trkpt>
      <trkpt lat="22.54627408441916" lon="114.0966199310922">
        <ele>5.908046858385205</ele>
        <time>1970-01-01T00:12:39.700000Z</time>
        <extensions>
          <gpxtpx:TrackPointExtension>
            <gpxtpx:hr>153</gpxtpx:hr>
          </gpxtpx:TrackPointExtension>
        </extensions>
      </trkpt>
      <trkpt lat="22.54626032317015" lon="114.09664167251843">
        <ele>5.893781502731144</ele>
        <time>1970-01-01T00:12:40.700000Z</time>
        <extensions>
          <gpxtpx:TrackPointExtension>
            <gpxtpx:hr>151</gpxtpx:hr>
          </gpxtpx:TrackPointExtension>
        </extensions>
      </trkpt>
      <trkpt lat="22.546248157873105" lon="114.09666409823699">
        <ele>5.861262577585876</ele>
        <time>1970-01-01T00:12:41.700000Z</time>
        <extensions>
          <gpxtpx:TrackPointExtension>
            <gpxtpx:hr>151</gpxtpx:hr>
          </gpxtpx:TrackPointExtension>
        </extensions>
      </trkpt>
      <trkpt lat="22.54623710322954" lon="114.09668620395566">
        <ele>5.844416957348585</ele>
        <time>1970-01-01T00:12:42.700000Z</time>
        <extensions>
          <gpxtpx:TrackPointExtension>
            <gpxtpx:hr>151</gpxtpx:hr>
          </gpxtpx:TrackPointExtension>
        </extensions>
      </trkpt>
      <trkpt lat="22.546226254620453" lon="114.09670707142737">
        <ele>5.792918821796775</ele>
        <time>1970-01-01T00:12:43.700000Z</time>
        <extensions>
          <gpxtpx:TrackPointExtension>
            <gpxtpx:hr>151</gpxtpx:hr>
          </gpxtpx:TrackPointExtension>
        </extensions>
      </trkpt>
      <trkpt lat="22.546215324028886" lon="114.09672733921742">
        <ele>5.708272493444383</ele>
        <time>1970-01-01T00:12:44.700000Z</time>
        <extensions>
          <gpxtpx:TrackPointExtension>
            <gpxtpx:hr>151</gpxtpx:hr>
          </gpxtpx:TrackPointExtension>
        </extensions>
      </trkpt>
      <trkpt lat="22.546204513611478" lon="114.09674847799157">
        <ele>5.632411740720272</ele>
        <time>1970-01-01T00:12:45.700000Z</time>
        <extensions>
          <gpxtpx:TrackPointExtension>
            <gpxtpx:hr>151</gpxtpx:hr>
          </gpxtpx:TrackPointExtension>
        </extensions>
      </trkpt>
      <trkpt lat="22.546193990337137" lon="114.09677091039512">
        <ele>5.553972881287336</ele>
        <time>1970-01-01T00:12:46.700000Z</time>
        <extensions>
          <gpxtpx:TrackPointExtension>
            <gpxtpx:hr>151</gpxtpx:hr>
          </gpxtpx:TrackPointExtension>
        </extensions>
      </trkpt>
      <trkpt lat="22.54618345485514" lon="114.09679395547204">
        <ele>5.478598492220044</ele>
        <time>1970-01-01T00:12:47.700000Z</time>
        <extensions>
          <gpxtpx:TrackPointExtension>
            <gpxtpx:hr>150</gpxtpx:hr>
          </gpxtpx:TrackPointExtension>
        </extensions>
      </trkpt>
      <trkpt lat="22.54617249996867" lon="114.09681759374033">
        <ele>5.408457990735769</ele>
        <time>1970-01-01T00:12:48.700000Z</time>
        <extensions>
          <gpxtpx:TrackPointExtension>
            <gpxtpx:hr>150</gpxtpx:hr>
          </gpxtpx:TrackPointExtension>
        </extensions>
      </trkpt>
      <trkpt lat="22.54616120961198" lon="114.09684167951649">
        <ele>5.351899541914463</ele>
        <time>1970-01-01T00:12:49.700000Z</time>
        <extensions>
          <gpxtpx:TrackPointExtension>
            <gpxtpx:hr>150</gpxtpx:hr>
          </gpxtpx:TrackPointExtension>
        </extensions>
      </trkpt>
      <trkpt lat="22.546149896245154" lon="114.09686533821036">
        <ele>5.2897255988791585</ele>
        <time>1970-01-01T00:12:50.700000Z</time>
        <extensions>
          <gpxtpx:TrackPointExtension>
            <gpxtpx:hr>150</gpxtpx:hr>
          </gpxtpx:TrackPointExtension>
        </extensions>
      </trkpt>
      <trkpt lat="22.54613849579731" lon="114.09688823825556">
        <ele>5.23877090960741</ele>
        <time>1970-01-01T00:12:51.700000Z</time>
        <extensions>
          <gpxtpx:TrackPointExtension>
            <gpxtpx:hr>150</gpxtpx:hr>
          </gpxtpx:TrackPointExtension>
        </extensions>
      </trkpt>
      <trkpt lat="22.546126736322584" lon="114.09691079387619">
        <ele>5.187699817121029</ele>
        <time>1970-01-01T00:12:52.700000Z</time>
        <extensions>
          <gpxtpx:TrackPointExtension>
            <gpxtpx:hr>150</gpxtpx:hr>
          </gpxtpx:TrackPointExtension>
        </extensions>
      </trkpt>
      <trkpt lat="22.546115092437528" lon="114.0969331198495">
        <ele>5.148002116940916</ele>
        <time>1970-01-01T00:12:53.700000Z</time>
        <extensions>
          <gpxtpx:TrackPointExtension>
            <gpxtpx:hr>150</gpxtpx:hr>
          </gpxtpx:TrackPointExtension>
        </extensions>
      </trkpt>
      <trkpt lat="22.546104317728997" lon="114.09695518951905">
        <ele>5.119639258831739</ele>
        <time>1970-01-01T00:12:54.700000Z</time>
        <extensions>
          <gpxtpx:TrackPointExtension>
            <gpxtpx:hr>150</gpxtpx:hr>
          </gpxtpx:TrackPointExtension>
        </extensions>
      </trkpt>
      <trkpt lat="22.546094415447133" lon="114.09697739165675">
        <ele>5.0914905136451125</ele>
        <time>1970-01-01T00:12:55.700000Z</time>
        <extensions>
          <gpxtpx:TrackPointExtension>
            <gpxtpx:hr>150</gpxtpx:hr>
          </gpxtpx:TrackPointExtension>
        </extensions>
      </trkpt>
      <trkpt lat="22.546085178872993" lon="114.09700014658341">
        <ele>5.086178524419665</ele>
        <time>1970-01-01T00:12:56.700000Z</time>
        <extensions>
          <gpxtpx:TrackPointExtension>
            <gpxtpx:hr>150</gpxtpx:hr>
          </gpxtpx:TrackPointExtension>
        </extensions>
      </trkpt>
      <trkpt lat="22.546076618565902" lon="114.09702410595767">
        <ele>5.094593065790832</ele>
        <time>1970-01-01T00:12:57.700000Z</time>
        <extensions>
          <gpxtpx:TrackPointExtension>
            <gpxtpx:hr>150</gpxtpx:hr>
          </gpxtpx:TrackPointExtension>
        </extensions>
      </trkpt>
      <trkpt lat="22.54606891985205" lon="114.09704935303323">
        <ele>5.10403675865382</ele>
        <time>1970-01-01T00:12:58.700000Z</time>
        <extensions>
          <gpxtpx:TrackPointExtension>
            <gpxtpx:hr>150</gpxtpx:hr>
          </gpxtpx:TrackPointExtension>
        </extensions>
      </trkpt>
      <trkpt lat="22.54606189704931" lon="114.09707579675619">
        <ele>5.118446441367269</ele>
        <time>1970-01-01T00:12:59.700000Z</time>
        <extensions>
          <gpxtpx:TrackPointExtension>
            <gpxtpx:hr>150</gpxtpx:hr>
          </gpxtpx:TrackPointExtension>
        </extensions>
      </trkpt>
      <trkpt lat="22.5460556096935" lon="114.09710326209796">
        <ele>5.128925365395844</ele>
        <time>1970-01-01T00:13:00.700000Z</time>
        <extensions>
          <gpxtpx:TrackPointExtension>
            <gpxtpx:hr>150</gpxtpx:hr>
          </gpxtpx:TrackPointExtension>
        </extensions>
      </trkpt>
      <trkpt lat="22.546050812906397" lon="114.09713092129222">
        <ele>5.124046227894723</ele>
        <time>1970-01-01T00:13:01.700000Z</time>
        <extensions>
          <gpxtpx:TrackPointExtension>
            <gpxtpx:hr>149</gpxtpx:hr>
          </gpxtpx:TrackPointExtension>
        </extensions>
      </trkpt>
      <trkpt lat="22.546047159210914" lon="114.09715770744626">
        <ele>5.11662776581943</ele>
        <time>1970-01-01T00:13:02.700000Z</time>
        <extensions>
          <gpxtpx:TrackPointExtension>
            <gpxtpx:hr>149</gpxtpx:hr>
          </gpxtpx:TrackPointExtension>
        </extensions>
      </trkpt>
      <trkpt lat="22.546042939562028" lon="114.09718321541065">
        <ele>5.122451619245112</ele>
        <time>1970-01-01T00:13:03.700000Z</time>
        <extensions>
          <gpxtpx:TrackPointExtension>
            <gpxtpx:hr>149</gpxtpx:hr>
          </gpxtpx:TrackPointExtension>
        </extensions>
      </trkpt>
      <trkpt lat="22.54603699105316" lon="114.09720829467949">
        <ele>5.113050172105432</ele>
        <time>1970-01-01T00:13:04.700000Z</time>
        <extensions>
          <gpxtpx:TrackPointExtension>
            <gpxtpx:hr>148</gpxtpx:hr>
          </gpxtpx:TrackPointExtension>
        </extensions>
      </trkpt>
      <trkpt lat="22.54602992261303" lon="114.09723331599078">
        <ele>5.085869370028377</ele>
        <time>1970-01-01T00:13:05.700000Z</time>
        <extensions>
          <gpxtpx:TrackPointExtension>
            <gpxtpx:hr>148</gpxtpx:hr>
          </gpxtpx:TrackPointExtension>
        </extensions>
      </trkpt>
      <trkpt lat="22.5460235682437" lon="114.09725808694809">
        <ele>5.058674791827798</ele>
        <time>1970-01-01T00:13:06.700000Z</time>
        <extensions>
          <gpxtpx:TrackPointExtension>
            <gpxtpx:hr>148</gpxtpx:hr>
          </gpxtpx:TrackPointExtension>
        </extensions>
      </trkpt>
      <trkpt lat="22.546018616837465" lon="114.09728281093726">
        <ele>5.009360573254526</ele>
        <time>1970-01-01T00:13:07.700000Z</time>
        <extensions>
          <gpxtpx:TrackPointExtension>
            <gpxtpx:hr>148</gpxtpx:hr>
          </gpxtpx:TrackPointExtension>
        </extensions>
      </trkpt>
      <trkpt lat="22.546014562169926" lon="114.09730810520331">
        <ele>4.9584679044783115</ele>
        <time>1970-01-01T00:13:08.700000Z</time>
        <extensions>
          <gpxtpx:TrackPointExtension>
            <gpxtpx:hr>148</gpxtpx:hr>
          </gpxtpx:TrackPointExtension>
        </extensions>
      </trkpt>
      <trkpt lat="22.546010949414743" lon="114.09733424919717">
        <ele>4.910849066451192</ele>
        <time>1970-01-01T00:13:09.700000Z</time>
        <extensions>
          <gpxtpx:TrackPointExtension>
            <gpxtpx:hr>148</gpxtpx:hr>
          </gpxtpx:TrackPointExtension>
        </extensions>
      </trkpt>
      <trkpt lat="22.546007921337214" lon="114.09736085129421">
        <ele>4.860273928381503</ele>
        <time>1970-01-01T00:13:10.700000Z</time>
        <extensions>
          <gpxtpx:TrackPointExtension>
            <gpxtpx:hr>148</gpxtpx:hr>
          </gpxtpx:TrackPointExtension>
        </extensions>
      </trkpt>
      <trkpt lat="22.54600521100221" lon="114.09738748324934">
        <ele>4.813673904165626</ele>
        <time>1970-01-01T00:13:11.700000Z</time>
        <extensions>
          <gpxtpx:TrackPointExtension>
            <gpxtpx:hr>147</gpxtpx:hr>
          </gpxtpx:TrackPointExtension>
        </extensions>
      </trkpt>
      <trkpt lat="22.54600228687312" lon="114.0974139333313">
        <ele>4.7664159052073956</ele>
        <time>1970-01-01T00:13:12.700000Z</time>
        <extensions>
          <gpxtpx:TrackPointExtension>
            <gpxtpx:hr>147</gpxtpx:hr>
          </gpxtpx:TrackPointExtension>
        </extensions>
      </trkpt>
      <trkpt lat="22.545998954408255" lon="114.09744041337808">
        <ele>4.716377574950457</ele>
        <time>1970-01-01T00:13:13.700000Z</time>
        <extensions>
          <gpxtpx:TrackPointExtension>
            <gpxtpx:hr>147</gpxtpx:hr>
          </gpxtpx:TrackPointExtension>
        </extensions>
      </trkpt>
      <trkpt lat="22.54599530960997" lon="114.09746755430557">
        <ele>4.667196588590741</ele>
        <time>1970-01-01T00:13:14.700000Z</time>
        <extensions>
          <gpxtpx:TrackPointExtension>
            <gpxtpx:hr>147</gpxtpx:hr>
          </gpxtpx:TrackPointExtension>
        </extensions>
      </trkpt>
      <trkpt lat="22.545991772810904" lon="114.09749417837416">
        <ele>4.624815583229065</ele>
        <time>1970-01-01T00:13:15.700000Z</time>
        <extensions>
          <gpxtpx:TrackPointExtension>
            <gpxtpx:hr>147</gpxtpx:hr>
          </gpxtpx:TrackPointExtension>
        </extensions>
      </trkpt>
      <trkpt lat="22.545988543109377" lon="114.09751927025881">
        <ele>4.586832863278687</ele>
        <time>1970-01-01T00:13:16.700000Z</time>
        <extensions>
          <gpxtpx:TrackPointExtension>
            <gpxtpx:hr>148</gpxtpx:hr>
          </gpxtpx:TrackPointExtension>
        </extensions>
      </trkpt>
      <trkpt lat="22.54598463163898" lon="114.09754355022169">
        <ele>4.554512122645974</ele>
        <time>1970-01-01T00:13:17.700000Z</time>
        <extensions>
          <gpxtpx:TrackPointExtension>
            <gpxtpx:hr>148</gpxtpx:hr>
          </gpxtpx:TrackPointExtension>
        </extensions>
      </trkpt>
      <trkpt lat="22.545978607827717" lon="114.0975676513879">
        <ele>4.51206791959703</ele>
        <time>1970-01-01T00:13:18.700000Z</time>
        <extensions>
          <gpxtpx:TrackPointExtension>
            <gpxtpx:hr>148</gpxtpx:hr>
          </gpxtpx:TrackPointExtension>
        </extensions>
      </trkpt>
      <trkpt lat="22.54597011043253" lon="114.09759178577332">
        <ele>4.482156361453235</ele>
        <time>1970-01-01T00:13:19.700000Z</time>
        <extensions>
          <gpxtpx:TrackPointExtension>
            <gpxtpx:hr>148</gpxtpx:hr>
          </gpxtpx:TrackPointExtension>
        </extensions>
      </trkpt>
      <trkpt lat="22.54595936933782" lon="114.09761466369787">
        <ele>4.441329455003142</ele>
        <time>1970-01-01T00:13:20.700000Z</time>
        <extensions>
          <gpxtpx:TrackPointExtension>
            <gpxtpx:hr>148</gpxtpx:hr>
          </gpxtpx:TrackPointExtension>
        </extensions>
      </trkpt>
      <trkpt lat="22.545946154544225" lon="114.0976355263989">
        <ele>4.411644160747528</ele>
        <time>1970-01-01T00:13:21.700000Z</time>
        <extensions>
          <gpxtpx:TrackPointExtension>
            <gpxtpx:hr>149</gpxtpx:hr>
          </gpxtpx:TrackPointExtension>
        </extensions>
      </trkpt>
      <trkpt lat="22.545929859587194" lon="114.09765461962266">
        <ele>4.3831220753490925</ele>
        <time>1970-01-01T00:13:22.700000Z</time>
        <extensions>
          <gpxtpx:TrackPointExtension>
            <gpxtpx:hr>149</gpxtpx:hr>
          </gpxtpx:TrackPointExtension>
        </extensions>
      </trkpt>
      <trkpt lat="22.545910614357112" lon="114.09767165753094">
        <ele>4.353517121635377</ele>
        <time>1970-01-01T00:13:23.700000Z</time>
        <extensions>
          <gpxtpx:TrackPointExtension>
            <gpxtpx:hr>149</gpxtpx:hr>
          </gpxtpx:TrackPointExtension>
        </extensions>
      </trkpt>
      <trkpt lat="22.545889362384493" lon="114.09768687447341">
        <ele>4.344016739167273</ele>
        <time>1970-01-01T00:13:24.700000Z</time>
        <extensions>
          <gpxtpx:TrackPointExtension>
            <gpxtpx:hr>149</gpxtpx:hr>
          </gpxtpx:TrackPointExtension>
        </extensions>
      </trkpt>
      <trkpt lat="22.54586766511275" lon="114.09770094688382">
        <ele>4.344474838115275</ele>
        <time>1970-01-01T00:13:25.700000Z</time>
        <extensions>
          <gpxtpx:TrackPointExtension>
            <gpxtpx:hr>149</gpxtpx:hr>
          </gpxtpx:TrackPointExtension>
        </extensions>
      </trkpt>
      <trkpt lat="22.545846497778214" lon="114.09771438003784">
        <ele>4.355003819800913</ele>
        <time>1970-01-01T00:13:26.700000Z</time>
        <extensions>
          <gpxtpx:TrackPointExtension>
            <gpxtpx:hr>149</gpxtpx:hr>
          </gpxtpx:TrackPointExtension>
        </extensions>
      </trkpt>
      <trkpt lat="22.545825074774115" lon="114.09772772864788">
        <ele>4.364499720744789</ele>
        <time>1970-01-01T00:13:27.700000Z</time>
        <extensions>
          <gpxtpx:TrackPointExtension>
            <gpxtpx:hr>149</gpxtpx:hr>
          </gpxtpx:TrackPointExtension>
        </extensions>
      </trkpt>
      <trkpt lat="22.545802616661593" lon="114.09774039053134">
        <ele>4.404073553159833</ele>
        <time>1970-01-01T00:13:28.700000Z</time>
        <extensions>
          <gpxtpx:TrackPointExtension>
            <gpxtpx:hr>149</gpxtpx:hr>
          </gpxtpx:TrackPointExtension>
        </extensions>
      </trkpt>
      <trkpt lat="22.54577905091812" lon="114.0977521752401">
        <ele>4.436114705167711</ele>
        <time>1970-01-01T00:13:29.700000Z</time>
        <extensions>
          <gpxtpx:TrackPointExtension>
            <gpxtpx:hr>149</gpxtpx:hr>
          </gpxtpx:TrackPointExtension>
        </extensions>
      </trkpt>
      <trkpt lat="22.545755216106382" lon="114.09776384655481">
        <ele>4.479196761734784</ele>
        <time>1970-01-01T00:13:30.700000Z</time>
        <extensions>
          <gpxtpx:TrackPointExtension>
            <gpxtpx:hr>149</gpxtpx:hr>
          </gpxtpx:TrackPointExtension>
        </extensions>
      </trkpt>
      <trkpt lat="22.545732394078073" lon="114.09777574253997">
        <ele>4.516014908440411</ele>
        <time>1970-01-01T00:13:31.700000Z</time>
        <extensions>
          <gpxtpx:TrackPointExtension>
            <gpxtpx:hr>146</gpxtpx:hr>
          </gpxtpx:TrackPointExtension>
        </extensions>
      </trkpt>
      <trkpt lat="22.545710845859716" lon="114.09778818933825">
        <ele>4.548029117286205</ele>
        <time>1970-01-01T00:13:32.700000Z</time>
        <extensions>
          <gpxtpx:TrackPointExtension>
            <gpxtpx:hr>146</gpxtpx:hr>
          </gpxtpx:TrackPointExtension>
        </extensions>
      </trkpt>
      <trkpt lat="22.545689740185047" lon="114.09780137771659">
        <ele>4.545321498066187</ele>
        <time>1970-01-01T00:13:33.700000Z</time>
        <extensions>
          <gpxtpx:TrackPointExtension>
            <gpxtpx:hr>146</gpxtpx:hr>
          </gpxtpx:TrackPointExtension>
        </extensions>
      </trkpt>
      <trkpt lat="22.54566816700296" lon="114.09781536104384">
        <ele>4.56105703022331</ele>
        <time>1970-01-01T00:13:34.700000Z</time>
        <extensions>
          <gpxtpx:TrackPointExtension>
            <gpxtpx:hr>146</gpxtpx:hr>
          </gpxtpx:TrackPointExtension>
        </extensions>
      </trkpt>
      <trkpt lat="22.54564619328419" lon="114.0978299499554">
        <ele>4.585416636429727</ele>
        <time>1970-01-01T00:13:35.700000Z</time>
        <extensions>
          <gpxtpx:TrackPointExtension>
            <gpxtpx:hr>146</gpxtpx:hr>
          </gpxtpx:TrackPointExtension>
        </extensions>
      </trkpt>
      <trkpt lat="22.545624760227543" lon="114.09784483546677">
        <ele>4.587264999747276</ele>
        <time>1970-01-01T00:13:36.700000Z</time>
        <extensions>
          <gpxtpx:TrackPointExtension>
            <gpxtpx:hr>146</gpxtpx:hr>
          </gpxtpx:TrackPointExtension>
        </extensions>
      </trkpt>
      <trkpt lat="22.54560464074416" lon="114.09786003829097">
        <ele>4.597305725328624</ele>
        <time>1970-01-01T00:13:37.700000Z</time>
        <extensions>
          <gpxtpx:TrackPointExtension>
            <gpxtpx:hr>146</gpxtpx:hr>
          </gpxtpx:TrackPointExtension>
        </extensions>
      </trkpt>
      <trkpt lat="22.54558573733468" lon="114.0978751843436">
        <ele>4.6051545441150665</ele>
        <time>1970-01-01T00:13:38.700000Z</time>
        <extensions>
          <gpxtpx:TrackPointExtension>
            <gpxtpx:hr>146</gpxtpx:hr>
          </gpxtpx:TrackPointExtension>
        </extensions>
      </trkpt>
      <trkpt lat="22.545567337399152" lon="114.09789019591082">
        <ele>4.603709671646357</ele>
        <time>1970-01-01T00:13:39.700000Z</time>
        <extensions>
          <gpxtpx:TrackPointExtension>
            <gpxtpx:hr>146</gpxtpx:hr>
          </gpxtpx:TrackPointExtension>
        </extensions>
      </trkpt>
      <trkpt lat="22.54554932947691" lon="114.09790589429994">
        <ele>4.615121298469603</ele>
        <time>1970-01-01T00:13:40.700000Z</time>
        <extensions>
          <gpxtpx:TrackPointExtension>
            <gpxtpx:hr>146</gpxtpx:hr>
          </gpxtpx:TrackPointExtension>
        </extensions>
      </trkpt>
      <trkpt lat="22.545532239824542" lon="114.09792327326016">
        <ele>4.640864714980125</ele>
        <time>1970-01-01T00:13:41.700000Z</time>
        <extensions>
          <gpxtpx:TrackPointExtension>
            <gpxtpx:hr>146</gpxtpx:hr>
          </gpxtpx:TrackPointExtension>
        </extensions>
      </trkpt>
      <trkpt lat="22.545516687084852" lon="114.0979422336194">
        <ele>4.684620551764965</ele>
        <time>1970-01-01T00:13:42.700000Z</time>
        <extensions>
          <gpxtpx:TrackPointExtension>
            <gpxtpx:hr>146</gpxtpx:hr>
          </gpxtpx:TrackPointExtension>
        </extensions>
      </trkpt>
      <trkpt lat="22.545501919139884" lon="114.09796089443039">
        <ele>4.735575244762003</ele>
        <time>1970-01-01T00:13:43.700000Z</time>
        <extensions>
          <gpxtpx:TrackPointExtension>
            <gpxtpx:hr>146</gpxtpx:hr>
          </gpxtpx:TrackPointExtension>
        </extensions>
      </trkpt>
      <trkpt lat="22.54548490830433" lon="114.097977493699">
        <ele>4.819929838180542</ele>
        <time>1970-01-01T00:13:44.700000Z</time>
        <extensions>
          <gpxtpx:TrackPointExtension>
            <gpxtpx:hr>146</gpxtpx:hr>
          </gpxtpx:TrackPointExtension>
        </extensions>
      </trkpt>
      <trkpt lat="22.545463248120836" lon="114.09799082315526">
        <ele>4.9295999789610505</ele>
        <time>1970-01-01T00:13:45.700000Z</time>
        <extensions>
          <gpxtpx:TrackPointExtension>
            <gpxtpx:hr>146</gpxtpx:hr>
          </gpxtpx:TrackPointExtension>
        </extensions>
      </trkpt>
      <trkpt lat="22.54543742549265" lon="114.09800042329181">
        <ele>5.062778836116195</ele>
        <time>1970-01-01T00:13:46.700000Z</time>
        <extensions>
          <gpxtpx:TrackPointExtension>
            <gpxtpx:hr>145</gpxtpx:hr>
          </gpxtpx:TrackPointExtension>
        </extensions>
      </trkpt>
      <trkpt lat="22.545410154756702" lon="114.09800809550002">
        <ele>5.216851067729294</ele>
        <time>1970-01-01T00:13:47.700000Z</time>
        <extensions>
          <gpxtpx:TrackPointExtension>
            <gpxtpx:hr>145</gpxtpx:hr>
          </gpxtpx:TrackPointExtension>
        </extensions>
      </trkpt>
      <trkpt lat="22.54538401357624" lon="114.09801568752589">
        <ele>5.377517589367926</ele>
        <time>1970-01-01T00:13:48.700000Z</time>
        <extensions>
          <gpxtpx:TrackPointExtension>
            <gpxtpx:hr>145</gpxtpx:hr>
          </gpxtpx:TrackPointExtension>
        </extensions>
      </trkpt>
      <trkpt lat="22.545359548356856" lon="114.09802379693895">
        <ele>5.561695910990238</ele>
        <time>1970-01-01T00:13:49.700000Z</time>
        <extensions>
          <gpxtpx:TrackPointExtension>
            <gpxtpx:hr>145</gpxtpx:hr>
          </gpxtpx:TrackPointExtension>
        </extensions>
      </trkpt>
      <trkpt lat="22.54533635034733" lon="114.09803159478359">
        <ele>5.724070024676621</ele>
        <time>1970-01-01T00:13:50.700000Z</time>
        <extensions>
          <gpxtpx:TrackPointExtension>
            <gpxtpx:hr>145</gpxtpx:hr>
          </gpxtpx:TrackPointExtension>
        </extensions>
      </trkpt>
      <trkpt lat="22.545313733630348" lon="114.09803847331673">
        <ele>5.862597421742976</ele>
        <time>1970-01-01T00:13:51.700000Z</time>
        <extensions>
          <gpxtpx:TrackPointExtension>
            <gpxtpx:hr>147</gpxtpx:hr>
          </gpxtpx:TrackPointExtension>
        </extensions>
      </trkpt>
      <trkpt lat="22.545291261298228" lon="114.09804533195786">
        <ele>6.002744789235294</ele>
        <time>1970-01-01T00:13:52.700000Z</time>
        <extensions>
          <gpxtpx:TrackPointExtension>
            <gpxtpx:hr>147</gpxtpx:hr>
          </gpxtpx:TrackPointExtension>
        </extensions>
      </trkpt>
      <trkpt lat="22.5452684787083" lon="114.09805269100181">
        <ele>6.106032184325159</ele>
        <time>1970-01-01T00:13:53.700000Z</time>
        <extensions>
          <gpxtpx:TrackPointExtension>
            <gpxtpx:hr>147</gpxtpx:hr>
          </gpxtpx:TrackPointExtension>
        </extensions>
      </trkpt>
      <trkpt lat="22.54524492638728" lon="114.09805993554905">
        <ele>6.170741526409984</ele>
        <time>1970-01-01T00:13:54.700000Z</time>
        <extensions>
          <gpxtpx:TrackPointExtension>
            <gpxtpx:hr>147</gpxtpx:hr>
          </gpxtpx:TrackPointExtension>
        </extensions>
      </trkpt>
      <trkpt lat="22.54522090844647" lon="114.09806640320951">
        <ele>6.241246409714222</ele>
        <time>1970-01-01T00:13:55.700000Z</time>
        <extensions>
          <gpxtpx:TrackPointExtension>
            <gpxtpx:hr>147</gpxtpx:hr>
          </gpxtpx:TrackPointExtension>
        </extensions>
      </trkpt>
      <trkpt lat="22.545197039278527" lon="114.09807177192816">
        <ele>6.2781661581248045</ele>
        <time>1970-01-01T00:13:56.700000Z</time>
        <extensions>
          <gpxtpx:TrackPointExtension>
            <gpxtpx:hr>147</gpxtpx:hr>
          </gpxtpx:TrackPointExtension>
        </extensions>
      </trkpt>
      <trkpt lat="22.54517318193972" lon="114.09807574288779">
        <ele>6.271292274817824</ele>
        <time>1970-01-01T00:13:57.700000Z</time>
        <extensions>
          <gpxtpx:TrackPointExtension>
            <gpxtpx:hr>147</gpxtpx:hr>
          </gpxtpx:TrackPointExtension>
        </extensions>
      </trkpt>
      <trkpt lat="22.54514891195359" lon="114.09807897016402">
        <ele>6.279485322535038</ele>
        <time>1970-01-01T00:13:58.700000Z</time>
        <extensions>
          <gpxtpx:TrackPointExtension>
            <gpxtpx:hr>147</gpxtpx:hr>
          </gpxtpx:TrackPointExtension>
        </extensions>
      </trkpt>
      <trkpt lat="22.54512410252067" lon="114.09808270586916">
        <ele>6.241969236172736</ele>
        <time>1970-01-01T00:13:59.700000Z</time>
        <extensions>
          <gpxtpx:TrackPointExtension>
            <gpxtpx:hr>147</gpxtpx:hr>
          </gpxtpx:TrackPointExtension>
        </extensions>
      </trkpt>
      <trkpt lat="22.545098719617144" lon="114.09808764358496">
        <ele>6.174112497828901</ele>
        <time>1970-01-01T00:14:00.700000Z</time>
        <extensions>
          <gpxtpx:TrackPointExtension>
            <gpxtpx:hr>147</gpxtpx:hr>
          </gpxtpx:TrackPointExtension>
        </extensions>
      </trkpt>
      <trkpt lat="22.545072874469348" lon="114.09809346645386">
        <ele>6.087560009211302</ele>
        <time>1970-01-01T00:14:01.700000Z</time>
        <extensions>
          <gpxtpx:TrackPointExtension>
            <gpxtpx:hr>147</gpxtpx:hr>
          </gpxtpx:TrackPointExtension>
        </extensions>
      </trkpt>
      <trkpt lat="22.54504745869786" lon="114.09810014933106">
        <ele>6.008782333694398</ele>
        <time>1970-01-01T00:14:02.700000Z</time>
        <extensions>
          <gpxtpx:TrackPointExtension>
            <gpxtpx:hr>150</gpxtpx:hr>
          </gpxtpx:TrackPointExtension>
        </extensions>
      </trkpt>
      <trkpt lat="22.54502216746792" lon="114.09810698853917">
        <ele>5.925847897306085</ele>
        <time>1970-01-01T00:14:03.700000Z</time>
        <extensions>
          <gpxtpx:TrackPointExtension>
            <gpxtpx:hr>150</gpxtpx:hr>
          </gpxtpx:TrackPointExtension>
        </extensions>
      </trkpt>
      <trkpt lat="22.54499619521192" lon="114.09811315003715">
        <ele>5.849359882064164</ele>
        <time>1970-01-01T00:14:04.700000Z</time>
        <extensions>
          <gpxtpx:TrackPointExtension>
            <gpxtpx:hr>150</gpxtpx:hr>
          </gpxtpx:TrackPointExtension>
        </extensions>
      </trkpt>
      <trkpt lat="22.544969706148354" lon="114.09811892581138">
        <ele>5.7842566054314375</ele>
        <time>1970-01-01T00:14:05.700000Z</time>
        <extensions>
          <gpxtpx:TrackPointExtension>
            <gpxtpx:hr>150</gpxtpx:hr>
          </gpxtpx:TrackPointExtension>
        </extensions>
      </trkpt>
      <trkpt lat="22.544943319683046" lon="114.09812496421866">
        <ele>5.714596907608211</ele>
        <time>1970-01-01T00:14:06.700000Z</time>
        <extensions>
          <gpxtpx:TrackPointExtension>
            <gpxtpx:hr>150</gpxtpx:hr>
          </gpxtpx:TrackPointExtension>
        </extensions>
      </trkpt>
      <trkpt lat="22.544917960418854" lon="114.09813149504414">
        <ele>5.642178633250296</ele>
        <time>1970-01-01T00:14:07.700000Z</time>
        <extensions>
          <gpxtpx:TrackPointExtension>
            <gpxtpx:hr>151</gpxtpx:hr>
          </gpxtpx:TrackPointExtension>
        </extensions>
      </trkpt>
      <trkpt lat="22.54489361560333" lon="114.09813890944203">
        <ele>5.564585702493787</ele>
        <time>1970-01-01T00:14:08.700000Z</time>
        <extensions>
          <gpxtpx:TrackPointExtension>
            <gpxtpx:hr>151</gpxtpx:hr>
          </gpxtpx:TrackPointExtension>
        </extensions>
      </trkpt>
      <trkpt lat="22.544869584547513" lon="114.0981472314434">
        <ele>5.473234566859901</ele>
        <time>1970-01-01T00:14:09.700000Z</time>
        <extensions>
          <gpxtpx:TrackPointExtension>
            <gpxtpx:hr>151</gpxtpx:hr>
          </gpxtpx:TrackPointExtension>
        </extensions>
      </trkpt>
      <trkpt lat="22.54484530407222" lon="114.09815529387205">
        <ele>5.380469801835716</ele>
        <time>1970-01-01T00:14:10.700000Z</time>
        <extensions>
          <gpxtpx:TrackPointExtension>
            <gpxtpx:hr>151</gpxtpx:hr>
          </gpxtpx:TrackPointExtension>
        </extensions>
      </trkpt>
      <trkpt lat="22.544821124193984" lon="114.09816235018555">
        <ele>5.310321646742523</ele>
        <time>1970-01-01T00:14:11.700000Z</time>
        <extensions>
          <gpxtpx:TrackPointExtension>
            <gpxtpx:hr>151</gpxtpx:hr>
          </gpxtpx:TrackPointExtension>
        </extensions>
      </trkpt>
      <trkpt lat="22.54479769847195" lon="114.098168574983">
        <ele>5.240299102850258</ele>
        <time>1970-01-01T00:14:12.700000Z</time>
        <extensions>
          <gpxtpx:TrackPointExtension>
            <gpxtpx:hr>151</gpxtpx:hr>
          </gpxtpx:TrackPointExtension>
        </extensions>
      </trkpt>
      <trkpt lat="22.544774839754407" lon="114.09817502411363">
        <ele>5.187777308747172</ele>
        <time>1970-01-01T00:14:13.700000Z</time>
        <extensions>
          <gpxtpx:TrackPointExtension>
            <gpxtpx:hr>151</gpxtpx:hr>
          </gpxtpx:TrackPointExtension>
        </extensions>
      </trkpt>
      <trkpt lat="22.54475189584087" lon="114.09818209214892">
        <ele>5.16715229023248</ele>
        <time>1970-01-01T00:14:14.700000Z</time>
        <extensions>
          <gpxtpx:TrackPointExtension>
            <gpxtpx:hr>151</gpxtpx:hr>
          </gpxtpx:TrackPointExtension>
        </extensions>
      </trkpt>
      <trkpt lat="22.54472855713911" lon="114.09818979047155">
        <ele>5.155179651454091</ele>
        <time>1970-01-01T00:14:15.700000Z</time>
        <extensions>
          <gpxtpx:TrackPointExtension>
            <gpxtpx:hr>151</gpxtpx:hr>
          </gpxtpx:TrackPointExtension>
        </extensions>
      </trkpt>
      <trkpt lat="22.54470550394664" lon="114.09819843440947">
        <ele>5.1641241908073425</ele>
        <time>1970-01-01T00:14:16.700000Z</time>
        <extensions>
          <gpxtpx:TrackPointExtension>
            <gpxtpx:hr>151</gpxtpx:hr>
          </gpxtpx:TrackPointExtension>
        </extensions>
      </trkpt>
      <trkpt lat="22.54468290028455" lon="114.09820762493949">
        <ele>5.18946994561702</ele>
        <time>1970-01-01T00:14:17.700000Z</time>
        <extensions>
          <gpxtpx:TrackPointExtension>
            <gpxtpx:hr>152</gpxtpx:hr>
          </gpxtpx:TrackPointExtension>
        </extensions>
      </trkpt>
      <trkpt lat="22.54465984622891" lon="114.09821662989188">
        <ele>5.2345181899145246</ele>
        <time>1970-01-01T00:14:18.700000Z</time>
        <extensions>
          <gpxtpx:TrackPointExtension>
            <gpxtpx:hr>152</gpxtpx:hr>
          </gpxtpx:TrackPointExtension>
        </extensions>
      </trkpt>
      <trkpt lat="22.54463640569918" lon="114.09822540122704">
        <ele>5.3121047001332045</ele>
        <time>1970-01-01T00:14:19.700000Z</time>
        <extensions>
          <gpxtpx:TrackPointExtension>
            <gpxtpx:hr>152</gpxtpx:hr>
          </gpxtpx:TrackPointExtension>
        </extensions>
      </trkpt>
      <trkpt lat="22.544613391818363" lon="114.09823560741816">
        <ele>5.41826652828604</ele>
        <time>1970-01-01T00:14:20.700000Z</time>
        <extensions>
          <gpxtpx:TrackPointExtension>
            <gpxtpx:hr>152</gpxtpx:hr>
          </gpxtpx:TrackPointExtension>
        </extensions>
      </trkpt>
      <trkpt lat="22.54459090210805" lon="114.09824810517432">
        <ele>5.544178116135299</ele>
        <time>1970-01-01T00:14:21.700000Z</time>
        <extensions>
          <gpxtpx:TrackPointExtension>
            <gpxtpx:hr>152</gpxtpx:hr>
          </gpxtpx:TrackPointExtension>
        </extensions>
      </trkpt>
      <trkpt lat="22.54456838843854" lon="114.09826121752977">
        <ele>5.704679597169161</ele>
        <time>1970-01-01T00:14:22.700000Z</time>
        <extensions>
          <gpxtpx:TrackPointExtension>
            <gpxtpx:hr>152</gpxtpx:hr>
          </gpxtpx:TrackPointExtension>
        </extensions>
      </trkpt>
      <trkpt lat="22.544545997199666" lon="114.09827439650623">
        <ele>5.87364012748003</ele>
        <time>1970-01-01T00:14:23.700000Z</time>
        <extensions>
          <gpxtpx:TrackPointExtension>
            <gpxtpx:hr>151</gpxtpx:hr>
          </gpxtpx:TrackPointExtension>
        </extensions>
      </trkpt>
      <trkpt lat="22.544524325712963" lon="114.0982876916271">
        <ele>6.08789711073041</ele>
        <time>1970-01-01T00:14:24.700000Z</time>
        <extensions>
          <gpxtpx:TrackPointExtension>
            <gpxtpx:hr>151</gpxtpx:hr>
          </gpxtpx:TrackPointExtension>
        </extensions>
      </trkpt>
      <trkpt lat="22.544503043289684" lon="114.09830097349476">
        <ele>6.295582056976855</ele>
        <time>1970-01-01T00:14:25.700000Z</time>
        <extensions>
          <gpxtpx:TrackPointExtension>
            <gpxtpx:hr>151</gpxtpx:hr>
          </gpxtpx:TrackPointExtension>
        </extensions>
      </trkpt>
      <trkpt lat="22.544481753753907" lon="114.0983148168541">
        <ele>6.509826705791056</ele>
        <time>1970-01-01T00:14:26.700000Z</time>
        <extensions>
          <gpxtpx:TrackPointExtension>
            <gpxtpx:hr>151</gpxtpx:hr>
          </gpxtpx:TrackPointExtension>
        </extensions>
      </trkpt>
      <trkpt lat="22.544460392657417" lon="114.09832871315241">
        <ele>6.711317014880478</ele>
        <time>1970-01-01T00:14:27.700000Z</time>
        <extensions>
          <gpxtpx:TrackPointExtension>
            <gpxtpx:hr>151</gpxtpx:hr>
          </gpxtpx:TrackPointExtension>
        </extensions>
      </trkpt>
      <trkpt lat="22.544438276135907" lon="114.09834139613223">
        <ele>6.904591416940093</ele>
        <time>1970-01-01T00:14:28.700000Z</time>
        <extensions>
          <gpxtpx:TrackPointExtension>
            <gpxtpx:hr>152</gpxtpx:hr>
          </gpxtpx:TrackPointExtension>
        </extensions>
      </trkpt>
      <trkpt lat="22.544415243898914" lon="114.09835132003526">
        <ele>7.1019139513373375</ele>
        <time>1970-01-01T00:14:29.700000Z</time>
        <extensions>
          <gpxtpx:TrackPointExtension>
            <gpxtpx:hr>152</gpxtpx:hr>
          </gpxtpx:TrackPointExtension>
        </extensions>
      </trkpt>
      <trkpt lat="22.544391751213922" lon="114.09835762320482">
        <ele>7.28264222946018</ele>
        <time>1970-01-01T00:14:30.700000Z</time>
        <extensions>
          <gpxtpx:TrackPointExtension>
            <gpxtpx:hr>152</gpxtpx:hr>
          </gpxtpx:TrackPointExtension>
        </extensions>
      </trkpt>
      <trkpt lat="22.544368255698746" lon="114.09836065025203">
        <ele>7.460642975755036</ele>
        <time>1970-01-01T00:14:31.700000Z</time>
        <extensions>
          <gpxtpx:TrackPointExtension>
            <gpxtpx:hr>152</gpxtpx:hr>
          </gpxtpx:TrackPointExtension>
        </extensions>
      </trkpt>
      <trkpt lat="22.54434514783383" lon="114.09836172362087">
        <ele>7.611150615848601</ele>
        <time>1970-01-01T00:14:32.700000Z</time>
        <extensions>
          <gpxtpx:TrackPointExtension>
            <gpxtpx:hr>153</gpxtpx:hr>
          </gpxtpx:TrackPointExtension>
        </extensions>
      </trkpt>
      <trkpt lat="22.544322316566447" lon="114.09836308381153">
        <ele>7.743088454008102</ele>
        <time>1970-01-01T00:14:33.700000Z</time>
        <extensions>
          <gpxtpx:TrackPointExtension>
            <gpxtpx:hr>153</gpxtpx:hr>
          </gpxtpx:TrackPointExtension>
        </extensions>
      </trkpt>
      <trkpt lat="22.544299282634412" lon="114.09836679665457">
        <ele>7.851467801257968</ele>
        <time>1970-01-01T00:14:34.700000Z</time>
        <extensions>
          <gpxtpx:TrackPointExtension>
            <gpxtpx:hr>153</gpxtpx:hr>
          </gpxtpx:TrackPointExtension>
        </extensions>
      </trkpt>
      <trkpt lat="22.544276454103112" lon="114.09837399842677">
        <ele>7.931163384579122</ele>
        <time>1970-01-01T00:14:35.700000Z</time>
        <extensions>
          <gpxtpx:TrackPointExtension>
            <gpxtpx:hr>153</gpxtpx:hr>
          </gpxtpx:TrackPointExtension>
        </extensions>
      </trkpt>
      <trkpt lat="22.544255225497285" lon="114.0983849314169">
        <ele>7.986920019611716</ele>
        <time>1970-01-01T00:14:36.700000Z</time>
        <extensions>
          <gpxtpx:TrackPointExtension>
            <gpxtpx:hr>153</gpxtpx:hr>
          </gpxtpx:TrackPointExtension>
        </extensions>
      </trkpt>
      <trkpt lat="22.544236531118035" lon="114.09839930932512">
        <ele>8.026791612617671</ele>
        <time>1970-01-01T00:14:37.700000Z</time>
        <extensions>
          <gpxtpx:TrackPointExtension>
            <gpxtpx:hr>152</gpxtpx:hr>
          </gpxtpx:TrackPointExtension>
        </extensions>
      </trkpt>
      <trkpt lat="22.54421998064143" lon="114.09841599084118">
        <ele>8.043412623926997</ele>
        <time>1970-01-01T00:14:38.700000Z</time>
        <extensions>
          <gpxtpx:TrackPointExtension>
            <gpxtpx:hr>152</gpxtpx:hr>
          </gpxtpx:TrackPointExtension>
        </extensions>
      </trkpt>
      <trkpt lat="22.54420553760597" lon="114.09843431895783">
        <ele>8.03933082986623</ele>
        <time>1970-01-01T00:14:39.700000Z</time>
        <extensions>
          <gpxtpx:TrackPointExtension>
            <gpxtpx:hr>152</gpxtpx:hr>
          </gpxtpx:TrackPointExtension>
        </extensions>
      </trkpt>
      <trkpt lat="22.544194161868873" lon="114.09845515932902">
        <ele>8.032028131186962</ele>
        <time>1970-01-01T00:14:40.700000Z</time>
        <extensions>
          <gpxtpx:TrackPointExtension>
            <gpxtpx:hr>152</gpxtpx:hr>
          </gpxtpx:TrackPointExtension>
        </extensions>
      </trkpt>
      <trkpt lat="22.54418647149331" lon="114.09847819447934">
        <ele>8.01625016797334</ele>
        <time>1970-01-01T00:14:41.700000Z</time>
        <extensions>
          <gpxtpx:TrackPointExtension>
            <gpxtpx:hr>152</gpxtpx:hr>
          </gpxtpx:TrackPointExtension>
        </extensions>
      </trkpt>
      <trkpt lat="22.544182611348347" lon="114.09850226055755">
        <ele>8.012191219255328</ele>
        <time>1970-01-01T00:14:42.700000Z</time>
        <extensions>
          <gpxtpx:TrackPointExtension>
            <gpxtpx:hr>152</gpxtpx:hr>
          </gpxtpx:TrackPointExtension>
        </extensions>
      </trkpt>
      <trkpt lat="22.544181986658785" lon="114.09852765719265">
        <ele>7.9894085535779595</ele>
        <time>1970-01-01T00:14:43.700000Z</time>
        <extensions>
          <gpxtpx:TrackPointExtension>
            <gpxtpx:hr>152</gpxtpx:hr>
          </gpxtpx:TrackPointExtension>
        </extensions>
      </trkpt>
      <trkpt lat="22.544183820414325" lon="114.09855394134912">
        <ele>7.973582958802581</ele>
        <time>1970-01-01T00:14:44.700000Z</time>
        <extensions>
          <gpxtpx:TrackPointExtension>
            <gpxtpx:hr>152</gpxtpx:hr>
          </gpxtpx:TrackPointExtension>
        </extensions>
      </trkpt>
      <trkpt lat="22.544187976258165" lon="114.09857995499263">
        <ele>7.976656136102974</ele>
        <time>1970-01-01T00:14:45.700000Z</time>
        <extensions>
          <gpxtpx:TrackPointExtension>
            <gpxtpx:hr>152</gpxtpx:hr>
          </gpxtpx:TrackPointExtension>
        </extensions>
      </trkpt>
      <trkpt lat="22.544195092145696" lon="114.09860470761971">
        <ele>7.988058163784444</ele>
        <time>1970-01-01T00:14:46.700000Z</time>
        <extensions>
          <gpxtpx:TrackPointExtension>
            <gpxtpx:hr>152</gpxtpx:hr>
          </gpxtpx:TrackPointExtension>
        </extensions>
      </trkpt>
      <trkpt lat="22.544205840414605" lon="114.09862748963755">
        <ele>8.015249740332365</ele>
        <time>1970-01-01T00:14:47.700000Z</time>
        <extensions>
          <gpxtpx:TrackPointExtension>
            <gpxtpx:hr>152</gpxtpx:hr>
          </gpxtpx:TrackPointExtension>
        </extensions>
      </trkpt>
      <trkpt lat="22.54422014190604" lon="114.09864860692251">
        <ele>8.05692873056978</ele>
        <time>1970-01-01T00:14:48.700000Z</time>
        <extensions>
          <gpxtpx:TrackPointExtension>
            <gpxtpx:hr>152</gpxtpx:hr>
          </gpxtpx:TrackPointExtension>
        </extensions>
      </trkpt>
      <trkpt lat="22.54423726084096" lon="114.09866875938405">
        <ele>8.118735302239656</ele>
        <time>1970-01-01T00:14:49.700000Z</time>
        <extensions>
          <gpxtpx:TrackPointExtension>
            <gpxtpx:hr>152</gpxtpx:hr>
          </gpxtpx:TrackPointExtension>
        </extensions>
      </trkpt>
      <trkpt lat="22.5442569014158" lon="114.09868851578725">
        <ele>8.1949468748644</ele>
        <time>1970-01-01T00:14:50.700000Z</time>
        <extensions>
          <gpxtpx:TrackPointExtension>
            <gpxtpx:hr>152</gpxtpx:hr>
          </gpxtpx:TrackPointExtension>
        </extensions>
      </trkpt>
      <trkpt lat="22.544277836997946" lon="114.09870863818529">
        <ele>8.25746743939817</ele>
        <time>1970-01-01T00:14:51.700000Z</time>
        <extensions>
          <gpxtpx:TrackPointExtension>
            <gpxtpx:hr>152</gpxtpx:hr>
          </gpxtpx:TrackPointExtension>
        </extensions>
      </trkpt>
      <trkpt lat="22.54429830147876" lon="114.098729863739">
        <ele>8.341902144253254</ele>
        <time>1970-01-01T00:14:52.700000Z</time>
        <extensions>
          <gpxtpx:TrackPointExtension>
            <gpxtpx:hr>152</gpxtpx:hr>
          </gpxtpx:TrackPointExtension>
        </extensions>
      </trkpt>
      <trkpt lat="22.544317586610916" lon="114.09875180506168">
        <ele>8.438956392928958</ele>
        <time>1970-01-01T00:14:53.700000Z</time>
        <extensions>
          <gpxtpx:TrackPointExtension>
            <gpxtpx:hr>152</gpxtpx:hr>
          </gpxtpx:TrackPointExtension>
        </extensions>
      </trkpt>
      <trkpt lat="22.544336176586693" lon="114.09877410880803">
        <ele>8.511089921928942</ele>
        <time>1970-01-01T00:14:54.700000Z</time>
        <extensions>
          <gpxtpx:TrackPointExtension>
            <gpxtpx:hr>152</gpxtpx:hr>
          </gpxtpx:TrackPointExtension>
        </extensions>
      </trkpt>
      <trkpt lat="22.54435491456087" lon="114.0987964047305">
        <ele>8.568855997174978</ele>
        <time>1970-01-01T00:14:55.700000Z</time>
        <extensions>
          <gpxtpx:TrackPointExtension>
            <gpxtpx:hr>152</gpxtpx:hr>
          </gpxtpx:TrackPointExtension>
        </extensions>
      </trkpt>
      <trkpt lat="22.544374018670297" lon="114.09881754874559">
        <ele>8.603419998660684</ele>
        <time>1970-01-01T00:14:56.700000Z</time>
        <extensions>
          <gpxtpx:TrackPointExtension>
            <gpxtpx:hr>152</gpxtpx:hr>
          </gpxtpx:TrackPointExtension>
        </extensions>
      </trkpt>
      <trkpt lat="22.544393722201256" lon="114.09883645347762">
        <ele>8.619530183263123</ele>
        <time>1970-01-01T00:14:57.700000Z</time>
        <extensions>
          <gpxtpx:TrackPointExtension>
            <gpxtpx:hr>152</gpxtpx:hr>
          </gpxtpx:TrackPointExtension>
        </extensions>
      </trkpt>
      <trkpt lat="22.544413603159832" lon="114.09885299157372">
        <ele>8.622804369777441</ele>
        <time>1970-01-01T00:14:58.700000Z</time>
        <extensions>
          <gpxtpx:TrackPointExtension>
            <gpxtpx:hr>152</gpxtpx:hr>
          </gpxtpx:TrackPointExtension>
        </extensions>
      </trkpt>
      <trkpt lat="22.54443285174863" lon="114.09886785726584">
        <ele>8.622251698747277</ele>
        <time>1970-01-01T00:14:59.700000Z</time>
        <extensions>
          <gpxtpx:TrackPointExtension>
            <gpxtpx:hr>152</gpxtpx:hr>
          </gpxtpx:TrackPointExtension>
        </extensions>
      </trkpt>
      <trkpt lat="22.54445112229118" lon="114.09888257067776">
        <ele>8.611479884944856</ele>
        <time>1970-01-01T00:15:00.700000Z</time>
        <extensions>
          <gpxtpx:TrackPointExtension>
            <gpxtpx:hr>152</gpxtpx:hr>
          </gpxtpx:TrackPointExtension>
        </extensions>
      </trkpt>
      <trkpt lat="22.544467995632335" lon="114.0988989339216">
        <ele>8.607374373823404</ele>
        <time>1970-01-01T00:15:01.700000Z</time>
        <extensions>
          <gpxtpx:TrackPointExtension>
            <gpxtpx:hr>152</gpxtpx:hr>
          </gpxtpx:TrackPointExtension>
        </extensions>
      </trkpt>
      <trkpt lat="22.544483836080417" lon="114.09891830636327">
        <ele>8.591632557101548</ele>
        <time>1970-01-01T00:15:02.700000Z</time>
        <extensions>
          <gpxtpx:TrackPointExtension>
            <gpxtpx:hr>152</gpxtpx:hr>
          </gpxtpx:TrackPointExtension>
        </extensions>
      </trkpt>
      <trkpt lat="22.544498948151908" lon="114.09894040148829">
        <ele>8.573507491499186</ele>
        <time>1970-01-01T00:15:03.700000Z</time>
        <extensions>
          <gpxtpx:TrackPointExtension>
            <gpxtpx:hr>152</gpxtpx:hr>
          </gpxtpx:TrackPointExtension>
        </extensions>
      </trkpt>
      <trkpt lat="22.544512714570416" lon="114.09896399439626">
        <ele>8.54996762610972</ele>
        <time>1970-01-01T00:15:04.700000Z</time>
        <extensions>
          <gpxtpx:TrackPointExtension>
            <gpxtpx:hr>152</gpxtpx:hr>
          </gpxtpx:TrackPointExtension>
        </extensions>
      </trkpt>
      <trkpt lat="22.544524702538716" lon="114.09898789255506">
        <ele>8.535059869289398</ele>
        <time>1970-01-01T00:15:05.700000Z</time>
        <extensions>
          <gpxtpx:TrackPointExtension>
            <gpxtpx:hr>152</gpxtpx:hr>
          </gpxtpx:TrackPointExtension>
        </extensions>
      </trkpt>
      <trkpt lat="22.544535443561067" lon="114.09901168047791">
        <ele>8.534675679169595</ele>
        <time>1970-01-01T00:15:06.700000Z</time>
        <extensions>
          <gpxtpx:TrackPointExtension>
            <gpxtpx:hr>151</gpxtpx:hr>
          </gpxtpx:TrackPointExtension>
        </extensions>
      </trkpt>
      <trkpt lat="22.54454570804238" lon="114.09903579533857">
        <ele>8.539482615888119</ele>
        <time>1970-01-01T00:15:07.700000Z</time>
        <extensions>
          <gpxtpx:TrackPointExtension>
            <gpxtpx:hr>151</gpxtpx:hr>
          </gpxtpx:TrackPointExtension>
        </extensions>
      </trkpt>
      <trkpt lat="22.544555823373184" lon="114.09905999082963">
        <ele>8.57446531765163</ele>
        <time>1970-01-01T00:15:08.700000Z</time>
        <extensions>
          <gpxtpx:TrackPointExtension>
            <gpxtpx:hr>151</gpxtpx:hr>
          </gpxtpx:TrackPointExtension>
        </extensions>
      </trkpt>
      <trkpt lat="22.544566274491814" lon="114.09908357226897">
        <ele>8.639285302720964</ele>
        <time>1970-01-01T00:15:09.700000Z</time>
        <extensions>
          <gpxtpx:TrackPointExtension>
            <gpxtpx:hr>151</gpxtpx:hr>
          </gpxtpx:TrackPointExtension>
        </extensions>
      </trkpt>
      <trkpt lat="22.544577489543308" lon="114.09910555953986">
        <ele>8.706660714000463</ele>
        <time>1970-01-01T00:15:10.700000Z</time>
        <extensions>
          <gpxtpx:TrackPointExtension>
            <gpxtpx:hr>151</gpxtpx:hr>
          </gpxtpx:TrackPointExtension>
        </extensions>
      </trkpt>
      <trkpt lat="22.544589050434706" lon="114.09912540656914">
        <ele>8.776825330220163</ele>
        <time>1970-01-01T00:15:11.700000Z</time>
        <extensions>
          <gpxtpx:TrackPointExtension>
            <gpxtpx:hr>151</gpxtpx:hr>
          </gpxtpx:TrackPointExtension>
        </extensions>
      </trkpt>
      <trkpt lat="22.544600383272332" lon="114.09914432566342">
        <ele>8.869278149679303</ele>
        <time>1970-01-01T00:15:12.700000Z</time>
        <extensions>
          <gpxtpx:TrackPointExtension>
            <gpxtpx:hr>151</gpxtpx:hr>
          </gpxtpx:TrackPointExtension>
        </extensions>
      </trkpt>
      <trkpt lat="22.54461095188354" lon="114.09916417532547">
        <ele>8.957815991714597</ele>
        <time>1970-01-01T00:15:13.700000Z</time>
        <extensions>
          <gpxtpx:TrackPointExtension>
            <gpxtpx:hr>150</gpxtpx:hr>
          </gpxtpx:TrackPointExtension>
        </extensions>
      </trkpt>
      <trkpt lat="22.544621219066126" lon="114.099185152142">
        <ele>9.037239494733512</ele>
        <time>1970-01-01T00:15:14.700000Z</time>
        <extensions>
          <gpxtpx:TrackPointExtension>
            <gpxtpx:hr>150</gpxtpx:hr>
          </gpxtpx:TrackPointExtension>
        </extensions>
      </trkpt>
      <trkpt lat="22.544632393350163" lon="114.09920643751498">
        <ele>9.12016778998077</ele>
        <time>1970-01-01T00:15:15.700000Z</time>
        <extensions>
          <gpxtpx:TrackPointExtension>
            <gpxtpx:hr>150</gpxtpx:hr>
          </gpxtpx:TrackPointExtension>
        </extensions>
      </trkpt>
      <trkpt lat="22.54464522764727" lon="114.09922771487098">
        <ele>9.17584864422679</ele>
        <time>1970-01-01T00:15:16.700000Z</time>
        <extensions>
          <gpxtpx:TrackPointExtension>
            <gpxtpx:hr>150</gpxtpx:hr>
          </gpxtpx:TrackPointExtension>
        </extensions>
      </trkpt>
      <trkpt lat="22.544660110447115" lon="114.09924819310267">
        <ele>9.216198614798486</ele>
        <time>1970-01-01T00:15:17.700000Z</time>
        <extensions>
          <gpxtpx:TrackPointExtension>
            <gpxtpx:hr>150</gpxtpx:hr>
          </gpxtpx:TrackPointExtension>
        </extensions>
      </trkpt>
      <trkpt lat="22.544677825795873" lon="114.09926549743915">
        <ele>9.231372654438019</ele>
        <time>1970-01-01T00:15:18.700000Z</time>
        <extensions>
          <gpxtpx:TrackPointExtension>
            <gpxtpx:hr>149</gpxtpx:hr>
          </gpxtpx:TrackPointExtension>
        </extensions>
      </trkpt>
      <trkpt lat="22.544699020106144" lon="114.09927686617173">
        <ele>9.218430817127228</ele>
        <time>1970-01-01T00:15:19.700000Z</time>
        <extensions>
          <gpxtpx:TrackPointExtension>
            <gpxtpx:hr>149</gpxtpx:hr>
          </gpxtpx:TrackPointExtension>
        </extensions>
      </trkpt>
      <trkpt lat="22.544722476635208" lon="114.09927949977259">
        <ele>9.177154647186399</ele>
        <time>1970-01-01T00:15:20.700000Z</time>
        <extensions>
          <gpxtpx:TrackPointExtension>
            <gpxtpx:hr>149</gpxtpx:hr>
          </gpxtpx:TrackPointExtension>
        </extensions>
      </trkpt>
      <trkpt lat="22.544745953561748" lon="114.09927210196211">
        <ele>9.143020921386778</ele>
        <time>1970-01-01T00:15:21.700000Z</time>
        <extensions>
          <gpxtpx:TrackPointExtension>
            <gpxtpx:hr>149</gpxtpx:hr>
          </gpxtpx:TrackPointExtension>
        </extensions>
      </trkpt>
      <trkpt lat="22.54476872600828" lon="114.0992573619799">
        <ele>9.085989457555115</ele>
        <time>1970-01-01T00:15:22.700000Z</time>
        <extensions>
          <gpxtpx:TrackPointExtension>
            <gpxtpx:hr>149</gpxtpx:hr>
          </gpxtpx:TrackPointExtension>
        </extensions>
      </trkpt>
      <trkpt lat="22.544790790282683" lon="114.09924068119864">
        <ele>9.022383130155504</ele>
        <time>1970-01-01T00:15:23.700000Z</time>
        <extensions>
          <gpxtpx:TrackPointExtension>
            <gpxtpx:hr>149</gpxtpx:hr>
          </gpxtpx:TrackPointExtension>
        </extensions>
      </trkpt>
      <trkpt lat="22.544812592883115" lon="114.09922606508688">
        <ele>8.947677886113524</ele>
        <time>1970-01-01T00:15:24.700000Z</time>
        <extensions>
          <gpxtpx:TrackPointExtension>
            <gpxtpx:hr>149</gpxtpx:hr>
          </gpxtpx:TrackPointExtension>
        </extensions>
      </trkpt>
      <trkpt lat="22.544835745617174" lon="114.09921522340139">
        <ele>8.862229366786778</ele>
        <time>1970-01-01T00:15:25.700000Z</time>
        <extensions>
          <gpxtpx:TrackPointExtension>
            <gpxtpx:hr>149</gpxtpx:hr>
          </gpxtpx:TrackPointExtension>
        </extensions>
      </trkpt>
      <trkpt lat="22.544860905894723" lon="114.0992083139692">
        <ele>8.792921992950141</ele>
        <time>1970-01-01T00:15:26.700000Z</time>
        <extensions>
          <gpxtpx:TrackPointExtension>
            <gpxtpx:hr>149</gpxtpx:hr>
          </gpxtpx:TrackPointExtension>
        </extensions>
      </trkpt>
      <trkpt lat="22.54488702386715" lon="114.09920427025779">
        <ele>8.738126846030354</ele>
        <time>1970-01-01T00:15:27.700000Z</time>
        <extensions>
          <gpxtpx:TrackPointExtension>
            <gpxtpx:hr>149</gpxtpx:hr>
          </gpxtpx:TrackPointExtension>
        </extensions>
      </trkpt>
      <trkpt lat="22.544912692526196" lon="114.09920110897953">
        <ele>8.70058605633676</ele>
        <time>1970-01-01T00:15:28.700000Z</time>
        <extensions>
          <gpxtpx:TrackPointExtension>
            <gpxtpx:hr>149</gpxtpx:hr>
          </gpxtpx:TrackPointExtension>
        </extensions>
      </trkpt>
      <trkpt lat="22.544937480018465" lon="114.09919732148516">
        <ele>8.664622506126761</ele>
        <time>1970-01-01T00:15:29.700000Z</time>
        <extensions>
          <gpxtpx:TrackPointExtension>
            <gpxtpx:hr>149</gpxtpx:hr>
          </gpxtpx:TrackPointExtension>
        </extensions>
      </trkpt>
      <trkpt lat="22.544961938031314" lon="114.09919348140342">
        <ele>8.645792046561837</ele>
        <time>1970-01-01T00:15:30.700000Z</time>
        <extensions>
          <gpxtpx:TrackPointExtension>
            <gpxtpx:hr>149</gpxtpx:hr>
          </gpxtpx:TrackPointExtension>
        </extensions>
      </trkpt>
      <trkpt lat="22.54498655506483" lon="114.09919047096182">
        <ele>8.632917119190097</ele>
        <time>1970-01-01T00:15:31.700000Z</time>
        <extensions>
          <gpxtpx:TrackPointExtension>
            <gpxtpx:hr>149</gpxtpx:hr>
          </gpxtpx:TrackPointExtension>
        </extensions>
      </trkpt>
      <trkpt lat="22.545011351611535" lon="114.09918854415828">
        <ele>8.647888864390552</ele>
        <time>1970-01-01T00:15:32.700000Z</time>
        <extensions>
          <gpxtpx:TrackPointExtension>
            <gpxtpx:hr>149</gpxtpx:hr>
          </gpxtpx:TrackPointExtension>
        </extensions>
      </trkpt>
      <trkpt lat="22.545037153299702" lon="114.09918733228635">
        <ele>8.666605804115534</ele>
        <time>1970-01-01T00:15:33.700000Z</time>
        <extensions>
          <gpxtpx:TrackPointExtension>
            <gpxtpx:hr>149</gpxtpx:hr>
          </gpxtpx:TrackPointExtension>
        </extensions>
      </trkpt>
      <trkpt lat="22.54506405534831" lon="114.09918619039837">
        <ele>8.689616363495588</ele>
        <time>1970-01-01T00:15:34.700000Z</time>
        <extensions>
          <gpxtpx:TrackPointExtension>
            <gpxtpx:hr>149</gpxtpx:hr>
          </gpxtpx:TrackPointExtension>
        </extensions>
      </trkpt>
      <trkpt lat="22.545091077688465" lon="114.0991856264589">
        <ele>8.731861215084791</ele>
        <time>1970-01-01T00:15:35.700000Z</time>
        <extensions>
          <gpxtpx:TrackPointExtension>
            <gpxtpx:hr>149</gpxtpx:hr>
          </gpxtpx:TrackPointExtension>
        </extensions>
      </trkpt>
      <trkpt lat="22.545117522530134" lon="114.09918624372482">
        <ele>8.77314636670053</ele>
        <time>1970-01-01T00:15:36.700000Z</time>
        <extensions>
          <gpxtpx:TrackPointExtension>
            <gpxtpx:hr>149</gpxtpx:hr>
          </gpxtpx:TrackPointExtension>
        </extensions>
      </trkpt>
      <trkpt lat="22.545142945526962" lon="114.09918813027842">
        <ele>8.82013046182692</ele>
        <time>1970-01-01T00:15:37.700000Z</time>
        <extensions>
          <gpxtpx:TrackPointExtension>
            <gpxtpx:hr>149</gpxtpx:hr>
          </gpxtpx:TrackPointExtension>
        </extensions>
      </trkpt>
      <trkpt lat="22.545167336211605" lon="114.09919064010143">
        <ele>8.841060590930283</ele>
        <time>1970-01-01T00:15:38.700000Z</time>
        <extensions>
          <gpxtpx:TrackPointExtension>
            <gpxtpx:hr>149</gpxtpx:hr>
          </gpxtpx:TrackPointExtension>
        </extensions>
      </trkpt>
      <trkpt lat="22.545191097729106" lon="114.0991929244114">
        <ele>8.868763675913215</ele>
        <time>1970-01-01T00:15:39.700000Z</time>
        <extensions>
          <gpxtpx:TrackPointExtension>
            <gpxtpx:hr>149</gpxtpx:hr>
          </gpxtpx:TrackPointExtension>
        </extensions>
      </trkpt>
      <trkpt lat="22.545214551397716" lon="114.09919495188143">
        <ele>8.893111732788384</ele>
        <time>1970-01-01T00:15:40.700000Z</time>
        <extensions>
          <gpxtpx:TrackPointExtension>
            <gpxtpx:hr>149</gpxtpx:hr>
          </gpxtpx:TrackPointExtension>
        </extensions>
      </trkpt>
      <trkpt lat="22.54523812489731" lon="114.09919733514654">
        <ele>8.900413250550628</ele>
        <time>1970-01-01T00:15:41.700000Z</time>
        <extensions>
          <gpxtpx:TrackPointExtension>
            <gpxtpx:hr>148</gpxtpx:hr>
          </gpxtpx:TrackPointExtension>
        </extensions>
      </trkpt>
      <trkpt lat="22.545261738046207" lon="114.09920112048087">
        <ele>8.886446727439761</ele>
        <time>1970-01-01T00:15:42.700000Z</time>
        <extensions>
          <gpxtpx:TrackPointExtension>
            <gpxtpx:hr>148</gpxtpx:hr>
          </gpxtpx:TrackPointExtension>
        </extensions>
      </trkpt>
      <trkpt lat="22.545285064361934" lon="114.0992073444053">
        <ele>8.883912603370845</ele>
        <time>1970-01-01T00:15:43.700000Z</time>
        <extensions>
          <gpxtpx:TrackPointExtension>
            <gpxtpx:hr>148</gpxtpx:hr>
          </gpxtpx:TrackPointExtension>
        </extensions>
      </trkpt>
      <trkpt lat="22.545308421677532" lon="114.09921617337442">
        <ele>8.884175093844533</ele>
        <time>1970-01-01T00:15:44.700000Z</time>
        <extensions>
          <gpxtpx:TrackPointExtension>
            <gpxtpx:hr>149</gpxtpx:hr>
          </gpxtpx:TrackPointExtension>
        </extensions>
      </trkpt>
      <trkpt lat="22.545332517587052" lon="114.09922670304272">
        <ele>8.867386896163225</ele>
        <time>1970-01-01T00:15:45.700000Z</time>
        <extensions>
          <gpxtpx:TrackPointExtension>
            <gpxtpx:hr>149</gpxtpx:hr>
          </gpxtpx:TrackPointExtension>
        </extensions>
      </trkpt>
      <trkpt lat="22.545357249519853" lon="114.0992374744514">
        <ele>8.872569300234318</ele>
        <time>1970-01-01T00:15:46.700000Z</time>
        <extensions>
          <gpxtpx:TrackPointExtension>
            <gpxtpx:hr>149</gpxtpx:hr>
          </gpxtpx:TrackPointExtension>
        </extensions>
      </trkpt>
      <trkpt lat="22.545381739688008" lon="114.09924715682394">
        <ele>8.905710177496076</ele>
        <time>1970-01-01T00:15:47.700000Z</time>
        <extensions>
          <gpxtpx:TrackPointExtension>
            <gpxtpx:hr>149</gpxtpx:hr>
          </gpxtpx:TrackPointExtension>
        </extensions>
      </trkpt>
      <trkpt lat="22.545405412594057" lon="114.09925491190305">
        <ele>8.93990492541343</ele>
        <time>1970-01-01T00:15:48.700000Z</time>
        <extensions>
          <gpxtpx:TrackPointExtension>
            <gpxtpx:hr>149</gpxtpx:hr>
          </gpxtpx:TrackPointExtension>
        </extensions>
      </trkpt>
      <trkpt lat="22.545428518021993" lon="114.09926113195408">
        <ele>8.99415860697627</ele>
        <time>1970-01-01T00:15:49.700000Z</time>
        <extensions>
          <gpxtpx:TrackPointExtension>
            <gpxtpx:hr>149</gpxtpx:hr>
          </gpxtpx:TrackPointExtension>
        </extensions>
      </trkpt>
      <trkpt lat="22.54545141920884" lon="114.09926607583871">
        <ele>9.08371842931956</ele>
        <time>1970-01-01T00:15:50.700000Z</time>
        <extensions>
          <gpxtpx:TrackPointExtension>
            <gpxtpx:hr>150</gpxtpx:hr>
          </gpxtpx:TrackPointExtension>
        </extensions>
      </trkpt>
      <trkpt lat="22.545474244261555" lon="114.09926996998169">
        <ele>9.187297043390572</ele>
        <time>1970-01-01T00:15:51.700000Z</time>
        <extensions>
          <gpxtpx:TrackPointExtension>
            <gpxtpx:hr>150</gpxtpx:hr>
          </gpxtpx:TrackPointExtension>
        </extensions>
      </trkpt>
      <trkpt lat="22.54549728459146" lon="114.09927324372588">
        <ele>9.299136822111905</ele>
        <time>1970-01-01T00:15:52.700000Z</time>
        <extensions>
          <gpxtpx:TrackPointExtension>
            <gpxtpx:hr>150</gpxtpx:hr>
          </gpxtpx:TrackPointExtension>
        </extensions>
      </trkpt>
      <trkpt lat="22.545520508609282" lon="114.09927617693425">
        <ele>9.431571551598608</ele>
        <time>1970-01-01T00:15:53.700000Z</time>
        <extensions>
          <gpxtpx:TrackPointExtension>
            <gpxtpx:hr>150</gpxtpx:hr>
          </gpxtpx:TrackPointExtension>
        </extensions>
      </trkpt>
      <trkpt lat="22.545543793119723" lon="114.09927919785945">
        <ele>9.578571597114205</ele>
        <time>1970-01-01T00:15:54.700000Z</time>
        <extensions>
          <gpxtpx:TrackPointExtension>
            <gpxtpx:hr>150</gpxtpx:hr>
          </gpxtpx:TrackPointExtension>
        </extensions>
      </trkpt>
      <trkpt lat="22.54556776811334" lon="114.0992825960994">
        <ele>9.73439555708319</ele>
        <time>1970-01-01T00:15:55.700000Z</time>
        <extensions>
          <gpxtpx:TrackPointExtension>
            <gpxtpx:hr>150</gpxtpx:hr>
          </gpxtpx:TrackPointExtension>
        </extensions>
      </trkpt>
      <trkpt lat="22.54559256386424" lon="114.09928647082727">
        <ele>9.893298776820302</ele>
        <time>1970-01-01T00:15:56.700000Z</time>
        <extensions>
          <gpxtpx:TrackPointExtension>
            <gpxtpx:hr>150</gpxtpx:hr>
          </gpxtpx:TrackPointExtension>
        </extensions>
      </trkpt>
      <trkpt lat="22.545617975035245" lon="114.09929023096737">
        <ele>10.053393409587443</ele>
        <time>1970-01-01T00:15:57.700000Z</time>
        <extensions>
          <gpxtpx:TrackPointExtension>
            <gpxtpx:hr>150</gpxtpx:hr>
          </gpxtpx:TrackPointExtension>
        </extensions>
      </trkpt>
      <trkpt lat="22.545643414149357" lon="114.09929314726735">
        <ele>10.183490912429988</ele>
        <time>1970-01-01T00:15:58.700000Z</time>
        <extensions>
          <gpxtpx:TrackPointExtension>
            <gpxtpx:hr>150</gpxtpx:hr>
          </gpxtpx:TrackPointExtension>
        </extensions>
      </trkpt>
      <trkpt lat="22.545667577437726" lon="114.09929494750247">
        <ele>10.279797686263919</ele>
        <time>1970-01-01T00:15:59.700000Z</time>
        <extensions>
          <gpxtpx:TrackPointExtension>
            <gpxtpx:hr>150</gpxtpx:hr>
          </gpxtpx:TrackPointExtension>
        </extensions>
      </trkpt>
      <trkpt lat="22.545689932990108" lon="114.09929548572991">
        <ele>10.360057663172483</ele>
        <time>1970-01-01T00:16:00.700000Z</time>
        <extensions>
          <gpxtpx:TrackPointExtension>
            <gpxtpx:hr>150</gpxtpx:hr>
          </gpxtpx:TrackPointExtension>
        </extensions>
      </trkpt>
      <trkpt lat="22.54571045874711" lon="114.09929486238622">
        <ele>10.410582385957241</ele>
        <time>1970-01-01T00:16:01.700000Z</time>
        <extensions>
          <gpxtpx:TrackPointExtension>
            <gpxtpx:hr>151</gpxtpx:hr>
          </gpxtpx:TrackPointExtension>
        </extensions>
      </trkpt>
      <trkpt lat="22.545729911657688" lon="114.09929298675927">
        <ele>10.420900725759566</ele>
        <time>1970-01-01T00:16:02.700000Z</time>
        <extensions>
          <gpxtpx:TrackPointExtension>
            <gpxtpx:hr>151</gpxtpx:hr>
          </gpxtpx:TrackPointExtension>
        </extensions>
      </trkpt>
      <trkpt lat="22.545748808453478" lon="114.09928997833083">
        <ele>10.39883532654494</ele>
        <time>1970-01-01T00:16:03.700000Z</time>
        <extensions>
          <gpxtpx:TrackPointExtension>
            <gpxtpx:hr>151</gpxtpx:hr>
          </gpxtpx:TrackPointExtension>
        </extensions>
      </trkpt>
      <trkpt lat="22.545767819200336" lon="114.09928576086021">
        <ele>10.345931344665587</ele>
        <time>1970-01-01T00:16:04.700000Z</time>
        <extensions>
          <gpxtpx:TrackPointExtension>
            <gpxtpx:hr>151</gpxtpx:hr>
          </gpxtpx:TrackPointExtension>
        </extensions>
      </trkpt>
      <trkpt lat="22.545787265919937" lon="114.09927954307537">
        <ele>10.265575762838125</ele>
        <time>1970-01-01T00:16:05.700000Z</time>
        <extensions>
          <gpxtpx:TrackPointExtension>
            <gpxtpx:hr>151</gpxtpx:hr>
          </gpxtpx:TrackPointExtension>
        </extensions>
      </trkpt>
      <trkpt lat="22.54580730459143" lon="114.09927125847803">
        <ele>10.158610266633332</ele>
        <time>1970-01-01T00:16:06.700000Z</time>
        <extensions>
          <gpxtpx:TrackPointExtension>
            <gpxtpx:hr>151</gpxtpx:hr>
          </gpxtpx:TrackPointExtension>
        </extensions>
      </trkpt>
      <trkpt lat="22.545827980872115" lon="114.09926131195213">
        <ele>10.016957180574536</ele>
        <time>1970-01-01T00:16:07.700000Z</time>
        <extensions>
          <gpxtpx:TrackPointExtension>
            <gpxtpx:hr>150</gpxtpx:hr>
          </gpxtpx:TrackPointExtension>
        </extensions>
      </trkpt>
      <trkpt lat="22.54584858094879" lon="114.09925056149422">
        <ele>9.857469073496759</ele>
        <time>1970-01-01T00:16:08.700000Z</time>
        <extensions>
          <gpxtpx:TrackPointExtension>
            <gpxtpx:hr>150</gpxtpx:hr>
          </gpxtpx:TrackPointExtension>
        </extensions>
      </trkpt>
      <trkpt lat="22.54586845150472" lon="114.09923958266229">
        <ele>9.690041101537645</ele>
        <time>1970-01-01T00:16:09.700000Z</time>
        <extensions>
          <gpxtpx:TrackPointExtension>
            <gpxtpx:hr>150</gpxtpx:hr>
          </gpxtpx:TrackPointExtension>
        </extensions>
      </trkpt>
      <trkpt lat="22.545887693826906" lon="114.09922821226755">
        <ele>9.511667004786432</ele>
        <time>1970-01-01T00:16:10.700000Z</time>
        <extensions>
          <gpxtpx:TrackPointExtension>
            <gpxtpx:hr>150</gpxtpx:hr>
          </gpxtpx:TrackPointExtension>
        </extensions>
      </trkpt>
      <trkpt lat="22.545906818608948" lon="114.09921637591049">
        <ele>9.334802550263703</ele>
        <time>1970-01-01T00:16:11.700000Z</time>
        <extensions>
          <gpxtpx:TrackPointExtension>
            <gpxtpx:hr>150</gpxtpx:hr>
          </gpxtpx:TrackPointExtension>
        </extensions>
      </trkpt>
      <trkpt lat="22.54592619096444" lon="114.09920411027946">
        <ele>9.15516216866672</ele>
        <time>1970-01-01T00:16:12.700000Z</time>
        <extensions>
          <gpxtpx:TrackPointExtension>
            <gpxtpx:hr>152</gpxtpx:hr>
          </gpxtpx:TrackPointExtension>
        </extensions>
      </trkpt>
      <trkpt lat="22.54594604060615" lon="114.09919155806669">
        <ele>8.976996813900769</ele>
        <time>1970-01-01T00:16:13.700000Z</time>
        <extensions>
          <gpxtpx:TrackPointExtension>
            <gpxtpx:hr>152</gpxtpx:hr>
          </gpxtpx:TrackPointExtension>
        </extensions>
      </trkpt>
      <trkpt lat="22.545966938420932" lon="114.09917901476268">
        <ele>8.80563351791352</ele>
        <time>1970-01-01T00:16:14.700000Z</time>
        <extensions>
          <gpxtpx:TrackPointExtension>
            <gpxtpx:hr>152</gpxtpx:hr>
          </gpxtpx:TrackPointExtension>
        </extensions>
      </trkpt>
      <trkpt lat="22.54598927388964" lon="114.0991670646465">
        <ele>8.639275889843702</ele>
        <time>1970-01-01T00:16:15.700000Z</time>
        <extensions>
          <gpxtpx:TrackPointExtension>
            <gpxtpx:hr>152</gpxtpx:hr>
          </gpxtpx:TrackPointExtension>
        </extensions>
      </trkpt>
      <trkpt lat="22.546012691643046" lon="114.09915651837696">
        <ele>8.47778616566211</ele>
        <time>1970-01-01T00:16:16.700000Z</time>
        <extensions>
          <gpxtpx:TrackPointExtension>
            <gpxtpx:hr>152</gpxtpx:hr>
          </gpxtpx:TrackPointExtension>
        </extensions>
      </trkpt>
      <trkpt lat="22.54603667784477" lon="114.09914786477782">
        <ele>8.329401144757867</ele>
        <time>1970-01-01T00:16:17.700000Z</time>
        <extensions>
          <gpxtpx:TrackPointExtension>
            <gpxtpx:hr>152</gpxtpx:hr>
          </gpxtpx:TrackPointExtension>
        </extensions>
      </trkpt>
      <trkpt lat="22.546060852707264" lon="114.09914104204198">
        <ele>8.197450179606676</ele>
        <time>1970-01-01T00:16:18.700000Z</time>
        <extensions>
          <gpxtpx:TrackPointExtension>
            <gpxtpx:hr>152</gpxtpx:hr>
          </gpxtpx:TrackPointExtension>
        </extensions>
      </trkpt>
      <trkpt lat="22.546085210647394" lon="114.09913581237933">
        <ele>8.070100254379213</ele>
        <time>1970-01-01T00:16:19.700000Z</time>
        <extensions>
          <gpxtpx:TrackPointExtension>
            <gpxtpx:hr>152</gpxtpx:hr>
          </gpxtpx:TrackPointExtension>
        </extensions>
      </trkpt>
      <trkpt lat="22.546110254658405" lon="114.09913175527652">
        <ele>7.964728349819779</ele>
        <time>1970-01-01T00:16:20.700000Z</time>
        <extensions>
          <gpxtpx:TrackPointExtension>
            <gpxtpx:hr>152</gpxtpx:hr>
          </gpxtpx:TrackPointExtension>
        </extensions>
      </trkpt>
      <trkpt lat="22.546136111292437" lon="114.09912918440635">
        <ele>7.889032845385373</ele>
        <time>1970-01-01T00:16:21.700000Z</time>
        <extensions>
          <gpxtpx:TrackPointExtension>
            <gpxtpx:hr>152</gpxtpx:hr>
          </gpxtpx:TrackPointExtension>
        </extensions>
      </trkpt>
      <trkpt lat="22.54616243343914" lon="114.09912868462374">
        <ele>7.812902858480811</ele>
        <time>1970-01-01T00:16:22.700000Z</time>
        <extensions>
          <gpxtpx:TrackPointExtension>
            <gpxtpx:hr>151</gpxtpx:hr>
          </gpxtpx:TrackPointExtension>
        </extensions>
      </trkpt>
      <trkpt lat="22.546188796957143" lon="114.09913046466285">
        <ele>7.741014126688242</ele>
        <time>1970-01-01T00:16:23.700000Z</time>
        <extensions>
          <gpxtpx:TrackPointExtension>
            <gpxtpx:hr>151</gpxtpx:hr>
          </gpxtpx:TrackPointExtension>
        </extensions>
      </trkpt>
      <trkpt lat="22.54621554489181" lon="114.09913446576441">
        <ele>7.717872896231711</ele>
        <time>1970-01-01T00:16:24.700000Z</time>
        <extensions>
          <gpxtpx:TrackPointExtension>
            <gpxtpx:hr>151</gpxtpx:hr>
          </gpxtpx:TrackPointExtension>
        </extensions>
      </trkpt>
      <trkpt lat="22.54624331574505" lon="114.09914025633734">
        <ele>7.708251683972776</ele>
        <time>1970-01-01T00:16:25.700000Z</time>
        <extensions>
          <gpxtpx:TrackPointExtension>
            <gpxtpx:hr>151</gpxtpx:hr>
          </gpxtpx:TrackPointExtension>
        </extensions>
      </trkpt>
      <trkpt lat="22.54627183057263" lon="114.09914733417895">
        <ele>7.726864124648273</ele>
        <time>1970-01-01T00:16:26.700000Z</time>
        <extensions>
          <gpxtpx:TrackPointExtension>
            <gpxtpx:hr>151</gpxtpx:hr>
          </gpxtpx:TrackPointExtension>
        </extensions>
      </trkpt>
      <trkpt lat="22.546301520893188" lon="114.09915549350133">
        <ele>7.794156624935567</ele>
        <time>1970-01-01T00:16:27.700000Z</time>
        <extensions>
          <gpxtpx:TrackPointExtension>
            <gpxtpx:hr>152</gpxtpx:hr>
          </gpxtpx:TrackPointExtension>
        </extensions>
      </trkpt>
      <trkpt lat="22.546332086548638" lon="114.09916417641689">
        <ele>7.882821819745004</ele>
        <time>1970-01-01T00:16:28.700000Z</time>
        <extensions>
          <gpxtpx:TrackPointExtension>
            <gpxtpx:hr>152</gpxtpx:hr>
          </gpxtpx:TrackPointExtension>
        </extensions>
      </trkpt>
      <trkpt lat="22.546362308943834" lon="114.0991726835519">
        <ele>7.980862530879676</ele>
        <time>1970-01-01T00:16:29.700000Z</time>
        <extensions>
          <gpxtpx:TrackPointExtension>
            <gpxtpx:hr>152</gpxtpx:hr>
          </gpxtpx:TrackPointExtension>
        </extensions>
      </trkpt>
      <trkpt lat="22.54639177110741" lon="114.09918084443247">
        <ele>8.106222548522055</ele>
        <time>1970-01-01T00:16:30.700000Z</time>
        <extensions>
          <gpxtpx:TrackPointExtension>
            <gpxtpx:hr>152</gpxtpx:hr>
          </gpxtpx:TrackPointExtension>
        </extensions>
      </trkpt>
      <trkpt lat="22.54642003454429" lon="114.09918905539631">
        <ele>8.266938917338848</ele>
        <time>1970-01-01T00:16:31.700000Z</time>
        <extensions>
          <gpxtpx:TrackPointExtension>
            <gpxtpx:hr>152</gpxtpx:hr>
          </gpxtpx:TrackPointExtension>
        </extensions>
      </trkpt>
      <trkpt lat="22.546446793719905" lon="114.09919730221455">
        <ele>8.407783470116556</ele>
        <time>1970-01-01T00:16:32.700000Z</time>
        <extensions>
          <gpxtpx:TrackPointExtension>
            <gpxtpx:hr>151</gpxtpx:hr>
          </gpxtpx:TrackPointExtension>
        </extensions>
      </trkpt>
      <trkpt lat="22.546472857370247" lon="114.09920496117626">
        <ele>8.552160776220262</ele>
        <time>1970-01-01T00:16:33.700000Z</time>
        <extensions>
          <gpxtpx:TrackPointExtension>
            <gpxtpx:hr>151</gpxtpx:hr>
          </gpxtpx:TrackPointExtension>
        </extensions>
      </trkpt>
      <trkpt lat="22.546499019628072" lon="114.09921186879654">
        <ele>8.689634878188372</ele>
        <time>1970-01-01T00:16:34.700000Z</time>
        <extensions>
          <gpxtpx:TrackPointExtension>
            <gpxtpx:hr>151</gpxtpx:hr>
          </gpxtpx:TrackPointExtension>
        </extensions>
      </trkpt>
      <trkpt lat="22.546525131825813" lon="114.09921824692236">
        <ele>8.78477294370532</ele>
        <time>1970-01-01T00:16:35.700000Z</time>
        <extensions>
          <gpxtpx:TrackPointExtension>
            <gpxtpx:hr>151</gpxtpx:hr>
          </gpxtpx:TrackPointExtension>
        </extensions>
      </trkpt>
      <trkpt lat="22.546551483202258" lon="114.09922473702771">
        <ele>8.87545754481107</ele>
        <time>1970-01-01T00:16:36.700000Z</time>
        <extensions>
          <gpxtpx:TrackPointExtension>
            <gpxtpx:hr>151</gpxtpx:hr>
          </gpxtpx:TrackPointExtension>
        </extensions>
      </trkpt>
      <trkpt lat="22.54657847797283" lon="114.09923105556476">
        <ele>8.950906594283879</ele>
        <time>1970-01-01T00:16:37.700000Z</time>
        <extensions>
          <gpxtpx:TrackPointExtension>
            <gpxtpx:hr>152</gpxtpx:hr>
          </gpxtpx:TrackPointExtension>
        </extensions>
      </trkpt>
      <trkpt lat="22.54660577982659" lon="114.09923679881477">
        <ele>8.983884762972593</ele>
        <time>1970-01-01T00:16:38.700000Z</time>
        <extensions>
          <gpxtpx:TrackPointExtension>
            <gpxtpx:hr>152</gpxtpx:hr>
          </gpxtpx:TrackPointExtension>
        </extensions>
      </trkpt>
      <trkpt lat="22.546633043376374" lon="114.09924233791301">
        <ele>9.001723560504615</ele>
        <time>1970-01-01T00:16:39.700000Z</time>
        <extensions>
          <gpxtpx:TrackPointExtension>
            <gpxtpx:hr>152</gpxtpx:hr>
          </gpxtpx:TrackPointExtension>
        </extensions>
      </trkpt>
      <trkpt lat="22.546659893551528" lon="114.09924730207192">
        <ele>8.994261210784316</ele>
        <time>1970-01-01T00:16:40.700000Z</time>
        <extensions>
          <gpxtpx:TrackPointExtension>
            <gpxtpx:hr>152</gpxtpx:hr>
          </gpxtpx:TrackPointExtension>
        </extensions>
      </trkpt>
      <trkpt lat="22.54668579091552" lon="114.09925173882495">
        <ele>8.9512192113325</ele>
        <time>1970-01-01T00:16:41.700000Z</time>
        <extensions>
          <gpxtpx:TrackPointExtension>
            <gpxtpx:hr>151</gpxtpx:hr>
          </gpxtpx:TrackPointExtension>
        </extensions>
      </trkpt>
      <trkpt lat="22.546710945594132" lon="114.09925629183257">
        <ele>8.890991689637303</ele>
        <time>1970-01-01T00:16:42.700000Z</time>
        <extensions>
          <gpxtpx:TrackPointExtension>
            <gpxtpx:hr>151</gpxtpx:hr>
          </gpxtpx:TrackPointExtension>
        </extensions>
      </trkpt>
      <trkpt lat="22.54673595623758" lon="114.0992606661212">
        <ele>8.788671117275953</ele>
        <time>1970-01-01T00:16:43.700000Z</time>
        <extensions>
          <gpxtpx:TrackPointExtension>
            <gpxtpx:hr>151</gpxtpx:hr>
          </gpxtpx:TrackPointExtension>
        </extensions>
      </trkpt>
      <trkpt lat="22.546760777228194" lon="114.09926432000888">
        <ele>8.665325656533241</ele>
        <time>1970-01-01T00:16:44.700000Z</time>
        <extensions>
          <gpxtpx:TrackPointExtension>
            <gpxtpx:hr>151</gpxtpx:hr>
          </gpxtpx:TrackPointExtension>
        </extensions>
      </trkpt>
      <trkpt lat="22.546784879033623" lon="114.09926694885668">
        <ele>8.536589745432138</ele>
        <time>1970-01-01T00:16:45.700000Z</time>
        <extensions>
          <gpxtpx:TrackPointExtension>
            <gpxtpx:hr>151</gpxtpx:hr>
          </gpxtpx:TrackPointExtension>
        </extensions>
      </trkpt>
      <trkpt lat="22.54680834617367" lon="114.09926814924233">
        <ele>8.416679978370667</ele>
        <time>1970-01-01T00:16:46.700000Z</time>
        <extensions>
          <gpxtpx:TrackPointExtension>
            <gpxtpx:hr>152</gpxtpx:hr>
          </gpxtpx:TrackPointExtension>
        </extensions>
      </trkpt>
      <trkpt lat="22.546831484147273" lon="114.09926729991246">
        <ele>8.326844508759677</ele>
        <time>1970-01-01T00:16:47.700000Z</time>
        <extensions>
          <gpxtpx:TrackPointExtension>
            <gpxtpx:hr>152</gpxtpx:hr>
          </gpxtpx:TrackPointExtension>
        </extensions>
      </trkpt>
      <trkpt lat="22.546854219928004" lon="114.0992645391422">
        <ele>8.2446692250669</ele>
        <time>1970-01-01T00:16:48.700000Z</time>
        <extensions>
          <gpxtpx:TrackPointExtension>
            <gpxtpx:hr>152</gpxtpx:hr>
          </gpxtpx:TrackPointExtension>
        </extensions>
      </trkpt>
      <trkpt lat="22.54687703010526" lon="114.09925997488699">
        <ele>8.198894578963518</ele>
        <time>1970-01-01T00:16:49.700000Z</time>
        <extensions>
          <gpxtpx:TrackPointExtension>
            <gpxtpx:hr>152</gpxtpx:hr>
          </gpxtpx:TrackPointExtension>
        </extensions>
      </trkpt>
      <trkpt lat="22.546899835814713" lon="114.0992532034626">
        <ele>8.171363344416022</ele>
        <time>1970-01-01T00:16:50.700000Z</time>
        <extensions>
          <gpxtpx:TrackPointExtension>
            <gpxtpx:hr>152</gpxtpx:hr>
          </gpxtpx:TrackPointExtension>
        </extensions>
      </trkpt>
      <trkpt lat="22.54692223615892" lon="114.09924409175372">
        <ele>8.153326804749668</ele>
        <time>1970-01-01T00:16:51.700000Z</time>
        <extensions>
          <gpxtpx:TrackPointExtension>
            <gpxtpx:hr>152</gpxtpx:hr>
          </gpxtpx:TrackPointExtension>
        </extensions>
      </trkpt>
      <trkpt lat="22.546943934525654" lon="114.0992327300703">
        <ele>8.144981743767858</ele>
        <time>1970-01-01T00:16:52.700000Z</time>
        <extensions>
          <gpxtpx:TrackPointExtension>
            <gpxtpx:hr>151</gpxtpx:hr>
          </gpxtpx:TrackPointExtension>
        </extensions>
      </trkpt>
      <trkpt lat="22.54696457413235" lon="114.09921948149191">
        <ele>8.16318363789469</ele>
        <time>1970-01-01T00:16:53.700000Z</time>
        <extensions>
          <gpxtpx:TrackPointExtension>
            <gpxtpx:hr>151</gpxtpx:hr>
          </gpxtpx:TrackPointExtension>
        </extensions>
      </trkpt>
      <trkpt lat="22.54698420905989" lon="114.09920482746358">
        <ele>8.187047936022282</ele>
        <time>1970-01-01T00:16:54.700000Z</time>
        <extensions>
          <gpxtpx:TrackPointExtension>
            <gpxtpx:hr>151</gpxtpx:hr>
          </gpxtpx:TrackPointExtension>
        </extensions>
      </trkpt>
      <trkpt lat="22.547002596169932" lon="114.0991882801567">
        <ele>8.232483173720539</ele>
        <time>1970-01-01T00:16:55.700000Z</time>
        <extensions>
          <gpxtpx:TrackPointExtension>
            <gpxtpx:hr>151</gpxtpx:hr>
          </gpxtpx:TrackPointExtension>
        </extensions>
      </trkpt>
      <trkpt lat="22.547019473891858" lon="114.09916901027033">
        <ele>8.284728867933154</ele>
        <time>1970-01-01T00:16:56.700000Z</time>
        <extensions>
          <gpxtpx:TrackPointExtension>
            <gpxtpx:hr>152</gpxtpx:hr>
          </gpxtpx:TrackPointExtension>
        </extensions>
      </trkpt>
      <trkpt lat="22.54703505814305" lon="114.09914718127155">
        <ele>8.331352514214814</ele>
        <time>1970-01-01T00:16:57.700000Z</time>
        <extensions>
          <gpxtpx:TrackPointExtension>
            <gpxtpx:hr>152</gpxtpx:hr>
          </gpxtpx:TrackPointExtension>
        </extensions>
      </trkpt>
      <trkpt lat="22.54705025340431" lon="114.09912351123185">
        <ele>8.368024342693388</ele>
        <time>1970-01-01T00:16:58.700000Z</time>
        <extensions>
          <gpxtpx:TrackPointExtension>
            <gpxtpx:hr>152</gpxtpx:hr>
          </gpxtpx:TrackPointExtension>
        </extensions>
      </trkpt>
      <trkpt lat="22.54706678975439" lon="114.09909892818878">
        <ele>8.40369191300124</ele>
        <time>1970-01-01T00:16:59.700000Z</time>
        <extensions>
          <gpxtpx:TrackPointExtension>
            <gpxtpx:hr>152</gpxtpx:hr>
          </gpxtpx:TrackPointExtension>
        </extensions>
      </trkpt>
      <trkpt lat="22.547085578171004" lon="114.09907606585486">
        <ele>8.446292389184237</ele>
        <time>1970-01-01T00:17:00.700000Z</time>
        <extensions>
          <gpxtpx:TrackPointExtension>
            <gpxtpx:hr>151</gpxtpx:hr>
          </gpxtpx:TrackPointExtension>
        </extensions>
      </trkpt>
      <trkpt lat="22.547106718087356" lon="114.09905720607597">
        <ele>8.464029792696238</ele>
        <time>1970-01-01T00:17:01.700000Z</time>
        <extensions>
          <gpxtpx:TrackPointExtension>
            <gpxtpx:hr>151</gpxtpx:hr>
          </gpxtpx:TrackPointExtension>
        </extensions>
      </trkpt>
      <trkpt lat="22.547129406922824" lon="114.09904296639864">
        <ele>8.483562810346484</ele>
        <time>1970-01-01T00:17:02.700000Z</time>
        <extensions>
          <gpxtpx:TrackPointExtension>
            <gpxtpx:hr>151</gpxtpx:hr>
          </gpxtpx:TrackPointExtension>
        </extensions>
      </trkpt>
      <trkpt lat="22.547152579190932" lon="114.0990340590379">
        <ele>8.512110306881368</ele>
        <time>1970-01-01T00:17:03.700000Z</time>
        <extensions>
          <gpxtpx:TrackPointExtension>
            <gpxtpx:hr>151</gpxtpx:hr>
          </gpxtpx:TrackPointExtension>
        </extensions>
      </trkpt>
      <trkpt lat="22.547176355981957" lon="114.09903218431103">
        <ele>8.515717420727015</ele>
        <time>1970-01-01T00:17:04.700000Z</time>
        <extensions>
          <gpxtpx:TrackPointExtension>
            <gpxtpx:hr>151</gpxtpx:hr>
          </gpxtpx:TrackPointExtension>
        </extensions>
      </trkpt>
      <trkpt lat="22.547200930368728" lon="114.09903807221795">
        <ele>8.511966485530138</ele>
        <time>1970-01-01T00:17:05.700000Z</time>
        <extensions>
          <gpxtpx:TrackPointExtension>
            <gpxtpx:hr>151</gpxtpx:hr>
          </gpxtpx:TrackPointExtension>
        </extensions>
      </trkpt>
      <trkpt lat="22.54722560127443" lon="114.09905096201427">
        <ele>8.505997660569847</ele>
        <time>1970-01-01T00:17:06.700000Z</time>
        <extensions>
          <gpxtpx:TrackPointExtension>
            <gpxtpx:hr>152</gpxtpx:hr>
          </gpxtpx:TrackPointExtension>
        </extensions>
      </trkpt>
      <trkpt lat="22.547248499837394" lon="114.09906910870136">
        <ele>8.482059699483216</ele>
        <time>1970-01-01T00:17:07.700000Z</time>
        <extensions>
          <gpxtpx:TrackPointExtension>
            <gpxtpx:hr>152</gpxtpx:hr>
          </gpxtpx:TrackPointExtension>
        </extensions>
      </trkpt>
      <trkpt lat="22.547267927583892" lon="114.09909027454422">
        <ele>8.464979513548315</ele>
        <time>1970-01-01T00:17:08.700000Z</time>
        <extensions>
          <gpxtpx:TrackPointExtension>
            <gpxtpx:hr>152</gpxtpx:hr>
          </gpxtpx:TrackPointExtension>
        </extensions>
      </trkpt>
      <trkpt lat="22.547285077096582" lon="114.09911287686725">
        <ele>8.429824667051435</ele>
        <time>1970-01-01T00:17:09.700000Z</time>
        <extensions>
          <gpxtpx:TrackPointExtension>
            <gpxtpx:hr>152</gpxtpx:hr>
          </gpxtpx:TrackPointExtension>
        </extensions>
      </trkpt>
      <trkpt lat="22.54730195952991" lon="114.0991348543096">
        <ele>8.398315690457821</ele>
        <time>1970-01-01T00:17:10.700000Z</time>
        <extensions>
          <gpxtpx:TrackPointExtension>
            <gpxtpx:hr>152</gpxtpx:hr>
          </gpxtpx:TrackPointExtension>
        </extensions>
      </trkpt>
      <trkpt lat="22.547319392330603" lon="114.09915521986967">
        <ele>8.343336754478514</ele>
        <time>1970-01-01T00:17:11.700000Z</time>
        <extensions>
          <gpxtpx:TrackPointExtension>
            <gpxtpx:hr>152</gpxtpx:hr>
          </gpxtpx:TrackPointExtension>
        </extensions>
      </trkpt>
      <trkpt lat="22.547338126469516" lon="114.09917483287313">
        <ele>8.30738614872098</ele>
        <time>1970-01-01T00:17:12.700000Z</time>
        <extensions>
          <gpxtpx:TrackPointExtension>
            <gpxtpx:hr>152</gpxtpx:hr>
          </gpxtpx:TrackPointExtension>
        </extensions>
      </trkpt>
      <trkpt lat="22.54735757825196" lon="114.09919407563046">
        <ele>8.249913612380624</ele>
        <time>1970-01-01T00:17:13.700000Z</time>
        <extensions>
          <gpxtpx:TrackPointExtension>
            <gpxtpx:hr>151</gpxtpx:hr>
          </gpxtpx:TrackPointExtension>
        </extensions>
      </trkpt>
      <trkpt lat="22.547377002357525" lon="114.09921292530953">
        <ele>8.149689587764442</ele>
        <time>1970-01-01T00:17:14.700000Z</time>
        <extensions>
          <gpxtpx:TrackPointExtension>
            <gpxtpx:hr>151</gpxtpx:hr>
          </gpxtpx:TrackPointExtension>
        </extensions>
      </trkpt>
      <trkpt lat="22.54739707974859" lon="114.09923074624497">
        <ele>8.062229125760496</ele>
        <time>1970-01-01T00:17:15.700000Z</time>
        <extensions>
          <gpxtpx:TrackPointExtension>
            <gpxtpx:hr>151</gpxtpx:hr>
          </gpxtpx:TrackPointExtension>
        </extensions>
      </trkpt>
      <trkpt lat="22.54741861174655" lon="114.09924676470189">
        <ele>7.958531599491835</ele>
        <time>1970-01-01T00:17:16.700000Z</time>
        <extensions>
          <gpxtpx:TrackPointExtension>
            <gpxtpx:hr>150</gpxtpx:hr>
          </gpxtpx:TrackPointExtension>
        </extensions>
      </trkpt>
      <trkpt lat="22.54744198713068" lon="114.09926112285812">
        <ele>7.870273231528699</ele>
        <time>1970-01-01T00:17:17.700000Z</time>
        <extensions>
          <gpxtpx:TrackPointExtension>
            <gpxtpx:hr>150</gpxtpx:hr>
          </gpxtpx:TrackPointExtension>
        </extensions>
      </trkpt>
      <trkpt lat="22.547466095613533" lon="114.09927286474172">
        <ele>7.7869132263585925</ele>
        <time>1970-01-01T00:17:18.700000Z</time>
        <extensions>
          <gpxtpx:TrackPointExtension>
            <gpxtpx:hr>150</gpxtpx:hr>
          </gpxtpx:TrackPointExtension>
        </extensions>
      </trkpt>
      <trkpt lat="22.547489949956535" lon="114.09928041150792">
        <ele>7.700370958074927</ele>
        <time>1970-01-01T00:17:19.700000Z</time>
        <extensions>
          <gpxtpx:TrackPointExtension>
            <gpxtpx:hr>150</gpxtpx:hr>
          </gpxtpx:TrackPointExtension>
        </extensions>
      </trkpt>
      <trkpt lat="22.547513354131592" lon="114.09928309899922">
        <ele>7.6264212327077985</ele>
        <time>1970-01-01T00:17:20.700000Z</time>
        <extensions>
          <gpxtpx:TrackPointExtension>
            <gpxtpx:hr>150</gpxtpx:hr>
          </gpxtpx:TrackPointExtension>
        </extensions>
      </trkpt>
      <trkpt lat="22.547536829440403" lon="114.09928214569028">
        <ele>7.565923636779189</ele>
        <time>1970-01-01T00:17:21.700000Z</time>
        <extensions>
          <gpxtpx:TrackPointExtension>
            <gpxtpx:hr>150</gpxtpx:hr>
          </gpxtpx:TrackPointExtension>
        </extensions>
      </trkpt>
      <trkpt lat="22.547561630884577" lon="114.09927996854127">
        <ele>7.5160329807549715</ele>
        <time>1970-01-01T00:17:22.700000Z</time>
        <extensions>
          <gpxtpx:TrackPointExtension>
            <gpxtpx:hr>150</gpxtpx:hr>
          </gpxtpx:TrackPointExtension>
        </extensions>
      </trkpt>
      <trkpt lat="22.54758879082181" lon="114.09927818402144">
        <ele>7.461577384732664</ele>
        <time>1970-01-01T00:17:23.700000Z</time>
        <extensions>
          <gpxtpx:TrackPointExtension>
            <gpxtpx:hr>150</gpxtpx:hr>
          </gpxtpx:TrackPointExtension>
        </extensions>
      </trkpt>
      <trkpt lat="22.54761796316187" lon="114.09927715189187">
        <ele>7.447072504088283</ele>
        <time>1970-01-01T00:17:24.700000Z</time>
        <extensions>
          <gpxtpx:TrackPointExtension>
            <gpxtpx:hr>150</gpxtpx:hr>
          </gpxtpx:TrackPointExtension>
        </extensions>
      </trkpt>
      <trkpt lat="22.547647476985382" lon="114.09927636619913">
        <ele>7.478065657429397</ele>
        <time>1970-01-01T00:17:25.700000Z</time>
        <extensions>
          <gpxtpx:TrackPointExtension>
            <gpxtpx:hr>150</gpxtpx:hr>
          </gpxtpx:TrackPointExtension>
        </extensions>
      </trkpt>
      <trkpt lat="22.54767622833419" lon="114.09927547805842">
        <ele>7.537312158383429</ele>
        <time>1970-01-01T00:17:26.700000Z</time>
        <extensions>
          <gpxtpx:TrackPointExtension>
            <gpxtpx:hr>150</gpxtpx:hr>
          </gpxtpx:TrackPointExtension>
        </extensions>
      </trkpt>
      <trkpt lat="22.547704168886124" lon="114.09927387943559">
        <ele>7.608142257668078</ele>
        <time>1970-01-01T00:17:27.700000Z</time>
        <extensions>
          <gpxtpx:TrackPointExtension>
            <gpxtpx:hr>150</gpxtpx:hr>
          </gpxtpx:TrackPointExtension>
        </extensions>
      </trkpt>
      <trkpt lat="22.54773077993058" lon="114.09927054919818">
        <ele>7.705968228168786</ele>
        <time>1970-01-01T00:17:28.700000Z</time>
        <extensions>
          <gpxtpx:TrackPointExtension>
            <gpxtpx:hr>151</gpxtpx:hr>
          </gpxtpx:TrackPointExtension>
        </extensions>
      </trkpt>
      <trkpt lat="22.547756264423686" lon="114.09926501320207">
        <ele>7.812525420449674</ele>
        <time>1970-01-01T00:17:29.700000Z</time>
        <extensions>
          <gpxtpx:TrackPointExtension>
            <gpxtpx:hr>151</gpxtpx:hr>
          </gpxtpx:TrackPointExtension>
        </extensions>
      </trkpt>
      <trkpt lat="22.547781675398944" lon="114.0992579638818">
        <ele>7.942239408381283</ele>
        <time>1970-01-01T00:17:30.700000Z</time>
        <extensions>
          <gpxtpx:TrackPointExtension>
            <gpxtpx:hr>151</gpxtpx:hr>
          </gpxtpx:TrackPointExtension>
        </extensions>
      </trkpt>
      <trkpt lat="22.54780676973807" lon="114.09925092264186">
        <ele>8.101505881175399</ele>
        <time>1970-01-01T00:17:31.700000Z</time>
        <extensions>
          <gpxtpx:TrackPointExtension>
            <gpxtpx:hr>151</gpxtpx:hr>
          </gpxtpx:TrackPointExtension>
        </extensions>
      </trkpt>
      <trkpt lat="22.547830643834196" lon="114.09924410451163">
        <ele>8.263892654329538</ele>
        <time>1970-01-01T00:17:32.700000Z</time>
        <extensions>
          <gpxtpx:TrackPointExtension>
            <gpxtpx:hr>151</gpxtpx:hr>
          </gpxtpx:TrackPointExtension>
        </extensions>
      </trkpt>
      <trkpt lat="22.54785236842964" lon="114.09923640276321">
        <ele>8.44408118724823</ele>
        <time>1970-01-01T00:17:33.700000Z</time>
        <extensions>
          <gpxtpx:TrackPointExtension>
            <gpxtpx:hr>151</gpxtpx:hr>
          </gpxtpx:TrackPointExtension>
        </extensions>
      </trkpt>
      <trkpt lat="22.547872696411822" lon="114.0992261931375">
        <ele>8.629702223464847</ele>
        <time>1970-01-01T00:17:34.700000Z</time>
        <extensions>
          <gpxtpx:TrackPointExtension>
            <gpxtpx:hr>151</gpxtpx:hr>
          </gpxtpx:TrackPointExtension>
        </extensions>
      </trkpt>
      <trkpt lat="22.54789295886557" lon="114.09921255879411">
        <ele>8.813803219236434</ele>
        <time>1970-01-01T00:17:35.700000Z</time>
        <extensions>
          <gpxtpx:TrackPointExtension>
            <gpxtpx:hr>151</gpxtpx:hr>
          </gpxtpx:TrackPointExtension>
        </extensions>
      </trkpt>
      <trkpt lat="22.547913009353408" lon="114.09919730157543">
        <ele>8.995898293331265</ele>
        <time>1970-01-01T00:17:36.700000Z</time>
        <extensions>
          <gpxtpx:TrackPointExtension>
            <gpxtpx:hr>151</gpxtpx:hr>
          </gpxtpx:TrackPointExtension>
        </extensions>
      </trkpt>
      <trkpt lat="22.547932739275815" lon="114.09918224697535">
        <ele>9.154091737233102</ele>
        <time>1970-01-01T00:17:37.700000Z</time>
        <extensions>
          <gpxtpx:TrackPointExtension>
            <gpxtpx:hr>150</gpxtpx:hr>
          </gpxtpx:TrackPointExtension>
        </extensions>
      </trkpt>
      <trkpt lat="22.54795264978568" lon="114.09916831037943">
        <ele>9.279714729636908</ele>
        <time>1970-01-01T00:17:38.700000Z</time>
        <extensions>
          <gpxtpx:TrackPointExtension>
            <gpxtpx:hr>150</gpxtpx:hr>
          </gpxtpx:TrackPointExtension>
        </extensions>
      </trkpt>
      <trkpt lat="22.54797285149929" lon="114.09915660339028">
        <ele>9.405216185376048</ele>
        <time>1970-01-01T00:17:39.700000Z</time>
        <extensions>
          <gpxtpx:TrackPointExtension>
            <gpxtpx:hr>150</gpxtpx:hr>
          </gpxtpx:TrackPointExtension>
        </extensions>
      </trkpt>
      <trkpt lat="22.547993123318548" lon="114.09914751121998">
        <ele>9.504454352892935</ele>
        <time>1970-01-01T00:17:40.700000Z</time>
        <extensions>
          <gpxtpx:TrackPointExtension>
            <gpxtpx:hr>150</gpxtpx:hr>
          </gpxtpx:TrackPointExtension>
        </extensions>
      </trkpt>
      <trkpt lat="22.548012612761674" lon="114.09913953481409">
        <ele>9.568298152647913</ele>
        <time>1970-01-01T00:17:41.700000Z</time>
        <extensions>
          <gpxtpx:TrackPointExtension>
            <gpxtpx:hr>150</gpxtpx:hr>
          </gpxtpx:TrackPointExtension>
        </extensions>
      </trkpt>
      <trkpt lat="22.548031284905115" lon="114.0991298180736">
        <ele>9.601261062547565</ele>
        <time>1970-01-01T00:17:42.700000Z</time>
        <extensions>
          <gpxtpx:TrackPointExtension>
            <gpxtpx:hr>150</gpxtpx:hr>
          </gpxtpx:TrackPointExtension>
        </extensions>
      </trkpt>
      <trkpt lat="22.548049813167886" lon="114.09911621242597">
        <ele>9.586336283013225</ele>
        <time>1970-01-01T00:17:43.700000Z</time>
        <extensions>
          <gpxtpx:TrackPointExtension>
            <gpxtpx:hr>150</gpxtpx:hr>
          </gpxtpx:TrackPointExtension>
        </extensions>
      </trkpt>
      <trkpt lat="22.548067561444267" lon="114.09909884841723">
        <ele>9.54738981090486</ele>
        <time>1970-01-01T00:17:44.700000Z</time>
        <extensions>
          <gpxtpx:TrackPointExtension>
            <gpxtpx:hr>150</gpxtpx:hr>
          </gpxtpx:TrackPointExtension>
        </extensions>
      </trkpt>
      <trkpt lat="22.548083665576453" lon="114.09907870023508">
        <ele>9.470051607117057</ele>
        <time>1970-01-01T00:17:45.700000Z</time>
        <extensions>
          <gpxtpx:TrackPointExtension>
            <gpxtpx:hr>150</gpxtpx:hr>
          </gpxtpx:TrackPointExtension>
        </extensions>
      </trkpt>
      <trkpt lat="22.548097650968852" lon="114.09905676250227">
        <ele>9.348888624459505</ele>
        <time>1970-01-01T00:17:46.700000Z</time>
        <extensions>
          <gpxtpx:TrackPointExtension>
            <gpxtpx:hr>150</gpxtpx:hr>
          </gpxtpx:TrackPointExtension>
        </extensions>
      </trkpt>
      <trkpt lat="22.548110067605137" lon="114.09903387694592">
        <ele>9.190333547070622</ele>
        <time>1970-01-01T00:17:47.700000Z</time>
        <extensions>
          <gpxtpx:TrackPointExtension>
            <gpxtpx:hr>150</gpxtpx:hr>
          </gpxtpx:TrackPointExtension>
        </extensions>
      </trkpt>
      <trkpt lat="22.54812247266378" lon="114.09901044017025">
        <ele>9.003747761249542</ele>
        <time>1970-01-01T00:17:48.700000Z</time>
        <extensions>
          <gpxtpx:TrackPointExtension>
            <gpxtpx:hr>150</gpxtpx:hr>
          </gpxtpx:TrackPointExtension>
        </extensions>
      </trkpt>
      <trkpt lat="22.548135279485045" lon="114.09898721833218">
        <ele>8.797742309980094</ele>
        <time>1970-01-01T00:17:49.700000Z</time>
        <extensions>
          <gpxtpx:TrackPointExtension>
            <gpxtpx:hr>150</gpxtpx:hr>
          </gpxtpx:TrackPointExtension>
        </extensions>
      </trkpt>
      <trkpt lat="22.548148326171802" lon="114.09896488644151">
        <ele>8.558744232170284</ele>
        <time>1970-01-01T00:17:50.700000Z</time>
        <extensions>
          <gpxtpx:TrackPointExtension>
            <gpxtpx:hr>150</gpxtpx:hr>
          </gpxtpx:TrackPointExtension>
        </extensions>
      </trkpt>
      <trkpt lat="22.54816197570999" lon="114.09894386237669">
        <ele>8.331318084150553</ele>
        <time>1970-01-01T00:17:51.700000Z</time>
        <extensions>
          <gpxtpx:TrackPointExtension>
            <gpxtpx:hr>150</gpxtpx:hr>
          </gpxtpx:TrackPointExtension>
        </extensions>
      </trkpt>
      <trkpt lat="22.54817688241289" lon="114.09892525022796">
        <ele>8.10112118627876</ele>
        <time>1970-01-01T00:17:52.700000Z</time>
        <extensions>
          <gpxtpx:TrackPointExtension>
            <gpxtpx:hr>150</gpxtpx:hr>
          </gpxtpx:TrackPointExtension>
        </extensions>
      </trkpt>
      <trkpt lat="22.54819382439349" lon="114.0989091231787">
        <ele>7.887304841540754</ele>
        <time>1970-01-01T00:17:53.700000Z</time>
        <extensions>
          <gpxtpx:TrackPointExtension>
            <gpxtpx:hr>150</gpxtpx:hr>
          </gpxtpx:TrackPointExtension>
        </extensions>
      </trkpt>
      <trkpt lat="22.548212589313728" lon="114.09889427718323">
        <ele>7.701247521676123</ele>
        <time>1970-01-01T00:17:54.700000Z</time>
        <extensions>
          <gpxtpx:TrackPointExtension>
            <gpxtpx:hr>150</gpxtpx:hr>
          </gpxtpx:TrackPointExtension>
        </extensions>
      </trkpt>
      <trkpt lat="22.548232706961052" lon="114.0988796014663">
        <ele>7.530298535712063</ele>
        <time>1970-01-01T00:17:55.700000Z</time>
        <extensions>
          <gpxtpx:TrackPointExtension>
            <gpxtpx:hr>150</gpxtpx:hr>
          </gpxtpx:TrackPointExtension>
        </extensions>
      </trkpt>
      <trkpt lat="22.548253229613728" lon="114.09886455210193">
        <ele>7.394059794023633</ele>
        <time>1970-01-01T00:17:56.700000Z</time>
        <extensions>
          <gpxtpx:TrackPointExtension>
            <gpxtpx:hr>151</gpxtpx:hr>
          </gpxtpx:TrackPointExtension>
        </extensions>
      </trkpt>
      <trkpt lat="22.54827347026683" lon="114.0988493193192">
        <ele>7.298358797095716</ele>
        <time>1970-01-01T00:17:57.700000Z</time>
        <extensions>
          <gpxtpx:TrackPointExtension>
            <gpxtpx:hr>151</gpxtpx:hr>
          </gpxtpx:TrackPointExtension>
        </extensions>
      </trkpt>
      <trkpt lat="22.548293850139064" lon="114.09883436824643">
        <ele>7.2356910314410925</ele>
        <time>1970-01-01T00:17:58.700000Z</time>
        <extensions>
          <gpxtpx:TrackPointExtension>
            <gpxtpx:hr>151</gpxtpx:hr>
          </gpxtpx:TrackPointExtension>
        </extensions>
      </trkpt>
      <trkpt lat="22.548314570094366" lon="114.09882008683752">
        <ele>7.222424540668726</ele>
        <time>1970-01-01T00:17:59.700000Z</time>
        <extensions>
          <gpxtpx:TrackPointExtension>
            <gpxtpx:hr>151</gpxtpx:hr>
          </gpxtpx:TrackPointExtension>
        </extensions>
      </trkpt>
      <trkpt lat="22.548335562982373" lon="114.09880651166874">
        <ele>7.253642742522061</ele>
        <time>1970-01-01T00:18:00.700000Z</time>
        <extensions>
          <gpxtpx:TrackPointExtension>
            <gpxtpx:hr>151</gpxtpx:hr>
          </gpxtpx:TrackPointExtension>
        </extensions>
      </trkpt>
      <trkpt lat="22.548356542975693" lon="114.09879375617541">
        <ele>7.322403967380524</ele>
        <time>1970-01-01T00:18:01.700000Z</time>
        <extensions>
          <gpxtpx:TrackPointExtension>
            <gpxtpx:hr>150</gpxtpx:hr>
          </gpxtpx:TrackPointExtension>
        </extensions>
      </trkpt>
      <trkpt lat="22.548377880075567" lon="114.09878206207358">
        <ele>7.436178804375231</ele>
        <time>1970-01-01T00:18:02.700000Z</time>
        <extensions>
          <gpxtpx:TrackPointExtension>
            <gpxtpx:hr>150</gpxtpx:hr>
          </gpxtpx:TrackPointExtension>
        </extensions>
      </trkpt>
      <trkpt lat="22.548400119444715" lon="114.09877147685715">
        <ele>7.5944315912202</ele>
        <time>1970-01-01T00:18:03.700000Z</time>
        <extensions>
          <gpxtpx:TrackPointExtension>
            <gpxtpx:hr>150</gpxtpx:hr>
          </gpxtpx:TrackPointExtension>
        </extensions>
      </trkpt>
      <trkpt lat="22.54842313097475" lon="114.09876173366835">
        <ele>7.779504149220884</ele>
        <time>1970-01-01T00:18:04.700000Z</time>
        <extensions>
          <gpxtpx:TrackPointExtension>
            <gpxtpx:hr>150</gpxtpx:hr>
          </gpxtpx:TrackPointExtension>
        </extensions>
      </trkpt>
      <trkpt lat="22.548446998382158" lon="114.09875245171966">
        <ele>7.978833658620715</ele>
        <time>1970-01-01T00:18:05.700000Z</time>
        <extensions>
          <gpxtpx:TrackPointExtension>
            <gpxtpx:hr>150</gpxtpx:hr>
          </gpxtpx:TrackPointExtension>
        </extensions>
      </trkpt>
      <trkpt lat="22.548471645100577" lon="114.09874381099237">
        <ele>8.22110124770552</ele>
        <time>1970-01-01T00:18:06.700000Z</time>
        <extensions>
          <gpxtpx:TrackPointExtension>
            <gpxtpx:hr>150</gpxtpx:hr>
          </gpxtpx:TrackPointExtension>
        </extensions>
      </trkpt>
      <trkpt lat="22.548496947970758" lon="114.09873627044983">
        <ele>8.470714430324733</ele>
        <time>1970-01-01T00:18:07.700000Z</time>
        <extensions>
          <gpxtpx:TrackPointExtension>
            <gpxtpx:hr>150</gpxtpx:hr>
          </gpxtpx:TrackPointExtension>
        </extensions>
      </trkpt>
      <trkpt lat="22.548523129123808" lon="114.09872984853475">
        <ele>8.714725775644183</ele>
        <time>1970-01-01T00:18:08.700000Z</time>
        <extensions>
          <gpxtpx:TrackPointExtension>
            <gpxtpx:hr>150</gpxtpx:hr>
          </gpxtpx:TrackPointExtension>
        </extensions>
      </trkpt>
      <trkpt lat="22.54854993150772" lon="114.09872470730829">
        <ele>8.943791452795267</ele>
        <time>1970-01-01T00:18:09.700000Z</time>
        <extensions>
          <gpxtpx:TrackPointExtension>
            <gpxtpx:hr>150</gpxtpx:hr>
          </gpxtpx:TrackPointExtension>
        </extensions>
      </trkpt>
      <trkpt lat="22.54857673742257" lon="114.09872123568078">
        <ele>9.17765078973025</ele>
        <time>1970-01-01T00:18:10.700000Z</time>
        <extensions>
          <gpxtpx:TrackPointExtension>
            <gpxtpx:hr>150</gpxtpx:hr>
          </gpxtpx:TrackPointExtension>
        </extensions>
      </trkpt>
      <trkpt lat="22.548602489406075" lon="114.09871963772284">
        <ele>9.394141447730362</ele>
        <time>1970-01-01T00:18:11.700000Z</time>
        <extensions>
          <gpxtpx:TrackPointExtension>
            <gpxtpx:hr>150</gpxtpx:hr>
          </gpxtpx:TrackPointExtension>
        </extensions>
      </trkpt>
      <trkpt lat="22.548627116779866" lon="114.09871986803464">
        <ele>9.596605225466192</ele>
        <time>1970-01-01T00:18:12.700000Z</time>
        <extensions>
          <gpxtpx:TrackPointExtension>
            <gpxtpx:hr>150</gpxtpx:hr>
          </gpxtpx:TrackPointExtension>
        </extensions>
      </trkpt>
      <trkpt lat="22.54865187770272" lon="114.09872136825877">
        <ele>9.770489737391472</ele>
        <time>1970-01-01T00:18:13.700000Z</time>
        <extensions>
          <gpxtpx:TrackPointExtension>
            <gpxtpx:hr>150</gpxtpx:hr>
          </gpxtpx:TrackPointExtension>
        </extensions>
      </trkpt>
      <trkpt lat="22.548677281168832" lon="114.09872353041322">
        <ele>9.908499946817756</ele>
        <time>1970-01-01T00:18:14.700000Z</time>
        <extensions>
          <gpxtpx:TrackPointExtension>
            <gpxtpx:hr>150</gpxtpx:hr>
          </gpxtpx:TrackPointExtension>
        </extensions>
      </trkpt>
      <trkpt lat="22.548702960880973" lon="114.09872540836474">
        <ele>10.017101463861763</ele>
        <time>1970-01-01T00:18:15.700000Z</time>
        <extensions>
          <gpxtpx:TrackPointExtension>
            <gpxtpx:hr>150</gpxtpx:hr>
          </gpxtpx:TrackPointExtension>
        </extensions>
      </trkpt>
      <trkpt lat="22.548728315859623" lon="114.09872571956328">
        <ele>10.077519874088466</ele>
        <time>1970-01-01T00:18:16.700000Z</time>
        <extensions>
          <gpxtpx:TrackPointExtension>
            <gpxtpx:hr>151</gpxtpx:hr>
          </gpxtpx:TrackPointExtension>
        </extensions>
      </trkpt>
      <trkpt lat="22.54875370734679" lon="114.09872477641609">
        <ele>10.115443003363907</ele>
        <time>1970-01-01T00:18:17.700000Z</time>
        <extensions>
          <gpxtpx:TrackPointExtension>
            <gpxtpx:hr>151</gpxtpx:hr>
          </gpxtpx:TrackPointExtension>
        </extensions>
      </trkpt>
      <trkpt lat="22.54877950546547" lon="114.09872386233909">
        <ele>10.114062670618296</ele>
        <time>1970-01-01T00:18:18.700000Z</time>
        <extensions>
          <gpxtpx:TrackPointExtension>
            <gpxtpx:hr>151</gpxtpx:hr>
          </gpxtpx:TrackPointExtension>
        </extensions>
      </trkpt>
      <trkpt lat="22.548805488732967" lon="114.09872388883778">
        <ele>10.093378392979503</ele>
        <time>1970-01-01T00:18:19.700000Z</time>
        <extensions>
          <gpxtpx:TrackPointExtension>
            <gpxtpx:hr>151</gpxtpx:hr>
          </gpxtpx:TrackPointExtension>
        </extensions>
      </trkpt>
      <trkpt lat="22.5488311518135" lon="114.09872498259438">
        <ele>10.079645595513284</ele>
        <time>1970-01-01T00:18:20.700000Z</time>
        <extensions>
          <gpxtpx:TrackPointExtension>
            <gpxtpx:hr>151</gpxtpx:hr>
          </gpxtpx:TrackPointExtension>
        </extensions>
      </trkpt>
      <trkpt lat="22.548856115633374" lon="114.09872640965919">
        <ele>10.064206466078758</ele>
        <time>1970-01-01T00:18:21.700000Z</time>
        <extensions>
          <gpxtpx:TrackPointExtension>
            <gpxtpx:hr>151</gpxtpx:hr>
          </gpxtpx:TrackPointExtension>
        </extensions>
      </trkpt>
      <trkpt lat="22.548880828154946" lon="114.09872767225194">
        <ele>10.042101588100195</ele>
        <time>1970-01-01T00:18:22.700000Z</time>
        <extensions>
          <gpxtpx:TrackPointExtension>
            <gpxtpx:hr>151</gpxtpx:hr>
          </gpxtpx:TrackPointExtension>
        </extensions>
      </trkpt>
      <trkpt lat="22.54890564621741" lon="114.09872883663526">
        <ele>10.014399941079319</ele>
        <time>1970-01-01T00:18:23.700000Z</time>
        <extensions>
          <gpxtpx:TrackPointExtension>
            <gpxtpx:hr>151</gpxtpx:hr>
          </gpxtpx:TrackPointExtension>
        </extensions>
      </trkpt>
      <trkpt lat="22.548930363551957" lon="114.09873004735182">
        <ele>9.9964405503124</ele>
        <time>1970-01-01T00:18:24.700000Z</time>
        <extensions>
          <gpxtpx:TrackPointExtension>
            <gpxtpx:hr>151</gpxtpx:hr>
          </gpxtpx:TrackPointExtension>
        </extensions>
      </trkpt>
      <trkpt lat="22.548955057317826" lon="114.09873160218984">
        <ele>9.988822114653885</ele>
        <time>1970-01-01T00:18:25.700000Z</time>
        <extensions>
          <gpxtpx:TrackPointExtension>
            <gpxtpx:hr>151</gpxtpx:hr>
          </gpxtpx:TrackPointExtension>
        </extensions>
      </trkpt>
      <trkpt lat="22.548980113212906" lon="114.0987334195351">
        <ele>9.983754956163466</ele>
        <time>1970-01-01T00:18:26.700000Z</time>
        <extensions>
          <gpxtpx:TrackPointExtension>
            <gpxtpx:hr>151</gpxtpx:hr>
          </gpxtpx:TrackPointExtension>
        </extensions>
      </trkpt>
      <trkpt lat="22.549005926754372" lon="114.09873456512588">
        <ele>10.019404246471822</ele>
        <time>1970-01-01T00:18:27.700000Z</time>
        <extensions>
          <gpxtpx:TrackPointExtension>
            <gpxtpx:hr>151</gpxtpx:hr>
          </gpxtpx:TrackPointExtension>
        </extensions>
      </trkpt>
      <trkpt lat="22.549031446715187" lon="114.09873372794831">
        <ele>10.079312551766634</ele>
        <time>1970-01-01T00:18:28.700000Z</time>
        <extensions>
          <gpxtpx:TrackPointExtension>
            <gpxtpx:hr>151</gpxtpx:hr>
          </gpxtpx:TrackPointExtension>
        </extensions>
      </trkpt>
      <trkpt lat="22.549055054119833" lon="114.09872999200627">
        <ele>10.167979544959962</ele>
        <time>1970-01-01T00:18:29.700000Z</time>
        <extensions>
          <gpxtpx:TrackPointExtension>
            <gpxtpx:hr>151</gpxtpx:hr>
          </gpxtpx:TrackPointExtension>
        </extensions>
      </trkpt>
      <trkpt lat="22.549076639430016" lon="114.0987233954291">
        <ele>10.277134443633258</ele>
        <time>1970-01-01T00:18:30.700000Z</time>
        <extensions>
          <gpxtpx:TrackPointExtension>
            <gpxtpx:hr>153</gpxtpx:hr>
          </gpxtpx:TrackPointExtension>
        </extensions>
      </trkpt>
      <trkpt lat="22.549096577939032" lon="114.09871411146376">
        <ele>10.418317117728293</ele>
        <time>1970-01-01T00:18:31.700000Z</time>
        <extensions>
          <gpxtpx:TrackPointExtension>
            <gpxtpx:hr>153</gpxtpx:hr>
          </gpxtpx:TrackPointExtension>
        </extensions>
      </trkpt>
      <trkpt lat="22.549115660334976" lon="114.09870222156374">
        <ele>10.573443373665214</ele>
        <time>1970-01-01T00:18:32.700000Z</time>
        <extensions>
          <gpxtpx:TrackPointExtension>
            <gpxtpx:hr>153</gpxtpx:hr>
          </gpxtpx:TrackPointExtension>
        </extensions>
      </trkpt>
      <trkpt lat="22.549135182755013" lon="114.09868832020064">
        <ele>10.73412268050015</ele>
        <time>1970-01-01T00:18:33.700000Z</time>
        <extensions>
          <gpxtpx:TrackPointExtension>
            <gpxtpx:hr>153</gpxtpx:hr>
          </gpxtpx:TrackPointExtension>
        </extensions>
      </trkpt>
      <trkpt lat="22.549155983499546" lon="114.09867309869428">
        <ele>10.884847082197666</ele>
        <time>1970-01-01T00:18:34.700000Z</time>
        <extensions>
          <gpxtpx:TrackPointExtension>
            <gpxtpx:hr>153</gpxtpx:hr>
          </gpxtpx:TrackPointExtension>
        </extensions>
      </trkpt>
      <trkpt lat="22.54917744240723" lon="114.09865765039693">
        <ele>11.063310045748949</ele>
        <time>1970-01-01T00:18:35.700000Z</time>
        <extensions>
          <gpxtpx:TrackPointExtension>
            <gpxtpx:hr>154</gpxtpx:hr>
          </gpxtpx:TrackPointExtension>
        </extensions>
      </trkpt>
      <trkpt lat="22.549198885339102" lon="114.09864276002148">
        <ele>11.25227821059525</ele>
        <time>1970-01-01T00:18:36.700000Z</time>
        <extensions>
          <gpxtpx:TrackPointExtension>
            <gpxtpx:hr>154</gpxtpx:hr>
          </gpxtpx:TrackPointExtension>
        </extensions>
      </trkpt>
      <trkpt lat="22.5492205206897" lon="114.09862802790839">
        <ele>11.44433515239507</ele>
        <time>1970-01-01T00:18:37.700000Z</time>
        <extensions>
          <gpxtpx:TrackPointExtension>
            <gpxtpx:hr>154</gpxtpx:hr>
          </gpxtpx:TrackPointExtension>
        </extensions>
      </trkpt>
      <trkpt lat="22.549242116947024" lon="114.09861315646533">
        <ele>11.647179781459272</ele>
        <time>1970-01-01T00:18:38.700000Z</time>
        <extensions>
          <gpxtpx:TrackPointExtension>
            <gpxtpx:hr>154</gpxtpx:hr>
          </gpxtpx:TrackPointExtension>
        </extensions>
      </trkpt>
      <trkpt lat="22.549262719824537" lon="114.09859836172083">
        <ele>11.866951673291624</ele>
        <time>1970-01-01T00:18:39.700000Z</time>
        <extensions>
          <gpxtpx:TrackPointExtension>
            <gpxtpx:hr>154</gpxtpx:hr>
          </gpxtpx:TrackPointExtension>
        </extensions>
      </trkpt>
      <trkpt lat="22.549282567264036" lon="114.09858403059334">
        <ele>12.08089201617986</ele>
        <time>1970-01-01T00:18:40.700000Z</time>
        <extensions>
          <gpxtpx:TrackPointExtension>
            <gpxtpx:hr>155</gpxtpx:hr>
          </gpxtpx:TrackPointExtension>
        </extensions>
      </trkpt>
      <trkpt lat="22.549302225240293" lon="114.09856995870577">
        <ele>12.318715021945536</ele>
        <time>1970-01-01T00:18:41.700000Z</time>
        <extensions>
          <gpxtpx:TrackPointExtension>
            <gpxtpx:hr>155</gpxtpx:hr>
          </gpxtpx:TrackPointExtension>
        </extensions>
      </trkpt>
      <trkpt lat="22.549321691245893" lon="114.09855522777904">
        <ele>12.55204963684082</ele>
        <time>1970-01-01T00:18:42.700000Z</time>
        <extensions>
          <gpxtpx:TrackPointExtension>
            <gpxtpx:hr>155</gpxtpx:hr>
          </gpxtpx:TrackPointExtension>
        </extensions>
      </trkpt>
      <trkpt lat="22.549340875390616" lon="114.09853962770046">
        <ele>12.77112890407443</ele>
        <time>1970-01-01T00:18:43.700000Z</time>
        <extensions>
          <gpxtpx:TrackPointExtension>
            <gpxtpx:hr>155</gpxtpx:hr>
          </gpxtpx:TrackPointExtension>
        </extensions>
      </trkpt>
      <trkpt lat="22.54935968670142" lon="114.09852275830819">
        <ele>12.982192339375615</ele>
        <time>1970-01-01T00:18:44.700000Z</time>
        <extensions>
          <gpxtpx:TrackPointExtension>
            <gpxtpx:hr>155</gpxtpx:hr>
          </gpxtpx:TrackPointExtension>
        </extensions>
      </trkpt>
      <trkpt lat="22.54937816339776" lon="114.09850423094319">
        <ele>13.191223949193954</ele>
        <time>1970-01-01T00:18:45.700000Z</time>
        <extensions>
          <gpxtpx:TrackPointExtension>
            <gpxtpx:hr>155</gpxtpx:hr>
          </gpxtpx:TrackPointExtension>
        </extensions>
      </trkpt>
      <trkpt lat="22.549396631191453" lon="114.09848451209658">
        <ele>13.376771272160113</ele>
        <time>1970-01-01T00:18:46.700000Z</time>
        <extensions>
          <gpxtpx:TrackPointExtension>
            <gpxtpx:hr>155</gpxtpx:hr>
          </gpxtpx:TrackPointExtension>
        </extensions>
      </trkpt>
      <trkpt lat="22.54941497489839" lon="114.09846461764019">
        <ele>13.573003442026675</ele>
        <time>1970-01-01T00:18:47.700000Z</time>
        <extensions>
          <gpxtpx:TrackPointExtension>
            <gpxtpx:hr>154</gpxtpx:hr>
          </gpxtpx:TrackPointExtension>
        </extensions>
      </trkpt>
      <trkpt lat="22.549433554066546" lon="114.09844518390572">
        <ele>13.762360815890133</ele>
        <time>1970-01-01T00:18:48.700000Z</time>
        <extensions>
          <gpxtpx:TrackPointExtension>
            <gpxtpx:hr>154</gpxtpx:hr>
          </gpxtpx:TrackPointExtension>
        </extensions>
      </trkpt>
      <trkpt lat="22.549453193418284" lon="114.0984259934751">
        <ele>13.963806034997106</ele>
        <time>1970-01-01T00:18:49.700000Z</time>
        <extensions>
          <gpxtpx:TrackPointExtension>
            <gpxtpx:hr>154</gpxtpx:hr>
          </gpxtpx:TrackPointExtension>
        </extensions>
      </trkpt>
      <trkpt lat="22.54947399318891" lon="114.09840770797761">
        <ele>14.141028703190386</ele>
        <time>1970-01-01T00:18:50.700000Z</time>
        <extensions>
          <gpxtpx:TrackPointExtension>
            <gpxtpx:hr>154</gpxtpx:hr>
          </gpxtpx:TrackPointExtension>
        </extensions>
      </trkpt>
      <trkpt lat="22.54949543807571" lon="114.0983907114492">
        <ele>14.289406907744706</ele>
        <time>1970-01-01T00:18:51.700000Z</time>
        <extensions>
          <gpxtpx:TrackPointExtension>
            <gpxtpx:hr>154</gpxtpx:hr>
          </gpxtpx:TrackPointExtension>
        </extensions>
      </trkpt>
      <trkpt lat="22.549517161992586" lon="114.09837501789671">
        <ele>14.428099846467376</ele>
        <time>1970-01-01T00:18:52.700000Z</time>
        <extensions>
          <gpxtpx:TrackPointExtension>
            <gpxtpx:hr>154</gpxtpx:hr>
          </gpxtpx:TrackPointExtension>
        </extensions>
      </trkpt>
      <trkpt lat="22.549538474599583" lon="114.09836071286823">
        <ele>14.546016770415008</ele>
        <time>1970-01-01T00:18:53.700000Z</time>
        <extensions>
          <gpxtpx:TrackPointExtension>
            <gpxtpx:hr>154</gpxtpx:hr>
          </gpxtpx:TrackPointExtension>
        </extensions>
      </trkpt>
      <trkpt lat="22.549558677047315" lon="114.09834704119427">
        <ele>14.642580424435437</ele>
        <time>1970-01-01T00:18:54.700000Z</time>
        <extensions>
          <gpxtpx:TrackPointExtension>
            <gpxtpx:hr>154</gpxtpx:hr>
          </gpxtpx:TrackPointExtension>
        </extensions>
      </trkpt>
      <trkpt lat="22.549578095791777" lon="114.09833336076473">
        <ele>14.726336427032948</ele>
        <time>1970-01-01T00:18:55.700000Z</time>
        <extensions>
          <gpxtpx:TrackPointExtension>
            <gpxtpx:hr>154</gpxtpx:hr>
          </gpxtpx:TrackPointExtension>
        </extensions>
      </trkpt>
      <trkpt lat="22.54959659681575" lon="114.09831939112718">
        <ele>14.79581525735557</ele>
        <time>1970-01-01T00:18:56.700000Z</time>
        <extensions>
          <gpxtpx:TrackPointExtension>
            <gpxtpx:hr>155</gpxtpx:hr>
          </gpxtpx:TrackPointExtension>
        </extensions>
      </trkpt>
      <trkpt lat="22.54961421287868" lon="114.09830436246081">
        <ele>14.858223101124167</ele>
        <time>1970-01-01T00:18:57.700000Z</time>
        <extensions>
          <gpxtpx:TrackPointExtension>
            <gpxtpx:hr>155</gpxtpx:hr>
          </gpxtpx:TrackPointExtension>
        </extensions>
      </trkpt>
      <trkpt lat="22.549631291790647" lon="114.09828762383657">
        <ele>14.887914183549583</ele>
        <time>1970-01-01T00:18:58.700000Z</time>
        <extensions>
          <gpxtpx:TrackPointExtension>
            <gpxtpx:hr>155</gpxtpx:hr>
          </gpxtpx:TrackPointExtension>
        </extensions>
      </trkpt>
      <trkpt lat="22.549647766720476" lon="114.09826949670116">
        <ele>14.9097520718351</ele>
        <time>1970-01-01T00:18:59.700000Z</time>
        <extensions>
          <gpxtpx:TrackPointExtension>
            <gpxtpx:hr>155</gpxtpx:hr>
          </gpxtpx:TrackPointExtension>
        </extensions>
      </trkpt>
      <trkpt lat="22.54966330866255" lon="114.09825109061961">
        <ele>14.942514242604375</ele>
        <time>1970-01-01T00:19:00.700000Z</time>
        <extensions>
          <gpxtpx:TrackPointExtension>
            <gpxtpx:hr>155</gpxtpx:hr>
          </gpxtpx:TrackPointExtension>
        </extensions>
      </trkpt>
      <trkpt lat="22.549677739453056" lon="114.0982324600418">
        <ele>14.955821854062378</ele>
        <time>1970-01-01T00:19:01.700000Z</time>
        <extensions>
          <gpxtpx:TrackPointExtension>
            <gpxtpx:hr>155</gpxtpx:hr>
          </gpxtpx:TrackPointExtension>
        </extensions>
      </trkpt>
      <trkpt lat="22.549691753153972" lon="114.09821286785184">
        <ele>14.96418175380677</ele>
        <time>1970-01-01T00:19:02.700000Z</time>
        <extensions>
          <gpxtpx:TrackPointExtension>
            <gpxtpx:hr>155</gpxtpx:hr>
          </gpxtpx:TrackPointExtension>
        </extensions>
      </trkpt>
      <trkpt lat="22.549705824152937" lon="114.0981926367344">
        <ele>14.94246450252831</ele>
        <time>1970-01-01T00:19:03.700000Z</time>
        <extensions>
          <gpxtpx:TrackPointExtension>
            <gpxtpx:hr>155</gpxtpx:hr>
          </gpxtpx:TrackPointExtension>
        </extensions>
      </trkpt>
      <trkpt lat="22.54971994766007" lon="114.09817275401481">
        <ele>14.898066279478371</ele>
        <time>1970-01-01T00:19:04.700000Z</time>
        <extensions>
          <gpxtpx:TrackPointExtension>
            <gpxtpx:hr>155</gpxtpx:hr>
          </gpxtpx:TrackPointExtension>
        </extensions>
      </trkpt>
      <trkpt lat="22.549734201789718" lon="114.09815317542518">
        <ele>14.870641604065895</ele>
        <time>1970-01-01T00:19:05.700000Z</time>
        <extensions>
          <gpxtpx:TrackPointExtension>
            <gpxtpx:hr>156</gpxtpx:hr>
          </gpxtpx:TrackPointExtension>
        </extensions>
      </trkpt>
      <trkpt lat="22.549748440133076" lon="114.09813350832421">
        <ele>14.856559847481549</ele>
        <time>1970-01-01T00:19:06.700000Z</time>
        <extensions>
          <gpxtpx:TrackPointExtension>
            <gpxtpx:hr>156</gpxtpx:hr>
          </gpxtpx:TrackPointExtension>
        </extensions>
      </trkpt>
      <trkpt lat="22.549763137960326" lon="114.09811419079605">
        <ele>14.837654968723655</ele>
        <time>1970-01-01T00:19:07.700000Z</time>
        <extensions>
          <gpxtpx:TrackPointExtension>
            <gpxtpx:hr>156</gpxtpx:hr>
          </gpxtpx:TrackPointExtension>
        </extensions>
      </trkpt>
      <trkpt lat="22.549778838959433" lon="114.09809597486932">
        <ele>14.810723813250661</ele>
        <time>1970-01-01T00:19:08.700000Z</time>
        <extensions>
          <gpxtpx:TrackPointExtension>
            <gpxtpx:hr>156</gpxtpx:hr>
          </gpxtpx:TrackPointExtension>
        </extensions>
      </trkpt>
      <trkpt lat="22.549795519339607" lon="114.09807940595643">
        <ele>14.801633556373417</ele>
        <time>1970-01-01T00:19:09.700000Z</time>
        <extensions>
          <gpxtpx:TrackPointExtension>
            <gpxtpx:hr>156</gpxtpx:hr>
          </gpxtpx:TrackPointExtension>
        </extensions>
      </trkpt>
      <trkpt lat="22.549812243231667" lon="114.09806365382734">
        <ele>14.77803458366543</ele>
        <time>1970-01-01T00:19:10.700000Z</time>
        <extensions>
          <gpxtpx:TrackPointExtension>
            <gpxtpx:hr>156</gpxtpx:hr>
          </gpxtpx:TrackPointExtension>
        </extensions>
      </trkpt>
      <trkpt lat="22.549827570084897" lon="114.09804702936546">
        <ele>14.745887909084558</ele>
        <time>1970-01-01T00:19:11.700000Z</time>
        <extensions>
          <gpxtpx:TrackPointExtension>
            <gpxtpx:hr>156</gpxtpx:hr>
          </gpxtpx:TrackPointExtension>
        </extensions>
      </trkpt>
      <trkpt lat="22.54984147982103" lon="114.09802864835228">
        <ele>14.692602748982608</ele>
        <time>1970-01-01T00:19:12.700000Z</time>
        <extensions>
          <gpxtpx:TrackPointExtension>
            <gpxtpx:hr>157</gpxtpx:hr>
          </gpxtpx:TrackPointExtension>
        </extensions>
      </trkpt>
      <trkpt lat="22.549854578089548" lon="114.09800819486715">
        <ele>14.629927993752062</ele>
        <time>1970-01-01T00:19:13.700000Z</time>
        <extensions>
          <gpxtpx:TrackPointExtension>
            <gpxtpx:hr>157</gpxtpx:hr>
          </gpxtpx:TrackPointExtension>
        </extensions>
      </trkpt>
      <trkpt lat="22.549866999598898" lon="114.09798588702856">
        <ele>14.56242114957422</ele>
        <time>1970-01-01T00:19:14.700000Z</time>
        <extensions>
          <gpxtpx:TrackPointExtension>
            <gpxtpx:hr>157</gpxtpx:hr>
          </gpxtpx:TrackPointExtension>
        </extensions>
      </trkpt>
      <trkpt lat="22.549878969856017" lon="114.09796249121557">
        <ele>14.491816529072821</ele>
        <time>1970-01-01T00:19:15.700000Z</time>
        <extensions>
          <gpxtpx:TrackPointExtension>
            <gpxtpx:hr>157</gpxtpx:hr>
          </gpxtpx:TrackPointExtension>
        </extensions>
      </trkpt>
      <trkpt lat="22.549890924308063" lon="114.09793901217263">
        <ele>14.401725548319519</ele>
        <time>1970-01-01T00:19:16.700000Z</time>
        <extensions>
          <gpxtpx:TrackPointExtension>
            <gpxtpx:hr>156</gpxtpx:hr>
          </gpxtpx:TrackPointExtension>
        </extensions>
      </trkpt>
      <trkpt lat="22.549903458301042" lon="114.0979157427193">
        <ele>14.29235859028995</ele>
        <time>1970-01-01T00:19:17.700000Z</time>
        <extensions>
          <gpxtpx:TrackPointExtension>
            <gpxtpx:hr>156</gpxtpx:hr>
          </gpxtpx:TrackPointExtension>
        </extensions>
      </trkpt>
      <trkpt lat="22.549917104302846" lon="114.0978925676944">
        <ele>14.168394478037953</ele>
        <time>1970-01-01T00:19:18.700000Z</time>
        <extensions>
          <gpxtpx:TrackPointExtension>
            <gpxtpx:hr>156</gpxtpx:hr>
          </gpxtpx:TrackPointExtension>
        </extensions>
      </trkpt>
      <trkpt lat="22.54993212363349" lon="114.09786996860622">
        <ele>14.043562160804868</ele>
        <time>1970-01-01T00:19:19.700000Z</time>
        <extensions>
          <gpxtpx:TrackPointExtension>
            <gpxtpx:hr>156</gpxtpx:hr>
          </gpxtpx:TrackPointExtension>
        </extensions>
      </trkpt>
      <trkpt lat="22.549947517776687" lon="114.09784882760601">
        <ele>13.909886226058006</ele>
        <time>1970-01-01T00:19:20.700000Z</time>
        <extensions>
          <gpxtpx:TrackPointExtension>
            <gpxtpx:hr>156</gpxtpx:hr>
          </gpxtpx:TrackPointExtension>
        </extensions>
      </trkpt>
      <trkpt lat="22.549962835355817" lon="114.09782964943237">
        <ele>13.769113211892545</ele>
        <time>1970-01-01T00:19:21.700000Z</time>
        <extensions>
          <gpxtpx:TrackPointExtension>
            <gpxtpx:hr>156</gpxtpx:hr>
          </gpxtpx:TrackPointExtension>
        </extensions>
      </trkpt>
      <trkpt lat="22.549978923304394" lon="114.0978123254359">
        <ele>13.620278681628406</ele>
        <time>1970-01-01T00:19:22.700000Z</time>
        <extensions>
          <gpxtpx:TrackPointExtension>
            <gpxtpx:hr>156</gpxtpx:hr>
          </gpxtpx:TrackPointExtension>
        </extensions>
      </trkpt>
      <trkpt lat="22.549996538009125" lon="114.09779587902038">
        <ele>13.484841939993203</ele>
        <time>1970-01-01T00:19:23.700000Z</time>
        <extensions>
          <gpxtpx:TrackPointExtension>
            <gpxtpx:hr>156</gpxtpx:hr>
          </gpxtpx:TrackPointExtension>
        </extensions>
      </trkpt>
      <trkpt lat="22.55001530614994" lon="114.09777951245806">
        <ele>13.328416986390948</ele>
        <time>1970-01-01T00:19:24.700000Z</time>
        <extensions>
          <gpxtpx:TrackPointExtension>
            <gpxtpx:hr>156</gpxtpx:hr>
          </gpxtpx:TrackPointExtension>
        </extensions>
      </trkpt>
      <trkpt lat="22.550034696591894" lon="114.09776311112459">
        <ele>13.168069158680737</ele>
        <time>1970-01-01T00:19:25.700000Z</time>
        <extensions>
          <gpxtpx:TrackPointExtension>
            <gpxtpx:hr>156</gpxtpx:hr>
          </gpxtpx:TrackPointExtension>
        </extensions>
      </trkpt>
      <trkpt lat="22.5500548933586" lon="114.09774645338709">
        <ele>13.000234733335674</ele>
        <time>1970-01-01T00:19:26.700000Z</time>
        <extensions>
          <gpxtpx:TrackPointExtension>
            <gpxtpx:hr>155</gpxtpx:hr>
          </gpxtpx:TrackPointExtension>
        </extensions>
      </trkpt>
      <trkpt lat="22.550074605267707" lon="114.09772950579197">
        <ele>12.827628260478377</ele>
        <time>1970-01-01T00:19:27.700000Z</time>
        <extensions>
          <gpxtpx:TrackPointExtension>
            <gpxtpx:hr>155</gpxtpx:hr>
          </gpxtpx:TrackPointExtension>
        </extensions>
      </trkpt>
      <trkpt lat="22.55009242647808" lon="114.09771214547239">
        <ele>12.666731242090464</ele>
        <time>1970-01-01T00:19:28.700000Z</time>
        <extensions>
          <gpxtpx:TrackPointExtension>
            <gpxtpx:hr>155</gpxtpx:hr>
          </gpxtpx:TrackPointExtension>
        </extensions>
      </trkpt>
      <trkpt lat="22.550108252607448" lon="114.09769390605581">
        <ele>12.510537562891841</ele>
        <time>1970-01-01T00:19:29.700000Z</time>
        <extensions>
          <gpxtpx:TrackPointExtension>
            <gpxtpx:hr>155</gpxtpx:hr>
          </gpxtpx:TrackPointExtension>
        </extensions>
      </trkpt>
      <trkpt lat="22.55012236180128" lon="114.09767430938399">
        <ele>12.31876064836979</ele>
        <time>1970-01-01T00:19:30.700000Z</time>
        <extensions>
          <gpxtpx:TrackPointExtension>
            <gpxtpx:hr>155</gpxtpx:hr>
          </gpxtpx:TrackPointExtension>
        </extensions>
      </trkpt>
      <trkpt lat="22.550133988374274" lon="114.09765276205454">
        <ele>12.126899202354252</ele>
        <time>1970-01-01T00:19:31.700000Z</time>
        <extensions>
          <gpxtpx:TrackPointExtension>
            <gpxtpx:hr>155</gpxtpx:hr>
          </gpxtpx:TrackPointExtension>
        </extensions>
      </trkpt>
      <trkpt lat="22.550141076737184" lon="114.09762854032678">
        <ele>11.930895833298564</ele>
        <time>1970-01-01T00:19:32.700000Z</time>
        <extensions>
          <gpxtpx:TrackPointExtension>
            <gpxtpx:hr>154</gpxtpx:hr>
          </gpxtpx:TrackPointExtension>
        </extensions>
      </trkpt>
      <trkpt lat="22.550142224035547" lon="114.0976025058145">
        <ele>11.722748233005404</ele>
        <time>1970-01-01T00:19:33.700000Z</time>
        <extensions>
          <gpxtpx:TrackPointExtension>
            <gpxtpx:hr>154</gpxtpx:hr>
          </gpxtpx:TrackPointExtension>
        </extensions>
      </trkpt>
      <trkpt lat="22.550137972633532" lon="114.09757714804462">
        <ele>11.519007905386388</ele>
        <time>1970-01-01T00:19:34.700000Z</time>
        <extensions>
          <gpxtpx:TrackPointExtension>
            <gpxtpx:hr>154</gpxtpx:hr>
          </gpxtpx:TrackPointExtension>
        </extensions>
      </trkpt>
      <trkpt lat="22.550130499701318" lon="114.09755331292372">
        <ele>11.323541690595448</ele>
        <time>1970-01-01T00:19:35.700000Z</time>
        <extensions>
          <gpxtpx:TrackPointExtension>
            <gpxtpx:hr>154</gpxtpx:hr>
          </gpxtpx:TrackPointExtension>
        </extensions>
      </trkpt>
      <trkpt lat="22.550122130586267" lon="114.09753006552288">
        <ele>11.110568991862237</ele>
        <time>1970-01-01T00:19:36.700000Z</time>
        <extensions>
          <gpxtpx:TrackPointExtension>
            <gpxtpx:hr>154</gpxtpx:hr>
          </gpxtpx:TrackPointExtension>
        </extensions>
      </trkpt>
      <trkpt lat="22.550113731559936" lon="114.09750636082585">
        <ele>10.891126560047269</ele>
        <time>1970-01-01T00:19:37.700000Z</time>
        <extensions>
          <gpxtpx:TrackPointExtension>
            <gpxtpx:hr>154</gpxtpx:hr>
          </gpxtpx:TrackPointExtension>
        </extensions>
      </trkpt>
      <trkpt lat="22.550104540182176" lon="114.09748188131596">
        <ele>10.66749136801809</ele>
        <time>1970-01-01T00:19:38.700000Z</time>
        <extensions>
          <gpxtpx:TrackPointExtension>
            <gpxtpx:hr>154</gpxtpx:hr>
          </gpxtpx:TrackPointExtension>
        </extensions>
      </trkpt>
      <trkpt lat="22.55009411119974" lon="114.09745708054942">
        <ele>10.425684852525592</ele>
        <time>1970-01-01T00:19:39.700000Z</time>
        <extensions>
          <gpxtpx:TrackPointExtension>
            <gpxtpx:hr>154</gpxtpx:hr>
          </gpxtpx:TrackPointExtension>
        </extensions>
      </trkpt>
      <trkpt lat="22.550083042809696" lon="114.09743245657043">
        <ele>10.192057946696877</ele>
        <time>1970-01-01T00:19:40.700000Z</time>
        <extensions>
          <gpxtpx:TrackPointExtension>
            <gpxtpx:hr>154</gpxtpx:hr>
          </gpxtpx:TrackPointExtension>
        </extensions>
      </trkpt>
      <trkpt lat="22.550071268331802" lon="114.0974087029911">
        <ele>9.976857448928058</ele>
        <time>1970-01-01T00:19:41.700000Z</time>
        <extensions>
          <gpxtpx:TrackPointExtension>
            <gpxtpx:hr>153</gpxtpx:hr>
          </gpxtpx:TrackPointExtension>
        </extensions>
      </trkpt>
      <trkpt lat="22.550058486784305" lon="114.09738585855503">
        <ele>9.754703229293227</ele>
        <time>1970-01-01T00:19:42.700000Z</time>
        <extensions>
          <gpxtpx:TrackPointExtension>
            <gpxtpx:hr>153</gpxtpx:hr>
          </gpxtpx:TrackPointExtension>
        </extensions>
      </trkpt>
      <trkpt lat="22.550045003521447" lon="114.0973638915939">
        <ele>9.546754212118685</ele>
        <time>1970-01-01T00:19:43.700000Z</time>
        <extensions>
          <gpxtpx:TrackPointExtension>
            <gpxtpx:hr>153</gpxtpx:hr>
          </gpxtpx:TrackPointExtension>
        </extensions>
      </trkpt>
      <trkpt lat="22.550031424012605" lon="114.09734229538779">
        <ele>9.340040856972337</ele>
        <time>1970-01-01T00:19:44.700000Z</time>
        <extensions>
          <gpxtpx:TrackPointExtension>
            <gpxtpx:hr>153</gpxtpx:hr>
          </gpxtpx:TrackPointExtension>
        </extensions>
      </trkpt>
      <trkpt lat="22.55001759845611" lon="114.09731915062208">
        <ele>9.113813857547939</ele>
        <time>1970-01-01T00:19:45.700000Z</time>
        <extensions>
          <gpxtpx:TrackPointExtension>
            <gpxtpx:hr>153</gpxtpx:hr>
          </gpxtpx:TrackPointExtension>
        </extensions>
      </trkpt>
      <trkpt lat="22.550003156118063" lon="114.09729371752753">
        <ele>8.873903691768646</ele>
        <time>1970-01-01T00:19:46.700000Z</time>
        <extensions>
          <gpxtpx:TrackPointExtension>
            <gpxtpx:hr>153</gpxtpx:hr>
          </gpxtpx:TrackPointExtension>
        </extensions>
      </trkpt>
      <trkpt lat="22.549988864438802" lon="114.09726665911231">
        <ele>8.648693978786469</ele>
        <time>1970-01-01T00:19:47.700000Z</time>
        <extensions>
          <gpxtpx:TrackPointExtension>
            <gpxtpx:hr>153</gpxtpx:hr>
          </gpxtpx:TrackPointExtension>
        </extensions>
      </trkpt>
      <trkpt lat="22.549974979931495" lon="114.09723926385122">
        <ele>8.422332474961877</ele>
        <time>1970-01-01T00:19:48.700000Z</time>
        <extensions>
          <gpxtpx:TrackPointExtension>
            <gpxtpx:hr>153</gpxtpx:hr>
          </gpxtpx:TrackPointExtension>
        </extensions>
      </trkpt>
      <trkpt lat="22.549960334632484" lon="114.09721353228522">
        <ele>8.18183080572635</ele>
        <time>1970-01-01T00:19:49.700000Z</time>
        <extensions>
          <gpxtpx:TrackPointExtension>
            <gpxtpx:hr>153</gpxtpx:hr>
          </gpxtpx:TrackPointExtension>
        </extensions>
      </trkpt>
      <trkpt lat="22.54994355781107" lon="114.09719030771308">
        <ele>7.970409156754613</ele>
        <time>1970-01-01T00:19:50.700000Z</time>
        <extensions>
          <gpxtpx:TrackPointExtension>
            <gpxtpx:hr>153</gpxtpx:hr>
          </gpxtpx:TrackPointExtension>
        </extensions>
      </trkpt>
      <trkpt lat="22.549924229326027" lon="114.09716960706294">
        <ele>7.77445734012872</ele>
        <time>1970-01-01T00:19:51.700000Z</time>
        <extensions>
          <gpxtpx:TrackPointExtension>
            <gpxtpx:hr>153</gpxtpx:hr>
          </gpxtpx:TrackPointExtension>
        </extensions>
      </trkpt>
      <trkpt lat="22.54990366333361" lon="114.09715111774602">
        <ele>7.602897905744612</ele>
        <time>1970-01-01T00:19:52.700000Z</time>
        <extensions>
          <gpxtpx:TrackPointExtension>
            <gpxtpx:hr>153</gpxtpx:hr>
          </gpxtpx:TrackPointExtension>
        </extensions>
      </trkpt>
      <trkpt lat="22.54988184569065" lon="114.09713424722263">
        <ele>7.466888836584985</ele>
        <time>1970-01-01T00:19:53.700000Z</time>
        <extensions>
          <gpxtpx:TrackPointExtension>
            <gpxtpx:hr>153</gpxtpx:hr>
          </gpxtpx:TrackPointExtension>
        </extensions>
      </trkpt>
      <trkpt lat="22.549857904617635" lon="114.09711829374062">
        <ele>7.349193726666272</ele>
        <time>1970-01-01T00:19:54.700000Z</time>
        <extensions>
          <gpxtpx:TrackPointExtension>
            <gpxtpx:hr>153</gpxtpx:hr>
          </gpxtpx:TrackPointExtension>
        </extensions>
      </trkpt>
      <trkpt lat="22.549833597611034" lon="114.09710145775911">
        <ele>7.248905226588249</ele>
        <time>1970-01-01T00:19:55.700000Z</time>
        <extensions>
          <gpxtpx:TrackPointExtension>
            <gpxtpx:hr>152</gpxtpx:hr>
          </gpxtpx:TrackPointExtension>
        </extensions>
      </trkpt>
      <trkpt lat="22.549811802435098" lon="114.09708121332369">
        <ele>7.172865885309875</ele>
        <time>1970-01-01T00:19:56.700000Z</time>
        <extensions>
          <gpxtpx:TrackPointExtension>
            <gpxtpx:hr>152</gpxtpx:hr>
          </gpxtpx:TrackPointExtension>
        </extensions>
      </trkpt>
      <trkpt lat="22.54979423111786" lon="114.09705592901254">
        <ele>7.105947031639516</ele>
        <time>1970-01-01T00:19:57.700000Z</time>
        <extensions>
          <gpxtpx:TrackPointExtension>
            <gpxtpx:hr>152</gpxtpx:hr>
          </gpxtpx:TrackPointExtension>
        </extensions>
      </trkpt>
      <trkpt lat="22.549781406760797" lon="114.09702688971178">
        <ele>7.045509724877775</ele>
        <time>1970-01-01T00:19:58.700000Z</time>
        <extensions>
          <gpxtpx:TrackPointExtension>
            <gpxtpx:hr>152</gpxtpx:hr>
          </gpxtpx:TrackPointExtension>
        </extensions>
      </trkpt>
      <trkpt lat="22.549772484050877" lon="114.09699732267036">
        <ele>7.005578593350947</ele>
        <time>1970-01-01T00:19:59.700000Z</time>
        <extensions>
          <gpxtpx:TrackPointExtension>
            <gpxtpx:hr>152</gpxtpx:hr>
          </gpxtpx:TrackPointExtension>
        </extensions>
      </trkpt>
      <trkpt lat="22.549766383032672" lon="114.09696855043028">
        <ele>6.967784726060927</ele>
        <time>1970-01-01T00:20:00.700000Z</time>
        <extensions>
          <gpxtpx:TrackPointExtension>
            <gpxtpx:hr>152</gpxtpx:hr>
          </gpxtpx:TrackPointExtension>
        </extensions>
      </trkpt>
      <trkpt lat="22.54976268477456" lon="114.09694007089588">
        <ele>6.929379627108574</ele>
        <time>1970-01-01T00:20:01.700000Z</time>
        <extensions>
          <gpxtpx:TrackPointExtension>
            <gpxtpx:hr>153</gpxtpx:hr>
          </gpxtpx:TrackPointExtension>
        </extensions>
      </trkpt>
      <trkpt lat="22.549762535070425" lon="114.09691153011084">
        <ele>6.90684081800282</ele>
        <time>1970-01-01T00:20:02.700000Z</time>
        <extensions>
          <gpxtpx:TrackPointExtension>
            <gpxtpx:hr>153</gpxtpx:hr>
          </gpxtpx:TrackPointExtension>
        </extensions>
      </trkpt>
      <trkpt lat="22.549767384175706" lon="114.09688318330029">
        <ele>6.878427499905229</ele>
        <time>1970-01-01T00:20:03.700000Z</time>
        <extensions>
          <gpxtpx:TrackPointExtension>
            <gpxtpx:hr>153</gpxtpx:hr>
          </gpxtpx:TrackPointExtension>
        </extensions>
      </trkpt>
      <trkpt lat="22.549777746810218" lon="114.09685587799854">
        <ele>6.84974352363497</ele>
        <time>1970-01-01T00:20:04.700000Z</time>
        <extensions>
          <gpxtpx:TrackPointExtension>
            <gpxtpx:hr>153</gpxtpx:hr>
          </gpxtpx:TrackPointExtension>
        </extensions>
      </trkpt>
      <trkpt lat="22.549794011120202" lon="114.09683048128704">
        <ele>6.834279969334602</ele>
        <time>1970-01-01T00:20:05.700000Z</time>
        <extensions>
          <gpxtpx:TrackPointExtension>
            <gpxtpx:hr>153</gpxtpx:hr>
          </gpxtpx:TrackPointExtension>
        </extensions>
      </trkpt>
      <trkpt lat="22.549814625032003" lon="114.09680793583468">
        <ele>6.831065560691059</ele>
        <time>1970-01-01T00:20:06.700000Z</time>
        <extensions>
          <gpxtpx:TrackPointExtension>
            <gpxtpx:hr>153</gpxtpx:hr>
          </gpxtpx:TrackPointExtension>
        </extensions>
      </trkpt>
      <trkpt lat="22.549837718759775" lon="114.09678888106204">
        <ele>6.833928418345749</ele>
        <time>1970-01-01T00:20:07.700000Z</time>
        <extensions>
          <gpxtpx:TrackPointExtension>
            <gpxtpx:hr>153</gpxtpx:hr>
          </gpxtpx:TrackPointExtension>
        </extensions>
      </trkpt>
      <trkpt lat="22.54986219529458" lon="114.09677324487926">
        <ele>6.849895040504634</ele>
        <time>1970-01-01T00:20:08.700000Z</time>
        <extensions>
          <gpxtpx:TrackPointExtension>
            <gpxtpx:hr>153</gpxtpx:hr>
          </gpxtpx:TrackPointExtension>
        </extensions>
      </trkpt>
      <trkpt lat="22.549887286595453" lon="114.09676101392041">
        <ele>6.896277805790305</ele>
        <time>1970-01-01T00:20:09.700000Z</time>
        <extensions>
          <gpxtpx:TrackPointExtension>
            <gpxtpx:hr>154</gpxtpx:hr>
          </gpxtpx:TrackPointExtension>
        </extensions>
      </trkpt>
      <trkpt lat="22.549913241484877" lon="114.09675156662169">
        <ele>6.948351941071451</ele>
        <time>1970-01-01T00:20:10.700000Z</time>
        <extensions>
          <gpxtpx:TrackPointExtension>
            <gpxtpx:hr>154</gpxtpx:hr>
          </gpxtpx:TrackPointExtension>
        </extensions>
      </trkpt>
      <trkpt lat="22.549940331386455" lon="114.09674392282693">
        <ele>7.013130744919181</ele>
        <time>1970-01-01T00:20:11.700000Z</time>
        <extensions>
          <gpxtpx:TrackPointExtension>
            <gpxtpx:hr>154</gpxtpx:hr>
          </gpxtpx:TrackPointExtension>
        </extensions>
      </trkpt>
      <trkpt lat="22.54996824572881" lon="114.09673802789098">
        <ele>7.117742497473955</ele>
        <time>1970-01-01T00:20:12.700000Z</time>
        <extensions>
          <gpxtpx:TrackPointExtension>
            <gpxtpx:hr>154</gpxtpx:hr>
          </gpxtpx:TrackPointExtension>
        </extensions>
      </trkpt>
      <trkpt lat="22.549996078626357" lon="114.09673331298018">
        <ele>7.248343775048852</ele>
        <time>1970-01-01T00:20:13.700000Z</time>
        <extensions>
          <gpxtpx:TrackPointExtension>
            <gpxtpx:hr>154</gpxtpx:hr>
          </gpxtpx:TrackPointExtension>
        </extensions>
      </trkpt>
      <trkpt lat="22.55002263388059" lon="114.096728649874">
        <ele>7.405779620632529</ele>
        <time>1970-01-01T00:20:14.700000Z</time>
        <extensions>
          <gpxtpx:TrackPointExtension>
            <gpxtpx:hr>154</gpxtpx:hr>
          </gpxtpx:TrackPointExtension>
        </extensions>
      </trkpt>
      <trkpt lat="22.550048701556783" lon="114.09672300002606">
        <ele>7.5869420282542706</ele>
        <time>1970-01-01T00:20:15.700000Z</time>
        <extensions>
          <gpxtpx:TrackPointExtension>
            <gpxtpx:hr>154</gpxtpx:hr>
          </gpxtpx:TrackPointExtension>
        </extensions>
      </trkpt>
      <trkpt lat="22.550075498277447" lon="114.0967159157351">
        <ele>7.762369536794722</ele>
        <time>1970-01-01T00:20:16.700000Z</time>
        <extensions>
          <gpxtpx:TrackPointExtension>
            <gpxtpx:hr>150</gpxtpx:hr>
          </gpxtpx:TrackPointExtension>
        </extensions>
      </trkpt>
      <trkpt lat="22.550102574117076" lon="114.09670741071551">
        <ele>7.932992705143988</ele>
        <time>1970-01-01T00:20:17.700000Z</time>
        <extensions>
          <gpxtpx:TrackPointExtension>
            <gpxtpx:hr>150</gpxtpx:hr>
          </gpxtpx:TrackPointExtension>
        </extensions>
      </trkpt>
      <trkpt lat="22.550128947936116" lon="114.09669716045178">
        <ele>8.113629899919033</ele>
        <time>1970-01-01T00:20:18.700000Z</time>
        <extensions>
          <gpxtpx:TrackPointExtension>
            <gpxtpx:hr>150</gpxtpx:hr>
          </gpxtpx:TrackPointExtension>
        </extensions>
      </trkpt>
      <trkpt lat="22.550153881312955" lon="114.09668510438757">
        <ele>8.289480274543166</ele>
        <time>1970-01-01T00:20:19.700000Z</time>
        <extensions>
          <gpxtpx:TrackPointExtension>
            <gpxtpx:hr>150</gpxtpx:hr>
          </gpxtpx:TrackPointExtension>
        </extensions>
      </trkpt>
      <trkpt lat="22.550177424882413" lon="114.09667193004859">
        <ele>8.438083072192967</ele>
        <time>1970-01-01T00:20:20.700000Z</time>
        <extensions>
          <gpxtpx:TrackPointExtension>
            <gpxtpx:hr>150</gpxtpx:hr>
          </gpxtpx:TrackPointExtension>
        </extensions>
      </trkpt>
      <trkpt lat="22.55020016510257" lon="114.09665757786696">
        <ele>8.588252835907042</ele>
        <time>1970-01-01T00:20:21.700000Z</time>
        <extensions>
          <gpxtpx:TrackPointExtension>
            <gpxtpx:hr>150</gpxtpx:hr>
          </gpxtpx:TrackPointExtension>
        </extensions>
      </trkpt>
      <trkpt lat="22.55022257065812" lon="114.09664158959185">
        <ele>8.711396581493318</ele>
        <time>1970-01-01T00:20:22.700000Z</time>
        <extensions>
          <gpxtpx:TrackPointExtension>
            <gpxtpx:hr>150</gpxtpx:hr>
          </gpxtpx:TrackPointExtension>
        </extensions>
      </trkpt>
      <trkpt lat="22.550244668896184" lon="114.09662448686974">
        <ele>8.807882652617991</ele>
        <time>1970-01-01T00:20:23.700000Z</time>
        <extensions>
          <gpxtpx:TrackPointExtension>
            <gpxtpx:hr>150</gpxtpx:hr>
          </gpxtpx:TrackPointExtension>
        </extensions>
      </trkpt>
      <trkpt lat="22.5502661954026" lon="114.0966069627191">
        <ele>8.886541402898729</ele>
        <time>1970-01-01T00:20:24.700000Z</time>
        <extensions>
          <gpxtpx:TrackPointExtension>
            <gpxtpx:hr>150</gpxtpx:hr>
          </gpxtpx:TrackPointExtension>
        </extensions>
      </trkpt>
      <trkpt lat="22.55028753756551" lon="114.09658890344068">
        <ele>8.951969997026026</ele>
        <time>1970-01-01T00:20:25.700000Z</time>
        <extensions>
          <gpxtpx:TrackPointExtension>
            <gpxtpx:hr>150</gpxtpx:hr>
          </gpxtpx:TrackPointExtension>
        </extensions>
      </trkpt>
      <trkpt lat="22.55030856537533" lon="114.09657038189343">
        <ele>8.995079014450312</ele>
        <time>1970-01-01T00:20:26.700000Z</time>
        <extensions>
          <gpxtpx:TrackPointExtension>
            <gpxtpx:hr>150</gpxtpx:hr>
          </gpxtpx:TrackPointExtension>
        </extensions>
      </trkpt>
      <trkpt lat="22.55032898239938" lon="114.09655156311341">
        <ele>9.021017260849476</ele>
        <time>1970-01-01T00:20:27.700000Z</time>
        <extensions>
          <gpxtpx:TrackPointExtension>
            <gpxtpx:hr>150</gpxtpx:hr>
          </gpxtpx:TrackPointExtension>
        </extensions>
      </trkpt>
      <trkpt lat="22.550349063523875" lon="114.09653224102563">
        <ele>9.023899313993752</ele>
        <time>1970-01-01T00:20:28.700000Z</time>
        <extensions>
          <gpxtpx:TrackPointExtension>
            <gpxtpx:hr>150</gpxtpx:hr>
          </gpxtpx:TrackPointExtension>
        </extensions>
      </trkpt>
      <trkpt lat="22.550368774767044" lon="114.09651258459216">
        <ele>9.022521499544382</ele>
        <time>1970-01-01T00:20:29.700000Z</time>
        <extensions>
          <gpxtpx:TrackPointExtension>
            <gpxtpx:hr>150</gpxtpx:hr>
          </gpxtpx:TrackPointExtension>
        </extensions>
      </trkpt>
      <trkpt lat="22.550388148795516" lon="114.09649327672543">
        <ele>9.025361934676766</ele>
        <time>1970-01-01T00:20:30.700000Z</time>
        <extensions>
          <gpxtpx:TrackPointExtension>
            <gpxtpx:hr>150</gpxtpx:hr>
          </gpxtpx:TrackPointExtension>
        </extensions>
      </trkpt>
      <trkpt lat="22.550407544590918" lon="114.09647497276838">
        <ele>9.001599928364158</ele>
        <time>1970-01-01T00:20:31.700000Z</time>
        <extensions>
          <gpxtpx:TrackPointExtension>
            <gpxtpx:hr>148</gpxtpx:hr>
          </gpxtpx:TrackPointExtension>
        </extensions>
      </trkpt>
      <trkpt lat="22.550427851986964" lon="114.09645734140898">
        <ele>8.948900860734284</ele>
        <time>1970-01-01T00:20:32.700000Z</time>
        <extensions>
          <gpxtpx:TrackPointExtension>
            <gpxtpx:hr>148</gpxtpx:hr>
          </gpxtpx:TrackPointExtension>
        </extensions>
      </trkpt>
      <trkpt lat="22.550448804636698" lon="114.09643979635418">
        <ele>8.9076870046556</ele>
        <time>1970-01-01T00:20:33.700000Z</time>
        <extensions>
          <gpxtpx:TrackPointExtension>
            <gpxtpx:hr>148</gpxtpx:hr>
          </gpxtpx:TrackPointExtension>
        </extensions>
      </trkpt>
      <trkpt lat="22.550468845662373" lon="114.09642203098991">
        <ele>8.858254373073578</ele>
        <time>1970-01-01T00:20:34.700000Z</time>
        <extensions>
          <gpxtpx:TrackPointExtension>
            <gpxtpx:hr>148</gpxtpx:hr>
          </gpxtpx:TrackPointExtension>
        </extensions>
      </trkpt>
      <trkpt lat="22.55048728374824" lon="114.09640320961692">
        <ele>8.80558714736253</ele>
        <time>1970-01-01T00:20:35.700000Z</time>
        <extensions>
          <gpxtpx:TrackPointExtension>
            <gpxtpx:hr>148</gpxtpx:hr>
          </gpxtpx:TrackPointExtension>
        </extensions>
      </trkpt>
      <trkpt lat="22.550504748783663" lon="114.09638326918545">
        <ele>8.77076911367476</ele>
        <time>1970-01-01T00:20:36.700000Z</time>
        <extensions>
          <gpxtpx:TrackPointExtension>
            <gpxtpx:hr>148</gpxtpx:hr>
          </gpxtpx:TrackPointExtension>
        </extensions>
      </trkpt>
      <trkpt lat="22.550522328709004" lon="114.09636368434569">
        <ele>8.731514405459166</ele>
        <time>1970-01-01T00:20:37.700000Z</time>
        <extensions>
          <gpxtpx:TrackPointExtension>
            <gpxtpx:hr>148</gpxtpx:hr>
          </gpxtpx:TrackPointExtension>
        </extensions>
      </trkpt>
      <trkpt lat="22.5505407496653" lon="114.09634534225363">
        <ele>8.698945893906057</ele>
        <time>1970-01-01T00:20:38.700000Z</time>
        <extensions>
          <gpxtpx:TrackPointExtension>
            <gpxtpx:hr>149</gpxtpx:hr>
          </gpxtpx:TrackPointExtension>
        </extensions>
      </trkpt>
      <trkpt lat="22.55056009262197" lon="114.09632755300385">
        <ele>8.708012541756034</ele>
        <time>1970-01-01T00:20:39.700000Z</time>
        <extensions>
          <gpxtpx:TrackPointExtension>
            <gpxtpx:hr>149</gpxtpx:hr>
          </gpxtpx:TrackPointExtension>
        </extensions>
      </trkpt>
      <trkpt lat="22.550579658177224" lon="114.0963098474034">
        <ele>8.724893254227936</ele>
        <time>1970-01-01T00:20:40.700000Z</time>
        <extensions>
          <gpxtpx:TrackPointExtension>
            <gpxtpx:hr>149</gpxtpx:hr>
          </gpxtpx:TrackPointExtension>
        </extensions>
      </trkpt>
      <trkpt lat="22.55059930246257" lon="114.09629202337908">
        <ele>8.751538749784231</ele>
        <time>1970-01-01T00:20:41.700000Z</time>
        <extensions>
          <gpxtpx:TrackPointExtension>
            <gpxtpx:hr>149</gpxtpx:hr>
          </gpxtpx:TrackPointExtension>
        </extensions>
      </trkpt>
      <trkpt lat="22.55061916790214" lon="114.09627421600226">
        <ele>8.798709726892412</ele>
        <time>1970-01-01T00:20:42.700000Z</time>
        <extensions>
          <gpxtpx:TrackPointExtension>
            <gpxtpx:hr>149</gpxtpx:hr>
          </gpxtpx:TrackPointExtension>
        </extensions>
      </trkpt>
      <trkpt lat="22.550638967079237" lon="114.09625603432332">
        <ele>8.866305715404451</ele>
        <time>1970-01-01T00:20:43.700000Z</time>
        <extensions>
          <gpxtpx:TrackPointExtension>
            <gpxtpx:hr>149</gpxtpx:hr>
          </gpxtpx:TrackPointExtension>
        </extensions>
      </trkpt>
      <trkpt lat="22.550657773954452" lon="114.09623697016947">
        <ele>8.954985283315182</ele>
        <time>1970-01-01T00:20:44.700000Z</time>
        <extensions>
          <gpxtpx:TrackPointExtension>
            <gpxtpx:hr>149</gpxtpx:hr>
          </gpxtpx:TrackPointExtension>
        </extensions>
      </trkpt>
      <trkpt lat="22.550675000109287" lon="114.09621642054834">
        <ele>9.051549701020122</ele>
        <time>1970-01-01T00:20:45.700000Z</time>
        <extensions>
          <gpxtpx:TrackPointExtension>
            <gpxtpx:hr>149</gpxtpx:hr>
          </gpxtpx:TrackPointExtension>
        </extensions>
      </trkpt>
      <trkpt lat="22.550690634533197" lon="114.09619367148707">
        <ele>9.152779654599726</ele>
        <time>1970-01-01T00:20:46.700000Z</time>
        <extensions>
          <gpxtpx:TrackPointExtension>
            <gpxtpx:hr>149</gpxtpx:hr>
          </gpxtpx:TrackPointExtension>
        </extensions>
      </trkpt>
      <trkpt lat="22.550704565610836" lon="114.09616934391913">
        <ele>9.278239068575203</ele>
        <time>1970-01-01T00:20:47.700000Z</time>
        <extensions>
          <gpxtpx:TrackPointExtension>
            <gpxtpx:hr>149</gpxtpx:hr>
          </gpxtpx:TrackPointExtension>
        </extensions>
      </trkpt>
      <trkpt lat="22.55071691009352" lon="114.09614408551394">
        <ele>9.410158833488822</ele>
        <time>1970-01-01T00:20:48.700000Z</time>
        <extensions>
          <gpxtpx:TrackPointExtension>
            <gpxtpx:hr>149</gpxtpx:hr>
          </gpxtpx:TrackPointExtension>
        </extensions>
      </trkpt>
      <trkpt lat="22.550728608992923" lon="114.09611810460873">
        <ele>9.52826658077538</ele>
        <time>1970-01-01T00:20:49.700000Z</time>
        <extensions>
          <gpxtpx:TrackPointExtension>
            <gpxtpx:hr>149</gpxtpx:hr>
          </gpxtpx:TrackPointExtension>
        </extensions>
      </trkpt>
      <trkpt lat="22.55074053634499" lon="114.09609184503617">
        <ele>9.636136687360704</ele>
        <time>1970-01-01T00:20:50.700000Z</time>
        <extensions>
          <gpxtpx:TrackPointExtension>
            <gpxtpx:hr>149</gpxtpx:hr>
          </gpxtpx:TrackPointExtension>
        </extensions>
      </trkpt>
      <trkpt lat="22.550752815857354" lon="114.09606587169917">
        <ele>9.74710211250931</ele>
        <time>1970-01-01T00:20:51.700000Z</time>
        <extensions>
          <gpxtpx:TrackPointExtension>
            <gpxtpx:hr>148</gpxtpx:hr>
          </gpxtpx:TrackPointExtension>
        </extensions>
      </trkpt>
      <trkpt lat="22.550765221493055" lon="114.09604024299489">
        <ele>9.830966072157025</ele>
        <time>1970-01-01T00:20:52.700000Z</time>
        <extensions>
          <gpxtpx:TrackPointExtension>
            <gpxtpx:hr>148</gpxtpx:hr>
          </gpxtpx:TrackPointExtension>
        </extensions>
      </trkpt>
      <trkpt lat="22.55077684066871" lon="114.09601449920547">
        <ele>9.900038947351277</ele>
        <time>1970-01-01T00:20:53.700000Z</time>
        <extensions>
          <gpxtpx:TrackPointExtension>
            <gpxtpx:hr>148</gpxtpx:hr>
          </gpxtpx:TrackPointExtension>
        </extensions>
      </trkpt>
      <trkpt lat="22.550786665836853" lon="114.09598853149336">
        <ele>9.961710291914642</ele>
        <time>1970-01-01T00:20:54.700000Z</time>
        <extensions>
          <gpxtpx:TrackPointExtension>
            <gpxtpx:hr>148</gpxtpx:hr>
          </gpxtpx:TrackPointExtension>
        </extensions>
      </trkpt>
      <trkpt lat="22.550794701132478" lon="114.09596214112264">
        <ele>10.005968937650323</ele>
        <time>1970-01-01T00:20:55.700000Z</time>
        <extensions>
          <gpxtpx:TrackPointExtension>
            <gpxtpx:hr>148</gpxtpx:hr>
          </gpxtpx:TrackPointExtension>
        </extensions>
      </trkpt>
      <trkpt lat="22.550801686959527" lon="114.09593528870766">
        <ele>10.041370118968189</ele>
        <time>1970-01-01T00:20:56.700000Z</time>
        <extensions>
          <gpxtpx:TrackPointExtension>
            <gpxtpx:hr>148</gpxtpx:hr>
          </gpxtpx:TrackPointExtension>
        </extensions>
      </trkpt>
      <trkpt lat="22.550807635056742" lon="114.09590841972965">
        <ele>10.056400610134006</ele>
        <time>1970-01-01T00:20:57.700000Z</time>
        <extensions>
          <gpxtpx:TrackPointExtension>
            <gpxtpx:hr>148</gpxtpx:hr>
          </gpxtpx:TrackPointExtension>
        </extensions>
      </trkpt>
      <trkpt lat="22.550812332427324" lon="114.09588231137559">
        <ele>10.044747467152774</ele>
        <time>1970-01-01T00:20:58.700000Z</time>
        <extensions>
          <gpxtpx:TrackPointExtension>
            <gpxtpx:hr>148</gpxtpx:hr>
          </gpxtpx:TrackPointExtension>
        </extensions>
      </trkpt>
      <trkpt lat="22.550816267408617" lon="114.09585691016436">
        <ele>10.01623026188463</ele>
        <time>1970-01-01T00:20:59.700000Z</time>
        <extensions>
          <gpxtpx:TrackPointExtension>
            <gpxtpx:hr>148</gpxtpx:hr>
          </gpxtpx:TrackPointExtension>
        </extensions>
      </trkpt>
      <trkpt lat="22.55082045435907" lon="114.09583156230026">
        <ele>9.981901112943888</ele>
        <time>1970-01-01T00:21:00.700000Z</time>
        <extensions>
          <gpxtpx:TrackPointExtension>
            <gpxtpx:hr>148</gpxtpx:hr>
          </gpxtpx:TrackPointExtension>
        </extensions>
      </trkpt>
      <trkpt lat="22.55082543545696" lon="114.09580676874963">
        <ele>9.919187835417688</ele>
        <time>1970-01-01T00:21:01.700000Z</time>
        <extensions>
          <gpxtpx:TrackPointExtension>
            <gpxtpx:hr>148</gpxtpx:hr>
          </gpxtpx:TrackPointExtension>
        </extensions>
      </trkpt>
      <trkpt lat="22.55083096712617" lon="114.09578287222129">
        <ele>9.859542358666658</ele>
        <time>1970-01-01T00:21:02.700000Z</time>
        <extensions>
          <gpxtpx:TrackPointExtension>
            <gpxtpx:hr>148</gpxtpx:hr>
          </gpxtpx:TrackPointExtension>
        </extensions>
      </trkpt>
      <trkpt lat="22.55083672212317" lon="114.09575920697712">
        <ele>9.788248812779784</ele>
        <time>1970-01-01T00:21:03.700000Z</time>
        <extensions>
          <gpxtpx:TrackPointExtension>
            <gpxtpx:hr>148</gpxtpx:hr>
          </gpxtpx:TrackPointExtension>
        </extensions>
      </trkpt>
      <trkpt lat="22.550842263759776" lon="114.09573515588686">
        <ele>9.721290960907936</ele>
        <time>1970-01-01T00:21:04.700000Z</time>
        <extensions>
          <gpxtpx:TrackPointExtension>
            <gpxtpx:hr>148</gpxtpx:hr>
          </gpxtpx:TrackPointExtension>
        </extensions>
      </trkpt>
      <trkpt lat="22.55084761588375" lon="114.09571130324026">
        <ele>9.648344586603343</ele>
        <time>1970-01-01T00:21:05.700000Z</time>
        <extensions>
          <gpxtpx:TrackPointExtension>
            <gpxtpx:hr>148</gpxtpx:hr>
          </gpxtpx:TrackPointExtension>
        </extensions>
      </trkpt>
      <trkpt lat="22.550852636567917" lon="114.09568845873193">
        <ele>9.565353268757463</ele>
        <time>1970-01-01T00:21:06.700000Z</time>
        <extensions>
          <gpxtpx:TrackPointExtension>
            <gpxtpx:hr>149</gpxtpx:hr>
          </gpxtpx:TrackPointExtension>
        </extensions>
      </trkpt>
      <trkpt lat="22.55085586575255" lon="114.09566579531727">
        <ele>9.475280825980008</ele>
        <time>1970-01-01T00:21:07.700000Z</time>
        <extensions>
          <gpxtpx:TrackPointExtension>
            <gpxtpx:hr>149</gpxtpx:hr>
          </gpxtpx:TrackPointExtension>
        </extensions>
      </trkpt>
      <trkpt lat="22.550855080219588" lon="114.09564313493154">
        <ele>9.394343230873346</ele>
        <time>1970-01-01T00:21:08.700000Z</time>
        <extensions>
          <gpxtpx:TrackPointExtension>
            <gpxtpx:hr>149</gpxtpx:hr>
          </gpxtpx:TrackPointExtension>
        </extensions>
      </trkpt>
      <trkpt lat="22.550848987266935" lon="114.09562187999053">
        <ele>9.298407575115561</ele>
        <time>1970-01-01T00:21:09.700000Z</time>
        <extensions>
          <gpxtpx:TrackPointExtension>
            <gpxtpx:hr>149</gpxtpx:hr>
          </gpxtpx:TrackPointExtension>
        </extensions>
      </trkpt>
      <trkpt lat="22.550837095164066" lon="114.09560403301539">
        <ele>9.193479891866446</ele>
        <time>1970-01-01T00:21:10.700000Z</time>
        <extensions>
          <gpxtpx:TrackPointExtension>
            <gpxtpx:hr>149</gpxtpx:hr>
          </gpxtpx:TrackPointExtension>
        </extensions>
      </trkpt>
      <trkpt lat="22.550819244856736" lon="114.09559086322503">
        <ele>9.082372528500855</ele>
        <time>1970-01-01T00:21:11.700000Z</time>
        <extensions>
          <gpxtpx:TrackPointExtension>
            <gpxtpx:hr>149</gpxtpx:hr>
          </gpxtpx:TrackPointExtension>
        </extensions>
      </trkpt>
      <trkpt lat="22.550796065021647" lon="114.09558125902531">
        <ele>8.980214916169643</ele>
        <time>1970-01-01T00:21:12.700000Z</time>
        <extensions>
          <gpxtpx:TrackPointExtension>
            <gpxtpx:hr>149</gpxtpx:hr>
          </gpxtpx:TrackPointExtension>
        </extensions>
      </trkpt>
      <trkpt lat="22.550769662905314" lon="114.09557305853318">
        <ele>8.88992293085903</ele>
        <time>1970-01-01T00:21:13.700000Z</time>
        <extensions>
          <gpxtpx:TrackPointExtension>
            <gpxtpx:hr>149</gpxtpx:hr>
          </gpxtpx:TrackPointExtension>
        </extensions>
      </trkpt>
      <trkpt lat="22.550742211487613" lon="114.09556505292382">
        <ele>8.828256268054247</ele>
        <time>1970-01-01T00:21:14.700000Z</time>
        <extensions>
          <gpxtpx:TrackPointExtension>
            <gpxtpx:hr>149</gpxtpx:hr>
          </gpxtpx:TrackPointExtension>
        </extensions>
      </trkpt>
      <trkpt lat="22.55071520967849" lon="114.09555615804479">
        <ele>8.77520866971463</ele>
        <time>1970-01-01T00:21:15.700000Z</time>
        <extensions>
          <gpxtpx:TrackPointExtension>
            <gpxtpx:hr>149</gpxtpx:hr>
          </gpxtpx:TrackPointExtension>
        </extensions>
      </trkpt>
      <trkpt lat="22.550689715735118" lon="114.09554581809">
        <ele>8.71939275227487</ele>
        <time>1970-01-01T00:21:16.700000Z</time>
        <extensions>
          <gpxtpx:TrackPointExtension>
            <gpxtpx:hr>149</gpxtpx:hr>
          </gpxtpx:TrackPointExtension>
        </extensions>
      </trkpt>
      <trkpt lat="22.55066600377957" lon="114.09553372105937">
        <ele>8.67170940246433</ele>
        <time>1970-01-01T00:21:17.700000Z</time>
        <extensions>
          <gpxtpx:TrackPointExtension>
            <gpxtpx:hr>150</gpxtpx:hr>
          </gpxtpx:TrackPointExtension>
        </extensions>
      </trkpt>
      <trkpt lat="22.55064365854713" lon="114.0955200470399">
        <ele>8.644782669842243</ele>
        <time>1970-01-01T00:21:18.700000Z</time>
        <extensions>
          <gpxtpx:TrackPointExtension>
            <gpxtpx:hr>150</gpxtpx:hr>
          </gpxtpx:TrackPointExtension>
        </extensions>
      </trkpt>
      <trkpt lat="22.55062211212565" lon="114.09550615151997">
        <ele>8.612377586774528</ele>
        <time>1970-01-01T00:21:19.700000Z</time>
        <extensions>
          <gpxtpx:TrackPointExtension>
            <gpxtpx:hr>150</gpxtpx:hr>
          </gpxtpx:TrackPointExtension>
        </extensions>
      </trkpt>
      <trkpt lat="22.550600833059633" lon="114.09549374968584">
        <ele>8.573335008695722</ele>
        <time>1970-01-01T00:21:20.700000Z</time>
        <extensions>
          <gpxtpx:TrackPointExtension>
            <gpxtpx:hr>150</gpxtpx:hr>
          </gpxtpx:TrackPointExtension>
        </extensions>
      </trkpt>
      <trkpt lat="22.550579141976463" lon="114.09548335134902">
        <ele>8.534281396307051</ele>
        <time>1970-01-01T00:21:21.700000Z</time>
        <extensions>
          <gpxtpx:TrackPointExtension>
            <gpxtpx:hr>150</gpxtpx:hr>
          </gpxtpx:TrackPointExtension>
        </extensions>
      </trkpt>
      <trkpt lat="22.55055791174985" lon="114.09547349524772">
        <ele>8.510801034979522</ele>
        <time>1970-01-01T00:21:22.700000Z</time>
        <extensions>
          <gpxtpx:TrackPointExtension>
            <gpxtpx:hr>150</gpxtpx:hr>
          </gpxtpx:TrackPointExtension>
        </extensions>
      </trkpt>
      <trkpt lat="22.550538126492665" lon="114.09546233169152">
        <ele>8.477360661141574</ele>
        <time>1970-01-01T00:21:23.700000Z</time>
        <extensions>
          <gpxtpx:TrackPointExtension>
            <gpxtpx:hr>150</gpxtpx:hr>
          </gpxtpx:TrackPointExtension>
        </extensions>
      </trkpt>
      <trkpt lat="22.55051912377609" lon="114.09544984162382">
        <ele>8.457192490808666</ele>
        <time>1970-01-01T00:21:24.700000Z</time>
        <extensions>
          <gpxtpx:TrackPointExtension>
            <gpxtpx:hr>150</gpxtpx:hr>
          </gpxtpx:TrackPointExtension>
        </extensions>
      </trkpt>
      <trkpt lat="22.550499643816657" lon="114.09543746827782">
        <ele>8.429140971042216</ele>
        <time>1970-01-01T00:21:25.700000Z</time>
        <extensions>
          <gpxtpx:TrackPointExtension>
            <gpxtpx:hr>150</gpxtpx:hr>
          </gpxtpx:TrackPointExtension>
        </extensions>
      </trkpt>
      <trkpt lat="22.550478975697505" lon="114.09542650756424">
        <ele>8.355590955354273</ele>
        <time>1970-01-01T00:21:26.700000Z</time>
        <extensions>
          <gpxtpx:TrackPointExtension>
            <gpxtpx:hr>150</gpxtpx:hr>
          </gpxtpx:TrackPointExtension>
        </extensions>
      </trkpt>
      <trkpt lat="22.550457479333424" lon="114.09541799837328">
        <ele>8.271052428521216</ele>
        <time>1970-01-01T00:21:27.700000Z</time>
        <extensions>
          <gpxtpx:TrackPointExtension>
            <gpxtpx:hr>150</gpxtpx:hr>
          </gpxtpx:TrackPointExtension>
        </extensions>
      </trkpt>
      <trkpt lat="22.550435260638103" lon="114.09541250662355">
        <ele>8.142645004205406</ele>
        <time>1970-01-01T00:21:28.700000Z</time>
        <extensions>
          <gpxtpx:TrackPointExtension>
            <gpxtpx:hr>150</gpxtpx:hr>
          </gpxtpx:TrackPointExtension>
        </extensions>
      </trkpt>
      <trkpt lat="22.550412812930077" lon="114.09540999716492">
        <ele>7.999305236153305</ele>
        <time>1970-01-01T00:21:29.700000Z</time>
        <extensions>
          <gpxtpx:TrackPointExtension>
            <gpxtpx:hr>150</gpxtpx:hr>
          </gpxtpx:TrackPointExtension>
        </extensions>
      </trkpt>
      <trkpt lat="22.55039051013881" lon="114.09540949340999">
        <ele>7.8134045554324985</ele>
        <time>1970-01-01T00:21:30.700000Z</time>
        <extensions>
          <gpxtpx:TrackPointExtension>
            <gpxtpx:hr>150</gpxtpx:hr>
          </gpxtpx:TrackPointExtension>
        </extensions>
      </trkpt>
      <trkpt lat="22.550367405167396" lon="114.0954102302756">
        <ele>7.580155688337982</ele>
        <time>1970-01-01T00:21:31.700000Z</time>
        <extensions>
          <gpxtpx:TrackPointExtension>
            <gpxtpx:hr>149</gpxtpx:hr>
          </gpxtpx:TrackPointExtension>
        </extensions>
      </trkpt>
      <trkpt lat="22.550342939681602" lon="114.09541231319947">
        <ele>7.342687174677849</ele>
        <time>1970-01-01T00:21:32.700000Z</time>
        <extensions>
          <gpxtpx:TrackPointExtension>
            <gpxtpx:hr>149</gpxtpx:hr>
          </gpxtpx:TrackPointExtension>
        </extensions>
      </trkpt>
      <trkpt lat="22.550317380135862" lon="114.0954158671553">
        <ele>7.0872558653354645</ele>
        <time>1970-01-01T00:21:33.700000Z</time>
        <extensions>
          <gpxtpx:TrackPointExtension>
            <gpxtpx:hr>149</gpxtpx:hr>
          </gpxtpx:TrackPointExtension>
        </extensions>
      </trkpt>
      <trkpt lat="22.55029110094015" lon="114.09542015971387">
        <ele>6.811834822408855</ele>
        <time>1970-01-01T00:21:34.700000Z</time>
        <extensions>
          <gpxtpx:TrackPointExtension>
            <gpxtpx:hr>149</gpxtpx:hr>
          </gpxtpx:TrackPointExtension>
        </extensions>
      </trkpt>
      <trkpt lat="22.55026514249472" lon="114.09542401267655">
        <ele>6.521293598227203</ele>
        <time>1970-01-01T00:21:35.700000Z</time>
        <extensions>
          <gpxtpx:TrackPointExtension>
            <gpxtpx:hr>149</gpxtpx:hr>
          </gpxtpx:TrackPointExtension>
        </extensions>
      </trkpt>
      <trkpt lat="22.550241094611835" lon="114.0954275092115">
        <ele>6.224424662068486</ele>
        <time>1970-01-01T00:21:36.700000Z</time>
        <extensions>
          <gpxtpx:TrackPointExtension>
            <gpxtpx:hr>149</gpxtpx:hr>
          </gpxtpx:TrackPointExtension>
        </extensions>
      </trkpt>
      <trkpt lat="22.550218509342937" lon="114.09543029140264">
        <ele>5.918539768084884</ele>
        <time>1970-01-01T00:21:37.700000Z</time>
        <extensions>
          <gpxtpx:TrackPointExtension>
            <gpxtpx:hr>149</gpxtpx:hr>
          </gpxtpx:TrackPointExtension>
        </extensions>
      </trkpt>
      <trkpt lat="22.55019544876084" lon="114.09543064074558">
        <ele>5.619404725730419</ele>
        <time>1970-01-01T00:21:38.700000Z</time>
        <extensions>
          <gpxtpx:TrackPointExtension>
            <gpxtpx:hr>149</gpxtpx:hr>
          </gpxtpx:TrackPointExtension>
        </extensions>
      </trkpt>
      <trkpt lat="22.550171460305965" lon="114.09542638241778">
        <ele>5.337958248332143</ele>
        <time>1970-01-01T00:21:39.700000Z</time>
        <extensions>
          <gpxtpx:TrackPointExtension>
            <gpxtpx:hr>149</gpxtpx:hr>
          </gpxtpx:TrackPointExtension>
        </extensions>
      </trkpt>
      <trkpt lat="22.550147599367712" lon="114.09541682327082">
        <ele>5.066261109896004</ele>
        <time>1970-01-01T00:21:40.700000Z</time>
        <extensions>
          <gpxtpx:TrackPointExtension>
            <gpxtpx:hr>147</gpxtpx:hr>
          </gpxtpx:TrackPointExtension>
        </extensions>
      </trkpt>
      <trkpt lat="22.550124957692876" lon="114.09540378756688">
        <ele>4.838417231105268</ele>
        <time>1970-01-01T00:21:41.700000Z</time>
        <extensions>
          <gpxtpx:TrackPointExtension>
            <gpxtpx:hr>147</gpxtpx:hr>
          </gpxtpx:TrackPointExtension>
        </extensions>
      </trkpt>
      <trkpt lat="22.550103961618568" lon="114.09538892733528">
        <ele>4.635226244106889</ele>
        <time>1970-01-01T00:21:42.700000Z</time>
        <extensions>
          <gpxtpx:TrackPointExtension>
            <gpxtpx:hr>147</gpxtpx:hr>
          </gpxtpx:TrackPointExtension>
        </extensions>
      </trkpt>
      <trkpt lat="22.550084846905143" lon="114.09537240187107">
        <ele>4.4556058924645185</ele>
        <time>1970-01-01T00:21:43.700000Z</time>
        <extensions>
          <gpxtpx:TrackPointExtension>
            <gpxtpx:hr>147</gpxtpx:hr>
          </gpxtpx:TrackPointExtension>
        </extensions>
      </trkpt>
      <trkpt lat="22.550067546127472" lon="114.09535389240294">
        <ele>4.316408385522664</ele>
        <time>1970-01-01T00:21:44.700000Z</time>
        <extensions>
          <gpxtpx:TrackPointExtension>
            <gpxtpx:hr>147</gpxtpx:hr>
          </gpxtpx:TrackPointExtension>
        </extensions>
      </trkpt>
      <trkpt lat="22.550050829160643" lon="114.09533352362664">
        <ele>4.191536604426801</ele>
        <time>1970-01-01T00:21:45.700000Z</time>
        <extensions>
          <gpxtpx:TrackPointExtension>
            <gpxtpx:hr>147</gpxtpx:hr>
          </gpxtpx:TrackPointExtension>
        </extensions>
      </trkpt>
      <trkpt lat="22.550033961195446" lon="114.09531186828153">
        <ele>4.083679236471653</ele>
        <time>1970-01-01T00:21:46.700000Z</time>
        <extensions>
          <gpxtpx:TrackPointExtension>
            <gpxtpx:hr>148</gpxtpx:hr>
          </gpxtpx:TrackPointExtension>
        </extensions>
      </trkpt>
      <trkpt lat="22.550017578285605" lon="114.09528942387192">
        <ele>4.0114726377651095</ele>
        <time>1970-01-01T00:21:47.700000Z</time>
        <extensions>
          <gpxtpx:TrackPointExtension>
            <gpxtpx:hr>148</gpxtpx:hr>
          </gpxtpx:TrackPointExtension>
        </extensions>
      </trkpt>
      <trkpt lat="22.550002719303148" lon="114.09526636205632">
        <ele>3.957714719697833</ele>
        <time>1970-01-01T00:21:48.700000Z</time>
        <extensions>
          <gpxtpx:TrackPointExtension>
            <gpxtpx:hr>148</gpxtpx:hr>
          </gpxtpx:TrackPointExtension>
        </extensions>
      </trkpt>
      <trkpt lat="22.549989748997668" lon="114.09524286141875">
        <ele>3.923688843846321</ele>
        <time>1970-01-01T00:21:49.700000Z</time>
        <extensions>
          <gpxtpx:TrackPointExtension>
            <gpxtpx:hr>148</gpxtpx:hr>
          </gpxtpx:TrackPointExtension>
        </extensions>
      </trkpt>
      <trkpt lat="22.54997707325106" lon="114.09521924324288">
        <ele>3.9173978604376316</ele>
        <time>1970-01-01T00:21:50.700000Z</time>
        <extensions>
          <gpxtpx:TrackPointExtension>
            <gpxtpx:hr>148</gpxtpx:hr>
          </gpxtpx:TrackPointExtension>
        </extensions>
      </trkpt>
      <trkpt lat="22.54996354521927" lon="114.09519653855017">
        <ele>3.9314288664609194</ele>
        <time>1970-01-01T00:21:51.700000Z</time>
        <extensions>
          <gpxtpx:TrackPointExtension>
            <gpxtpx:hr>148</gpxtpx:hr>
          </gpxtpx:TrackPointExtension>
        </extensions>
      </trkpt>
      <trkpt lat="22.549949081704273" lon="114.0951749141121">
        <ele>3.9549868796020746</ele>
        <time>1970-01-01T00:21:52.700000Z</time>
        <extensions>
          <gpxtpx:TrackPointExtension>
            <gpxtpx:hr>148</gpxtpx:hr>
          </gpxtpx:TrackPointExtension>
        </extensions>
      </trkpt>
      <trkpt lat="22.54993376785277" lon="114.09515363197886">
        <ele>4.007626699283719</ele>
        <time>1970-01-01T00:21:53.700000Z</time>
        <extensions>
          <gpxtpx:TrackPointExtension>
            <gpxtpx:hr>148</gpxtpx:hr>
          </gpxtpx:TrackPointExtension>
        </extensions>
      </trkpt>
      <trkpt lat="22.549918007594233" lon="114.09513229714791">
        <ele>4.074148489162326</ele>
        <time>1970-01-01T00:21:54.700000Z</time>
        <extensions>
          <gpxtpx:TrackPointExtension>
            <gpxtpx:hr>148</gpxtpx:hr>
          </gpxtpx:TrackPointExtension>
        </extensions>
      </trkpt>
      <trkpt lat="22.54990217659208" lon="114.0951107240269">
        <ele>4.141917299479246</ele>
        <time>1970-01-01T00:21:55.700000Z</time>
        <extensions>
          <gpxtpx:TrackPointExtension>
            <gpxtpx:hr>148</gpxtpx:hr>
          </gpxtpx:TrackPointExtension>
        </extensions>
      </trkpt>
      <trkpt lat="22.549886795911448" lon="114.09508849802016">
        <ele>4.224621090106666</ele>
        <time>1970-01-01T00:21:56.700000Z</time>
        <extensions>
          <gpxtpx:TrackPointExtension>
            <gpxtpx:hr>148</gpxtpx:hr>
          </gpxtpx:TrackPointExtension>
        </extensions>
      </trkpt>
      <trkpt lat="22.54987243038974" lon="114.09506570594439">
        <ele>4.318900124169886</ele>
        <time>1970-01-01T00:21:57.700000Z</time>
        <extensions>
          <gpxtpx:TrackPointExtension>
            <gpxtpx:hr>147</gpxtpx:hr>
          </gpxtpx:TrackPointExtension>
        </extensions>
      </trkpt>
      <trkpt lat="22.54985946867778" lon="114.09504297910318">
        <ele>4.409467908553779</ele>
        <time>1970-01-01T00:21:58.700000Z</time>
        <extensions>
          <gpxtpx:TrackPointExtension>
            <gpxtpx:hr>147</gpxtpx:hr>
          </gpxtpx:TrackPointExtension>
        </extensions>
      </trkpt>
      <trkpt lat="22.549847222302272" lon="114.09502053242734">
        <ele>4.5160622568801045</ele>
        <time>1970-01-01T00:21:59.700000Z</time>
        <extensions>
          <gpxtpx:TrackPointExtension>
            <gpxtpx:hr>147</gpxtpx:hr>
          </gpxtpx:TrackPointExtension>
        </extensions>
      </trkpt>
      <trkpt lat="22.549834628356766" lon="114.09499837329697">
        <ele>4.632508027367294</ele>
        <time>1970-01-01T00:22:00.700000Z</time>
        <extensions>
          <gpxtpx:TrackPointExtension>
            <gpxtpx:hr>147</gpxtpx:hr>
          </gpxtpx:TrackPointExtension>
        </extensions>
      </trkpt>
      <trkpt lat="22.549821756382837" lon="114.09497712762129">
        <ele>4.771436254493892</ele>
        <time>1970-01-01T00:22:01.700000Z</time>
        <extensions>
          <gpxtpx:TrackPointExtension>
            <gpxtpx:hr>147</gpxtpx:hr>
          </gpxtpx:TrackPointExtension>
        </extensions>
      </trkpt>
      <trkpt lat="22.5498086280699" lon="114.09495729780286">
        <ele>4.913725324906409</ele>
        <time>1970-01-01T00:22:02.700000Z</time>
        <extensions>
          <gpxtpx:TrackPointExtension>
            <gpxtpx:hr>147</gpxtpx:hr>
          </gpxtpx:TrackPointExtension>
        </extensions>
      </trkpt>
      <trkpt lat="22.549794262033036" lon="114.09493921619668">
        <ele>5.045014783740044</ele>
        <time>1970-01-01T00:22:03.700000Z</time>
        <extensions>
          <gpxtpx:TrackPointExtension>
            <gpxtpx:hr>147</gpxtpx:hr>
          </gpxtpx:TrackPointExtension>
        </extensions>
      </trkpt>
      <trkpt lat="22.54977755090095" lon="114.09492357593751">
        <ele>5.178380618803203</ele>
        <time>1970-01-01T00:22:04.700000Z</time>
        <extensions>
          <gpxtpx:TrackPointExtension>
            <gpxtpx:hr>147</gpxtpx:hr>
          </gpxtpx:TrackPointExtension>
        </extensions>
      </trkpt>
      <trkpt lat="22.549757835086528" lon="114.09491073879539">
        <ele>5.313911142759025</ele>
        <time>1970-01-01T00:22:05.700000Z</time>
        <extensions>
          <gpxtpx:TrackPointExtension>
            <gpxtpx:hr>147</gpxtpx:hr>
          </gpxtpx:TrackPointExtension>
        </extensions>
      </trkpt>
      <trkpt lat="22.549735323482455" lon="114.09490153889263">
        <ele>5.4202617118135095</ele>
        <time>1970-01-01T00:22:06.700000Z</time>
        <extensions>
          <gpxtpx:TrackPointExtension>
            <gpxtpx:hr>150</gpxtpx:hr>
          </gpxtpx:TrackPointExtension>
        </extensions>
      </trkpt>
      <trkpt lat="22.549711047543756" lon="114.09489771635776">
        <ele>5.517041582614183</ele>
        <time>1970-01-01T00:22:07.700000Z</time>
        <extensions>
          <gpxtpx:TrackPointExtension>
            <gpxtpx:hr>150</gpxtpx:hr>
          </gpxtpx:TrackPointExtension>
        </extensions>
      </trkpt>
      <trkpt lat="22.549687006210128" lon="114.09490062368518">
        <ele>5.597892035730183</ele>
        <time>1970-01-01T00:22:08.700000Z</time>
        <extensions>
          <gpxtpx:TrackPointExtension>
            <gpxtpx:hr>150</gpxtpx:hr>
          </gpxtpx:TrackPointExtension>
        </extensions>
      </trkpt>
      <trkpt lat="22.54966524763497" lon="114.09491035423964">
        <ele>5.669060572050512</ele>
        <time>1970-01-01T00:22:09.700000Z</time>
        <extensions>
          <gpxtpx:TrackPointExtension>
            <gpxtpx:hr>150</gpxtpx:hr>
          </gpxtpx:TrackPointExtension>
        </extensions>
      </trkpt>
      <trkpt lat="22.549646613230294" lon="114.09492522890058">
        <ele>5.739751166664064</ele>
        <time>1970-01-01T00:22:10.700000Z</time>
        <extensions>
          <gpxtpx:TrackPointExtension>
            <gpxtpx:hr>150</gpxtpx:hr>
          </gpxtpx:TrackPointExtension>
        </extensions>
      </trkpt>
      <trkpt lat="22.549630806043748" lon="114.09494263292255">
        <ele>5.817884323187172</ele>
        <time>1970-01-01T00:22:11.700000Z</time>
        <extensions>
          <gpxtpx:TrackPointExtension>
            <gpxtpx:hr>150</gpxtpx:hr>
          </gpxtpx:TrackPointExtension>
        </extensions>
      </trkpt>
      <trkpt lat="22.549616228097623" lon="114.09496141429138">
        <ele>5.903117657639086</ele>
        <time>1970-01-01T00:22:12.700000Z</time>
        <extensions>
          <gpxtpx:TrackPointExtension>
            <gpxtpx:hr>150</gpxtpx:hr>
          </gpxtpx:TrackPointExtension>
        </extensions>
      </trkpt>
      <trkpt lat="22.549600961112507" lon="114.09498167850931">
        <ele>5.985746576450765</ele>
        <time>1970-01-01T00:22:13.700000Z</time>
        <extensions>
          <gpxtpx:TrackPointExtension>
            <gpxtpx:hr>151</gpxtpx:hr>
          </gpxtpx:TrackPointExtension>
        </extensions>
      </trkpt>
      <trkpt lat="22.549585489431855" lon="114.09500319366363">
        <ele>6.0656828209757805</ele>
        <time>1970-01-01T00:22:14.700000Z</time>
        <extensions>
          <gpxtpx:TrackPointExtension>
            <gpxtpx:hr>151</gpxtpx:hr>
          </gpxtpx:TrackPointExtension>
        </extensions>
      </trkpt>
      <trkpt lat="22.549570909745892" lon="114.09502535726247">
        <ele>6.162343115545809</ele>
        <time>1970-01-01T00:22:15.700000Z</time>
        <extensions>
          <gpxtpx:TrackPointExtension>
            <gpxtpx:hr>151</gpxtpx:hr>
          </gpxtpx:TrackPointExtension>
        </extensions>
      </trkpt>
      <trkpt lat="22.54955702751751" lon="114.09504802990159">
        <ele>6.242560841143131</ele>
        <time>1970-01-01T00:22:16.700000Z</time>
        <extensions>
          <gpxtpx:TrackPointExtension>
            <gpxtpx:hr>151</gpxtpx:hr>
          </gpxtpx:TrackPointExtension>
        </extensions>
      </trkpt>
      <trkpt lat="22.549543351875236" lon="114.09507126031735">
        <ele>6.341137762181461</ele>
        <time>1970-01-01T00:22:17.700000Z</time>
        <extensions>
          <gpxtpx:TrackPointExtension>
            <gpxtpx:hr>151</gpxtpx:hr>
          </gpxtpx:TrackPointExtension>
        </extensions>
      </trkpt>
      <trkpt lat="22.54952945294968" lon="114.09509399052284">
        <ele>6.458233181387186</ele>
        <time>1970-01-01T00:22:18.700000Z</time>
        <extensions>
          <gpxtpx:TrackPointExtension>
            <gpxtpx:hr>151</gpxtpx:hr>
          </gpxtpx:TrackPointExtension>
        </extensions>
      </trkpt>
      <trkpt lat="22.54951493397102" lon="114.09511496381575">
        <ele>6.586271887645125</ele>
        <time>1970-01-01T00:22:19.700000Z</time>
        <extensions>
          <gpxtpx:TrackPointExtension>
            <gpxtpx:hr>151</gpxtpx:hr>
          </gpxtpx:TrackPointExtension>
        </extensions>
      </trkpt>
      <trkpt lat="22.549498907695348" lon="114.09513424434452">
        <ele>6.728879394009709</ele>
        <time>1970-01-01T00:22:20.700000Z</time>
        <extensions>
          <gpxtpx:TrackPointExtension>
            <gpxtpx:hr>151</gpxtpx:hr>
          </gpxtpx:TrackPointExtension>
        </extensions>
      </trkpt>
      <trkpt lat="22.549480460912687" lon="114.0951523017633">
        <ele>6.873292183503509</ele>
        <time>1970-01-01T00:22:21.700000Z</time>
        <extensions>
          <gpxtpx:TrackPointExtension>
            <gpxtpx:hr>151</gpxtpx:hr>
          </gpxtpx:TrackPointExtension>
        </extensions>
      </trkpt>
      <trkpt lat="22.549459824371493" lon="114.09516836300591">
        <ele>7.010264690965414</ele>
        <time>1970-01-01T00:22:22.700000Z</time>
        <extensions>
          <gpxtpx:TrackPointExtension>
            <gpxtpx:hr>151</gpxtpx:hr>
          </gpxtpx:TrackPointExtension>
        </extensions>
      </trkpt>
      <trkpt lat="22.549437601021875" lon="114.0951819523812">
        <ele>7.145428675226867</ele>
        <time>1970-01-01T00:22:23.700000Z</time>
        <extensions>
          <gpxtpx:TrackPointExtension>
            <gpxtpx:hr>149</gpxtpx:hr>
          </gpxtpx:TrackPointExtension>
        </extensions>
      </trkpt>
      <trkpt lat="22.54941449671853" lon="114.095193758586">
        <ele>7.2611703192815185</ele>
        <time>1970-01-01T00:22:24.700000Z</time>
        <extensions>
          <gpxtpx:TrackPointExtension>
            <gpxtpx:hr>149</gpxtpx:hr>
          </gpxtpx:TrackPointExtension>
        </extensions>
      </trkpt>
      <trkpt lat="22.54939125675578" lon="114.09520453605114">
        <ele>7.355651159770787</ele>
        <time>1970-01-01T00:22:25.700000Z</time>
        <extensions>
          <gpxtpx:TrackPointExtension>
            <gpxtpx:hr>149</gpxtpx:hr>
          </gpxtpx:TrackPointExtension>
        </extensions>
      </trkpt>
      <trkpt lat="22.549368604302682" lon="114.09521520276115">
        <ele>7.435032496228814</ele>
        <time>1970-01-01T00:22:26.700000Z</time>
        <extensions>
          <gpxtpx:TrackPointExtension>
            <gpxtpx:hr>149</gpxtpx:hr>
          </gpxtpx:TrackPointExtension>
        </extensions>
      </trkpt>
      <trkpt lat="22.549346639575116" lon="114.09522662601024">
        <ele>7.487002384848893</ele>
        <time>1970-01-01T00:22:27.700000Z</time>
        <extensions>
          <gpxtpx:TrackPointExtension>
            <gpxtpx:hr>149</gpxtpx:hr>
          </gpxtpx:TrackPointExtension>
        </extensions>
      </trkpt>
      <trkpt lat="22.549325413510996" lon="114.09523925465146">
        <ele>7.5317113539204</ele>
        <time>1970-01-01T00:22:28.700000Z</time>
        <extensions>
          <gpxtpx:TrackPointExtension>
            <gpxtpx:hr>149</gpxtpx:hr>
          </gpxtpx:TrackPointExtension>
        </extensions>
      </trkpt>
      <trkpt lat="22.54930460729912" lon="114.09525294928847">
        <ele>7.54937089048326</ele>
        <time>1970-01-01T00:22:29.700000Z</time>
        <extensions>
          <gpxtpx:TrackPointExtension>
            <gpxtpx:hr>149</gpxtpx:hr>
          </gpxtpx:TrackPointExtension>
        </extensions>
      </trkpt>
      <trkpt lat="22.549283277183466" lon="114.09526740457073">
        <ele>7.523816956207156</ele>
        <time>1970-01-01T00:22:30.700000Z</time>
        <extensions>
          <gpxtpx:TrackPointExtension>
            <gpxtpx:hr>149</gpxtpx:hr>
          </gpxtpx:TrackPointExtension>
        </extensions>
      </trkpt>
      <trkpt lat="22.549261391318755" lon="114.09528252967739">
        <ele>7.4954634783789515</ele>
        <time>1970-01-01T00:22:31.700000Z</time>
        <extensions>
          <gpxtpx:TrackPointExtension>
            <gpxtpx:hr>149</gpxtpx:hr>
          </gpxtpx:TrackPointExtension>
        </extensions>
      </trkpt>
      <trkpt lat="22.549239672622097" lon="114.09529832054443">
        <ele>7.436625777743757</ele>
        <time>1970-01-01T00:22:32.700000Z</time>
        <extensions>
          <gpxtpx:TrackPointExtension>
            <gpxtpx:hr>149</gpxtpx:hr>
          </gpxtpx:TrackPointExtension>
        </extensions>
      </trkpt>
      <trkpt lat="22.549218484466078" lon="114.09531464557526">
        <ele>7.354416945949197</ele>
        <time>1970-01-01T00:22:33.700000Z</time>
        <extensions>
          <gpxtpx:TrackPointExtension>
            <gpxtpx:hr>149</gpxtpx:hr>
          </gpxtpx:TrackPointExtension>
        </extensions>
      </trkpt>
      <trkpt lat="22.549197458847388" lon="114.0953311937169">
        <ele>7.271807594224811</ele>
        <time>1970-01-01T00:22:34.700000Z</time>
        <extensions>
          <gpxtpx:TrackPointExtension>
            <gpxtpx:hr>149</gpxtpx:hr>
          </gpxtpx:TrackPointExtension>
        </extensions>
      </trkpt>
      <trkpt lat="22.54917643188207" lon="114.09534787963553">
        <ele>7.1686393758282065</ele>
        <time>1970-01-01T00:22:35.700000Z</time>
        <extensions>
          <gpxtpx:TrackPointExtension>
            <gpxtpx:hr>149</gpxtpx:hr>
          </gpxtpx:TrackPointExtension>
        </extensions>
      </trkpt>
      <trkpt lat="22.54915545424813" lon="114.09536456065592">
        <ele>7.044372136704624</ele>
        <time>1970-01-01T00:22:36.700000Z</time>
        <extensions>
          <gpxtpx:TrackPointExtension>
            <gpxtpx:hr>149</gpxtpx:hr>
          </gpxtpx:TrackPointExtension>
        </extensions>
      </trkpt>
      <trkpt lat="22.549134141118643" lon="114.09538105396746">
        <ele>6.887005213648081</ele>
        <time>1970-01-01T00:22:37.700000Z</time>
        <extensions>
          <gpxtpx:TrackPointExtension>
            <gpxtpx:hr>153</gpxtpx:hr>
          </gpxtpx:TrackPointExtension>
        </extensions>
      </trkpt>
      <trkpt lat="22.549113008034855" lon="114.09539766884349">
        <ele>6.746295713819563</ele>
        <time>1970-01-01T00:22:38.700000Z</time>
        <extensions>
          <gpxtpx:TrackPointExtension>
            <gpxtpx:hr>153</gpxtpx:hr>
          </gpxtpx:TrackPointExtension>
        </extensions>
      </trkpt>
      <trkpt lat="22.549092280532385" lon="114.09541443065237">
        <ele>6.603472352959216</ele>
        <time>1970-01-01T00:22:39.700000Z</time>
        <extensions>
          <gpxtpx:TrackPointExtension>
            <gpxtpx:hr>153</gpxtpx:hr>
          </gpxtpx:TrackPointExtension>
        </extensions>
      </trkpt>
      <trkpt lat="22.549071887106034" lon="114.09543067300876">
        <ele>6.5268167443573475</ele>
        <time>1970-01-01T00:22:40.700000Z</time>
        <extensions>
          <gpxtpx:TrackPointExtension>
            <gpxtpx:hr>153</gpxtpx:hr>
          </gpxtpx:TrackPointExtension>
        </extensions>
      </trkpt>
      <trkpt lat="22.549051843697047" lon="114.09544673532115">
        <ele>6.477368935011327</ele>
        <time>1970-01-01T00:22:41.700000Z</time>
        <extensions>
          <gpxtpx:TrackPointExtension>
            <gpxtpx:hr>153</gpxtpx:hr>
          </gpxtpx:TrackPointExtension>
        </extensions>
      </trkpt>
      <trkpt lat="22.54903221166964" lon="114.09546328498332">
        <ele>6.417231136932969</ele>
        <time>1970-01-01T00:22:42.700000Z</time>
        <extensions>
          <gpxtpx:TrackPointExtension>
            <gpxtpx:hr>153</gpxtpx:hr>
          </gpxtpx:TrackPointExtension>
        </extensions>
      </trkpt>
      <trkpt lat="22.549013095524995" lon="114.09547985317825">
        <ele>6.341455276124179</ele>
        <time>1970-01-01T00:22:43.700000Z</time>
        <extensions>
          <gpxtpx:TrackPointExtension>
            <gpxtpx:hr>154</gpxtpx:hr>
          </gpxtpx:TrackPointExtension>
        </extensions>
      </trkpt>
      <trkpt lat="22.548994173627705" lon="114.09549577065411">
        <ele>6.224038865417242</ele>
        <time>1970-01-01T00:22:44.700000Z</time>
        <extensions>
          <gpxtpx:TrackPointExtension>
            <gpxtpx:hr>154</gpxtpx:hr>
          </gpxtpx:TrackPointExtension>
        </extensions>
      </trkpt>
      <trkpt lat="22.548974917656754" lon="114.09551110938972">
        <ele>6.079901838675141</ele>
        <time>1970-01-01T00:22:45.700000Z</time>
        <extensions>
          <gpxtpx:TrackPointExtension>
            <gpxtpx:hr>154</gpxtpx:hr>
          </gpxtpx:TrackPointExtension>
        </extensions>
      </trkpt>
      <trkpt lat="22.54895478891261" lon="114.09552575332488">
        <ele>5.9115531435236335</ele>
        <time>1970-01-01T00:22:46.700000Z</time>
        <extensions>
          <gpxtpx:TrackPointExtension>
            <gpxtpx:hr>154</gpxtpx:hr>
          </gpxtpx:TrackPointExtension>
        </extensions>
      </trkpt>
      <trkpt lat="22.54893424424579" lon="114.09553928049156">
        <ele>5.7289301212877035</ele>
        <time>1970-01-01T00:22:47.700000Z</time>
        <extensions>
          <gpxtpx:TrackPointExtension>
            <gpxtpx:hr>154</gpxtpx:hr>
          </gpxtpx:TrackPointExtension>
        </extensions>
      </trkpt>
      <trkpt lat="22.548914479270177" lon="114.09555102954899">
        <ele>5.50674582272768</ele>
        <time>1970-01-01T00:22:48.700000Z</time>
        <extensions>
          <gpxtpx:TrackPointExtension>
            <gpxtpx:hr>154</gpxtpx:hr>
          </gpxtpx:TrackPointExtension>
        </extensions>
      </trkpt>
      <trkpt lat="22.548895496712742" lon="114.0955610009827">
        <ele>5.264962714165449</ele>
        <time>1970-01-01T00:22:49.700000Z</time>
        <extensions>
          <gpxtpx:TrackPointExtension>
            <gpxtpx:hr>154</gpxtpx:hr>
          </gpxtpx:TrackPointExtension>
        </extensions>
      </trkpt>
      <trkpt lat="22.54887830062406" lon="114.09556967841586">
        <ele>5.020972375757992</ele>
        <time>1970-01-01T00:22:50.700000Z</time>
        <extensions>
          <gpxtpx:TrackPointExtension>
            <gpxtpx:hr>154</gpxtpx:hr>
          </gpxtpx:TrackPointExtension>
        </extensions>
      </trkpt>
      <trkpt lat="22.548863872003018" lon="114.09557677412903">
        <ele>4.733933410607278</ele>
        <time>1970-01-01T00:22:51.700000Z</time>
        <extensions>
          <gpxtpx:TrackPointExtension>
            <gpxtpx:hr>154</gpxtpx:hr>
          </gpxtpx:TrackPointExtension>
        </extensions>
      </trkpt>
      <trkpt lat="22.548850982053477" lon="114.09558175239641">
        <ele>4.40977515373379</ele>
        <time>1970-01-01T00:22:52.700000Z</time>
        <extensions>
          <gpxtpx:TrackPointExtension>
            <gpxtpx:hr>154</gpxtpx:hr>
          </gpxtpx:TrackPointExtension>
        </extensions>
      </trkpt>
      <trkpt lat="22.548838013055136" lon="114.09558535211843">
        <ele>4.073027083650231</ele>
        <time>1970-01-01T00:22:53.700000Z</time>
        <extensions>
          <gpxtpx:TrackPointExtension>
            <gpxtpx:hr>154</gpxtpx:hr>
          </gpxtpx:TrackPointExtension>
        </extensions>
      </trkpt>
      <trkpt lat="22.548824820673047" lon="114.09558942387321">
        <ele>3.704643251374364</ele>
        <time>1970-01-01T00:22:54.700000Z</time>
        <extensions>
          <gpxtpx:TrackPointExtension>
            <gpxtpx:hr>154</gpxtpx:hr>
          </gpxtpx:TrackPointExtension>
        </extensions>
      </trkpt>
      <trkpt lat="22.548811258799784" lon="114.0955947230336">
        <ele>3.345761613920331</ele>
        <time>1970-01-01T00:22:55.700000Z</time>
        <extensions>
          <gpxtpx:TrackPointExtension>
            <gpxtpx:hr>154</gpxtpx:hr>
          </gpxtpx:TrackPointExtension>
        </extensions>
      </trkpt>
      <trkpt lat="22.548796440133998" lon="114.0956009701648">
        <ele>3.017911004833877</ele>
        <time>1970-01-01T00:22:56.700000Z</time>
        <extensions>
          <gpxtpx:TrackPointExtension>
            <gpxtpx:hr>154</gpxtpx:hr>
          </gpxtpx:TrackPointExtension>
        </extensions>
      </trkpt>
      <trkpt lat="22.54878012911896" lon="114.09560781448472">
        <ele>2.7128400783985853</ele>
        <time>1970-01-01T00:22:57.700000Z</time>
        <extensions>
          <gpxtpx:TrackPointExtension>
            <gpxtpx:hr>153</gpxtpx:hr>
          </gpxtpx:TrackPointExtension>
        </extensions>
      </trkpt>
      <trkpt lat="22.54876213341813" lon="114.0956159079963">
        <ele>2.4759915620088577</ele>
        <time>1970-01-01T00:22:58.700000Z</time>
        <extensions>
          <gpxtpx:TrackPointExtension>
            <gpxtpx:hr>153</gpxtpx:hr>
          </gpxtpx:TrackPointExtension>
        </extensions>
      </trkpt>
      <trkpt lat="22.548740311241673" lon="114.09562733412496">
        <ele>2.3151510171592236</ele>
        <time>1970-01-01T00:22:59.700000Z</time>
        <extensions>
          <gpxtpx:TrackPointExtension>
            <gpxtpx:hr>153</gpxtpx:hr>
          </gpxtpx:TrackPointExtension>
        </extensions>
      </trkpt>
      <trkpt lat="22.548714255691554" lon="114.09564227102094">
        <ele>2.2200741497799754</ele>
        <time>1970-01-01T00:23:00.700000Z</time>
        <extensions>
          <gpxtpx:TrackPointExtension>
            <gpxtpx:hr>153</gpxtpx:hr>
          </gpxtpx:TrackPointExtension>
        </extensions>
      </trkpt>
      <trkpt lat="22.5486871854213" lon="114.09565860307268">
        <ele>2.1828730134293437</ele>
        <time>1970-01-01T00:23:01.700000Z</time>
        <extensions>
          <gpxtpx:TrackPointExtension>
            <gpxtpx:hr>153</gpxtpx:hr>
          </gpxtpx:TrackPointExtension>
        </extensions>
      </trkpt>
      <trkpt lat="22.5486615509437" lon="114.0956745449487">
        <ele>2.2079904060810804</ele>
        <time>1970-01-01T00:23:02.700000Z</time>
        <extensions>
          <gpxtpx:TrackPointExtension>
            <gpxtpx:hr>153</gpxtpx:hr>
          </gpxtpx:TrackPointExtension>
        </extensions>
      </trkpt>
      <trkpt lat="22.548637067794964" lon="114.09568942733651">
        <ele>2.2718842597678304</ele>
        <time>1970-01-01T00:23:03.700000Z</time>
        <extensions>
          <gpxtpx:TrackPointExtension>
            <gpxtpx:hr>153</gpxtpx:hr>
          </gpxtpx:TrackPointExtension>
        </extensions>
      </trkpt>
      <trkpt lat="22.548612279643244" lon="114.0957030328018">
        <ele>2.379162355326116</ele>
        <time>1970-01-01T00:23:04.700000Z</time>
        <extensions>
          <gpxtpx:TrackPointExtension>
            <gpxtpx:hr>153</gpxtpx:hr>
          </gpxtpx:TrackPointExtension>
        </extensions>
      </trkpt>
      <trkpt lat="22.548586482576653" lon="114.0957151056252">
        <ele>2.517485762014985</ele>
        <time>1970-01-01T00:23:05.700000Z</time>
        <extensions>
          <gpxtpx:TrackPointExtension>
            <gpxtpx:hr>153</gpxtpx:hr>
          </gpxtpx:TrackPointExtension>
        </extensions>
      </trkpt>
      <trkpt lat="22.548559598144966" lon="114.09572614102909">
        <ele>2.6800780510529876</ele>
        <time>1970-01-01T00:23:06.700000Z</time>
        <extensions>
          <gpxtpx:TrackPointExtension>
            <gpxtpx:hr>153</gpxtpx:hr>
          </gpxtpx:TrackPointExtension>
        </extensions>
      </trkpt>
      <trkpt lat="22.548532295375566" lon="114.09573639496547">
        <ele>2.8579533332958817</ele>
        <time>1970-01-01T00:23:07.700000Z</time>
        <extensions>
          <gpxtpx:TrackPointExtension>
            <gpxtpx:hr>153</gpxtpx:hr>
          </gpxtpx:TrackPointExtension>
        </extensions>
      </trkpt>
      <trkpt lat="22.54850500380257" lon="114.09574573127328">
        <ele>3.0374715542420745</ele>
        <time>1970-01-01T00:23:08.700000Z</time>
        <extensions>
          <gpxtpx:TrackPointExtension>
            <gpxtpx:hr>153</gpxtpx:hr>
          </gpxtpx:TrackPointExtension>
        </extensions>
      </trkpt>
      <trkpt lat="22.548478102660145" lon="114.09575402327111">
        <ele>3.2048057541251183</ele>
        <time>1970-01-01T00:23:09.700000Z</time>
        <extensions>
          <gpxtpx:TrackPointExtension>
            <gpxtpx:hr>153</gpxtpx:hr>
          </gpxtpx:TrackPointExtension>
        </extensions>
      </trkpt>
      <trkpt lat="22.548451633646543" lon="114.09576136272732">
        <ele>3.3905101409181952</ele>
        <time>1970-01-01T00:23:10.700000Z</time>
        <extensions>
          <gpxtpx:TrackPointExtension>
            <gpxtpx:hr>153</gpxtpx:hr>
          </gpxtpx:TrackPointExtension>
        </extensions>
      </trkpt>
      <trkpt lat="22.54842547614411" lon="114.09576794363669">
        <ele>3.5776861095800996</ele>
        <time>1970-01-01T00:23:11.700000Z</time>
        <extensions>
          <gpxtpx:TrackPointExtension>
            <gpxtpx:hr>153</gpxtpx:hr>
          </gpxtpx:TrackPointExtension>
        </extensions>
      </trkpt>
      <trkpt lat="22.548400435769384" lon="114.09577380707586">
        <ele>3.747611786238849</ele>
        <time>1970-01-01T00:23:12.700000Z</time>
        <extensions>
          <gpxtpx:TrackPointExtension>
            <gpxtpx:hr>153</gpxtpx:hr>
          </gpxtpx:TrackPointExtension>
        </extensions>
      </trkpt>
      <trkpt lat="22.548376554614975" lon="114.09577937396753">
        <ele>3.921621708199382</ele>
        <time>1970-01-01T00:23:13.700000Z</time>
        <extensions>
          <gpxtpx:TrackPointExtension>
            <gpxtpx:hr>153</gpxtpx:hr>
          </gpxtpx:TrackPointExtension>
        </extensions>
      </trkpt>
      <trkpt lat="22.548352715008267" lon="114.09578609211535">
        <ele>4.090071924030781</ele>
        <time>1970-01-01T00:23:14.700000Z</time>
        <extensions>
          <gpxtpx:TrackPointExtension>
            <gpxtpx:hr>153</gpxtpx:hr>
          </gpxtpx:TrackPointExtension>
        </extensions>
      </trkpt>
      <trkpt lat="22.54832840316927" lon="114.09579550478092">
        <ele>4.23758761305362</ele>
        <time>1970-01-01T00:23:15.700000Z</time>
        <extensions>
          <gpxtpx:TrackPointExtension>
            <gpxtpx:hr>153</gpxtpx:hr>
          </gpxtpx:TrackPointExtension>
        </extensions>
      </trkpt>
      <trkpt lat="22.548304949799057" lon="114.09580853047494">
        <ele>4.347705604508519</ele>
        <time>1970-01-01T00:23:16.700000Z</time>
        <extensions>
          <gpxtpx:TrackPointExtension>
            <gpxtpx:hr>153</gpxtpx:hr>
          </gpxtpx:TrackPointExtension>
        </extensions>
      </trkpt>
      <trkpt lat="22.548283307247868" lon="114.09582474462164">
        <ele>4.478469216264784</ele>
        <time>1970-01-01T00:23:17.700000Z</time>
        <extensions>
          <gpxtpx:TrackPointExtension>
            <gpxtpx:hr>153</gpxtpx:hr>
          </gpxtpx:TrackPointExtension>
        </extensions>
      </trkpt>
      <trkpt lat="22.548262854658667" lon="114.09584315551385">
        <ele>4.6014083893969655</ele>
        <time>1970-01-01T00:23:18.700000Z</time>
        <extensions>
          <gpxtpx:TrackPointExtension>
            <gpxtpx:hr>153</gpxtpx:hr>
          </gpxtpx:TrackPointExtension>
        </extensions>
      </trkpt>
      <trkpt lat="22.54824369948766" lon="114.09586305074536">
        <ele>4.699461083859205</ele>
        <time>1970-01-01T00:23:19.700000Z</time>
        <extensions>
          <gpxtpx:TrackPointExtension>
            <gpxtpx:hr>153</gpxtpx:hr>
          </gpxtpx:TrackPointExtension>
        </extensions>
      </trkpt>
      <trkpt lat="22.548225824346215" lon="114.09588378725277">
        <ele>4.7928385669365525</ele>
        <time>1970-01-01T00:23:20.700000Z</time>
        <extensions>
          <gpxtpx:TrackPointExtension>
            <gpxtpx:hr>154</gpxtpx:hr>
          </gpxtpx:TrackPointExtension>
        </extensions>
      </trkpt>
      <trkpt lat="22.548208504105045" lon="114.09590502833422">
        <ele>4.866693567484617</ele>
        <time>1970-01-01T00:23:21.700000Z</time>
        <extensions>
          <gpxtpx:TrackPointExtension>
            <gpxtpx:hr>154</gpxtpx:hr>
          </gpxtpx:TrackPointExtension>
        </extensions>
      </trkpt>
      <trkpt lat="22.548190737561633" lon="114.095926053277">
        <ele>4.930726520717144</ele>
        <time>1970-01-01T00:23:22.700000Z</time>
        <extensions>
          <gpxtpx:TrackPointExtension>
            <gpxtpx:hr>154</gpxtpx:hr>
          </gpxtpx:TrackPointExtension>
        </extensions>
      </trkpt>
      <trkpt lat="22.5481718213616" lon="114.09594621934006">
        <ele>4.958741434849799</ele>
        <time>1970-01-01T00:23:23.700000Z</time>
        <extensions>
          <gpxtpx:TrackPointExtension>
            <gpxtpx:hr>154</gpxtpx:hr>
          </gpxtpx:TrackPointExtension>
        </extensions>
      </trkpt>
      <trkpt lat="22.548151746392165" lon="114.09596515533316">
        <ele>4.968576600775123</ele>
        <time>1970-01-01T00:23:24.700000Z</time>
        <extensions>
          <gpxtpx:TrackPointExtension>
            <gpxtpx:hr>154</gpxtpx:hr>
          </gpxtpx:TrackPointExtension>
        </extensions>
      </trkpt>
      <trkpt lat="22.548130548654555" lon="114.09598222594278">
        <ele>4.962351405993104</ele>
        <time>1970-01-01T00:23:25.700000Z</time>
        <extensions>
          <gpxtpx:TrackPointExtension>
            <gpxtpx:hr>154</gpxtpx:hr>
          </gpxtpx:TrackPointExtension>
        </extensions>
      </trkpt>
      <trkpt lat="22.548108651148873" lon="114.09599669041992">
        <ele>4.956863397732377</ele>
        <time>1970-01-01T00:23:26.700000Z</time>
        <extensions>
          <gpxtpx:TrackPointExtension>
            <gpxtpx:hr>154</gpxtpx:hr>
          </gpxtpx:TrackPointExtension>
        </extensions>
      </trkpt>
      <trkpt lat="22.548086383880374" lon="114.09600877272939">
        <ele>4.968366793356836</ele>
        <time>1970-01-01T00:23:27.700000Z</time>
        <extensions>
          <gpxtpx:TrackPointExtension>
            <gpxtpx:hr>154</gpxtpx:hr>
          </gpxtpx:TrackPointExtension>
        </extensions>
      </trkpt>
      <trkpt lat="22.548063978630797" lon="114.09601998313308">
        <ele>4.9925892278552055</ele>
        <time>1970-01-01T00:23:28.700000Z</time>
        <extensions>
          <gpxtpx:TrackPointExtension>
            <gpxtpx:hr>154</gpxtpx:hr>
          </gpxtpx:TrackPointExtension>
        </extensions>
      </trkpt>
      <trkpt lat="22.548041204767134" lon="114.09603136606566">
        <ele>5.020314900204539</ele>
        <time>1970-01-01T00:23:29.700000Z</time>
        <extensions>
          <gpxtpx:TrackPointExtension>
            <gpxtpx:hr>154</gpxtpx:hr>
          </gpxtpx:TrackPointExtension>
        </extensions>
      </trkpt>
      <trkpt lat="22.54801744814904" lon="114.09604228116754">
        <ele>5.068310763686895</ele>
        <time>1970-01-01T00:23:30.700000Z</time>
        <extensions>
          <gpxtpx:TrackPointExtension>
            <gpxtpx:hr>154</gpxtpx:hr>
          </gpxtpx:TrackPointExtension>
        </extensions>
      </trkpt>
      <trkpt lat="22.547993171038303" lon="114.09605202377503">
        <ele>5.12886777985841</ele>
        <time>1970-01-01T00:23:31.700000Z</time>
        <extensions>
          <gpxtpx:TrackPointExtension>
            <gpxtpx:hr>154</gpxtpx:hr>
          </gpxtpx:TrackPointExtension>
        </extensions>
      </trkpt>
      <trkpt lat="22.547969748585434" lon="114.09606057424399">
        <ele>5.19144796486944</ele>
        <time>1970-01-01T00:23:32.700000Z</time>
        <extensions>
          <gpxtpx:TrackPointExtension>
            <gpxtpx:hr>155</gpxtpx:hr>
          </gpxtpx:TrackPointExtension>
        </extensions>
      </trkpt>
      <trkpt lat="22.54794842743208" lon="114.09606837643018">
        <ele>5.245317013002932</ele>
        <time>1970-01-01T00:23:33.700000Z</time>
        <extensions>
          <gpxtpx:TrackPointExtension>
            <gpxtpx:hr>155</gpxtpx:hr>
          </gpxtpx:TrackPointExtension>
        </extensions>
      </trkpt>
      <trkpt lat="22.54792752186129" lon="114.09607601396914">
        <ele>5.329500910826027</ele>
        <time>1970-01-01T00:23:34.700000Z</time>
        <extensions>
          <gpxtpx:TrackPointExtension>
            <gpxtpx:hr>155</gpxtpx:hr>
          </gpxtpx:TrackPointExtension>
        </extensions>
      </trkpt>
      <trkpt lat="22.547903387194822" lon="114.09608396642932">
        <ele>5.417564570903778</ele>
        <time>1970-01-01T00:23:35.700000Z</time>
        <extensions>
          <gpxtpx:TrackPointExtension>
            <gpxtpx:hr>155</gpxtpx:hr>
          </gpxtpx:TrackPointExtension>
        </extensions>
      </trkpt>
      <trkpt lat="22.547875947727857" lon="114.096093068543">
        <ele>5.496287071146071</ele>
        <time>1970-01-01T00:23:36.700000Z</time>
        <extensions>
          <gpxtpx:TrackPointExtension>
            <gpxtpx:hr>155</gpxtpx:hr>
          </gpxtpx:TrackPointExtension>
        </extensions>
      </trkpt>
      <trkpt lat="22.547848512785148" lon="114.09610335046136">
        <ele>5.5749197863042355</ele>
        <time>1970-01-01T00:23:37.700000Z</time>
        <extensions>
          <gpxtpx:TrackPointExtension>
            <gpxtpx:hr>155</gpxtpx:hr>
          </gpxtpx:TrackPointExtension>
        </extensions>
      </trkpt>
      <trkpt lat="22.54782335567641" lon="114.09611404927068">
        <ele>5.641862964257598</ele>
        <time>1970-01-01T00:23:38.700000Z</time>
        <extensions>
          <gpxtpx:TrackPointExtension>
            <gpxtpx:hr>155</gpxtpx:hr>
          </gpxtpx:TrackPointExtension>
        </extensions>
      </trkpt>
      <trkpt lat="22.547800058789992" lon="114.09612501443135">
        <ele>5.706220190040767</ele>
        <time>1970-01-01T00:23:39.700000Z</time>
        <extensions>
          <gpxtpx:TrackPointExtension>
            <gpxtpx:hr>155</gpxtpx:hr>
          </gpxtpx:TrackPointExtension>
        </extensions>
      </trkpt>
      <trkpt lat="22.547776882973157" lon="114.09613646780616">
        <ele>5.759044284000993</ele>
        <time>1970-01-01T00:23:40.700000Z</time>
        <extensions>
          <gpxtpx:TrackPointExtension>
            <gpxtpx:hr>155</gpxtpx:hr>
          </gpxtpx:TrackPointExtension>
        </extensions>
      </trkpt>
      <trkpt lat="22.547753243311284" lon="114.09614810788598">
        <ele>5.779951848089695</ele>
        <time>1970-01-01T00:23:41.700000Z</time>
        <extensions>
          <gpxtpx:TrackPointExtension>
            <gpxtpx:hr>155</gpxtpx:hr>
          </gpxtpx:TrackPointExtension>
        </extensions>
      </trkpt>
      <trkpt lat="22.54772954533649" lon="114.09615938475906">
        <ele>5.787570312619209</ele>
        <time>1970-01-01T00:23:42.700000Z</time>
        <extensions>
          <gpxtpx:TrackPointExtension>
            <gpxtpx:hr>155</gpxtpx:hr>
          </gpxtpx:TrackPointExtension>
        </extensions>
      </trkpt>
      <trkpt lat="22.547706619674287" lon="114.09616999933228">
        <ele>5.793542707338929</ele>
        <time>1970-01-01T00:23:43.700000Z</time>
        <extensions>
          <gpxtpx:TrackPointExtension>
            <gpxtpx:hr>155</gpxtpx:hr>
          </gpxtpx:TrackPointExtension>
        </extensions>
      </trkpt>
      <trkpt lat="22.54768449383514" lon="114.09618008634646">
        <ele>5.773003229871392</ele>
        <time>1970-01-01T00:23:44.700000Z</time>
        <extensions>
          <gpxtpx:TrackPointExtension>
            <gpxtpx:hr>155</gpxtpx:hr>
          </gpxtpx:TrackPointExtension>
        </extensions>
      </trkpt>
      <trkpt lat="22.54766304769547" lon="114.09618979157139">
        <ele>5.743097483180463</ele>
        <time>1970-01-01T00:23:45.700000Z</time>
        <extensions>
          <gpxtpx:TrackPointExtension>
            <gpxtpx:hr>155</gpxtpx:hr>
          </gpxtpx:TrackPointExtension>
        </extensions>
      </trkpt>
      <trkpt lat="22.547642311335032" lon="114.09619974752017">
        <ele>5.696887688711286</ele>
        <time>1970-01-01T00:23:46.700000Z</time>
        <extensions>
          <gpxtpx:TrackPointExtension>
            <gpxtpx:hr>156</gpxtpx:hr>
          </gpxtpx:TrackPointExtension>
        </extensions>
      </trkpt>
      <trkpt lat="22.547621830525237" lon="114.09621083013117">
        <ele>5.634554805234075</ele>
        <time>1970-01-01T00:23:47.700000Z</time>
        <extensions>
          <gpxtpx:TrackPointExtension>
            <gpxtpx:hr>156</gpxtpx:hr>
          </gpxtpx:TrackPointExtension>
        </extensions>
      </trkpt>
      <trkpt lat="22.54760067745228" lon="114.09622317679718">
        <ele>5.581961760297418</ele>
        <time>1970-01-01T00:23:48.700000Z</time>
        <extensions>
          <gpxtpx:TrackPointExtension>
            <gpxtpx:hr>156</gpxtpx:hr>
          </gpxtpx:TrackPointExtension>
        </extensions>
      </trkpt>
      <trkpt lat="22.547578792651365" lon="114.09623617300159">
        <ele>5.5245507983490825</ele>
        <time>1970-01-01T00:23:49.700000Z</time>
        <extensions>
          <gpxtpx:TrackPointExtension>
            <gpxtpx:hr>156</gpxtpx:hr>
          </gpxtpx:TrackPointExtension>
        </extensions>
      </trkpt>
      <trkpt lat="22.54755744325857" lon="114.09624941420029">
        <ele>5.488609992899001</ele>
        <time>1970-01-01T00:23:50.700000Z</time>
        <extensions>
          <gpxtpx:TrackPointExtension>
            <gpxtpx:hr>157</gpxtpx:hr>
          </gpxtpx:TrackPointExtension>
        </extensions>
      </trkpt>
      <trkpt lat="22.54753708398226" lon="114.09626259726228">
        <ele>5.475260091945529</ele>
        <time>1970-01-01T00:23:51.700000Z</time>
        <extensions>
          <gpxtpx:TrackPointExtension>
            <gpxtpx:hr>157</gpxtpx:hr>
          </gpxtpx:TrackPointExtension>
        </extensions>
      </trkpt>
      <trkpt lat="22.547517287997643" lon="114.09627539738867">
        <ele>5.469475403428078</ele>
        <time>1970-01-01T00:23:52.700000Z</time>
        <extensions>
          <gpxtpx:TrackPointExtension>
            <gpxtpx:hr>157</gpxtpx:hr>
          </gpxtpx:TrackPointExtension>
        </extensions>
      </trkpt>
      <trkpt lat="22.547497436133348" lon="114.09628700908958">
        <ele>5.494820569641888</ele>
        <time>1970-01-01T00:23:53.700000Z</time>
        <extensions>
          <gpxtpx:TrackPointExtension>
            <gpxtpx:hr>157</gpxtpx:hr>
          </gpxtpx:TrackPointExtension>
        </extensions>
      </trkpt>
      <trkpt lat="22.54747668520572" lon="114.0962971461196">
        <ele>5.542855028063059</ele>
        <time>1970-01-01T00:23:54.700000Z</time>
        <extensions>
          <gpxtpx:TrackPointExtension>
            <gpxtpx:hr>157</gpxtpx:hr>
          </gpxtpx:TrackPointExtension>
        </extensions>
      </trkpt>
      <trkpt lat="22.547454877543917" lon="114.09630602267514">
        <ele>5.617882678285241</ele>
        <time>1970-01-01T00:23:55.700000Z</time>
        <extensions>
          <gpxtpx:TrackPointExtension>
            <gpxtpx:hr>157</gpxtpx:hr>
          </gpxtpx:TrackPointExtension>
        </extensions>
      </trkpt>
      <trkpt lat="22.547431862678753" lon="114.09631405519806">
        <ele>5.709384774789214</ele>
        <time>1970-01-01T00:23:56.700000Z</time>
        <extensions>
          <gpxtpx:TrackPointExtension>
            <gpxtpx:hr>157</gpxtpx:hr>
          </gpxtpx:TrackPointExtension>
        </extensions>
      </trkpt>
      <trkpt lat="22.547407981395445" lon="114.09632152782568">
        <ele>5.799087276682258</ele>
        <time>1970-01-01T00:23:57.700000Z</time>
        <extensions>
          <gpxtpx:TrackPointExtension>
            <gpxtpx:hr>157</gpxtpx:hr>
          </gpxtpx:TrackPointExtension>
        </extensions>
      </trkpt>
      <trkpt lat="22.54738322208861" lon="114.09632782248065">
        <ele>5.919792083092034</ele>
        <time>1970-01-01T00:23:58.700000Z</time>
        <extensions>
          <gpxtpx:TrackPointExtension>
            <gpxtpx:hr>157</gpxtpx:hr>
          </gpxtpx:TrackPointExtension>
        </extensions>
      </trkpt>
      <trkpt lat="22.547357540000366" lon="114.09633286972249">
        <ele>6.050146118737757</ele>
        <time>1970-01-01T00:23:59.700000Z</time>
        <extensions>
          <gpxtpx:TrackPointExtension>
            <gpxtpx:hr>157</gpxtpx:hr>
          </gpxtpx:TrackPointExtension>
        </extensions>
      </trkpt>
      <trkpt lat="22.547331445477983" lon="114.09633681596296">
        <ele>6.186496929265559</ele>
        <time>1970-01-01T00:24:00.700000Z</time>
        <extensions>
          <gpxtpx:TrackPointExtension>
            <gpxtpx:hr>155</gpxtpx:hr>
          </gpxtpx:TrackPointExtension>
        </extensions>
      </trkpt>
      <trkpt lat="22.547305652360123" lon="114.0963401952003">
        <ele>6.318230394273996</ele>
        <time>1970-01-01T00:24:01.700000Z</time>
        <extensions>
          <gpxtpx:TrackPointExtension>
            <gpxtpx:hr>155</gpxtpx:hr>
          </gpxtpx:TrackPointExtension>
        </extensions>
      </trkpt>
      <trkpt lat="22.547280432286282" lon="114.09634442383229">
        <ele>6.458852338604629</ele>
        <time>1970-01-01T00:24:02.700000Z</time>
        <extensions>
          <gpxtpx:TrackPointExtension>
            <gpxtpx:hr>155</gpxtpx:hr>
          </gpxtpx:TrackPointExtension>
        </extensions>
      </trkpt>
      <trkpt lat="22.547254905517605" lon="114.09634906385445">
        <ele>6.600281039252877</ele>
        <time>1970-01-01T00:24:03.700000Z</time>
        <extensions>
          <gpxtpx:TrackPointExtension>
            <gpxtpx:hr>155</gpxtpx:hr>
          </gpxtpx:TrackPointExtension>
        </extensions>
      </trkpt>
      <trkpt lat="22.547228603446598" lon="114.09635262621651">
        <ele>6.7415408389642835</ele>
        <time>1970-01-01T00:24:04.700000Z</time>
        <extensions>
          <gpxtpx:TrackPointExtension>
            <gpxtpx:hr>154</gpxtpx:hr>
          </gpxtpx:TrackPointExtension>
        </extensions>
      </trkpt>
      <trkpt lat="22.547202437458658" lon="114.0963549348638">
        <ele>6.869212428107858</ele>
        <time>1970-01-01T00:24:05.700000Z</time>
        <extensions>
          <gpxtpx:TrackPointExtension>
            <gpxtpx:hr>154</gpxtpx:hr>
          </gpxtpx:TrackPointExtension>
        </extensions>
      </trkpt>
      <trkpt lat="22.547177186642074" lon="114.09635679129264">
        <ele>6.9744684947654605</ele>
        <time>1970-01-01T00:24:06.700000Z</time>
        <extensions>
          <gpxtpx:TrackPointExtension>
            <gpxtpx:hr>154</gpxtpx:hr>
          </gpxtpx:TrackPointExtension>
        </extensions>
      </trkpt>
      <trkpt lat="22.547152428203635" lon="114.09635919674017">
        <ele>7.056616436690092</ele>
        <time>1970-01-01T00:24:07.700000Z</time>
        <extensions>
          <gpxtpx:TrackPointExtension>
            <gpxtpx:hr>154</gpxtpx:hr>
          </gpxtpx:TrackPointExtension>
        </extensions>
      </trkpt>
      <trkpt lat="22.547127450893424" lon="114.09636224232679">
        <ele>7.109864256344736</ele>
        <time>1970-01-01T00:24:08.700000Z</time>
        <extensions>
          <gpxtpx:TrackPointExtension>
            <gpxtpx:hr>154</gpxtpx:hr>
          </gpxtpx:TrackPointExtension>
        </extensions>
      </trkpt>
      <trkpt lat="22.547102525465284" lon="114.09636579176144">
        <ele>7.14903986826539</ele>
        <time>1970-01-01T00:24:09.700000Z</time>
        <extensions>
          <gpxtpx:TrackPointExtension>
            <gpxtpx:hr>154</gpxtpx:hr>
          </gpxtpx:TrackPointExtension>
        </extensions>
      </trkpt>
      <trkpt lat="22.54707727098708" lon="114.09636948585022">
        <ele>7.166816079989076</ele>
        <time>1970-01-01T00:24:10.700000Z</time>
        <extensions>
          <gpxtpx:TrackPointExtension>
            <gpxtpx:hr>155</gpxtpx:hr>
          </gpxtpx:TrackPointExtension>
        </extensions>
      </trkpt>
      <trkpt lat="22.547051245281935" lon="114.09637268901929">
        <ele>7.160518346354365</ele>
        <time>1970-01-01T00:24:11.700000Z</time>
        <extensions>
          <gpxtpx:TrackPointExtension>
            <gpxtpx:hr>155</gpxtpx:hr>
          </gpxtpx:TrackPointExtension>
        </extensions>
      </trkpt>
      <trkpt lat="22.54702554404688" lon="114.09637479674625">
        <ele>7.141307410784066</ele>
        <time>1970-01-01T00:24:12.700000Z</time>
        <extensions>
          <gpxtpx:TrackPointExtension>
            <gpxtpx:hr>155</gpxtpx:hr>
          </gpxtpx:TrackPointExtension>
        </extensions>
      </trkpt>
      <trkpt lat="22.547000678120508" lon="114.0963753990919">
        <ele>7.093594397418201</ele>
        <time>1970-01-01T00:24:13.700000Z</time>
        <extensions>
          <gpxtpx:TrackPointExtension>
            <gpxtpx:hr>155</gpxtpx:hr>
          </gpxtpx:TrackPointExtension>
        </extensions>
      </trkpt>
      <trkpt lat="22.546976598846744" lon="114.09637501519137">
        <ele>7.012834331020713</ele>
        <time>1970-01-01T00:24:14.700000Z</time>
        <extensions>
          <gpxtpx:TrackPointExtension>
            <gpxtpx:hr>155</gpxtpx:hr>
          </gpxtpx:TrackPointExtension>
        </extensions>
      </trkpt>
      <trkpt lat="22.546952982943655" lon="114.09637404437164">
        <ele>6.9079017620533705</ele>
        <time>1970-01-01T00:24:15.700000Z</time>
        <extensions>
          <gpxtpx:TrackPointExtension>
            <gpxtpx:hr>155</gpxtpx:hr>
          </gpxtpx:TrackPointExtension>
        </extensions>
      </trkpt>
      <trkpt lat="22.546929072472093" lon="114.09637262482423">
        <ele>6.7809729762375355</ele>
        <time>1970-01-01T00:24:16.700000Z</time>
        <extensions>
          <gpxtpx:TrackPointExtension>
            <gpxtpx:hr>155</gpxtpx:hr>
          </gpxtpx:TrackPointExtension>
        </extensions>
      </trkpt>
      <trkpt lat="22.546904700265774" lon="114.09637071247785">
        <ele>6.636727195233107</ele>
        <time>1970-01-01T00:24:17.700000Z</time>
        <extensions>
          <gpxtpx:TrackPointExtension>
            <gpxtpx:hr>155</gpxtpx:hr>
          </gpxtpx:TrackPointExtension>
        </extensions>
      </trkpt>
      <trkpt lat="22.54688002554613" lon="114.09636769863044">
        <ele>6.476786397397518</ele>
        <time>1970-01-01T00:24:18.700000Z</time>
        <extensions>
          <gpxtpx:TrackPointExtension>
            <gpxtpx:hr>155</gpxtpx:hr>
          </gpxtpx:TrackPointExtension>
        </extensions>
      </trkpt>
      <trkpt lat="22.54685526101223" lon="114.0963637820077">
        <ele>6.312654599547386</ele>
        <time>1970-01-01T00:24:19.700000Z</time>
        <extensions>
          <gpxtpx:TrackPointExtension>
            <gpxtpx:hr>155</gpxtpx:hr>
          </gpxtpx:TrackPointExtension>
        </extensions>
      </trkpt>
      <trkpt lat="22.54683062880542" lon="114.09635999622651">
        <ele>6.135423517785966</ele>
        <time>1970-01-01T00:24:20.700000Z</time>
        <extensions>
          <gpxtpx:TrackPointExtension>
            <gpxtpx:hr>154</gpxtpx:hr>
          </gpxtpx:TrackPointExtension>
        </extensions>
      </trkpt>
      <trkpt lat="22.546806522648346" lon="114.096357464208">
        <ele>5.95875605661422</ele>
        <time>1970-01-01T00:24:21.700000Z</time>
        <extensions>
          <gpxtpx:TrackPointExtension>
            <gpxtpx:hr>154</gpxtpx:hr>
          </gpxtpx:TrackPointExtension>
        </extensions>
      </trkpt>
      <trkpt lat="22.546782137678854" lon="114.09635649959002">
        <ele>5.773144812323153</ele>
        <time>1970-01-01T00:24:22.700000Z</time>
        <extensions>
          <gpxtpx:TrackPointExtension>
            <gpxtpx:hr>154</gpxtpx:hr>
          </gpxtpx:TrackPointExtension>
        </extensions>
      </trkpt>
      <trkpt lat="22.54675633948747" lon="114.09635634828808">
        <ele>5.591924788430333</ele>
        <time>1970-01-01T00:24:23.700000Z</time>
        <extensions>
          <gpxtpx:TrackPointExtension>
            <gpxtpx:hr>154</gpxtpx:hr>
          </gpxtpx:TrackPointExtension>
        </extensions>
      </trkpt>
      <trkpt lat="22.54672985551638" lon="114.09635588869224">
        <ele>5.423963072709739</ele>
        <time>1970-01-01T00:24:24.700000Z</time>
        <extensions>
          <gpxtpx:TrackPointExtension>
            <gpxtpx:hr>154</gpxtpx:hr>
          </gpxtpx:TrackPointExtension>
        </extensions>
      </trkpt>
      <trkpt lat="22.546703844403766" lon="114.09635465533101">
        <ele>5.28162925131619</ele>
        <time>1970-01-01T00:24:25.700000Z</time>
        <extensions>
          <gpxtpx:TrackPointExtension>
            <gpxtpx:hr>154</gpxtpx:hr>
          </gpxtpx:TrackPointExtension>
        </extensions>
      </trkpt>
      <trkpt lat="22.546678331525214" lon="114.09635412640948">
        <ele>5.148302189074457</ele>
        <time>1970-01-01T00:24:26.700000Z</time>
        <extensions>
          <gpxtpx:TrackPointExtension>
            <gpxtpx:hr>155</gpxtpx:hr>
          </gpxtpx:TrackPointExtension>
        </extensions>
      </trkpt>
      <trkpt lat="22.546652875079765" lon="114.09635544255647">
        <ele>5.027597987093031</ele>
        <time>1970-01-01T00:24:27.700000Z</time>
        <extensions>
          <gpxtpx:TrackPointExtension>
            <gpxtpx:hr>155</gpxtpx:hr>
          </gpxtpx:TrackPointExtension>
        </extensions>
      </trkpt>
      <trkpt lat="22.546627524871923" lon="114.09635827058808">
        <ele>4.930968413129449</ele>
        <time>1970-01-01T00:24:28.700000Z</time>
        <extensions>
          <gpxtpx:TrackPointExtension>
            <gpxtpx:hr>155</gpxtpx:hr>
          </gpxtpx:TrackPointExtension>
        </extensions>
      </trkpt>
      <trkpt lat="22.546602305160853" lon="114.09636196862262">
        <ele>4.864483382552862</ele>
        <time>1970-01-01T00:24:29.700000Z</time>
        <extensions>
          <gpxtpx:TrackPointExtension>
            <gpxtpx:hr>155</gpxtpx:hr>
          </gpxtpx:TrackPointExtension>
        </extensions>
      </trkpt>
      <trkpt lat="22.54657714454754" lon="114.0963661202141">
        <ele>4.81952634640038</ele>
        <time>1970-01-01T00:24:30.700000Z</time>
        <extensions>
          <gpxtpx:TrackPointExtension>
            <gpxtpx:hr>155</gpxtpx:hr>
          </gpxtpx:TrackPointExtension>
        </extensions>
      </trkpt>
      <trkpt lat="22.546552413145104" lon="114.09637119317337">
        <ele>4.8099100245162845</ele>
        <time>1970-01-01T00:24:31.700000Z</time>
        <extensions>
          <gpxtpx:TrackPointExtension>
            <gpxtpx:hr>153</gpxtpx:hr>
          </gpxtpx:TrackPointExtension>
        </extensions>
      </trkpt>
      <trkpt lat="22.54652862468539" lon="114.09637840109578">
        <ele>4.822246299125254</ele>
        <time>1970-01-01T00:24:32.700000Z</time>
        <extensions>
          <gpxtpx:TrackPointExtension>
            <gpxtpx:hr>153</gpxtpx:hr>
          </gpxtpx:TrackPointExtension>
        </extensions>
      </trkpt>
      <trkpt lat="22.546506081923727" lon="114.09638923065249">
        <ele>4.84014237485826</ele>
        <time>1970-01-01T00:24:33.700000Z</time>
        <extensions>
          <gpxtpx:TrackPointExtension>
            <gpxtpx:hr>153</gpxtpx:hr>
          </gpxtpx:TrackPointExtension>
        </extensions>
      </trkpt>
      <trkpt lat="22.54648425629558" lon="114.0964040753408">
        <ele>4.85849591717124</ele>
        <time>1970-01-01T00:24:34.700000Z</time>
        <extensions>
          <gpxtpx:TrackPointExtension>
            <gpxtpx:hr>153</gpxtpx:hr>
          </gpxtpx:TrackPointExtension>
        </extensions>
      </trkpt>
      <trkpt lat="22.546462858027777" lon="114.09642150098328">
        <ele>4.912377765402198</ele>
        <time>1970-01-01T00:24:35.700000Z</time>
        <extensions>
          <gpxtpx:TrackPointExtension>
            <gpxtpx:hr>153</gpxtpx:hr>
          </gpxtpx:TrackPointExtension>
        </extensions>
      </trkpt>
      <trkpt lat="22.546442154049522" lon="114.09643924369458">
        <ele>4.972051678225398</ele>
        <time>1970-01-01T00:24:36.700000Z</time>
        <extensions>
          <gpxtpx:TrackPointExtension>
            <gpxtpx:hr>153</gpxtpx:hr>
          </gpxtpx:TrackPointExtension>
        </extensions>
      </trkpt>
      <trkpt lat="22.546421970518043" lon="114.09645579459496">
        <ele>5.053243591450155</ele>
        <time>1970-01-01T00:24:37.700000Z</time>
        <extensions>
          <gpxtpx:TrackPointExtension>
            <gpxtpx:hr>153</gpxtpx:hr>
          </gpxtpx:TrackPointExtension>
        </extensions>
      </trkpt>
      <trkpt lat="22.54640193438964" lon="114.09647107312891">
        <ele>5.135294874198735</ele>
        <time>1970-01-01T00:24:38.700000Z</time>
        <extensions>
          <gpxtpx:TrackPointExtension>
            <gpxtpx:hr>153</gpxtpx:hr>
          </gpxtpx:TrackPointExtension>
        </extensions>
      </trkpt>
      <trkpt lat="22.546382156399986" lon="114.09648567936141">
        <ele>5.2142364755272865</ele>
        <time>1970-01-01T00:24:39.700000Z</time>
        <extensions>
          <gpxtpx:TrackPointExtension>
            <gpxtpx:hr>153</gpxtpx:hr>
          </gpxtpx:TrackPointExtension>
        </extensions>
      </trkpt>
      <trkpt lat="22.546362610880625" lon="114.09650030011072">
        <ele>5.299334310926497</ele>
        <time>1970-01-01T00:24:40.700000Z</time>
        <extensions>
          <gpxtpx:TrackPointExtension>
            <gpxtpx:hr>153</gpxtpx:hr>
          </gpxtpx:TrackPointExtension>
        </extensions>
      </trkpt>
      <trkpt lat="22.546342954797254" lon="114.09651574361278">
        <ele>5.386478644795716</ele>
        <time>1970-01-01T00:24:41.700000Z</time>
        <extensions>
          <gpxtpx:TrackPointExtension>
            <gpxtpx:hr>153</gpxtpx:hr>
          </gpxtpx:TrackPointExtension>
        </extensions>
      </trkpt>
      <trkpt lat="22.54632370263936" lon="114.09653240260985">
        <ele>5.465382722206414</ele>
        <time>1970-01-01T00:24:42.700000Z</time>
        <extensions>
          <gpxtpx:TrackPointExtension>
            <gpxtpx:hr>153</gpxtpx:hr>
          </gpxtpx:TrackPointExtension>
        </extensions>
      </trkpt>
      <trkpt lat="22.54630523240033" lon="114.09654976433124">
        <ele>5.543668502010405</ele>
        <time>1970-01-01T00:24:43.700000Z</time>
        <extensions>
          <gpxtpx:TrackPointExtension>
            <gpxtpx:hr>152</gpxtpx:hr>
          </gpxtpx:TrackPointExtension>
        </extensions>
      </trkpt>
      <trkpt lat="22.546287257895944" lon="114.0965671198946">
        <ele>5.64479299262166</ele>
        <time>1970-01-01T00:24:44.700000Z</time>
        <extensions>
          <gpxtpx:TrackPointExtension>
            <gpxtpx:hr>152</gpxtpx:hr>
          </gpxtpx:TrackPointExtension>
        </extensions>
      </trkpt>
      <trkpt lat="22.546270522781615" lon="114.09658527566977">
        <ele>5.7401997447013855</ele>
        <time>1970-01-01T00:24:45.700000Z</time>
        <extensions>
          <gpxtpx:TrackPointExtension>
            <gpxtpx:hr>152</gpxtpx:hr>
          </gpxtpx:TrackPointExtension>
        </extensions>
      </trkpt>
      <trkpt lat="22.546256426111675" lon="114.09660544004818">
        <ele>5.818406602367759</ele>
        <time>1970-01-01T00:24:46.700000Z</time>
        <extensions>
          <gpxtpx:TrackPointExtension>
            <gpxtpx:hr>152</gpxtpx:hr>
          </gpxtpx:TrackPointExtension>
        </extensions>
      </trkpt>
      <trkpt lat="22.5462448023485" lon="114.0966277249399">
        <ele>5.880658903159201</ele>
        <time>1970-01-01T00:24:47.700000Z</time>
        <extensions>
          <gpxtpx:TrackPointExtension>
            <gpxtpx:hr>152</gpxtpx:hr>
          </gpxtpx:TrackPointExtension>
        </extensions>
      </trkpt>
      <trkpt lat="22.546234064037243" lon="114.0966517769229">
        <ele>5.962887522764504</ele>
        <time>1970-01-01T00:24:48.700000Z</time>
        <extensions>
          <gpxtpx:TrackPointExtension>
            <gpxtpx:hr>152</gpxtpx:hr>
          </gpxtpx:TrackPointExtension>
        </extensions>
      </trkpt>
      <trkpt lat="22.546223434546242" lon="114.09667666198207">
        <ele>6.034763786941767</ele>
        <time>1970-01-01T00:24:49.700000Z</time>
        <extensions>
          <gpxtpx:TrackPointExtension>
            <gpxtpx:hr>152</gpxtpx:hr>
          </gpxtpx:TrackPointExtension>
        </extensions>
      </trkpt>
      <trkpt lat="22.54621299236191" lon="114.09670170648619">
        <ele>6.099928063340485</ele>
        <time>1970-01-01T00:24:50.700000Z</time>
        <extensions>
          <gpxtpx:TrackPointExtension>
            <gpxtpx:hr>152</gpxtpx:hr>
          </gpxtpx:TrackPointExtension>
        </extensions>
      </trkpt>
      <trkpt lat="22.546203236992632" lon="114.09672698469629">
        <ele>6.178317667916417</ele>
        <time>1970-01-01T00:24:51.700000Z</time>
        <extensions>
          <gpxtpx:TrackPointExtension>
            <gpxtpx:hr>152</gpxtpx:hr>
          </gpxtpx:TrackPointExtension>
        </extensions>
      </trkpt>
      <trkpt lat="22.54619495865321" lon="114.09675245988005">
        <ele>6.255241543054581</ele>
        <time>1970-01-01T00:24:52.700000Z</time>
        <extensions>
          <gpxtpx:TrackPointExtension>
            <gpxtpx:hr>152</gpxtpx:hr>
          </gpxtpx:TrackPointExtension>
        </extensions>
      </trkpt>
      <trkpt lat="22.546188238439974" lon="114.09677870787495">
        <ele>6.333260145969689</ele>
        <time>1970-01-01T00:24:53.700000Z</time>
        <extensions>
          <gpxtpx:TrackPointExtension>
            <gpxtpx:hr>153</gpxtpx:hr>
          </gpxtpx:TrackPointExtension>
        </extensions>
      </trkpt>
      <trkpt lat="22.54618233646012" lon="114.0968063857295">
        <ele>6.4124534241855145</ele>
        <time>1970-01-01T00:24:54.700000Z</time>
        <extensions>
          <gpxtpx:TrackPointExtension>
            <gpxtpx:hr>153</gpxtpx:hr>
          </gpxtpx:TrackPointExtension>
        </extensions>
      </trkpt>
      <trkpt lat="22.54617584803831" lon="114.09683441162188">
        <ele>6.4926634430885315</ele>
        <time>1970-01-01T00:24:55.700000Z</time>
        <extensions>
          <gpxtpx:TrackPointExtension>
            <gpxtpx:hr>153</gpxtpx:hr>
          </gpxtpx:TrackPointExtension>
        </extensions>
      </trkpt>
      <trkpt lat="22.546168399123697" lon="114.09686058264988">
        <ele>6.5855685928836465</ele>
        <time>1970-01-01T00:24:56.700000Z</time>
        <extensions>
          <gpxtpx:TrackPointExtension>
            <gpxtpx:hr>153</gpxtpx:hr>
          </gpxtpx:TrackPointExtension>
        </extensions>
      </trkpt>
      <trkpt lat="22.546160314061115" lon="114.09688449943903">
        <ele>6.658865517936647</ele>
        <time>1970-01-01T00:24:57.700000Z</time>
        <extensions>
          <gpxtpx:TrackPointExtension>
            <gpxtpx:hr>153</gpxtpx:hr>
          </gpxtpx:TrackPointExtension>
        </extensions>
      </trkpt>
      <trkpt lat="22.546151611779422" lon="114.09690795170557">
        <ele>6.7302793161943555</ele>
        <time>1970-01-01T00:24:58.700000Z</time>
        <extensions>
          <gpxtpx:TrackPointExtension>
            <gpxtpx:hr>153</gpxtpx:hr>
          </gpxtpx:TrackPointExtension>
        </extensions>
      </trkpt>
      <trkpt lat="22.546142258154354" lon="114.09693240581241">
        <ele>6.787347523495555</ele>
        <time>1970-01-01T00:24:59.700000Z</time>
        <extensions>
          <gpxtpx:TrackPointExtension>
            <gpxtpx:hr>153</gpxtpx:hr>
          </gpxtpx:TrackPointExtension>
        </extensions>
      </trkpt>
      <trkpt lat="22.546132273230405" lon="114.09695830135824">
        <ele>6.83644207380712</ele>
        <time>1970-01-01T00:25:00.700000Z</time>
        <extensions>
          <gpxtpx:TrackPointExtension>
            <gpxtpx:hr>153</gpxtpx:hr>
          </gpxtpx:TrackPointExtension>
        </extensions>
      </trkpt>
      <trkpt lat="22.546122338629935" lon="114.09698539010274">
        <ele>6.889998508617282</ele>
        <time>1970-01-01T00:25:01.700000Z</time>
        <extensions>
          <gpxtpx:TrackPointExtension>
            <gpxtpx:hr>153</gpxtpx:hr>
          </gpxtpx:TrackPointExtension>
        </extensions>
      </trkpt>
      <trkpt lat="22.54611307264042" lon="114.09701264472045">
        <ele>6.949443591758609</ele>
        <time>1970-01-01T00:25:02.700000Z</time>
        <extensions>
          <gpxtpx:TrackPointExtension>
            <gpxtpx:hr>153</gpxtpx:hr>
          </gpxtpx:TrackPointExtension>
        </extensions>
      </trkpt>
      <trkpt lat="22.546104771628656" lon="114.0970390502154">
        <ele>6.999774198979139</ele>
        <time>1970-01-01T00:25:03.700000Z</time>
        <extensions>
          <gpxtpx:TrackPointExtension>
            <gpxtpx:hr>153</gpxtpx:hr>
          </gpxtpx:TrackPointExtension>
        </extensions>
      </trkpt>
      <trkpt lat="22.54609696982736" lon="114.09706438228692">
        <ele>7.048801497556269</ele>
        <time>1970-01-01T00:25:04.700000Z</time>
        <extensions>
          <gpxtpx:TrackPointExtension>
            <gpxtpx:hr>153</gpxtpx:hr>
          </gpxtpx:TrackPointExtension>
        </extensions>
      </trkpt>
      <trkpt lat="22.54608873737282" lon="114.09708920188585">
        <ele>7.068743544630706</ele>
        <time>1970-01-01T00:25:05.700000Z</time>
        <extensions>
          <gpxtpx:TrackPointExtension>
            <gpxtpx:hr>153</gpxtpx:hr>
          </gpxtpx:TrackPointExtension>
        </extensions>
      </trkpt>
      <trkpt lat="22.546080088148436" lon="114.09711419001984">
        <ele>7.069131173193455</ele>
        <time>1970-01-01T00:25:06.700000Z</time>
        <extensions>
          <gpxtpx:TrackPointExtension>
            <gpxtpx:hr>154</gpxtpx:hr>
          </gpxtpx:TrackPointExtension>
        </extensions>
      </trkpt>
      <trkpt lat="22.54607211005906" lon="114.09713967545215">
        <ele>7.038385522551835</ele>
        <time>1970-01-01T00:25:07.700000Z</time>
        <extensions>
          <gpxtpx:TrackPointExtension>
            <gpxtpx:hr>154</gpxtpx:hr>
          </gpxtpx:TrackPointExtension>
        </extensions>
      </trkpt>
      <trkpt lat="22.54606560350439" lon="114.09716592730156">
        <ele>6.989431598223746</ele>
        <time>1970-01-01T00:25:08.700000Z</time>
        <extensions>
          <gpxtpx:TrackPointExtension>
            <gpxtpx:hr>154</gpxtpx:hr>
          </gpxtpx:TrackPointExtension>
        </extensions>
      </trkpt>
      <trkpt lat="22.546059916619647" lon="114.09719257424531">
        <ele>6.936128824017942</ele>
        <time>1970-01-01T00:25:09.700000Z</time>
        <extensions>
          <gpxtpx:TrackPointExtension>
            <gpxtpx:hr>154</gpxtpx:hr>
          </gpxtpx:TrackPointExtension>
        </extensions>
      </trkpt>
      <trkpt lat="22.546054284332065" lon="114.09721849848442">
        <ele>6.871645787730813</ele>
        <time>1970-01-01T00:25:10.700000Z</time>
        <extensions>
          <gpxtpx:TrackPointExtension>
            <gpxtpx:hr>154</gpxtpx:hr>
          </gpxtpx:TrackPointExtension>
        </extensions>
      </trkpt>
      <trkpt lat="22.546048359403123" lon="114.09724375828903">
        <ele>6.782825325615704</ele>
        <time>1970-01-01T00:25:11.700000Z</time>
        <extensions>
          <gpxtpx:TrackPointExtension>
            <gpxtpx:hr>154</gpxtpx:hr>
          </gpxtpx:TrackPointExtension>
        </extensions>
      </trkpt>
      <trkpt lat="22.546041857365832" lon="114.0972691209906">
        <ele>6.681343701668084</ele>
        <time>1970-01-01T00:25:12.700000Z</time>
        <extensions>
          <gpxtpx:TrackPointExtension>
            <gpxtpx:hr>154</gpxtpx:hr>
          </gpxtpx:TrackPointExtension>
        </extensions>
      </trkpt>
      <trkpt lat="22.54603528295574" lon="114.09729437795461">
        <ele>6.549874609336257</ele>
        <time>1970-01-01T00:25:13.700000Z</time>
        <extensions>
          <gpxtpx:TrackPointExtension>
            <gpxtpx:hr>154</gpxtpx:hr>
          </gpxtpx:TrackPointExtension>
        </extensions>
      </trkpt>
      <trkpt lat="22.546029805466958" lon="114.09731968964113">
        <ele>6.396528047509491</ele>
        <time>1970-01-01T00:25:14.700000Z</time>
        <extensions>
          <gpxtpx:TrackPointExtension>
            <gpxtpx:hr>154</gpxtpx:hr>
          </gpxtpx:TrackPointExtension>
        </extensions>
      </trkpt>
      <trkpt lat="22.546026121288183" lon="114.0973447735971">
        <ele>6.223696026019752</ele>
        <time>1970-01-01T00:25:15.700000Z</time>
        <extensions>
          <gpxtpx:TrackPointExtension>
            <gpxtpx:hr>154</gpxtpx:hr>
          </gpxtpx:TrackPointExtension>
        </extensions>
      </trkpt>
      <trkpt lat="22.54602369658643" lon="114.09737023383948">
        <ele>6.033896882086992</ele>
        <time>1970-01-01T00:25:16.700000Z</time>
        <extensions>
          <gpxtpx:TrackPointExtension>
            <gpxtpx:hr>154</gpxtpx:hr>
          </gpxtpx:TrackPointExtension>
        </extensions>
      </trkpt>
      <trkpt lat="22.546021757688024" lon="114.09739743266985">
        <ele>5.845754938200116</ele>
        <time>1970-01-01T00:25:17.700000Z</time>
        <extensions>
          <gpxtpx:TrackPointExtension>
            <gpxtpx:hr>154</gpxtpx:hr>
          </gpxtpx:TrackPointExtension>
        </extensions>
      </trkpt>
      <trkpt lat="22.54601945882194" lon="114.09742539219694">
        <ele>5.640067865140736</ele>
        <time>1970-01-01T00:25:18.700000Z</time>
        <extensions>
          <gpxtpx:TrackPointExtension>
            <gpxtpx:hr>154</gpxtpx:hr>
          </gpxtpx:TrackPointExtension>
        </extensions>
      </trkpt>
      <trkpt lat="22.546016545092915" lon="114.09745271499398">
        <ele>5.437036879360676</ele>
        <time>1970-01-01T00:25:19.700000Z</time>
        <extensions>
          <gpxtpx:TrackPointExtension>
            <gpxtpx:hr>154</gpxtpx:hr>
          </gpxtpx:TrackPointExtension>
        </extensions>
      </trkpt>
      <trkpt lat="22.54601319567095" lon="114.09747880767291">
        <ele>5.254806419834495</ele>
        <time>1970-01-01T00:25:20.700000Z</time>
        <extensions>
          <gpxtpx:TrackPointExtension>
            <gpxtpx:hr>154</gpxtpx:hr>
          </gpxtpx:TrackPointExtension>
        </extensions>
      </trkpt>
      <trkpt lat="22.54600863980354" lon="114.09750389384237">
        <ele>5.060771004296839</ele>
        <time>1970-01-01T00:25:21.700000Z</time>
        <extensions>
          <gpxtpx:TrackPointExtension>
            <gpxtpx:hr>154</gpxtpx:hr>
          </gpxtpx:TrackPointExtension>
        </extensions>
      </trkpt>
      <trkpt lat="22.546001986395027" lon="114.09752808286909">
        <ele>4.862177485600114</ele>
        <time>1970-01-01T00:25:22.700000Z</time>
        <extensions>
          <gpxtpx:TrackPointExtension>
            <gpxtpx:hr>152</gpxtpx:hr>
          </gpxtpx:TrackPointExtension>
        </extensions>
      </trkpt>
      <trkpt lat="22.54599312311514" lon="114.09755113953791">
        <ele>4.686589939519763</ele>
        <time>1970-01-01T00:25:23.700000Z</time>
        <extensions>
          <gpxtpx:TrackPointExtension>
            <gpxtpx:hr>152</gpxtpx:hr>
          </gpxtpx:TrackPointExtension>
        </extensions>
      </trkpt>
      <trkpt lat="22.54598258708892" lon="114.09757398393691">
        <ele>4.524106743745506</ele>
        <time>1970-01-01T00:25:24.700000Z</time>
        <extensions>
          <gpxtpx:TrackPointExtension>
            <gpxtpx:hr>152</gpxtpx:hr>
          </gpxtpx:TrackPointExtension>
        </extensions>
      </trkpt>
      <trkpt lat="22.545970090729277" lon="114.09759696301896">
        <ele>4.392691417597234</ele>
        <time>1970-01-01T00:25:25.700000Z</time>
        <extensions>
          <gpxtpx:TrackPointExtension>
            <gpxtpx:hr>152</gpxtpx:hr>
          </gpxtpx:TrackPointExtension>
        </extensions>
      </trkpt>
      <trkpt lat="22.545954205296" lon="114.09761882730386">
        <ele>4.297187895514071</ele>
        <time>1970-01-01T00:25:26.700000Z</time>
        <extensions>
          <gpxtpx:TrackPointExtension>
            <gpxtpx:hr>152</gpxtpx:hr>
          </gpxtpx:TrackPointExtension>
        </extensions>
      </trkpt>
      <trkpt lat="22.54593467243654" lon="114.09763782220466">
        <ele>4.232813999988139</ele>
        <time>1970-01-01T00:25:27.700000Z</time>
        <extensions>
          <gpxtpx:TrackPointExtension>
            <gpxtpx:hr>152</gpxtpx:hr>
          </gpxtpx:TrackPointExtension>
        </extensions>
      </trkpt>
      <trkpt lat="22.545912978381004" lon="114.09765379331026">
        <ele>4.216386596672237</ele>
        <time>1970-01-01T00:25:28.700000Z</time>
        <extensions>
          <gpxtpx:TrackPointExtension>
            <gpxtpx:hr>152</gpxtpx:hr>
          </gpxtpx:TrackPointExtension>
        </extensions>
      </trkpt>
      <trkpt lat="22.545891090422845" lon="114.09766882086761">
        <ele>4.224064441397786</ele>
        <time>1970-01-01T00:25:29.700000Z</time>
        <extensions>
          <gpxtpx:TrackPointExtension>
            <gpxtpx:hr>152</gpxtpx:hr>
          </gpxtpx:TrackPointExtension>
        </extensions>
      </trkpt>
      <trkpt lat="22.545870392968563" lon="114.09768427552432">
        <ele>4.275855406187475</ele>
        <time>1970-01-01T00:25:30.700000Z</time>
        <extensions>
          <gpxtpx:TrackPointExtension>
            <gpxtpx:hr>152</gpxtpx:hr>
          </gpxtpx:TrackPointExtension>
        </extensions>
      </trkpt>
      <trkpt lat="22.54585072119958" lon="114.09769990656075">
        <ele>4.3517633602023125</ele>
        <time>1970-01-01T00:25:31.700000Z</time>
        <extensions>
          <gpxtpx:TrackPointExtension>
            <gpxtpx:hr>152</gpxtpx:hr>
          </gpxtpx:TrackPointExtension>
        </extensions>
      </trkpt>
      <trkpt lat="22.545831399361838" lon="114.09771556952555">
        <ele>4.441531143151224</ele>
        <time>1970-01-01T00:25:32.700000Z</time>
        <extensions>
          <gpxtpx:TrackPointExtension>
            <gpxtpx:hr>152</gpxtpx:hr>
          </gpxtpx:TrackPointExtension>
        </extensions>
      </trkpt>
      <trkpt lat="22.545811766550326" lon="114.09773067733687">
        <ele>4.539296505972743</ele>
        <time>1970-01-01T00:25:33.700000Z</time>
        <extensions>
          <gpxtpx:TrackPointExtension>
            <gpxtpx:hr>152</gpxtpx:hr>
          </gpxtpx:TrackPointExtension>
        </extensions>
      </trkpt>
      <trkpt lat="22.54579120162765" lon="114.09774457559705">
        <ele>4.664907990954816</ele>
        <time>1970-01-01T00:25:34.700000Z</time>
        <extensions>
          <gpxtpx:TrackPointExtension>
            <gpxtpx:hr>152</gpxtpx:hr>
          </gpxtpx:TrackPointExtension>
        </extensions>
      </trkpt>
      <trkpt lat="22.545769154952723" lon="114.09775696173045">
        <ele>4.811002965085208</ele>
        <time>1970-01-01T00:25:35.700000Z</time>
        <extensions>
          <gpxtpx:TrackPointExtension>
            <gpxtpx:hr>152</gpxtpx:hr>
          </gpxtpx:TrackPointExtension>
        </extensions>
      </trkpt>
      <trkpt lat="22.545745745822675" lon="114.0977676731629">
        <ele>4.9190614791586995</ele>
        <time>1970-01-01T00:25:36.700000Z</time>
        <extensions>
          <gpxtpx:TrackPointExtension>
            <gpxtpx:hr>152</gpxtpx:hr>
          </gpxtpx:TrackPointExtension>
        </extensions>
      </trkpt>
      <trkpt lat="22.545721498850693" lon="114.0977773218223">
        <ele>5.008358008228242</ele>
        <time>1970-01-01T00:25:37.700000Z</time>
        <extensions>
          <gpxtpx:TrackPointExtension>
            <gpxtpx:hr>152</gpxtpx:hr>
          </gpxtpx:TrackPointExtension>
        </extensions>
      </trkpt>
      <trkpt lat="22.54569749687274" lon="114.09778665101545">
        <ele>5.09257201384753</ele>
        <time>1970-01-01T00:25:38.700000Z</time>
        <extensions>
          <gpxtpx:TrackPointExtension>
            <gpxtpx:hr>152</gpxtpx:hr>
          </gpxtpx:TrackPointExtension>
        </extensions>
      </trkpt>
      <trkpt lat="22.54567519410612" lon="114.0977959947251">
        <ele>5.174094277434051</ele>
        <time>1970-01-01T00:25:39.700000Z</time>
        <extensions>
          <gpxtpx:TrackPointExtension>
            <gpxtpx:hr>152</gpxtpx:hr>
          </gpxtpx:TrackPointExtension>
        </extensions>
      </trkpt>
      <trkpt lat="22.545655047333007" lon="114.0978060808497">
        <ele>5.247946427203715</ele>
        <time>1970-01-01T00:25:40.700000Z</time>
        <extensions>
          <gpxtpx:TrackPointExtension>
            <gpxtpx:hr>152</gpxtpx:hr>
          </gpxtpx:TrackPointExtension>
        </extensions>
      </trkpt>
      <trkpt lat="22.545636473261627" lon="114.09781789287007">
        <ele>5.321011150255799</ele>
        <time>1970-01-01T00:25:41.700000Z</time>
        <extensions>
          <gpxtpx:TrackPointExtension>
            <gpxtpx:hr>153</gpxtpx:hr>
          </gpxtpx:TrackPointExtension>
        </extensions>
      </trkpt>
      <trkpt lat="22.54561858190673" lon="114.097831993845">
        <ele>5.370980462990701</ele>
        <time>1970-01-01T00:25:42.700000Z</time>
        <extensions>
          <gpxtpx:TrackPointExtension>
            <gpxtpx:hr>153</gpxtpx:hr>
          </gpxtpx:TrackPointExtension>
        </extensions>
      </trkpt>
      <trkpt lat="22.545600821343434" lon="114.0978476577323">
        <ele>5.413277151063085</ele>
        <time>1970-01-01T00:25:43.700000Z</time>
        <extensions>
          <gpxtpx:TrackPointExtension>
            <gpxtpx:hr>153</gpxtpx:hr>
          </gpxtpx:TrackPointExtension>
        </extensions>
      </trkpt>
      <trkpt lat="22.54558311686621" lon="114.09786387868775">
        <ele>5.4569584764540195</ele>
        <time>1970-01-01T00:25:44.700000Z</time>
        <extensions>
          <gpxtpx:TrackPointExtension>
            <gpxtpx:hr>153</gpxtpx:hr>
          </gpxtpx:TrackPointExtension>
        </extensions>
      </trkpt>
      <trkpt lat="22.54556531727629" lon="114.09788005039276">
        <ele>5.504316164180636</ele>
        <time>1970-01-01T00:25:45.700000Z</time>
        <extensions>
          <gpxtpx:TrackPointExtension>
            <gpxtpx:hr>153</gpxtpx:hr>
          </gpxtpx:TrackPointExtension>
        </extensions>
      </trkpt>
      <trkpt lat="22.545547073039764" lon="114.09789609072995">
        <ele>5.552476239390671</ele>
        <time>1970-01-01T00:25:46.700000Z</time>
        <extensions>
          <gpxtpx:TrackPointExtension>
            <gpxtpx:hr>153</gpxtpx:hr>
          </gpxtpx:TrackPointExtension>
        </extensions>
      </trkpt>
      <trkpt lat="22.54552837642311" lon="114.09791285216178">
        <ele>5.611820375546813</ele>
        <time>1970-01-01T00:25:47.700000Z</time>
        <extensions>
          <gpxtpx:TrackPointExtension>
            <gpxtpx:hr>153</gpxtpx:hr>
          </gpxtpx:TrackPointExtension>
        </extensions>
      </trkpt>
      <trkpt lat="22.545510241023" lon="114.0979300488223">
        <ele>5.6884185606613755</ele>
        <time>1970-01-01T00:25:48.700000Z</time>
        <extensions>
          <gpxtpx:TrackPointExtension>
            <gpxtpx:hr>153</gpxtpx:hr>
          </gpxtpx:TrackPointExtension>
        </extensions>
      </trkpt>
      <trkpt lat="22.545492745932727" lon="114.0979469621126">
        <ele>5.792212796397507</ele>
        <time>1970-01-01T00:25:49.700000Z</time>
        <extensions>
          <gpxtpx:TrackPointExtension>
            <gpxtpx:hr>153</gpxtpx:hr>
          </gpxtpx:TrackPointExtension>
        </extensions>
      </trkpt>
      <trkpt lat="22.54547446217696" lon="114.09796478237068">
        <ele>5.930329630151391</ele>
        <time>1970-01-01T00:25:50.700000Z</time>
        <extensions>
          <gpxtpx:TrackPointExtension>
            <gpxtpx:hr>153</gpxtpx:hr>
          </gpxtpx:TrackPointExtension>
        </extensions>
      </trkpt>
      <trkpt lat="22.545454693862073" lon="114.09798390778626">
        <ele>6.087171254679561</ele>
        <time>1970-01-01T00:25:51.700000Z</time>
        <extensions>
          <gpxtpx:TrackPointExtension>
            <gpxtpx:hr>153</gpxtpx:hr>
          </gpxtpx:TrackPointExtension>
        </extensions>
      </trkpt>
      <trkpt lat="22.545433320564076" lon="114.09800260005113">
        <ele>6.2943948889151216</ele>
        <time>1970-01-01T00:25:52.700000Z</time>
        <extensions>
          <gpxtpx:TrackPointExtension>
            <gpxtpx:hr>153</gpxtpx:hr>
          </gpxtpx:TrackPointExtension>
        </extensions>
      </trkpt>
      <trkpt lat="22.545410646369795" lon="114.09801894426836">
        <ele>6.519815142266452</ele>
        <time>1970-01-01T00:25:53.700000Z</time>
        <extensions>
          <gpxtpx:TrackPointExtension>
            <gpxtpx:hr>153</gpxtpx:hr>
          </gpxtpx:TrackPointExtension>
        </extensions>
      </trkpt>
      <trkpt lat="22.545387475826747" lon="114.09803233780606">
        <ele>6.771087690256536</ele>
        <time>1970-01-01T00:25:54.700000Z</time>
        <extensions>
          <gpxtpx:TrackPointExtension>
            <gpxtpx:hr>153</gpxtpx:hr>
          </gpxtpx:TrackPointExtension>
        </extensions>
      </trkpt>
      <trkpt lat="22.545364282849285" lon="114.09804301315263">
        <ele>7.027115434408188</ele>
        <time>1970-01-01T00:25:55.700000Z</time>
        <extensions>
          <gpxtpx:TrackPointExtension>
            <gpxtpx:hr>153</gpxtpx:hr>
          </gpxtpx:TrackPointExtension>
        </extensions>
      </trkpt>
      <trkpt lat="22.54534124129623" lon="114.09805130360947">
        <ele>7.27284602355212</ele>
        <time>1970-01-01T00:25:56.700000Z</time>
        <extensions>
          <gpxtpx:TrackPointExtension>
            <gpxtpx:hr>153</gpxtpx:hr>
          </gpxtpx:TrackPointExtension>
        </extensions>
      </trkpt>
      <trkpt lat="22.545317961609577" lon="114.09805729827131">
        <ele>7.485408466309309</ele>
        <time>1970-01-01T00:25:57.700000Z</time>
        <extensions>
          <gpxtpx:TrackPointExtension>
            <gpxtpx:hr>153</gpxtpx:hr>
          </gpxtpx:TrackPointExtension>
        </extensions>
      </trkpt>
      <trkpt lat="22.545293743067997" lon="114.09806146779259">
        <ele>7.703435316681862</ele>
        <time>1970-01-01T00:25:58.700000Z</time>
        <extensions>
          <gpxtpx:TrackPointExtension>
            <gpxtpx:hr>153</gpxtpx:hr>
          </gpxtpx:TrackPointExtension>
        </extensions>
      </trkpt>
      <trkpt lat="22.54526866378421" lon="114.09806521639037">
        <ele>7.929477667436004</ele>
        <time>1970-01-01T00:25:59.700000Z</time>
        <extensions>
          <gpxtpx:TrackPointExtension>
            <gpxtpx:hr>153</gpxtpx:hr>
          </gpxtpx:TrackPointExtension>
        </extensions>
      </trkpt>
      <trkpt lat="22.54524358498817" lon="114.09807045658529">
        <ele>8.125191429629922</ele>
        <time>1970-01-01T00:26:00.700000Z</time>
        <extensions>
          <gpxtpx:TrackPointExtension>
            <gpxtpx:hr>153</gpxtpx:hr>
          </gpxtpx:TrackPointExtension>
        </extensions>
      </trkpt>
      <trkpt lat="22.545218944464462" lon="114.09807742725448">
        <ele>8.32388452347368</ele>
        <time>1970-01-01T00:26:01.700000Z</time>
        <extensions>
          <gpxtpx:TrackPointExtension>
            <gpxtpx:hr>151</gpxtpx:hr>
          </gpxtpx:TrackPointExtension>
        </extensions>
      </trkpt>
      <trkpt lat="22.545194801292286" lon="114.09808460782561">
        <ele>8.47109846957028</ele>
        <time>1970-01-01T00:26:02.700000Z</time>
        <extensions>
          <gpxtpx:TrackPointExtension>
            <gpxtpx:hr>151</gpxtpx:hr>
          </gpxtpx:TrackPointExtension>
        </extensions>
      </trkpt>
      <trkpt lat="22.545170751345186" lon="114.09809066752827">
        <ele>8.571355608291924</ele>
        <time>1970-01-01T00:26:03.700000Z</time>
        <extensions>
          <gpxtpx:TrackPointExtension>
            <gpxtpx:hr>151</gpxtpx:hr>
          </gpxtpx:TrackPointExtension>
        </extensions>
      </trkpt>
      <trkpt lat="22.545146722565097" lon="114.09809469669948">
        <ele>8.643011879175901</ele>
        <time>1970-01-01T00:26:04.700000Z</time>
        <extensions>
          <gpxtpx:TrackPointExtension>
            <gpxtpx:hr>151</gpxtpx:hr>
          </gpxtpx:TrackPointExtension>
        </extensions>
      </trkpt>
      <trkpt lat="22.545123103327853" lon="114.0980973315121">
        <ele>8.668965722434223</ele>
        <time>1970-01-01T00:26:05.700000Z</time>
        <extensions>
          <gpxtpx:TrackPointExtension>
            <gpxtpx:hr>151</gpxtpx:hr>
          </gpxtpx:TrackPointExtension>
        </extensions>
      </trkpt>
      <trkpt lat="22.545099797866406" lon="114.09809959725295">
        <ele>8.632252799347043</ele>
        <time>1970-01-01T00:26:06.700000Z</time>
        <extensions>
          <gpxtpx:TrackPointExtension>
            <gpxtpx:hr>151</gpxtpx:hr>
          </gpxtpx:TrackPointExtension>
        </extensions>
      </trkpt>
      <trkpt lat="22.54507657107336" lon="114.0981009781781">
        <ele>8.561205171979964</ele>
        <time>1970-01-01T00:26:07.700000Z</time>
        <extensions>
          <gpxtpx:TrackPointExtension>
            <gpxtpx:hr>151</gpxtpx:hr>
          </gpxtpx:TrackPointExtension>
        </extensions>
      </trkpt>
      <trkpt lat="22.545053329404617" lon="114.098101790719">
        <ele>8.469404825940728</ele>
        <time>1970-01-01T00:26:08.700000Z</time>
        <extensions>
          <gpxtpx:TrackPointExtension>
            <gpxtpx:hr>151</gpxtpx:hr>
          </gpxtpx:TrackPointExtension>
        </extensions>
      </trkpt>
      <trkpt lat="22.54502982639445" lon="114.09810336587445">
        <ele>8.373458913527429</ele>
        <time>1970-01-01T00:26:09.700000Z</time>
        <extensions>
          <gpxtpx:TrackPointExtension>
            <gpxtpx:hr>151</gpxtpx:hr>
          </gpxtpx:TrackPointExtension>
        </extensions>
      </trkpt>
      <trkpt lat="22.545006169796284" lon="114.09810624591968">
        <ele>8.257315943948925</ele>
        <time>1970-01-01T00:26:10.700000Z</time>
        <extensions>
          <gpxtpx:TrackPointExtension>
            <gpxtpx:hr>151</gpxtpx:hr>
          </gpxtpx:TrackPointExtension>
        </extensions>
      </trkpt>
      <trkpt lat="22.544982480229177" lon="114.09811011005053">
        <ele>8.144367977976799</ele>
        <time>1970-01-01T00:26:11.700000Z</time>
        <extensions>
          <gpxtpx:TrackPointExtension>
            <gpxtpx:hr>151</gpxtpx:hr>
          </gpxtpx:TrackPointExtension>
        </extensions>
      </trkpt>
      <trkpt lat="22.544958737436666" lon="114.09811415417425">
        <ele>8.02116494718939</ele>
        <time>1970-01-01T00:26:12.700000Z</time>
        <extensions>
          <gpxtpx:TrackPointExtension>
            <gpxtpx:hr>151</gpxtpx:hr>
          </gpxtpx:TrackPointExtension>
        </extensions>
      </trkpt>
      <trkpt lat="22.544935122952964" lon="114.09811797870954">
        <ele>7.898113152012229</ele>
        <time>1970-01-01T00:26:13.700000Z</time>
        <extensions>
          <gpxtpx:TrackPointExtension>
            <gpxtpx:hr>152</gpxtpx:hr>
          </gpxtpx:TrackPointExtension>
        </extensions>
      </trkpt>
      <trkpt lat="22.54491155966762" lon="114.09812173210759">
        <ele>7.766004837118089</ele>
        <time>1970-01-01T00:26:14.700000Z</time>
        <extensions>
          <gpxtpx:TrackPointExtension>
            <gpxtpx:hr>152</gpxtpx:hr>
          </gpxtpx:TrackPointExtension>
        </extensions>
      </trkpt>
      <trkpt lat="22.544888579660384" lon="114.0981264028028">
        <ele>7.655045859515667</ele>
        <time>1970-01-01T00:26:15.700000Z</time>
        <extensions>
          <gpxtpx:TrackPointExtension>
            <gpxtpx:hr>152</gpxtpx:hr>
          </gpxtpx:TrackPointExtension>
        </extensions>
      </trkpt>
      <trkpt lat="22.544866045788307" lon="114.09813289618049">
        <ele>7.554016361013055</ele>
        <time>1970-01-01T00:26:16.700000Z</time>
        <extensions>
          <gpxtpx:TrackPointExtension>
            <gpxtpx:hr>152</gpxtpx:hr>
          </gpxtpx:TrackPointExtension>
        </extensions>
      </trkpt>
      <trkpt lat="22.544843010004946" lon="114.09814043237425">
        <ele>7.462768644094467</ele>
        <time>1970-01-01T00:26:17.700000Z</time>
        <extensions>
          <gpxtpx:TrackPointExtension>
            <gpxtpx:hr>153</gpxtpx:hr>
          </gpxtpx:TrackPointExtension>
        </extensions>
      </trkpt>
      <trkpt lat="22.54481911613365" lon="114.0981479229599">
        <ele>7.39303919672966</ele>
        <time>1970-01-01T00:26:18.700000Z</time>
        <extensions>
          <gpxtpx:TrackPointExtension>
            <gpxtpx:hr>153</gpxtpx:hr>
          </gpxtpx:TrackPointExtension>
        </extensions>
      </trkpt>
      <trkpt lat="22.54479491419621" lon="114.0981545551152">
        <ele>7.340487825684249</ele>
        <time>1970-01-01T00:26:19.700000Z</time>
        <extensions>
          <gpxtpx:TrackPointExtension>
            <gpxtpx:hr>153</gpxtpx:hr>
          </gpxtpx:TrackPointExtension>
        </extensions>
      </trkpt>
      <trkpt lat="22.544771238800305" lon="114.09816034456257">
        <ele>7.294994062744081</ele>
        <time>1970-01-01T00:26:20.700000Z</time>
        <extensions>
          <gpxtpx:TrackPointExtension>
            <gpxtpx:hr>153</gpxtpx:hr>
          </gpxtpx:TrackPointExtension>
        </extensions>
      </trkpt>
      <trkpt lat="22.54474774974627" lon="114.0981657110648">
        <ele>7.247551758773625</ele>
        <time>1970-01-01T00:26:21.700000Z</time>
        <extensions>
          <gpxtpx:TrackPointExtension>
            <gpxtpx:hr>153</gpxtpx:hr>
          </gpxtpx:TrackPointExtension>
        </extensions>
      </trkpt>
      <trkpt lat="22.544724078151887" lon="114.0981712462952">
        <ele>7.22134714294225</ele>
        <time>1970-01-01T00:26:22.700000Z</time>
        <extensions>
          <gpxtpx:TrackPointExtension>
            <gpxtpx:hr>153</gpxtpx:hr>
          </gpxtpx:TrackPointExtension>
        </extensions>
      </trkpt>
      <trkpt lat="22.544700494215686" lon="114.09817747523188">
        <ele>7.199643515981734</ele>
        <time>1970-01-01T00:26:23.700000Z</time>
        <extensions>
          <gpxtpx:TrackPointExtension>
            <gpxtpx:hr>153</gpxtpx:hr>
          </gpxtpx:TrackPointExtension>
        </extensions>
      </trkpt>
      <trkpt lat="22.544677665453058" lon="114.09818447136844">
        <ele>7.182453258894384</ele>
        <time>1970-01-01T00:26:24.700000Z</time>
        <extensions>
          <gpxtpx:TrackPointExtension>
            <gpxtpx:hr>153</gpxtpx:hr>
          </gpxtpx:TrackPointExtension>
        </extensions>
      </trkpt>
      <trkpt lat="22.54465600063889" lon="114.09819257512973">
        <ele>7.190810798667371</ele>
        <time>1970-01-01T00:26:25.700000Z</time>
        <extensions>
          <gpxtpx:TrackPointExtension>
            <gpxtpx:hr>153</gpxtpx:hr>
          </gpxtpx:TrackPointExtension>
        </extensions>
      </trkpt>
      <trkpt lat="22.54463429078248" lon="114.09820245850284">
        <ele>7.206276281736791</ele>
        <time>1970-01-01T00:26:26.700000Z</time>
        <extensions>
          <gpxtpx:TrackPointExtension>
            <gpxtpx:hr>155</gpxtpx:hr>
          </gpxtpx:TrackPointExtension>
        </extensions>
      </trkpt>
      <trkpt lat="22.54461180357772" lon="114.0982139992664">
        <ele>7.217625305056572</ele>
        <time>1970-01-01T00:26:27.700000Z</time>
        <extensions>
          <gpxtpx:TrackPointExtension>
            <gpxtpx:hr>155</gpxtpx:hr>
          </gpxtpx:TrackPointExtension>
        </extensions>
      </trkpt>
      <trkpt lat="22.544589079148015" lon="114.0982265953904">
        <ele>7.223491492681205</ele>
        <time>1970-01-01T00:26:28.700000Z</time>
        <extensions>
          <gpxtpx:TrackPointExtension>
            <gpxtpx:hr>155</gpxtpx:hr>
          </gpxtpx:TrackPointExtension>
        </extensions>
      </trkpt>
      <trkpt lat="22.544566563694755" lon="114.09824025034995">
        <ele>7.223050649277866</ele>
        <time>1970-01-01T00:26:29.700000Z</time>
        <extensions>
          <gpxtpx:TrackPointExtension>
            <gpxtpx:hr>155</gpxtpx:hr>
          </gpxtpx:TrackPointExtension>
        </extensions>
      </trkpt>
      <trkpt lat="22.54454415570459" lon="114.09825507167072">
        <ele>7.210512719117105</ele>
        <time>1970-01-01T00:26:30.700000Z</time>
        <extensions>
          <gpxtpx:TrackPointExtension>
            <gpxtpx:hr>155</gpxtpx:hr>
          </gpxtpx:TrackPointExtension>
        </extensions>
      </trkpt>
      <trkpt lat="22.544522103151277" lon="114.09827039336045">
        <ele>7.203171570785344</ele>
        <time>1970-01-01T00:26:31.700000Z</time>
        <extensions>
          <gpxtpx:TrackPointExtension>
            <gpxtpx:hr>156</gpxtpx:hr>
          </gpxtpx:TrackPointExtension>
        </extensions>
      </trkpt>
      <trkpt lat="22.544501143504412" lon="114.09828579180007">
        <ele>7.18520690407604</ele>
        <time>1970-01-01T00:26:32.700000Z</time>
        <extensions>
          <gpxtpx:TrackPointExtension>
            <gpxtpx:hr>156</gpxtpx:hr>
          </gpxtpx:TrackPointExtension>
        </extensions>
      </trkpt>
      <trkpt lat="22.544480597882334" lon="114.09830073695812">
        <ele>7.173023806884885</ele>
        <time>1970-01-01T00:26:33.700000Z</time>
        <extensions>
          <gpxtpx:TrackPointExtension>
            <gpxtpx:hr>156</gpxtpx:hr>
          </gpxtpx:TrackPointExtension>
        </extensions>
      </trkpt>
      <trkpt lat="22.54445946150453" lon="114.09831456169874">
        <ele>7.174514238722622</ele>
        <time>1970-01-01T00:26:34.700000Z</time>
        <extensions>
          <gpxtpx:TrackPointExtension>
            <gpxtpx:hr>156</gpxtpx:hr>
          </gpxtpx:TrackPointExtension>
        </extensions>
      </trkpt>
      <trkpt lat="22.54443741467639" lon="114.09832689622365">
        <ele>7.1760660065338016</ele>
        <time>1970-01-01T00:26:35.700000Z</time>
        <extensions>
          <gpxtpx:TrackPointExtension>
            <gpxtpx:hr>155</gpxtpx:hr>
          </gpxtpx:TrackPointExtension>
        </extensions>
      </trkpt>
      <trkpt lat="22.544414390004327" lon="114.09833659356164">
        <ele>7.196461048908532</ele>
        <time>1970-01-01T00:26:36.700000Z</time>
        <extensions>
          <gpxtpx:TrackPointExtension>
            <gpxtpx:hr>155</gpxtpx:hr>
          </gpxtpx:TrackPointExtension>
        </extensions>
      </trkpt>
      <trkpt lat="22.544390065492667" lon="114.09834243310019">
        <ele>7.205611388199031</ele>
        <time>1970-01-01T00:26:37.700000Z</time>
        <extensions>
          <gpxtpx:TrackPointExtension>
            <gpxtpx:hr>155</gpxtpx:hr>
          </gpxtpx:TrackPointExtension>
        </extensions>
      </trkpt>
      <trkpt lat="22.54436478596524" lon="114.09834470503758">
        <ele>7.217816372402012</ele>
        <time>1970-01-01T00:26:38.700000Z</time>
        <extensions>
          <gpxtpx:TrackPointExtension>
            <gpxtpx:hr>155</gpxtpx:hr>
          </gpxtpx:TrackPointExtension>
        </extensions>
      </trkpt>
      <trkpt lat="22.54433976782695" lon="114.09834511585676">
        <ele>7.263138961978257</ele>
        <time>1970-01-01T00:26:39.700000Z</time>
        <extensions>
          <gpxtpx:TrackPointExtension>
            <gpxtpx:hr>155</gpxtpx:hr>
          </gpxtpx:TrackPointExtension>
        </extensions>
      </trkpt>
      <trkpt lat="22.54431587195897" lon="114.09834550661155">
        <ele>7.317880991846323</ele>
        <time>1970-01-01T00:26:40.700000Z</time>
        <extensions>
          <gpxtpx:TrackPointExtension>
            <gpxtpx:hr>155</gpxtpx:hr>
          </gpxtpx:TrackPointExtension>
        </extensions>
      </trkpt>
      <trkpt lat="22.544293259028585" lon="114.098348463808">
        <ele>7.37852490413934</ele>
        <time>1970-01-01T00:26:41.700000Z</time>
        <extensions>
          <gpxtpx:TrackPointExtension>
            <gpxtpx:hr>156</gpxtpx:hr>
          </gpxtpx:TrackPointExtension>
        </extensions>
      </trkpt>
      <trkpt lat="22.54427188521524" lon="114.09835609909871">
        <ele>7.462278070859611</ele>
        <time>1970-01-01T00:26:42.700000Z</time>
        <extensions>
          <gpxtpx:TrackPointExtension>
            <gpxtpx:hr>156</gpxtpx:hr>
          </gpxtpx:TrackPointExtension>
        </extensions>
      </trkpt>
      <trkpt lat="22.544252045169213" lon="114.09836826198149">
        <ele>7.5577186439186335</ele>
        <time>1970-01-01T00:26:43.700000Z</time>
        <extensions>
          <gpxtpx:TrackPointExtension>
            <gpxtpx:hr>156</gpxtpx:hr>
          </gpxtpx:TrackPointExtension>
        </extensions>
      </trkpt>
      <trkpt lat="22.544234023673216" lon="114.09838359228941">
        <ele>7.638191414996982</ele>
        <time>1970-01-01T00:26:44.700000Z</time>
        <extensions>
          <gpxtpx:TrackPointExtension>
            <gpxtpx:hr>156</gpxtpx:hr>
          </gpxtpx:TrackPointExtension>
        </extensions>
      </trkpt>
      <trkpt lat="22.544217490960254" lon="114.0984011499315">
        <ele>7.72138851787895</ele>
        <time>1970-01-01T00:26:45.700000Z</time>
        <extensions>
          <gpxtpx:TrackPointExtension>
            <gpxtpx:hr>155</gpxtpx:hr>
          </gpxtpx:TrackPointExtension>
        </extensions>
      </trkpt>
      <trkpt lat="22.54420312172338" lon="114.09842146427584">
        <ele>7.79674195125699</ele>
        <time>1970-01-01T00:26:46.700000Z</time>
        <extensions>
          <gpxtpx:TrackPointExtension>
            <gpxtpx:hr>155</gpxtpx:hr>
          </gpxtpx:TrackPointExtension>
        </extensions>
      </trkpt>
      <trkpt lat="22.544192729280944" lon="114.0984452709312">
        <ele>7.856713198125362</ele>
        <time>1970-01-01T00:26:47.700000Z</time>
        <extensions>
          <gpxtpx:TrackPointExtension>
            <gpxtpx:hr>155</gpxtpx:hr>
          </gpxtpx:TrackPointExtension>
        </extensions>
      </trkpt>
      <trkpt lat="22.544188280965482" lon="114.09847196682995">
        <ele>7.89481390081346</ele>
        <time>1970-01-01T00:26:48.700000Z</time>
        <extensions>
          <gpxtpx:TrackPointExtension>
            <gpxtpx:hr>155</gpxtpx:hr>
          </gpxtpx:TrackPointExtension>
        </extensions>
      </trkpt>
      <trkpt lat="22.54419022109912" lon="114.09850020452144">
        <ele>7.9122161120176315</ele>
        <time>1970-01-01T00:26:49.700000Z</time>
        <extensions>
          <gpxtpx:TrackPointExtension>
            <gpxtpx:hr>155</gpxtpx:hr>
          </gpxtpx:TrackPointExtension>
        </extensions>
      </trkpt>
      <trkpt lat="22.54419674506359" lon="114.0985293367282">
        <ele>7.9241555677726865</ele>
        <time>1970-01-01T00:26:50.700000Z</time>
        <extensions>
          <gpxtpx:TrackPointExtension>
            <gpxtpx:hr>154</gpxtpx:hr>
          </gpxtpx:TrackPointExtension>
        </extensions>
      </trkpt>
      <trkpt lat="22.54420610953039" lon="114.09855871607506">
        <ele>7.913693335838616</ele>
        <time>1970-01-01T00:26:51.700000Z</time>
        <extensions>
          <gpxtpx:TrackPointExtension>
            <gpxtpx:hr>154</gpxtpx:hr>
          </gpxtpx:TrackPointExtension>
        </extensions>
      </trkpt>
      <trkpt lat="22.544217349271996" lon="114.09858716408266">
        <ele>7.897674257867038</ele>
        <time>1970-01-01T00:26:52.700000Z</time>
        <extensions>
          <gpxtpx:TrackPointExtension>
            <gpxtpx:hr>154</gpxtpx:hr>
          </gpxtpx:TrackPointExtension>
        </extensions>
      </trkpt>
      <trkpt lat="22.54422993891241" lon="114.09861390397106">
        <ele>7.874990066513419</ele>
        <time>1970-01-01T00:26:53.700000Z</time>
        <extensions>
          <gpxtpx:TrackPointExtension>
            <gpxtpx:hr>154</gpxtpx:hr>
          </gpxtpx:TrackPointExtension>
        </extensions>
      </trkpt>
      <trkpt lat="22.54424357814353" lon="114.09863865329503">
        <ele>7.847950361669064</ele>
        <time>1970-01-01T00:26:54.700000Z</time>
        <extensions>
          <gpxtpx:TrackPointExtension>
            <gpxtpx:hr>154</gpxtpx:hr>
          </gpxtpx:TrackPointExtension>
        </extensions>
      </trkpt>
      <trkpt lat="22.544258130088366" lon="114.0986616406686">
        <ele>7.809960896149278</ele>
        <time>1970-01-01T00:26:55.700000Z</time>
        <extensions>
          <gpxtpx:TrackPointExtension>
            <gpxtpx:hr>154</gpxtpx:hr>
          </gpxtpx:TrackPointExtension>
        </extensions>
      </trkpt>
      <trkpt lat="22.544273627523907" lon="114.09868307414725">
        <ele>7.77258771751076</ele>
        <time>1970-01-01T00:26:56.700000Z</time>
        <extensions>
          <gpxtpx:TrackPointExtension>
            <gpxtpx:hr>154</gpxtpx:hr>
          </gpxtpx:TrackPointExtension>
        </extensions>
      </trkpt>
      <trkpt lat="22.544289604530736" lon="114.09870341617746">
        <ele>7.7478917967528105</ele>
        <time>1970-01-01T00:26:57.700000Z</time>
        <extensions>
          <gpxtpx:TrackPointExtension>
            <gpxtpx:hr>154</gpxtpx:hr>
          </gpxtpx:TrackPointExtension>
        </extensions>
      </trkpt>
      <trkpt lat="22.544305688196474" lon="114.09872350332003">
        <ele>7.707140729762614</ele>
        <time>1970-01-01T00:26:58.700000Z</time>
        <extensions>
          <gpxtpx:TrackPointExtension>
            <gpxtpx:hr>154</gpxtpx:hr>
          </gpxtpx:TrackPointExtension>
        </extensions>
      </trkpt>
      <trkpt lat="22.544322009214497" lon="114.09874366685307">
        <ele>7.673904305323958</ele>
        <time>1970-01-01T00:26:59.700000Z</time>
        <extensions>
          <gpxtpx:TrackPointExtension>
            <gpxtpx:hr>154</gpxtpx:hr>
          </gpxtpx:TrackPointExtension>
        </extensions>
      </trkpt>
      <trkpt lat="22.54433809840827" lon="114.09876359415091">
        <ele>7.6774144442752</ele>
        <time>1970-01-01T00:27:00.700000Z</time>
        <extensions>
          <gpxtpx:TrackPointExtension>
            <gpxtpx:hr>154</gpxtpx:hr>
          </gpxtpx:TrackPointExtension>
        </extensions>
      </trkpt>
      <trkpt lat="22.544353848137582" lon="114.09878276829684">
        <ele>7.6645391611382365</ele>
        <time>1970-01-01T00:27:01.700000Z</time>
        <extensions>
          <gpxtpx:TrackPointExtension>
            <gpxtpx:hr>153</gpxtpx:hr>
          </gpxtpx:TrackPointExtension>
        </extensions>
      </trkpt>
      <trkpt lat="22.544369760663763" lon="114.09880047240172">
        <ele>7.658436093479395</ele>
        <time>1970-01-01T00:27:02.700000Z</time>
        <extensions>
          <gpxtpx:TrackPointExtension>
            <gpxtpx:hr>153</gpxtpx:hr>
          </gpxtpx:TrackPointExtension>
        </extensions>
      </trkpt>
      <trkpt lat="22.54438681117493" lon="114.09881648171323">
        <ele>7.651637920178473</ele>
        <time>1970-01-01T00:27:03.700000Z</time>
        <extensions>
          <gpxtpx:TrackPointExtension>
            <gpxtpx:hr>153</gpxtpx:hr>
          </gpxtpx:TrackPointExtension>
        </extensions>
      </trkpt>
      <trkpt lat="22.544405355253964" lon="114.0988315591691">
        <ele>7.66059847921133</ele>
        <time>1970-01-01T00:27:04.700000Z</time>
        <extensions>
          <gpxtpx:TrackPointExtension>
            <gpxtpx:hr>153</gpxtpx:hr>
          </gpxtpx:TrackPointExtension>
        </extensions>
      </trkpt>
      <trkpt lat="22.544424591843764" lon="114.09884623588923">
        <ele>7.645701500587165</ele>
        <time>1970-01-01T00:27:05.700000Z</time>
        <extensions>
          <gpxtpx:TrackPointExtension>
            <gpxtpx:hr>153</gpxtpx:hr>
          </gpxtpx:TrackPointExtension>
        </extensions>
      </trkpt>
      <trkpt lat="22.54444326486854" lon="114.09886067711334">
        <ele>7.636631641536951</ele>
        <time>1970-01-01T00:27:06.700000Z</time>
        <extensions>
          <gpxtpx:TrackPointExtension>
            <gpxtpx:hr>153</gpxtpx:hr>
          </gpxtpx:TrackPointExtension>
        </extensions>
      </trkpt>
      <trkpt lat="22.54446078640821" lon="114.09887580114425">
        <ele>7.643109394237399</ele>
        <time>1970-01-01T00:27:07.700000Z</time>
        <extensions>
          <gpxtpx:TrackPointExtension>
            <gpxtpx:hr>153</gpxtpx:hr>
          </gpxtpx:TrackPointExtension>
        </extensions>
      </trkpt>
      <trkpt lat="22.544477550482718" lon="114.09889339650671">
        <ele>7.654455678537488</ele>
        <time>1970-01-01T00:27:08.700000Z</time>
        <extensions>
          <gpxtpx:TrackPointExtension>
            <gpxtpx:hr>153</gpxtpx:hr>
          </gpxtpx:TrackPointExtension>
        </extensions>
      </trkpt>
      <trkpt lat="22.544493815075754" lon="114.09891531755571">
        <ele>7.677470181137323</ele>
        <time>1970-01-01T00:27:09.700000Z</time>
        <extensions>
          <gpxtpx:TrackPointExtension>
            <gpxtpx:hr>153</gpxtpx:hr>
          </gpxtpx:TrackPointExtension>
        </extensions>
      </trkpt>
      <trkpt lat="22.544507518952834" lon="114.09894102154648">
        <ele>7.717429771088064</ele>
        <time>1970-01-01T00:27:10.700000Z</time>
        <extensions>
          <gpxtpx:TrackPointExtension>
            <gpxtpx:hr>152</gpxtpx:hr>
          </gpxtpx:TrackPointExtension>
        </extensions>
      </trkpt>
      <trkpt lat="22.544516377414926" lon="114.09896838476963">
        <ele>7.759312123060226</ele>
        <time>1970-01-01T00:27:11.700000Z</time>
        <extensions>
          <gpxtpx:TrackPointExtension>
            <gpxtpx:hr>152</gpxtpx:hr>
          </gpxtpx:TrackPointExtension>
        </extensions>
      </trkpt>
      <trkpt lat="22.54452153501944" lon="114.0989951401784">
        <ele>7.8081378331407905</ele>
        <time>1970-01-01T00:27:12.700000Z</time>
        <extensions>
          <gpxtpx:TrackPointExtension>
            <gpxtpx:hr>152</gpxtpx:hr>
          </gpxtpx:TrackPointExtension>
        </extensions>
      </trkpt>
      <trkpt lat="22.5445254860154" lon="114.09902020020297">
        <ele>7.84281025826931</ele>
        <time>1970-01-01T00:27:13.700000Z</time>
        <extensions>
          <gpxtpx:TrackPointExtension>
            <gpxtpx:hr>152</gpxtpx:hr>
          </gpxtpx:TrackPointExtension>
        </extensions>
      </trkpt>
      <trkpt lat="22.544530546996516" lon="114.09904366065015">
        <ele>7.878034305758774</ele>
        <time>1970-01-01T00:27:14.700000Z</time>
        <extensions>
          <gpxtpx:TrackPointExtension>
            <gpxtpx:hr>152</gpxtpx:hr>
          </gpxtpx:TrackPointExtension>
        </extensions>
      </trkpt>
      <trkpt lat="22.544538245028857" lon="114.09906539955772">
        <ele>7.9098458904773</ele>
        <time>1970-01-01T00:27:15.700000Z</time>
        <extensions>
          <gpxtpx:TrackPointExtension>
            <gpxtpx:hr>152</gpxtpx:hr>
          </gpxtpx:TrackPointExtension>
        </extensions>
      </trkpt>
      <trkpt lat="22.54454895919292" lon="114.09908521181981">
        <ele>7.9328478788957</ele>
        <time>1970-01-01T00:27:16.700000Z</time>
        <extensions>
          <gpxtpx:TrackPointExtension>
            <gpxtpx:hr>151</gpxtpx:hr>
          </gpxtpx:TrackPointExtension>
        </extensions>
      </trkpt>
      <trkpt lat="22.544561802805443" lon="114.09910348227216">
        <ele>7.944433419033885</ele>
        <time>1970-01-01T00:27:17.700000Z</time>
        <extensions>
          <gpxtpx:TrackPointExtension>
            <gpxtpx:hr>151</gpxtpx:hr>
          </gpxtpx:TrackPointExtension>
        </extensions>
      </trkpt>
      <trkpt lat="22.544576113368777" lon="114.09912144197364">
        <ele>7.954345182515681</ele>
        <time>1970-01-01T00:27:18.700000Z</time>
        <extensions>
          <gpxtpx:TrackPointExtension>
            <gpxtpx:hr>151</gpxtpx:hr>
          </gpxtpx:TrackPointExtension>
        </extensions>
      </trkpt>
      <trkpt lat="22.54459104193567" lon="114.09914044941718">
        <ele>7.929933724924922</ele>
        <time>1970-01-01T00:27:19.700000Z</time>
        <extensions>
          <gpxtpx:TrackPointExtension>
            <gpxtpx:hr>151</gpxtpx:hr>
          </gpxtpx:TrackPointExtension>
        </extensions>
      </trkpt>
      <trkpt lat="22.544604991765258" lon="114.09916124643576">
        <ele>7.873597901314497</ele>
        <time>1970-01-01T00:27:20.700000Z</time>
        <extensions>
          <gpxtpx:TrackPointExtension>
            <gpxtpx:hr>151</gpxtpx:hr>
          </gpxtpx:TrackPointExtension>
        </extensions>
      </trkpt>
      <trkpt lat="22.544617571600785" lon="114.09918386159697">
        <ele>7.802329087629914</ele>
        <time>1970-01-01T00:27:21.700000Z</time>
        <extensions>
          <gpxtpx:TrackPointExtension>
            <gpxtpx:hr>151</gpxtpx:hr>
          </gpxtpx:TrackPointExtension>
        </extensions>
      </trkpt>
      <trkpt lat="22.544629713303223" lon="114.09920774991602">
        <ele>7.73319302406162</ele>
        <time>1970-01-01T00:27:22.700000Z</time>
        <extensions>
          <gpxtpx:TrackPointExtension>
            <gpxtpx:hr>151</gpxtpx:hr>
          </gpxtpx:TrackPointExtension>
        </extensions>
      </trkpt>
      <trkpt lat="22.54464250699184" lon="114.09923132478934">
        <ele>7.665029685012996</ele>
        <time>1970-01-01T00:27:23.700000Z</time>
        <extensions>
          <gpxtpx:TrackPointExtension>
            <gpxtpx:hr>151</gpxtpx:hr>
          </gpxtpx:TrackPointExtension>
        </extensions>
      </trkpt>
      <trkpt lat="22.544656236471507" lon="114.09925322693547">
        <ele>7.590981461107731</ele>
        <time>1970-01-01T00:27:24.700000Z</time>
        <extensions>
          <gpxtpx:TrackPointExtension>
            <gpxtpx:hr>151</gpxtpx:hr>
          </gpxtpx:TrackPointExtension>
        </extensions>
      </trkpt>
      <trkpt lat="22.544671044468554" lon="114.09927294768804">
        <ele>7.505315260961652</ele>
        <time>1970-01-01T00:27:25.700000Z</time>
        <extensions>
          <gpxtpx:TrackPointExtension>
            <gpxtpx:hr>151</gpxtpx:hr>
          </gpxtpx:TrackPointExtension>
        </extensions>
      </trkpt>
      <trkpt lat="22.54468784084042" lon="114.0992893398782">
        <ele>7.435803662054241</ele>
        <time>1970-01-01T00:27:26.700000Z</time>
        <extensions>
          <gpxtpx:TrackPointExtension>
            <gpxtpx:hr>151</gpxtpx:hr>
          </gpxtpx:TrackPointExtension>
        </extensions>
      </trkpt>
      <trkpt lat="22.544707378528084" lon="114.09930023113148">
        <ele>7.34919523075223</ele>
        <time>1970-01-01T00:27:27.700000Z</time>
        <extensions>
          <gpxtpx:TrackPointExtension>
            <gpxtpx:hr>151</gpxtpx:hr>
          </gpxtpx:TrackPointExtension>
        </extensions>
      </trkpt>
      <trkpt lat="22.544729124522192" lon="114.09930321686056">
        <ele>7.260203525424004</ele>
        <time>1970-01-01T00:27:28.700000Z</time>
        <extensions>
          <gpxtpx:TrackPointExtension>
            <gpxtpx:hr>150</gpxtpx:hr>
          </gpxtpx:TrackPointExtension>
        </extensions>
      </trkpt>
      <trkpt lat="22.54475192668542" lon="114.09929745238439">
        <ele>7.199964029714465</ele>
        <time>1970-01-01T00:27:29.700000Z</time>
        <extensions>
          <gpxtpx:TrackPointExtension>
            <gpxtpx:hr>150</gpxtpx:hr>
          </gpxtpx:TrackPointExtension>
        </extensions>
      </trkpt>
      <trkpt lat="22.54477491338667" lon="114.09928442685099">
        <ele>7.150537823326886</ele>
        <time>1970-01-01T00:27:30.700000Z</time>
        <extensions>
          <gpxtpx:TrackPointExtension>
            <gpxtpx:hr>150</gpxtpx:hr>
          </gpxtpx:TrackPointExtension>
        </extensions>
      </trkpt>
      <trkpt lat="22.544797383124703" lon="114.09926770436856">
        <ele>7.148536085151136</ele>
        <time>1970-01-01T00:27:31.700000Z</time>
        <extensions>
          <gpxtpx:TrackPointExtension>
            <gpxtpx:hr>150</gpxtpx:hr>
          </gpxtpx:TrackPointExtension>
        </extensions>
      </trkpt>
      <trkpt lat="22.54481845222286" lon="114.09925188183898">
        <ele>7.170275434851646</ele>
        <time>1970-01-01T00:27:32.700000Z</time>
        <extensions>
          <gpxtpx:TrackPointExtension>
            <gpxtpx:hr>150</gpxtpx:hr>
          </gpxtpx:TrackPointExtension>
        </extensions>
      </trkpt>
      <trkpt lat="22.544838964196764" lon="114.09923937445272">
        <ele>7.223100662231445</ele>
        <time>1970-01-01T00:27:33.700000Z</time>
        <extensions>
          <gpxtpx:TrackPointExtension>
            <gpxtpx:hr>150</gpxtpx:hr>
          </gpxtpx:TrackPointExtension>
        </extensions>
      </trkpt>
      <trkpt lat="22.54486028839552" lon="114.09923029403325">
        <ele>7.315897655673325</ele>
        <time>1970-01-01T00:27:34.700000Z</time>
        <extensions>
          <gpxtpx:TrackPointExtension>
            <gpxtpx:hr>150</gpxtpx:hr>
          </gpxtpx:TrackPointExtension>
        </extensions>
      </trkpt>
      <trkpt lat="22.544883181774846" lon="114.09922363856256">
        <ele>7.40339239500463</ele>
        <time>1970-01-01T00:27:35.700000Z</time>
        <extensions>
          <gpxtpx:TrackPointExtension>
            <gpxtpx:hr>150</gpxtpx:hr>
          </gpxtpx:TrackPointExtension>
        </extensions>
      </trkpt>
      <trkpt lat="22.54490704325124" lon="114.09921743279783">
        <ele>7.492814038880169</ele>
        <time>1970-01-01T00:27:36.700000Z</time>
        <extensions>
          <gpxtpx:TrackPointExtension>
            <gpxtpx:hr>150</gpxtpx:hr>
          </gpxtpx:TrackPointExtension>
        </extensions>
      </trkpt>
      <trkpt lat="22.544930418413333" lon="114.09921083187788">
        <ele>7.5493317767977715</ele>
        <time>1970-01-01T00:27:37.700000Z</time>
        <extensions>
          <gpxtpx:TrackPointExtension>
            <gpxtpx:hr>151</gpxtpx:hr>
          </gpxtpx:TrackPointExtension>
        </extensions>
      </trkpt>
      <trkpt lat="22.54495424432002" lon="114.09920461353147">
        <ele>7.671977984718978</ele>
        <time>1970-01-01T00:27:38.700000Z</time>
        <extensions>
          <gpxtpx:TrackPointExtension>
            <gpxtpx:hr>151</gpxtpx:hr>
          </gpxtpx:TrackPointExtension>
        </extensions>
      </trkpt>
      <trkpt lat="22.54497935910751" lon="114.09919908021864">
        <ele>7.800768127664924</ele>
        <time>1970-01-01T00:27:39.700000Z</time>
        <extensions>
          <gpxtpx:TrackPointExtension>
            <gpxtpx:hr>151</gpxtpx:hr>
          </gpxtpx:TrackPointExtension>
        </extensions>
      </trkpt>
      <trkpt lat="22.545005915185342" lon="114.09919376685689">
        <ele>7.906370070762932</ele>
        <time>1970-01-01T00:27:40.700000Z</time>
        <extensions>
          <gpxtpx:TrackPointExtension>
            <gpxtpx:hr>151</gpxtpx:hr>
          </gpxtpx:TrackPointExtension>
        </extensions>
      </trkpt>
      <trkpt lat="22.545033737130975" lon="114.09918918717939">
        <ele>8.046198880299926</ele>
        <time>1970-01-01T00:27:41.700000Z</time>
        <extensions>
          <gpxtpx:TrackPointExtension>
            <gpxtpx:hr>153</gpxtpx:hr>
          </gpxtpx:TrackPointExtension>
        </extensions>
      </trkpt>
      <trkpt lat="22.54506220347155" lon="114.09918678603486">
        <ele>8.191109455190599</ele>
        <time>1970-01-01T00:27:42.700000Z</time>
        <extensions>
          <gpxtpx:TrackPointExtension>
            <gpxtpx:hr>153</gpxtpx:hr>
          </gpxtpx:TrackPointExtension>
        </extensions>
      </trkpt>
      <trkpt lat="22.545090629296123" lon="114.09918666275559">
        <ele>8.325765325687826</ele>
        <time>1970-01-01T00:27:43.700000Z</time>
        <extensions>
          <gpxtpx:TrackPointExtension>
            <gpxtpx:hr>153</gpxtpx:hr>
          </gpxtpx:TrackPointExtension>
        </extensions>
      </trkpt>
      <trkpt lat="22.545118823964767" lon="114.09918831845238">
        <ele>8.445794637314975</ele>
        <time>1970-01-01T00:27:44.700000Z</time>
        <extensions>
          <gpxtpx:TrackPointExtension>
            <gpxtpx:hr>153</gpxtpx:hr>
          </gpxtpx:TrackPointExtension>
        </extensions>
      </trkpt>
      <trkpt lat="22.54514603970704" lon="114.0991917407858">
        <ele>8.553685286082327</ele>
        <time>1970-01-01T00:27:45.700000Z</time>
        <extensions>
          <gpxtpx:TrackPointExtension>
            <gpxtpx:hr>153</gpxtpx:hr>
          </gpxtpx:TrackPointExtension>
        </extensions>
      </trkpt>
      <trkpt lat="22.54517180793414" lon="114.099196827951">
        <ele>8.664182579144835</ele>
        <time>1970-01-01T00:27:46.700000Z</time>
        <extensions>
          <gpxtpx:TrackPointExtension>
            <gpxtpx:hr>154</gpxtpx:hr>
          </gpxtpx:TrackPointExtension>
        </extensions>
      </trkpt>
      <trkpt lat="22.545196294672888" lon="114.09920290569558">
        <ele>8.77594992518425</ele>
        <time>1970-01-01T00:27:47.700000Z</time>
        <extensions>
          <gpxtpx:TrackPointExtension>
            <gpxtpx:hr>154</gpxtpx:hr>
          </gpxtpx:TrackPointExtension>
        </extensions>
      </trkpt>
      <trkpt lat="22.54522053535412" lon="114.09920946188318">
        <ele>8.887003663927317</ele>
        <time>1970-01-01T00:27:48.700000Z</time>
        <extensions>
          <gpxtpx:TrackPointExtension>
            <gpxtpx:hr>154</gpxtpx:hr>
          </gpxtpx:TrackPointExtension>
        </extensions>
      </trkpt>
      <trkpt lat="22.545244495000063" lon="114.09921638976968">
        <ele>8.979616353288293</ele>
        <time>1970-01-01T00:27:49.700000Z</time>
        <extensions>
          <gpxtpx:TrackPointExtension>
            <gpxtpx:hr>154</gpxtpx:hr>
          </gpxtpx:TrackPointExtension>
        </extensions>
      </trkpt>
      <trkpt lat="22.545267343155196" lon="114.0992232181769">
        <ele>9.052618371322751</ele>
        <time>1970-01-01T00:27:50.700000Z</time>
        <extensions>
          <gpxtpx:TrackPointExtension>
            <gpxtpx:hr>154</gpxtpx:hr>
          </gpxtpx:TrackPointExtension>
        </extensions>
      </trkpt>
      <trkpt lat="22.5452898614443" lon="114.09922998055772">
        <ele>9.108533944003284</ele>
        <time>1970-01-01T00:27:51.700000Z</time>
        <extensions>
          <gpxtpx:TrackPointExtension>
            <gpxtpx:hr>154</gpxtpx:hr>
          </gpxtpx:TrackPointExtension>
        </extensions>
      </trkpt>
      <trkpt lat="22.54531288951686" lon="114.09923680692724">
        <ele>9.193473941646516</ele>
        <time>1970-01-01T00:27:52.700000Z</time>
        <extensions>
          <gpxtpx:TrackPointExtension>
            <gpxtpx:hr>154</gpxtpx:hr>
          </gpxtpx:TrackPointExtension>
        </extensions>
      </trkpt>
      <trkpt lat="22.545336563270173" lon="114.09924352674525">
        <ele>9.299459654837847</ele>
        <time>1970-01-01T00:27:53.700000Z</time>
        <extensions>
          <gpxtpx:TrackPointExtension>
            <gpxtpx:hr>154</gpxtpx:hr>
          </gpxtpx:TrackPointExtension>
        </extensions>
      </trkpt>
      <trkpt lat="22.545361117321423" lon="114.09924996008125">
        <ele>9.385953578166664</ele>
        <time>1970-01-01T00:27:54.700000Z</time>
        <extensions>
          <gpxtpx:TrackPointExtension>
            <gpxtpx:hr>154</gpxtpx:hr>
          </gpxtpx:TrackPointExtension>
        </extensions>
      </trkpt>
      <trkpt lat="22.545386646364975" lon="114.09925587036491">
        <ele>9.477468273602426</ele>
        <time>1970-01-01T00:27:55.700000Z</time>
        <extensions>
          <gpxtpx:TrackPointExtension>
            <gpxtpx:hr>154</gpxtpx:hr>
          </gpxtpx:TrackPointExtension>
        </extensions>
      </trkpt>
      <trkpt lat="22.545412310325023" lon="114.09926126940208">
        <ele>9.575500733219087</ele>
        <time>1970-01-01T00:27:56.700000Z</time>
        <extensions>
          <gpxtpx:TrackPointExtension>
            <gpxtpx:hr>153</gpxtpx:hr>
          </gpxtpx:TrackPointExtension>
        </extensions>
      </trkpt>
      <trkpt lat="22.545437270809906" lon="114.09926579124158">
        <ele>9.619881249964237</ele>
        <time>1970-01-01T00:27:57.700000Z</time>
        <extensions>
          <gpxtpx:TrackPointExtension>
            <gpxtpx:hr>153</gpxtpx:hr>
          </gpxtpx:TrackPointExtension>
        </extensions>
      </trkpt>
      <trkpt lat="22.54546145762712" lon="114.09926949634529">
        <ele>9.650289912708104</ele>
        <time>1970-01-01T00:27:58.700000Z</time>
        <extensions>
          <gpxtpx:TrackPointExtension>
            <gpxtpx:hr>153</gpxtpx:hr>
          </gpxtpx:TrackPointExtension>
        </extensions>
      </trkpt>
      <trkpt lat="22.545485475316017" lon="114.09927358316484">
        <ele>9.680047613568604</ele>
        <time>1970-01-01T00:27:59.700000Z</time>
        <extensions>
          <gpxtpx:TrackPointExtension>
            <gpxtpx:hr>153</gpxtpx:hr>
          </gpxtpx:TrackPointExtension>
        </extensions>
      </trkpt>
      <trkpt lat="22.545509247082858" lon="114.09927849194482">
        <ele>9.621965527534485</ele>
        <time>1970-01-01T00:28:00.700000Z</time>
        <extensions>
          <gpxtpx:TrackPointExtension>
            <gpxtpx:hr>153</gpxtpx:hr>
          </gpxtpx:TrackPointExtension>
        </extensions>
      </trkpt>
      <trkpt lat="22.545532257859012" lon="114.09928315983586">
        <ele>9.549247251823545</ele>
        <time>1970-01-01T00:28:01.700000Z</time>
        <extensions>
          <gpxtpx:TrackPointExtension>
            <gpxtpx:hr>153</gpxtpx:hr>
          </gpxtpx:TrackPointExtension>
        </extensions>
      </trkpt>
      <trkpt lat="22.545555354870434" lon="114.09928577217754">
        <ele>9.457477900199592</ele>
        <time>1970-01-01T00:28:02.700000Z</time>
        <extensions>
          <gpxtpx:TrackPointExtension>
            <gpxtpx:hr>153</gpxtpx:hr>
          </gpxtpx:TrackPointExtension>
        </extensions>
      </trkpt>
      <trkpt lat="22.54557925777264" lon="114.09928587494">
        <ele>9.36082763876766</ele>
        <time>1970-01-01T00:28:03.700000Z</time>
        <extensions>
          <gpxtpx:TrackPointExtension>
            <gpxtpx:hr>153</gpxtpx:hr>
          </gpxtpx:TrackPointExtension>
        </extensions>
      </trkpt>
      <trkpt lat="22.545603455405246" lon="114.09928494656795">
        <ele>9.253760219551623</ele>
        <time>1970-01-01T00:28:04.700000Z</time>
        <extensions>
          <gpxtpx:TrackPointExtension>
            <gpxtpx:hr>153</gpxtpx:hr>
          </gpxtpx:TrackPointExtension>
        </extensions>
      </trkpt>
      <trkpt lat="22.54562724489231" lon="114.09928482128643">
        <ele>9.086186287924647</ele>
        <time>1970-01-01T00:28:05.700000Z</time>
        <extensions>
          <gpxtpx:TrackPointExtension>
            <gpxtpx:hr>153</gpxtpx:hr>
          </gpxtpx:TrackPointExtension>
        </extensions>
      </trkpt>
      <trkpt lat="22.545650624779395" lon="114.0992858028235">
        <ele>8.874416897073388</ele>
        <time>1970-01-01T00:28:06.700000Z</time>
        <extensions>
          <gpxtpx:TrackPointExtension>
            <gpxtpx:hr>153</gpxtpx:hr>
          </gpxtpx:TrackPointExtension>
        </extensions>
      </trkpt>
      <trkpt lat="22.54567398706067" lon="114.0992863772149">
        <ele>8.687768569216132</ele>
        <time>1970-01-01T00:28:07.700000Z</time>
        <extensions>
          <gpxtpx:TrackPointExtension>
            <gpxtpx:hr>153</gpxtpx:hr>
          </gpxtpx:TrackPointExtension>
        </extensions>
      </trkpt>
      <trkpt lat="22.545697603754682" lon="114.09928527944739">
        <ele>8.486216540448368</ele>
        <time>1970-01-01T00:28:08.700000Z</time>
        <extensions>
          <gpxtpx:TrackPointExtension>
            <gpxtpx:hr>153</gpxtpx:hr>
          </gpxtpx:TrackPointExtension>
        </extensions>
      </trkpt>
      <trkpt lat="22.545721263341935" lon="114.09928239672655">
        <ele>8.232419159263372</ele>
        <time>1970-01-01T00:28:09.700000Z</time>
        <extensions>
          <gpxtpx:TrackPointExtension>
            <gpxtpx:hr>153</gpxtpx:hr>
          </gpxtpx:TrackPointExtension>
        </extensions>
      </trkpt>
      <trkpt lat="22.54574376324297" lon="114.09927849552699">
        <ele>8.000546016730368</ele>
        <time>1970-01-01T00:28:10.700000Z</time>
        <extensions>
          <gpxtpx:TrackPointExtension>
            <gpxtpx:hr>153</gpxtpx:hr>
          </gpxtpx:TrackPointExtension>
        </extensions>
      </trkpt>
      <trkpt lat="22.545765043070446" lon="114.0992739163437">
        <ele>7.743899976834655</ele>
        <time>1970-01-01T00:28:11.700000Z</time>
        <extensions>
          <gpxtpx:TrackPointExtension>
            <gpxtpx:hr>153</gpxtpx:hr>
          </gpxtpx:TrackPointExtension>
        </extensions>
      </trkpt>
      <trkpt lat="22.545786285211722" lon="114.09926843062293">
        <ele>7.508006195537746</ele>
        <time>1970-01-01T00:28:12.700000Z</time>
        <extensions>
          <gpxtpx:TrackPointExtension>
            <gpxtpx:hr>151</gpxtpx:hr>
          </gpxtpx:TrackPointExtension>
        </extensions>
      </trkpt>
      <trkpt lat="22.545807382179774" lon="114.09926207392549">
        <ele>7.341709549538791</ele>
        <time>1970-01-01T00:28:13.700000Z</time>
        <extensions>
          <gpxtpx:TrackPointExtension>
            <gpxtpx:hr>151</gpxtpx:hr>
          </gpxtpx:TrackPointExtension>
        </extensions>
      </trkpt>
      <trkpt lat="22.545827899450277" lon="114.0992547125675">
        <ele>7.199011226184666</ele>
        <time>1970-01-01T00:28:14.700000Z</time>
        <extensions>
          <gpxtpx:TrackPointExtension>
            <gpxtpx:hr>151</gpxtpx:hr>
          </gpxtpx:TrackPointExtension>
        </extensions>
      </trkpt>
      <trkpt lat="22.545848471484426" lon="114.0992463206765">
        <ele>7.037873692810535</ele>
        <time>1970-01-01T00:28:15.700000Z</time>
        <extensions>
          <gpxtpx:TrackPointExtension>
            <gpxtpx:hr>151</gpxtpx:hr>
          </gpxtpx:TrackPointExtension>
        </extensions>
      </trkpt>
      <trkpt lat="22.54586971226602" lon="114.09923673839224">
        <ele>6.93825657851994</ele>
        <time>1970-01-01T00:28:16.700000Z</time>
        <extensions>
          <gpxtpx:TrackPointExtension>
            <gpxtpx:hr>151</gpxtpx:hr>
          </gpxtpx:TrackPointExtension>
        </extensions>
      </trkpt>
      <trkpt lat="22.54589161365222" lon="114.09922618605867">
        <ele>6.7951427372172475</ele>
        <time>1970-01-01T00:28:17.700000Z</time>
        <extensions>
          <gpxtpx:TrackPointExtension>
            <gpxtpx:hr>151</gpxtpx:hr>
          </gpxtpx:TrackPointExtension>
        </extensions>
      </trkpt>
      <trkpt lat="22.54591365644781" lon="114.09921548757053">
        <ele>6.710314117372036</ele>
        <time>1970-01-01T00:28:18.700000Z</time>
        <extensions>
          <gpxtpx:TrackPointExtension>
            <gpxtpx:hr>151</gpxtpx:hr>
          </gpxtpx:TrackPointExtension>
        </extensions>
      </trkpt>
      <trkpt lat="22.54593520679161" lon="114.0992048489845">
        <ele>6.611181408166885</ele>
        <time>1970-01-01T00:28:19.700000Z</time>
        <extensions>
          <gpxtpx:TrackPointExtension>
            <gpxtpx:hr>151</gpxtpx:hr>
          </gpxtpx:TrackPointExtension>
        </extensions>
      </trkpt>
      <trkpt lat="22.545956050157532" lon="114.0991940246247">
        <ele>6.557031768374145</ele>
        <time>1970-01-01T00:28:20.700000Z</time>
        <extensions>
          <gpxtpx:TrackPointExtension>
            <gpxtpx:hr>151</gpxtpx:hr>
          </gpxtpx:TrackPointExtension>
        </extensions>
      </trkpt>
      <trkpt lat="22.545976375351266" lon="114.09918316572602">
        <ele>6.538806334137917</ele>
        <time>1970-01-01T00:28:21.700000Z</time>
        <extensions>
          <gpxtpx:TrackPointExtension>
            <gpxtpx:hr>151</gpxtpx:hr>
          </gpxtpx:TrackPointExtension>
        </extensions>
      </trkpt>
      <trkpt lat="22.54599710196525" lon="114.09917235715943">
        <ele>6.520384445786476</ele>
        <time>1970-01-01T00:28:22.700000Z</time>
        <extensions>
          <gpxtpx:TrackPointExtension>
            <gpxtpx:hr>151</gpxtpx:hr>
          </gpxtpx:TrackPointExtension>
        </extensions>
      </trkpt>
      <trkpt lat="22.54601890623886" lon="114.0991620232144">
        <ele>6.500334188342094</ele>
        <time>1970-01-01T00:28:23.700000Z</time>
        <extensions>
          <gpxtpx:TrackPointExtension>
            <gpxtpx:hr>153</gpxtpx:hr>
          </gpxtpx:TrackPointExtension>
        </extensions>
      </trkpt>
      <trkpt lat="22.54604136679214" lon="114.0991532533755">
        <ele>6.532263338565826</ele>
        <time>1970-01-01T00:28:24.700000Z</time>
        <extensions>
          <gpxtpx:TrackPointExtension>
            <gpxtpx:hr>153</gpxtpx:hr>
          </gpxtpx:TrackPointExtension>
        </extensions>
      </trkpt>
      <trkpt lat="22.54606423236343" lon="114.0991462315023">
        <ele>6.567934697493911</ele>
        <time>1970-01-01T00:28:25.700000Z</time>
        <extensions>
          <gpxtpx:TrackPointExtension>
            <gpxtpx:hr>153</gpxtpx:hr>
          </gpxtpx:TrackPointExtension>
        </extensions>
      </trkpt>
      <trkpt lat="22.54608757726392" lon="114.09914013364184">
        <ele>6.6096569541841745</ele>
        <time>1970-01-01T00:28:26.700000Z</time>
        <extensions>
          <gpxtpx:TrackPointExtension>
            <gpxtpx:hr>153</gpxtpx:hr>
          </gpxtpx:TrackPointExtension>
        </extensions>
      </trkpt>
      <trkpt lat="22.546111672411367" lon="114.09913486900571">
        <ele>6.646592921577394</ele>
        <time>1970-01-01T00:28:27.700000Z</time>
        <extensions>
          <gpxtpx:TrackPointExtension>
            <gpxtpx:hr>152</gpxtpx:hr>
          </gpxtpx:TrackPointExtension>
        </extensions>
      </trkpt>
      <trkpt lat="22.546136825744313" lon="114.09913051799">
        <ele>6.762976967729628</ele>
        <time>1970-01-01T00:28:28.700000Z</time>
        <extensions>
          <gpxtpx:TrackPointExtension>
            <gpxtpx:hr>152</gpxtpx:hr>
          </gpxtpx:TrackPointExtension>
        </extensions>
      </trkpt>
      <trkpt lat="22.546163323608216" lon="114.09912666874466">
        <ele>6.906457141973078</ele>
        <time>1970-01-01T00:28:29.700000Z</time>
        <extensions>
          <gpxtpx:TrackPointExtension>
            <gpxtpx:hr>152</gpxtpx:hr>
          </gpxtpx:TrackPointExtension>
        </extensions>
      </trkpt>
      <trkpt lat="22.546190696738776" lon="114.09912450153018">
        <ele>7.0348771046847105</ele>
        <time>1970-01-01T00:28:30.700000Z</time>
        <extensions>
          <gpxtpx:TrackPointExtension>
            <gpxtpx:hr>152</gpxtpx:hr>
          </gpxtpx:TrackPointExtension>
        </extensions>
      </trkpt>
      <trkpt lat="22.54621797544166" lon="114.09912619769055">
        <ele>7.198098015040159</ele>
        <time>1970-01-01T00:28:31.700000Z</time>
        <extensions>
          <gpxtpx:TrackPointExtension>
            <gpxtpx:hr>152</gpxtpx:hr>
          </gpxtpx:TrackPointExtension>
        </extensions>
      </trkpt>
      <trkpt lat="22.54624466970232" lon="114.09913173601448">
        <ele>7.329321099445224</ele>
        <time>1970-01-01T00:28:32.700000Z</time>
        <extensions>
          <gpxtpx:TrackPointExtension>
            <gpxtpx:hr>152</gpxtpx:hr>
          </gpxtpx:TrackPointExtension>
        </extensions>
      </trkpt>
      <trkpt lat="22.546270610944536" lon="114.09913848255205">
        <ele>7.426676398143172</ele>
        <time>1970-01-01T00:28:33.700000Z</time>
        <extensions>
          <gpxtpx:TrackPointExtension>
            <gpxtpx:hr>152</gpxtpx:hr>
          </gpxtpx:TrackPointExtension>
        </extensions>
      </trkpt>
      <trkpt lat="22.546296661477104" lon="114.09914547900406">
        <ele>7.589511485770345</ele>
        <time>1970-01-01T00:28:34.700000Z</time>
        <extensions>
          <gpxtpx:TrackPointExtension>
            <gpxtpx:hr>152</gpxtpx:hr>
          </gpxtpx:TrackPointExtension>
        </extensions>
      </trkpt>
      <trkpt lat="22.546322831227993" lon="114.09915303036752">
        <ele>7.776685611344874</ele>
        <time>1970-01-01T00:28:35.700000Z</time>
        <extensions>
          <gpxtpx:TrackPointExtension>
            <gpxtpx:hr>152</gpxtpx:hr>
          </gpxtpx:TrackPointExtension>
        </extensions>
      </trkpt>
      <trkpt lat="22.546348406969173" lon="114.09916067246725">
        <ele>7.912516262382269</ele>
        <time>1970-01-01T00:28:36.700000Z</time>
        <extensions>
          <gpxtpx:TrackPointExtension>
            <gpxtpx:hr>152</gpxtpx:hr>
          </gpxtpx:TrackPointExtension>
        </extensions>
      </trkpt>
      <trkpt lat="22.546374305929092" lon="114.09916858657448">
        <ele>8.036242607980967</ele>
        <time>1970-01-01T00:28:37.700000Z</time>
        <extensions>
          <gpxtpx:TrackPointExtension>
            <gpxtpx:hr>152</gpxtpx:hr>
          </gpxtpx:TrackPointExtension>
        </extensions>
      </trkpt>
      <trkpt lat="22.546401048708713" lon="114.09917745193133">
        <ele>8.133897566236556</ele>
        <time>1970-01-01T00:28:38.700000Z</time>
        <extensions>
          <gpxtpx:TrackPointExtension>
            <gpxtpx:hr>152</gpxtpx:hr>
          </gpxtpx:TrackPointExtension>
        </extensions>
      </trkpt>
      <trkpt lat="22.54642720672671" lon="114.09918715480502">
        <ele>8.159913054667413</ele>
        <time>1970-01-01T00:28:39.700000Z</time>
        <extensions>
          <gpxtpx:TrackPointExtension>
            <gpxtpx:hr>152</gpxtpx:hr>
          </gpxtpx:TrackPointExtension>
        </extensions>
      </trkpt>
      <trkpt lat="22.546451958678475" lon="114.09919649007908">
        <ele>8.21237235981971</ele>
        <time>1970-01-01T00:28:40.700000Z</time>
        <extensions>
          <gpxtpx:TrackPointExtension>
            <gpxtpx:hr>152</gpxtpx:hr>
          </gpxtpx:TrackPointExtension>
        </extensions>
      </trkpt>
      <trkpt lat="22.546475708604234" lon="114.09920454615155">
        <ele>8.228683101013303</ele>
        <time>1970-01-01T00:28:41.700000Z</time>
        <extensions>
          <gpxtpx:TrackPointExtension>
            <gpxtpx:hr>152</gpxtpx:hr>
          </gpxtpx:TrackPointExtension>
        </extensions>
      </trkpt>
      <trkpt lat="22.5464994385623" lon="114.09921167572514">
        <ele>8.213809636421502</ele>
        <time>1970-01-01T00:28:42.700000Z</time>
        <extensions>
          <gpxtpx:TrackPointExtension>
            <gpxtpx:hr>152</gpxtpx:hr>
          </gpxtpx:TrackPointExtension>
        </extensions>
      </trkpt>
      <trkpt lat="22.546524017023636" lon="114.09921848331331">
        <ele>8.17638022173196</ele>
        <time>1970-01-01T00:28:43.700000Z</time>
        <extensions>
          <gpxtpx:TrackPointExtension>
            <gpxtpx:hr>152</gpxtpx:hr>
          </gpxtpx:TrackPointExtension>
        </extensions>
      </trkpt>
      <trkpt lat="22.546549341523615" lon="114.09922525876424">
        <ele>8.122688367031515</ele>
        <time>1970-01-01T00:28:44.700000Z</time>
        <extensions>
          <gpxtpx:TrackPointExtension>
            <gpxtpx:hr>152</gpxtpx:hr>
          </gpxtpx:TrackPointExtension>
        </extensions>
      </trkpt>
      <trkpt lat="22.546574805698835" lon="114.09923164990082">
        <ele>8.033748725429177</ele>
        <time>1970-01-01T00:28:45.700000Z</time>
        <extensions>
          <gpxtpx:TrackPointExtension>
            <gpxtpx:hr>152</gpxtpx:hr>
          </gpxtpx:TrackPointExtension>
        </extensions>
      </trkpt>
      <trkpt lat="22.54660044102111" lon="114.09923708470342">
        <ele>7.947169113904238</ele>
        <time>1970-01-01T00:28:46.700000Z</time>
        <extensions>
          <gpxtpx:TrackPointExtension>
            <gpxtpx:hr>153</gpxtpx:hr>
          </gpxtpx:TrackPointExtension>
        </extensions>
      </trkpt>
      <trkpt lat="22.546626305453696" lon="114.0992418522494">
        <ele>7.897893823683262</ele>
        <time>1970-01-01T00:28:47.700000Z</time>
        <extensions>
          <gpxtpx:TrackPointExtension>
            <gpxtpx:hr>153</gpxtpx:hr>
          </gpxtpx:TrackPointExtension>
        </extensions>
      </trkpt>
      <trkpt lat="22.54665179546059" lon="114.09924702561564">
        <ele>7.822072594426572</ele>
        <time>1970-01-01T00:28:48.700000Z</time>
        <extensions>
          <gpxtpx:TrackPointExtension>
            <gpxtpx:hr>153</gpxtpx:hr>
          </gpxtpx:TrackPointExtension>
        </extensions>
      </trkpt>
      <trkpt lat="22.546676451323435" lon="114.09925343920176">
        <ele>7.772430903278291</ele>
        <time>1970-01-01T00:28:49.700000Z</time>
        <extensions>
          <gpxtpx:TrackPointExtension>
            <gpxtpx:hr>153</gpxtpx:hr>
          </gpxtpx:TrackPointExtension>
        </extensions>
      </trkpt>
      <trkpt lat="22.54670029683197" lon="114.09926037903287">
        <ele>7.746261743828654</ele>
        <time>1970-01-01T00:28:50.700000Z</time>
        <extensions>
          <gpxtpx:TrackPointExtension>
            <gpxtpx:hr>153</gpxtpx:hr>
          </gpxtpx:TrackPointExtension>
        </extensions>
      </trkpt>
      <trkpt lat="22.546723536350015" lon="114.09926689175876">
        <ele>7.716262177564204</ele>
        <time>1970-01-01T00:28:51.700000Z</time>
        <extensions>
          <gpxtpx:TrackPointExtension>
            <gpxtpx:hr>153</gpxtpx:hr>
          </gpxtpx:TrackPointExtension>
        </extensions>
      </trkpt>
      <trkpt lat="22.546745843363322" lon="114.09927297776157">
        <ele>7.704491606913507</ele>
        <time>1970-01-01T00:28:52.700000Z</time>
        <extensions>
          <gpxtpx:TrackPointExtension>
            <gpxtpx:hr>153</gpxtpx:hr>
          </gpxtpx:TrackPointExtension>
        </extensions>
      </trkpt>
      <trkpt lat="22.546766807469947" lon="114.09927872555213">
        <ele>7.703902691602707</ele>
        <time>1970-01-01T00:28:53.700000Z</time>
        <extensions>
          <gpxtpx:TrackPointExtension>
            <gpxtpx:hr>153</gpxtpx:hr>
          </gpxtpx:TrackPointExtension>
        </extensions>
      </trkpt>
      <trkpt lat="22.546786808059434" lon="114.09928315173974">
        <ele>7.710692590102553</ele>
        <time>1970-01-01T00:28:54.700000Z</time>
        <extensions>
          <gpxtpx:TrackPointExtension>
            <gpxtpx:hr>153</gpxtpx:hr>
          </gpxtpx:TrackPointExtension>
        </extensions>
      </trkpt>
      <trkpt lat="22.546807100372273" lon="114.09928529650551">
        <ele>7.730008422397077</ele>
        <time>1970-01-01T00:28:55.700000Z</time>
        <extensions>
          <gpxtpx:TrackPointExtension>
            <gpxtpx:hr>153</gpxtpx:hr>
          </gpxtpx:TrackPointExtension>
        </extensions>
      </trkpt>
      <trkpt lat="22.54682855975545" lon="114.09928609749787">
        <ele>7.770451363176107</ele>
        <time>1970-01-01T00:28:56.700000Z</time>
        <extensions>
          <gpxtpx:TrackPointExtension>
            <gpxtpx:hr>153</gpxtpx:hr>
          </gpxtpx:TrackPointExtension>
        </extensions>
      </trkpt>
      <trkpt lat="22.546851181389535" lon="114.09928575103352">
        <ele>7.778318354859948</ele>
        <time>1970-01-01T00:28:57.700000Z</time>
        <extensions>
          <gpxtpx:TrackPointExtension>
            <gpxtpx:hr>153</gpxtpx:hr>
          </gpxtpx:TrackPointExtension>
        </extensions>
      </trkpt>
      <trkpt lat="22.54687446236159" lon="114.09928268607139">
        <ele>7.769733159802854</ele>
        <time>1970-01-01T00:28:58.700000Z</time>
        <extensions>
          <gpxtpx:TrackPointExtension>
            <gpxtpx:hr>153</gpxtpx:hr>
          </gpxtpx:TrackPointExtension>
        </extensions>
      </trkpt>
      <trkpt lat="22.546897461922484" lon="114.09927615561854">
        <ele>7.744174058549106</ele>
        <time>1970-01-01T00:28:59.700000Z</time>
        <extensions>
          <gpxtpx:TrackPointExtension>
            <gpxtpx:hr>153</gpxtpx:hr>
          </gpxtpx:TrackPointExtension>
        </extensions>
      </trkpt>
      <trkpt lat="22.54691933589015" lon="114.09926611048142">
        <ele>7.667451770044863</ele>
        <time>1970-01-01T00:29:00.700000Z</time>
        <extensions>
          <gpxtpx:TrackPointExtension>
            <gpxtpx:hr>153</gpxtpx:hr>
          </gpxtpx:TrackPointExtension>
        </extensions>
      </trkpt>
      <trkpt lat="22.546940477588564" lon="114.09925299823188">
        <ele>7.5651372615247965</ele>
        <time>1970-01-01T00:29:01.700000Z</time>
        <extensions>
          <gpxtpx:TrackPointExtension>
            <gpxtpx:hr>153</gpxtpx:hr>
          </gpxtpx:TrackPointExtension>
        </extensions>
      </trkpt>
      <trkpt lat="22.546961102333054" lon="114.09923708827894">
        <ele>7.423628748394549</ele>
        <time>1970-01-01T00:29:02.700000Z</time>
        <extensions>
          <gpxtpx:TrackPointExtension>
            <gpxtpx:hr>153</gpxtpx:hr>
          </gpxtpx:TrackPointExtension>
        </extensions>
      </trkpt>
      <trkpt lat="22.54698039685635" lon="114.09921821746855">
        <ele>7.229637644253671</ele>
        <time>1970-01-01T00:29:03.700000Z</time>
        <extensions>
          <gpxtpx:TrackPointExtension>
            <gpxtpx:hr>153</gpxtpx:hr>
          </gpxtpx:TrackPointExtension>
        </extensions>
      </trkpt>
      <trkpt lat="22.546998225457887" lon="114.09919700097869">
        <ele>7.096863400191069</ele>
        <time>1970-01-01T00:29:04.700000Z</time>
        <extensions>
          <gpxtpx:TrackPointExtension>
            <gpxtpx:hr>153</gpxtpx:hr>
          </gpxtpx:TrackPointExtension>
        </extensions>
      </trkpt>
      <trkpt lat="22.547014767622144" lon="114.09917490113516">
        <ele>6.973262728191912</ele>
        <time>1970-01-01T00:29:05.700000Z</time>
        <extensions>
          <gpxtpx:TrackPointExtension>
            <gpxtpx:hr>153</gpxtpx:hr>
          </gpxtpx:TrackPointExtension>
        </extensions>
      </trkpt>
      <trkpt lat="22.54703052607768" lon="114.0991532059486">
        <ele>6.786051239818335</ele>
        <time>1970-01-01T00:29:06.700000Z</time>
        <extensions>
          <gpxtpx:TrackPointExtension>
            <gpxtpx:hr>151</gpxtpx:hr>
          </gpxtpx:TrackPointExtension>
        </extensions>
      </trkpt>
      <trkpt lat="22.547045413157434" lon="114.0991327746626">
        <ele>6.601178695447743</ele>
        <time>1970-01-01T00:29:07.700000Z</time>
        <extensions>
          <gpxtpx:TrackPointExtension>
            <gpxtpx:hr>151</gpxtpx:hr>
          </gpxtpx:TrackPointExtension>
        </extensions>
      </trkpt>
      <trkpt lat="22.547059947956456" lon="114.09911374241429">
        <ele>6.4214460356161</ele>
        <time>1970-01-01T00:29:08.700000Z</time>
        <extensions>
          <gpxtpx:TrackPointExtension>
            <gpxtpx:hr>151</gpxtpx:hr>
          </gpxtpx:TrackPointExtension>
        </extensions>
      </trkpt>
      <trkpt lat="22.54707572815282" lon="114.09909583189642">
        <ele>6.260384369641542</ele>
        <time>1970-01-01T00:29:09.700000Z</time>
        <extensions>
          <gpxtpx:TrackPointExtension>
            <gpxtpx:hr>151</gpxtpx:hr>
          </gpxtpx:TrackPointExtension>
        </extensions>
      </trkpt>
      <trkpt lat="22.547092986383365" lon="114.09907974765208">
        <ele>6.113512236624956</ele>
        <time>1970-01-01T00:29:10.700000Z</time>
        <extensions>
          <gpxtpx:TrackPointExtension>
            <gpxtpx:hr>151</gpxtpx:hr>
          </gpxtpx:TrackPointExtension>
        </extensions>
      </trkpt>
      <trkpt lat="22.547112459929263" lon="114.09906647704543">
        <ele>5.9432186633348465</ele>
        <time>1970-01-01T00:29:11.700000Z</time>
        <extensions>
          <gpxtpx:TrackPointExtension>
            <gpxtpx:hr>151</gpxtpx:hr>
          </gpxtpx:TrackPointExtension>
        </extensions>
      </trkpt>
      <trkpt lat="22.547134580898295" lon="114.09905702666752">
        <ele>5.763744089752436</ele>
        <time>1970-01-01T00:29:12.700000Z</time>
        <extensions>
          <gpxtpx:TrackPointExtension>
            <gpxtpx:hr>151</gpxtpx:hr>
          </gpxtpx:TrackPointExtension>
        </extensions>
      </trkpt>
      <trkpt lat="22.547158916044573" lon="114.09905255005398">
        <ele>5.604352573864162</ele>
        <time>1970-01-01T00:29:13.700000Z</time>
        <extensions>
          <gpxtpx:TrackPointExtension>
            <gpxtpx:hr>151</gpxtpx:hr>
          </gpxtpx:TrackPointExtension>
        </extensions>
      </trkpt>
      <trkpt lat="22.54718459759647" lon="114.09905308713172">
        <ele>5.419474468566477</ele>
        <time>1970-01-01T00:29:14.700000Z</time>
        <extensions>
          <gpxtpx:TrackPointExtension>
            <gpxtpx:hr>151</gpxtpx:hr>
          </gpxtpx:TrackPointExtension>
        </extensions>
      </trkpt>
      <trkpt lat="22.547209578429456" lon="114.09905963961933">
        <ele>5.255411613732576</ele>
        <time>1970-01-01T00:29:15.700000Z</time>
        <extensions>
          <gpxtpx:TrackPointExtension>
            <gpxtpx:hr>151</gpxtpx:hr>
          </gpxtpx:TrackPointExtension>
        </extensions>
      </trkpt>
      <trkpt lat="22.547231571682843" lon="114.09907295036726">
        <ele>5.111509312875569</ele>
        <time>1970-01-01T00:29:16.700000Z</time>
        <extensions>
          <gpxtpx:TrackPointExtension>
            <gpxtpx:hr>150</gpxtpx:hr>
          </gpxtpx:TrackPointExtension>
        </extensions>
      </trkpt>
      <trkpt lat="22.547250469293914" lon="114.09909156496053">
        <ele>4.920497870072722</ele>
        <time>1970-01-01T00:29:17.700000Z</time>
        <extensions>
          <gpxtpx:TrackPointExtension>
            <gpxtpx:hr>150</gpxtpx:hr>
          </gpxtpx:TrackPointExtension>
        </extensions>
      </trkpt>
      <trkpt lat="22.547267166606474" lon="114.09911345327511">
        <ele>4.659798213280737</ele>
        <time>1970-01-01T00:29:18.700000Z</time>
        <extensions>
          <gpxtpx:TrackPointExtension>
            <gpxtpx:hr>150</gpxtpx:hr>
          </gpxtpx:TrackPointExtension>
        </extensions>
      </trkpt>
      <trkpt lat="22.547282380811353" lon="114.09913651765744">
        <ele>4.374187040142715</ele>
        <time>1970-01-01T00:29:19.700000Z</time>
        <extensions>
          <gpxtpx:TrackPointExtension>
            <gpxtpx:hr>150</gpxtpx:hr>
          </gpxtpx:TrackPointExtension>
        </extensions>
      </trkpt>
      <trkpt lat="22.547296924687345" lon="114.09915922692471">
        <ele>4.068628215231001</ele>
        <time>1970-01-01T00:29:20.700000Z</time>
        <extensions>
          <gpxtpx:TrackPointExtension>
            <gpxtpx:hr>150</gpxtpx:hr>
          </gpxtpx:TrackPointExtension>
        </extensions>
      </trkpt>
      <trkpt lat="22.54731162171587" lon="114.09918067889451">
        <ele>3.680279867723584</ele>
        <time>1970-01-01T00:29:21.700000Z</time>
        <extensions>
          <gpxtpx:TrackPointExtension>
            <gpxtpx:hr>152</gpxtpx:hr>
          </gpxtpx:TrackPointExtension>
        </extensions>
      </trkpt>
      <trkpt lat="22.547327007760966" lon="114.09920003457984">
        <ele>3.2224553348496556</ele>
        <time>1970-01-01T00:29:22.700000Z</time>
        <extensions>
          <gpxtpx:TrackPointExtension>
            <gpxtpx:hr>152</gpxtpx:hr>
          </gpxtpx:TrackPointExtension>
        </extensions>
      </trkpt>
      <trkpt lat="22.547344011241346" lon="114.09921810742014">
        <ele>2.7514166925102472</ele>
        <time>1970-01-01T00:29:23.700000Z</time>
        <extensions>
          <gpxtpx:TrackPointExtension>
            <gpxtpx:hr>152</gpxtpx:hr>
          </gpxtpx:TrackPointExtension>
        </extensions>
      </trkpt>
      <trkpt lat="22.547363038055146" lon="114.0992360086728">
        <ele>2.244271175004542</ele>
        <time>1970-01-01T00:29:24.700000Z</time>
        <extensions>
          <gpxtpx:TrackPointExtension>
            <gpxtpx:hr>152</gpxtpx:hr>
          </gpxtpx:TrackPointExtension>
        </extensions>
      </trkpt>
      <trkpt lat="22.547383381861295" lon="114.09925379628592">
        <ele>1.7464104713872075</ele>
        <time>1970-01-01T00:29:25.700000Z</time>
        <extensions>
          <gpxtpx:TrackPointExtension>
            <gpxtpx:hr>152</gpxtpx:hr>
          </gpxtpx:TrackPointExtension>
        </extensions>
      </trkpt>
      <trkpt lat="22.547404308438814" lon="114.09927033271848">
        <ele>1.3160729613155127</ele>
        <time>1970-01-01T00:29:26.700000Z</time>
        <extensions>
          <gpxtpx:TrackPointExtension>
            <gpxtpx:hr>152</gpxtpx:hr>
          </gpxtpx:TrackPointExtension>
        </extensions>
      </trkpt>
      <trkpt lat="22.54742564023938" lon="114.0992847000176">
        <ele>0.9359313612803817</ele>
        <time>1970-01-01T00:29:27.700000Z</time>
        <extensions>
          <gpxtpx:TrackPointExtension>
            <gpxtpx:hr>152</gpxtpx:hr>
          </gpxtpx:TrackPointExtension>
        </extensions>
      </trkpt>
      <trkpt lat="22.547447638015598" lon="114.09929609766151">
        <ele>0.5923685850575566</ele>
        <time>1970-01-01T00:29:28.700000Z</time>
        <extensions>
          <gpxtpx:TrackPointExtension>
            <gpxtpx:hr>152</gpxtpx:hr>
          </gpxtpx:TrackPointExtension>
        </extensions>
      </trkpt>
      <trkpt lat="22.54747002522389" lon="114.09930297544597">
        <ele>0.28976042848080397</ele>
        <time>1970-01-01T00:29:29.700000Z</time>
        <extensions>
          <gpxtpx:TrackPointExtension>
            <gpxtpx:hr>152</gpxtpx:hr>
          </gpxtpx:TrackPointExtension>
        </extensions>
      </trkpt>
      <trkpt lat="22.54749191394697" lon="114.09930588435485">
        <ele>0.07467952650040388</ele>
        <time>1970-01-01T00:29:30.700000Z</time>
        <extensions>
          <gpxtpx:TrackPointExtension>
            <gpxtpx:hr>152</gpxtpx:hr>
          </gpxtpx:TrackPointExtension>
        </extensions>
      </trkpt>
      <trkpt lat="22.547511736893174" lon="114.09930719727436">
        <ele>-0.07307589706033468</ele>
        <time>1970-01-01T00:29:31.700000Z</time>
        <extensions>
          <gpxtpx:TrackPointExtension>
            <gpxtpx:hr>151</gpxtpx:hr>
          </gpxtpx:TrackPointExtension>
        </extensions>
      </trkpt>
      <trkpt lat="22.547529400885285" lon="114.09930812566621">
        <ele>-0.22396280709654093</ele>
        <time>1970-01-01T00:29:32.700000Z</time>
        <extensions>
          <gpxtpx:TrackPointExtension>
            <gpxtpx:hr>151</gpxtpx:hr>
          </gpxtpx:TrackPointExtension>
        </extensions>
      </trkpt>
      <trkpt lat="22.547547827412377" lon="114.09930842553537">
        <ele>-0.3474508710205555</ele>
        <time>1970-01-01T00:29:33.700000Z</time>
        <extensions>
          <gpxtpx:TrackPointExtension>
            <gpxtpx:hr>151</gpxtpx:hr>
          </gpxtpx:TrackPointExtension>
        </extensions>
      </trkpt>
      <trkpt lat="22.547568464305836" lon="114.09930792151444">
        <ele>-0.39376224484294653</ele>
        <time>1970-01-01T00:29:34.700000Z</time>
        <extensions>
          <gpxtpx:TrackPointExtension>
            <gpxtpx:hr>151</gpxtpx:hr>
          </gpxtpx:TrackPointExtension>
        </extensions>
      </trkpt>
      <trkpt lat="22.547592351948218" lon="114.0993055018533">
        <ele>-0.39171034283936024</ele>
        <time>1970-01-01T00:29:35.700000Z</time>
        <extensions>
          <gpxtpx:TrackPointExtension>
            <gpxtpx:hr>151</gpxtpx:hr>
          </gpxtpx:TrackPointExtension>
        </extensions>
      </trkpt>
      <trkpt lat="22.54762055355738" lon="114.09930006099812">
        <ele>-0.34144069254398346</ele>
        <time>1970-01-01T00:29:36.700000Z</time>
        <extensions>
          <gpxtpx:TrackPointExtension>
            <gpxtpx:hr>151</gpxtpx:hr>
          </gpxtpx:TrackPointExtension>
        </extensions>
      </trkpt>
      <trkpt lat="22.54765063520156" lon="114.09929244014721">
        <ele>-0.19412949588149786</ele>
        <time>1970-01-01T00:29:37.700000Z</time>
        <extensions>
          <gpxtpx:TrackPointExtension>
            <gpxtpx:hr>151</gpxtpx:hr>
          </gpxtpx:TrackPointExtension>
        </extensions>
      </trkpt>
      <trkpt lat="22.547680609177615" lon="114.09928443769272">
        <ele>-0.05217927135527134</ele>
        <time>1970-01-01T00:29:38.700000Z</time>
        <extensions>
          <gpxtpx:TrackPointExtension>
            <gpxtpx:hr>151</gpxtpx:hr>
          </gpxtpx:TrackPointExtension>
        </extensions>
      </trkpt>
      <trkpt lat="22.547709994960872" lon="114.09927743268203">
        <ele>0.14875538554042578</ele>
        <time>1970-01-01T00:29:39.700000Z</time>
        <extensions>
          <gpxtpx:TrackPointExtension>
            <gpxtpx:hr>151</gpxtpx:hr>
          </gpxtpx:TrackPointExtension>
        </extensions>
      </trkpt>
      <trkpt lat="22.547738255359572" lon="114.09927163021884">
        <ele>0.3691883198916912</ele>
        <time>1970-01-01T00:29:40.700000Z</time>
        <extensions>
          <gpxtpx:TrackPointExtension>
            <gpxtpx:hr>151</gpxtpx:hr>
          </gpxtpx:TrackPointExtension>
        </extensions>
      </trkpt>
      <trkpt lat="22.54776499970829" lon="114.09926636912967">
        <ele>0.5976385977119207</ele>
        <time>1970-01-01T00:29:41.700000Z</time>
        <extensions>
          <gpxtpx:TrackPointExtension>
            <gpxtpx:hr>151</gpxtpx:hr>
          </gpxtpx:TrackPointExtension>
        </extensions>
      </trkpt>
      <trkpt lat="22.54778989458422" lon="114.09926110518457">
        <ele>0.8219786053523421</ele>
        <time>1970-01-01T00:29:42.700000Z</time>
        <extensions>
          <gpxtpx:TrackPointExtension>
            <gpxtpx:hr>152</gpxtpx:hr>
          </gpxtpx:TrackPointExtension>
        </extensions>
      </trkpt>
      <trkpt lat="22.54781322624438" lon="114.09925543476484">
        <ele>1.1026341849938035</ele>
        <time>1970-01-01T00:29:43.700000Z</time>
        <extensions>
          <gpxtpx:TrackPointExtension>
            <gpxtpx:hr>152</gpxtpx:hr>
          </gpxtpx:TrackPointExtension>
        </extensions>
      </trkpt>
      <trkpt lat="22.54783607872452" lon="114.09924870163002">
        <ele>1.431638415902853</ele>
        <time>1970-01-01T00:29:44.700000Z</time>
        <extensions>
          <gpxtpx:TrackPointExtension>
            <gpxtpx:hr>152</gpxtpx:hr>
          </gpxtpx:TrackPointExtension>
        </extensions>
      </trkpt>
      <trkpt lat="22.54785891548835" lon="114.09924081129469">
        <ele>1.7985539259389043</ele>
        <time>1970-01-01T00:29:45.700000Z</time>
        <extensions>
          <gpxtpx:TrackPointExtension>
            <gpxtpx:hr>152</gpxtpx:hr>
          </gpxtpx:TrackPointExtension>
        </extensions>
      </trkpt>
      <trkpt lat="22.54788183810511" lon="114.09923187379532">
        <ele>2.2106531746685505</ele>
        <time>1970-01-01T00:29:46.700000Z</time>
        <extensions>
          <gpxtpx:TrackPointExtension>
            <gpxtpx:hr>152</gpxtpx:hr>
          </gpxtpx:TrackPointExtension>
        </extensions>
      </trkpt>
      <trkpt lat="22.547905324725594" lon="114.09922047729899">
        <ele>2.6539181508123875</ele>
        <time>1970-01-01T00:29:47.700000Z</time>
        <extensions>
          <gpxtpx:TrackPointExtension>
            <gpxtpx:hr>152</gpxtpx:hr>
          </gpxtpx:TrackPointExtension>
        </extensions>
      </trkpt>
      <trkpt lat="22.54792923848177" lon="114.09920631591551">
        <ele>3.1773594859987497</ele>
        <time>1970-01-01T00:29:48.700000Z</time>
        <extensions>
          <gpxtpx:TrackPointExtension>
            <gpxtpx:hr>151</gpxtpx:hr>
          </gpxtpx:TrackPointExtension>
        </extensions>
      </trkpt>
      <trkpt lat="22.547953471693514" lon="114.09919136988749">
        <ele>3.721701686270535</ele>
        <time>1970-01-01T00:29:49.700000Z</time>
        <extensions>
          <gpxtpx:TrackPointExtension>
            <gpxtpx:hr>151</gpxtpx:hr>
          </gpxtpx:TrackPointExtension>
        </extensions>
      </trkpt>
      <trkpt lat="22.5479773181096" lon="114.09917643204037">
        <ele>4.24603411834687</ele>
        <time>1970-01-01T00:29:50.700000Z</time>
        <extensions>
          <gpxtpx:TrackPointExtension>
            <gpxtpx:hr>151</gpxtpx:hr>
          </gpxtpx:TrackPointExtension>
        </extensions>
      </trkpt>
      <trkpt lat="22.547999432363422" lon="114.09916172025709">
        <ele>4.81336628459394</ele>
        <time>1970-01-01T00:29:51.700000Z</time>
        <extensions>
          <gpxtpx:TrackPointExtension>
            <gpxtpx:hr>151</gpxtpx:hr>
          </gpxtpx:TrackPointExtension>
        </extensions>
      </trkpt>
      <trkpt lat="22.54801964554954" lon="114.09914693915918">
        <ele>5.353860069997609</ele>
        <time>1970-01-01T00:29:52.700000Z</time>
        <extensions>
          <gpxtpx:TrackPointExtension>
            <gpxtpx:hr>151</gpxtpx:hr>
          </gpxtpx:TrackPointExtension>
        </extensions>
      </trkpt>
      <trkpt lat="22.548038939738547" lon="114.09913054110861">
        <ele>5.913842071779072</ele>
        <time>1970-01-01T00:29:53.700000Z</time>
        <extensions>
          <gpxtpx:TrackPointExtension>
            <gpxtpx:hr>152</gpxtpx:hr>
          </gpxtpx:TrackPointExtension>
        </extensions>
      </trkpt>
      <trkpt lat="22.54805784521008" lon="114.09911127275002">
        <ele>6.483008239418268</ele>
        <time>1970-01-01T00:29:54.700000Z</time>
        <extensions>
          <gpxtpx:TrackPointExtension>
            <gpxtpx:hr>152</gpxtpx:hr>
          </gpxtpx:TrackPointExtension>
        </extensions>
      </trkpt>
      <trkpt lat="22.548075560645433" lon="114.099089631278">
        <ele>7.022238808684051</ele>
        <time>1970-01-01T00:29:55.700000Z</time>
        <extensions>
          <gpxtpx:TrackPointExtension>
            <gpxtpx:hr>152</gpxtpx:hr>
          </gpxtpx:TrackPointExtension>
        </extensions>
      </trkpt>
      <trkpt lat="22.54809169588008" lon="114.09906771967479">
        <ele>7.538342501968145</ele>
        <time>1970-01-01T00:29:56.700000Z</time>
        <extensions>
          <gpxtpx:TrackPointExtension>
            <gpxtpx:hr>151</gpxtpx:hr>
          </gpxtpx:TrackPointExtension>
        </extensions>
      </trkpt>
      <trkpt lat="22.548107211880026" lon="114.09904690058437">
        <ele>8.010618542321026</ele>
        <time>1970-01-01T00:29:57.700000Z</time>
        <extensions>
          <gpxtpx:TrackPointExtension>
            <gpxtpx:hr>151</gpxtpx:hr>
          </gpxtpx:TrackPointExtension>
        </extensions>
      </trkpt>
      <trkpt lat="22.548123508664492" lon="114.09902733108042">
        <ele>8.416752021759748</ele>
        <time>1970-01-01T00:29:58.700000Z</time>
        <extensions>
          <gpxtpx:TrackPointExtension>
            <gpxtpx:hr>151</gpxtpx:hr>
          </gpxtpx:TrackPointExtension>
        </extensions>
      </trkpt>
      <trkpt lat="22.548141177872154" lon="114.0990087966746">
        <ele>8.759995731525123</ele>
        <time>1970-01-01T00:29:59.700000Z</time>
        <extensions>
          <gpxtpx:TrackPointExtension>
            <gpxtpx:hr>151</gpxtpx:hr>
          </gpxtpx:TrackPointExtension>
        </extensions>
      </trkpt>
      <trkpt lat="22.548159487669654" lon="114.09899091174448">
        <ele>9.046299024485052</ele>
        <time>1970-01-01T00:30:00.700000Z</time>
        <extensions>
          <gpxtpx:TrackPointExtension>
            <gpxtpx:hr>150</gpxtpx:hr>
          </gpxtpx:TrackPointExtension>
        </extensions>
      </trkpt>
      <trkpt lat="22.548177983842844" lon="114.09897320878854">
        <ele>9.278966277837753</ele>
        <time>1970-01-01T00:30:01.700000Z</time>
        <extensions>
          <gpxtpx:TrackPointExtension>
            <gpxtpx:hr>150</gpxtpx:hr>
          </gpxtpx:TrackPointExtension>
        </extensions>
      </trkpt>
      <trkpt lat="22.548196238544616" lon="114.09895578984919">
        <ele>9.494527679868042</ele>
        <time>1970-01-01T00:30:02.700000Z</time>
        <extensions>
          <gpxtpx:TrackPointExtension>
            <gpxtpx:hr>150</gpxtpx:hr>
          </gpxtpx:TrackPointExtension>
        </extensions>
      </trkpt>
      <trkpt lat="22.54821456316302" lon="114.09893868597322">
        <ele>9.669155519455671</ele>
        <time>1970-01-01T00:30:03.700000Z</time>
        <extensions>
          <gpxtpx:TrackPointExtension>
            <gpxtpx:hr>150</gpxtpx:hr>
          </gpxtpx:TrackPointExtension>
        </extensions>
      </trkpt>
      <trkpt lat="22.54823347252332" lon="114.098921706912">
        <ele>9.793492054566741</ele>
        <time>1970-01-01T00:30:04.700000Z</time>
        <extensions>
          <gpxtpx:TrackPointExtension>
            <gpxtpx:hr>150</gpxtpx:hr>
          </gpxtpx:TrackPointExtension>
        </extensions>
      </trkpt>
      <trkpt lat="22.548252617896757" lon="114.09890493689824">
        <ele>9.868694653734565</ele>
        <time>1970-01-01T00:30:05.700000Z</time>
        <extensions>
          <gpxtpx:TrackPointExtension>
            <gpxtpx:hr>150</gpxtpx:hr>
          </gpxtpx:TrackPointExtension>
        </extensions>
      </trkpt>
      <trkpt lat="22.548271524619086" lon="114.09888848916351">
        <ele>9.913024328649044</ele>
        <time>1970-01-01T00:30:06.700000Z</time>
        <extensions>
          <gpxtpx:TrackPointExtension>
            <gpxtpx:hr>150</gpxtpx:hr>
          </gpxtpx:TrackPointExtension>
        </extensions>
      </trkpt>
      <trkpt lat="22.548290535039488" lon="114.0988728259189">
        <ele>9.938817775808275</ele>
        <time>1970-01-01T00:30:07.700000Z</time>
        <extensions>
          <gpxtpx:TrackPointExtension>
            <gpxtpx:hr>150</gpxtpx:hr>
          </gpxtpx:TrackPointExtension>
        </extensions>
      </trkpt>
      <trkpt lat="22.54831053761738" lon="114.09885843047665">
        <ele>9.93031280580908</ele>
        <time>1970-01-01T00:30:08.700000Z</time>
        <extensions>
          <gpxtpx:TrackPointExtension>
            <gpxtpx:hr>150</gpxtpx:hr>
          </gpxtpx:TrackPointExtension>
        </extensions>
      </trkpt>
      <trkpt lat="22.548331914448685" lon="114.09884487521437">
        <ele>9.9062873814255</ele>
        <time>1970-01-01T00:30:09.700000Z</time>
        <extensions>
          <gpxtpx:TrackPointExtension>
            <gpxtpx:hr>150</gpxtpx:hr>
          </gpxtpx:TrackPointExtension>
        </extensions>
      </trkpt>
      <trkpt lat="22.54835439017127" lon="114.09883204688738">
        <ele>9.867711116559803</ele>
        <time>1970-01-01T00:30:10.700000Z</time>
        <extensions>
          <gpxtpx:TrackPointExtension>
            <gpxtpx:hr>150</gpxtpx:hr>
          </gpxtpx:TrackPointExtension>
        </extensions>
      </trkpt>
      <trkpt lat="22.54837699583439" lon="114.09882003978399">
        <ele>9.797752611339092</ele>
        <time>1970-01-01T00:30:11.700000Z</time>
        <extensions>
          <gpxtpx:TrackPointExtension>
            <gpxtpx:hr>150</gpxtpx:hr>
          </gpxtpx:TrackPointExtension>
        </extensions>
      </trkpt>
      <trkpt lat="22.54839870575495" lon="114.09880881600279">
        <ele>9.755476553924382</ele>
        <time>1970-01-01T00:30:12.700000Z</time>
        <extensions>
          <gpxtpx:TrackPointExtension>
            <gpxtpx:hr>150</gpxtpx:hr>
          </gpxtpx:TrackPointExtension>
        </extensions>
      </trkpt>
      <trkpt lat="22.548419638350822" lon="114.09879877251602">
        <ele>9.664809194393456</ele>
        <time>1970-01-01T00:30:13.700000Z</time>
        <extensions>
          <gpxtpx:TrackPointExtension>
            <gpxtpx:hr>150</gpxtpx:hr>
          </gpxtpx:TrackPointExtension>
        </extensions>
      </trkpt>
      <trkpt lat="22.548440898339194" lon="114.09878988724029">
        <ele>9.584733832627535</ele>
        <time>1970-01-01T00:30:14.700000Z</time>
        <extensions>
          <gpxtpx:TrackPointExtension>
            <gpxtpx:hr>150</gpxtpx:hr>
          </gpxtpx:TrackPointExtension>
        </extensions>
      </trkpt>
      <trkpt lat="22.548462874449307" lon="114.09878161001497">
        <ele>9.491716295480728</ele>
        <time>1970-01-01T00:30:15.700000Z</time>
        <extensions>
          <gpxtpx:TrackPointExtension>
            <gpxtpx:hr>151</gpxtpx:hr>
          </gpxtpx:TrackPointExtension>
        </extensions>
      </trkpt>
      <trkpt lat="22.548484994373048" lon="114.0987733060947">
        <ele>9.328397702425718</ele>
        <time>1970-01-01T00:30:16.700000Z</time>
        <extensions>
          <gpxtpx:TrackPointExtension>
            <gpxtpx:hr>151</gpxtpx:hr>
          </gpxtpx:TrackPointExtension>
        </extensions>
      </trkpt>
      <trkpt lat="22.548506546466836" lon="114.09876434763986">
        <ele>9.102018373087049</ele>
        <time>1970-01-01T00:30:17.700000Z</time>
        <extensions>
          <gpxtpx:TrackPointExtension>
            <gpxtpx:hr>151</gpxtpx:hr>
          </gpxtpx:TrackPointExtension>
        </extensions>
      </trkpt>
      <trkpt lat="22.548527758857944" lon="114.09875436788367">
        <ele>8.83937980234623</ele>
        <time>1970-01-01T00:30:18.700000Z</time>
        <extensions>
          <gpxtpx:TrackPointExtension>
            <gpxtpx:hr>151</gpxtpx:hr>
          </gpxtpx:TrackPointExtension>
        </extensions>
      </trkpt>
      <trkpt lat="22.548549043191045" lon="114.09874384224354">
        <ele>8.617618181742728</ele>
        <time>1970-01-01T00:30:19.700000Z</time>
        <extensions>
          <gpxtpx:TrackPointExtension>
            <gpxtpx:hr>151</gpxtpx:hr>
          </gpxtpx:TrackPointExtension>
        </extensions>
      </trkpt>
      <trkpt lat="22.548570704077733" lon="114.09873434061012">
        <ele>8.34725868422538</ele>
        <time>1970-01-01T00:30:20.700000Z</time>
        <extensions>
          <gpxtpx:TrackPointExtension>
            <gpxtpx:hr>151</gpxtpx:hr>
          </gpxtpx:TrackPointExtension>
        </extensions>
      </trkpt>
      <trkpt lat="22.5485926372779" lon="114.09872748199395">
        <ele>8.10289751458913</ele>
        <time>1970-01-01T00:30:21.700000Z</time>
        <extensions>
          <gpxtpx:TrackPointExtension>
            <gpxtpx:hr>151</gpxtpx:hr>
          </gpxtpx:TrackPointExtension>
        </extensions>
      </trkpt>
      <trkpt lat="22.54861455365703" lon="114.09872394029965">
        <ele>7.860709628090262</ele>
        <time>1970-01-01T00:30:22.700000Z</time>
        <extensions>
          <gpxtpx:TrackPointExtension>
            <gpxtpx:hr>151</gpxtpx:hr>
          </gpxtpx:TrackPointExtension>
        </extensions>
      </trkpt>
      <trkpt lat="22.54863678509772" lon="114.09872405514021">
        <ele>7.574803080409765</ele>
        <time>1970-01-01T00:30:23.700000Z</time>
        <extensions>
          <gpxtpx:TrackPointExtension>
            <gpxtpx:hr>151</gpxtpx:hr>
          </gpxtpx:TrackPointExtension>
        </extensions>
      </trkpt>
      <trkpt lat="22.548659553290076" lon="114.09872670493304">
        <ele>7.232553195208311</ele>
        <time>1970-01-01T00:30:24.700000Z</time>
        <extensions>
          <gpxtpx:TrackPointExtension>
            <gpxtpx:hr>151</gpxtpx:hr>
          </gpxtpx:TrackPointExtension>
        </extensions>
      </trkpt>
      <trkpt lat="22.54868234835829" lon="114.09872996824298">
        <ele>6.881093378178775</ele>
        <time>1970-01-01T00:30:25.700000Z</time>
        <extensions>
          <gpxtpx:TrackPointExtension>
            <gpxtpx:hr>151</gpxtpx:hr>
          </gpxtpx:TrackPointExtension>
        </extensions>
      </trkpt>
      <trkpt lat="22.54870363956795" lon="114.09873279401747">
        <ele>6.5174744669348</ele>
        <time>1970-01-01T00:30:26.700000Z</time>
        <extensions>
          <gpxtpx:TrackPointExtension>
            <gpxtpx:hr>151</gpxtpx:hr>
          </gpxtpx:TrackPointExtension>
        </extensions>
      </trkpt>
      <trkpt lat="22.548723053004327" lon="114.09873591489358">
        <ele>6.178149948827922</ele>
        <time>1970-01-01T00:30:27.700000Z</time>
        <extensions>
          <gpxtpx:TrackPointExtension>
            <gpxtpx:hr>151</gpxtpx:hr>
          </gpxtpx:TrackPointExtension>
        </extensions>
      </trkpt>
      <trkpt lat="22.548742957053413" lon="114.09873969380652">
        <ele>5.8163161277771</ele>
        <time>1970-01-01T00:30:28.700000Z</time>
        <extensions>
          <gpxtpx:TrackPointExtension>
            <gpxtpx:hr>151</gpxtpx:hr>
          </gpxtpx:TrackPointExtension>
        </extensions>
      </trkpt>
      <trkpt lat="22.548766258779484" lon="114.09874264380653">
        <ele>5.497194789350033</ele>
        <time>1970-01-01T00:30:29.700000Z</time>
        <extensions>
          <gpxtpx:TrackPointExtension>
            <gpxtpx:hr>151</gpxtpx:hr>
          </gpxtpx:TrackPointExtension>
        </extensions>
      </trkpt>
      <trkpt lat="22.548792575749818" lon="114.09874348070288">
        <ele>5.2210936630144715</ele>
        <time>1970-01-01T00:30:30.700000Z</time>
        <extensions>
          <gpxtpx:TrackPointExtension>
            <gpxtpx:hr>151</gpxtpx:hr>
          </gpxtpx:TrackPointExtension>
        </extensions>
      </trkpt>
      <trkpt lat="22.548819607128024" lon="114.09874239151694">
        <ele>5.0027266619727015</ele>
        <time>1970-01-01T00:30:31.700000Z</time>
        <extensions>
          <gpxtpx:TrackPointExtension>
            <gpxtpx:hr>151</gpxtpx:hr>
          </gpxtpx:TrackPointExtension>
        </extensions>
      </trkpt>
      <trkpt lat="22.548846229311454" lon="114.09874064624742">
        <ele>4.832170061767101</ele>
        <time>1970-01-01T00:30:32.700000Z</time>
        <extensions>
          <gpxtpx:TrackPointExtension>
            <gpxtpx:hr>151</gpxtpx:hr>
          </gpxtpx:TrackPointExtension>
        </extensions>
      </trkpt>
      <trkpt lat="22.548871465205696" lon="114.09873977400729">
        <ele>4.7308805817738175</ele>
        <time>1970-01-01T00:30:33.700000Z</time>
        <extensions>
          <gpxtpx:TrackPointExtension>
            <gpxtpx:hr>151</gpxtpx:hr>
          </gpxtpx:TrackPointExtension>
        </extensions>
      </trkpt>
      <trkpt lat="22.548894927757736" lon="114.09874048785906">
        <ele>4.681237402372062</ele>
        <time>1970-01-01T00:30:34.700000Z</time>
        <extensions>
          <gpxtpx:TrackPointExtension>
            <gpxtpx:hr>151</gpxtpx:hr>
          </gpxtpx:TrackPointExtension>
        </extensions>
      </trkpt>
      <trkpt lat="22.548917398895583" lon="114.09874207859156">
        <ele>4.669173925183713</ele>
        <time>1970-01-01T00:30:35.700000Z</time>
        <extensions>
          <gpxtpx:TrackPointExtension>
            <gpxtpx:hr>151</gpxtpx:hr>
          </gpxtpx:TrackPointExtension>
        </extensions>
      </trkpt>
      <trkpt lat="22.54893991044936" lon="114.09874364627369">
        <ele>4.712982896715403</ele>
        <time>1970-01-01T00:30:36.700000Z</time>
        <extensions>
          <gpxtpx:TrackPointExtension>
            <gpxtpx:hr>154</gpxtpx:hr>
          </gpxtpx:TrackPointExtension>
        </extensions>
      </trkpt>
      <trkpt lat="22.54896298099694" lon="114.09874498635638">
        <ele>4.837377035059035</ele>
        <time>1970-01-01T00:30:37.700000Z</time>
        <extensions>
          <gpxtpx:TrackPointExtension>
            <gpxtpx:hr>154</gpxtpx:hr>
          </gpxtpx:TrackPointExtension>
        </extensions>
      </trkpt>
      <trkpt lat="22.548986599812334" lon="114.09874562873607">
        <ele>5.046202041208744</ele>
        <time>1970-01-01T00:30:38.700000Z</time>
        <extensions>
          <gpxtpx:TrackPointExtension>
            <gpxtpx:hr>154</gpxtpx:hr>
          </gpxtpx:TrackPointExtension>
        </extensions>
      </trkpt>
      <trkpt lat="22.549010821518163" lon="114.09874476109766">
        <ele>5.37135723233223</ele>
        <time>1970-01-01T00:30:39.700000Z</time>
        <extensions>
          <gpxtpx:TrackPointExtension>
            <gpxtpx:hr>154</gpxtpx:hr>
          </gpxtpx:TrackPointExtension>
        </extensions>
      </trkpt>
      <trkpt lat="22.54903561105343" lon="114.09874157901852">
        <ele>5.778026016429067</ele>
        <time>1970-01-01T00:30:40.700000Z</time>
        <extensions>
          <gpxtpx:TrackPointExtension>
            <gpxtpx:hr>154</gpxtpx:hr>
          </gpxtpx:TrackPointExtension>
        </extensions>
      </trkpt>
      <trkpt lat="22.549060344061523" lon="114.09873516044499">
        <ele>6.241110784932971</ele>
        <time>1970-01-01T00:30:41.700000Z</time>
        <extensions>
          <gpxtpx:TrackPointExtension>
            <gpxtpx:hr>154</gpxtpx:hr>
          </gpxtpx:TrackPointExtension>
        </extensions>
      </trkpt>
      <trkpt lat="22.54908435063161" lon="114.09872506278029">
        <ele>6.719339352101088</ele>
        <time>1970-01-01T00:30:42.700000Z</time>
        <extensions>
          <gpxtpx:TrackPointExtension>
            <gpxtpx:hr>154</gpxtpx:hr>
          </gpxtpx:TrackPointExtension>
        </extensions>
      </trkpt>
      <trkpt lat="22.549107158423148" lon="114.0987112963448">
        <ele>7.180706856772304</ele>
        <time>1970-01-01T00:30:43.700000Z</time>
        <extensions>
          <gpxtpx:TrackPointExtension>
            <gpxtpx:hr>155</gpxtpx:hr>
          </gpxtpx:TrackPointExtension>
        </extensions>
      </trkpt>
      <trkpt lat="22.549129111751995" lon="114.09869450522203">
        <ele>7.659779350273311</ele>
        <time>1970-01-01T00:30:44.700000Z</time>
        <extensions>
          <gpxtpx:TrackPointExtension>
            <gpxtpx:hr>155</gpxtpx:hr>
          </gpxtpx:TrackPointExtension>
        </extensions>
      </trkpt>
      <trkpt lat="22.549151230286736" lon="114.09867579589414">
        <ele>8.13601057138294</ele>
        <time>1970-01-01T00:30:45.700000Z</time>
        <extensions>
          <gpxtpx:TrackPointExtension>
            <gpxtpx:hr>155</gpxtpx:hr>
          </gpxtpx:TrackPointExtension>
        </extensions>
      </trkpt>
      <trkpt lat="22.549173709000073" lon="114.09865661725055">
        <ele>8.591724127531052</ele>
        <time>1970-01-01T00:30:46.700000Z</time>
        <extensions>
          <gpxtpx:TrackPointExtension>
            <gpxtpx:hr>155</gpxtpx:hr>
          </gpxtpx:TrackPointExtension>
        </extensions>
      </trkpt>
      <trkpt lat="22.549195999434666" lon="114.09863785617114">
        <ele>9.010540660470724</ele>
        <time>1970-01-01T00:30:47.700000Z</time>
        <extensions>
          <gpxtpx:TrackPointExtension>
            <gpxtpx:hr>155</gpxtpx:hr>
          </gpxtpx:TrackPointExtension>
        </extensions>
      </trkpt>
      <trkpt lat="22.54921708273794" lon="114.09862029972865">
        <ele>9.373768857680261</ele>
        <time>1970-01-01T00:30:48.700000Z</time>
        <extensions>
          <gpxtpx:TrackPointExtension>
            <gpxtpx:hr>154</gpxtpx:hr>
          </gpxtpx:TrackPointExtension>
        </extensions>
      </trkpt>
      <trkpt lat="22.549236115066716" lon="114.09860378371866">
        <ele>9.69539615791291</ele>
        <time>1970-01-01T00:30:49.700000Z</time>
        <extensions>
          <gpxtpx:TrackPointExtension>
            <gpxtpx:hr>154</gpxtpx:hr>
          </gpxtpx:TrackPointExtension>
        </extensions>
      </trkpt>
      <trkpt lat="22.54925345639786" lon="114.09858727698241">
        <ele>9.934585579670966</ele>
        <time>1970-01-01T00:30:50.700000Z</time>
        <extensions>
          <gpxtpx:TrackPointExtension>
            <gpxtpx:hr>154</gpxtpx:hr>
          </gpxtpx:TrackPointExtension>
        </extensions>
      </trkpt>
      <trkpt lat="22.549270895367336" lon="114.0985707103519">
        <ele>10.190193778835237</ele>
        <time>1970-01-01T00:30:51.700000Z</time>
        <extensions>
          <gpxtpx:TrackPointExtension>
            <gpxtpx:hr>154</gpxtpx:hr>
          </gpxtpx:TrackPointExtension>
        </extensions>
      </trkpt>
      <trkpt lat="22.54928883743463" lon="114.09855511880205">
        <ele>10.408940496854484</ele>
        <time>1970-01-01T00:30:52.700000Z</time>
        <extensions>
          <gpxtpx:TrackPointExtension>
            <gpxtpx:hr>154</gpxtpx:hr>
          </gpxtpx:TrackPointExtension>
        </extensions>
      </trkpt>
      <trkpt lat="22.549307319060024" lon="114.09854081246307">
        <ele>10.594652894884348</ele>
        <time>1970-01-01T00:30:53.700000Z</time>
        <extensions>
          <gpxtpx:TrackPointExtension>
            <gpxtpx:hr>154</gpxtpx:hr>
          </gpxtpx:TrackPointExtension>
        </extensions>
      </trkpt>
      <trkpt lat="22.549326472779544" lon="114.09852671650125">
        <ele>10.749846935272217</ele>
        <time>1970-01-01T00:30:54.700000Z</time>
        <extensions>
          <gpxtpx:TrackPointExtension>
            <gpxtpx:hr>154</gpxtpx:hr>
          </gpxtpx:TrackPointExtension>
        </extensions>
      </trkpt>
      <trkpt lat="22.54934589890087" lon="114.09851240228278">
        <ele>10.891716301441193</ele>
        <time>1970-01-01T00:30:55.700000Z</time>
        <extensions>
          <gpxtpx:TrackPointExtension>
            <gpxtpx:hr>154</gpxtpx:hr>
          </gpxtpx:TrackPointExtension>
        </extensions>
      </trkpt>
      <trkpt lat="22.549365238694556" lon="114.09849874515231">
        <ele>11.050621436908841</ele>
        <time>1970-01-01T00:30:56.700000Z</time>
        <extensions>
          <gpxtpx:TrackPointExtension>
            <gpxtpx:hr>154</gpxtpx:hr>
          </gpxtpx:TrackPointExtension>
        </extensions>
      </trkpt>
      <trkpt lat="22.549384155411925" lon="114.09848568898678">
        <ele>11.208385386504233</ele>
        <time>1970-01-01T00:30:57.700000Z</time>
        <extensions>
          <gpxtpx:TrackPointExtension>
            <gpxtpx:hr>154</gpxtpx:hr>
          </gpxtpx:TrackPointExtension>
        </extensions>
      </trkpt>
      <trkpt lat="22.549402829757256" lon="114.09847236780035">
        <ele>11.348295407369733</ele>
        <time>1970-01-01T00:30:58.700000Z</time>
        <extensions>
          <gpxtpx:TrackPointExtension>
            <gpxtpx:hr>154</gpxtpx:hr>
          </gpxtpx:TrackPointExtension>
        </extensions>
      </trkpt>
      <trkpt lat="22.549421593224395" lon="114.09845802053502">
        <ele>11.482354645617306</ele>
        <time>1970-01-01T00:30:59.700000Z</time>
        <extensions>
          <gpxtpx:TrackPointExtension>
            <gpxtpx:hr>154</gpxtpx:hr>
          </gpxtpx:TrackPointExtension>
        </extensions>
      </trkpt>
      <trkpt lat="22.54944003586829" lon="114.09844240543421">
        <ele>11.610365625470877</ele>
        <time>1970-01-01T00:31:00.700000Z</time>
        <extensions>
          <gpxtpx:TrackPointExtension>
            <gpxtpx:hr>154</gpxtpx:hr>
          </gpxtpx:TrackPointExtension>
        </extensions>
      </trkpt>
      <trkpt lat="22.5494590399509" lon="114.09842534690463">
        <ele>11.756516904570162</ele>
        <time>1970-01-01T00:31:01.700000Z</time>
        <extensions>
          <gpxtpx:TrackPointExtension>
            <gpxtpx:hr>154</gpxtpx:hr>
          </gpxtpx:TrackPointExtension>
        </extensions>
      </trkpt>
      <trkpt lat="22.549478316960545" lon="114.09840695947008">
        <ele>11.888446691446006</ele>
        <time>1970-01-01T00:31:02.700000Z</time>
        <extensions>
          <gpxtpx:TrackPointExtension>
            <gpxtpx:hr>154</gpxtpx:hr>
          </gpxtpx:TrackPointExtension>
        </extensions>
      </trkpt>
      <trkpt lat="22.54949732194061" lon="114.0983881615512">
        <ele>12.052821611054242</ele>
        <time>1970-01-01T00:31:03.700000Z</time>
        <extensions>
          <gpxtpx:TrackPointExtension>
            <gpxtpx:hr>154</gpxtpx:hr>
          </gpxtpx:TrackPointExtension>
        </extensions>
      </trkpt>
      <trkpt lat="22.54951636294068" lon="114.09836985153322">
        <ele>12.23804540373385</ele>
        <time>1970-01-01T00:31:04.700000Z</time>
        <extensions>
          <gpxtpx:TrackPointExtension>
            <gpxtpx:hr>154</gpxtpx:hr>
          </gpxtpx:TrackPointExtension>
        </extensions>
      </trkpt>
      <trkpt lat="22.549535668917095" lon="114.09835187335855">
        <ele>12.425158254802227</ele>
        <time>1970-01-01T00:31:05.700000Z</time>
        <extensions>
          <gpxtpx:TrackPointExtension>
            <gpxtpx:hr>156</gpxtpx:hr>
          </gpxtpx:TrackPointExtension>
        </extensions>
      </trkpt>
      <trkpt lat="22.549555350193742" lon="114.09833361933754">
        <ele>12.626379085704684</ele>
        <time>1970-01-01T00:31:06.700000Z</time>
        <extensions>
          <gpxtpx:TrackPointExtension>
            <gpxtpx:hr>156</gpxtpx:hr>
          </gpxtpx:TrackPointExtension>
        </extensions>
      </trkpt>
      <trkpt lat="22.549574405254504" lon="114.09831492380242">
        <ele>12.787343034520745</ele>
        <time>1970-01-01T00:31:07.700000Z</time>
        <extensions>
          <gpxtpx:TrackPointExtension>
            <gpxtpx:hr>156</gpxtpx:hr>
          </gpxtpx:TrackPointExtension>
        </extensions>
      </trkpt>
      <trkpt lat="22.549592536496927" lon="114.0982958528769">
        <ele>12.940089979209006</ele>
        <time>1970-01-01T00:31:08.700000Z</time>
        <extensions>
          <gpxtpx:TrackPointExtension>
            <gpxtpx:hr>156</gpxtpx:hr>
          </gpxtpx:TrackPointExtension>
        </extensions>
      </trkpt>
      <trkpt lat="22.549610527107326" lon="114.09827669113729">
        <ele>13.093455931171775</ele>
        <time>1970-01-01T00:31:09.700000Z</time>
        <extensions>
          <gpxtpx:TrackPointExtension>
            <gpxtpx:hr>156</gpxtpx:hr>
          </gpxtpx:TrackPointExtension>
        </extensions>
      </trkpt>
      <trkpt lat="22.549628708051202" lon="114.098258363996">
        <ele>13.258311178535223</ele>
        <time>1970-01-01T00:31:10.700000Z</time>
        <extensions>
          <gpxtpx:TrackPointExtension>
            <gpxtpx:hr>156</gpxtpx:hr>
          </gpxtpx:TrackPointExtension>
        </extensions>
      </trkpt>
      <trkpt lat="22.54964617706629" lon="114.09824141309966">
        <ele>13.469298311509192</ele>
        <time>1970-01-01T00:31:11.700000Z</time>
        <extensions>
          <gpxtpx:TrackPointExtension>
            <gpxtpx:hr>158</gpxtpx:hr>
          </gpxtpx:TrackPointExtension>
        </extensions>
      </trkpt>
      <trkpt lat="22.549662708795005" lon="114.0982246708605">
        <ele>13.668165681883693</ele>
        <time>1970-01-01T00:31:12.700000Z</time>
        <extensions>
          <gpxtpx:TrackPointExtension>
            <gpxtpx:hr>158</gpxtpx:hr>
          </gpxtpx:TrackPointExtension>
        </extensions>
      </trkpt>
      <trkpt lat="22.549679042062788" lon="114.09820687216953">
        <ele>13.82432032097131</ele>
        <time>1970-01-01T00:31:13.700000Z</time>
        <extensions>
          <gpxtpx:TrackPointExtension>
            <gpxtpx:hr>158</gpxtpx:hr>
          </gpxtpx:TrackPointExtension>
        </extensions>
      </trkpt>
      <trkpt lat="22.549695125496175" lon="114.09818815645048">
        <ele>13.965645119547844</ele>
        <time>1970-01-01T00:31:14.700000Z</time>
        <extensions>
          <gpxtpx:TrackPointExtension>
            <gpxtpx:hr>158</gpxtpx:hr>
          </gpxtpx:TrackPointExtension>
        </extensions>
      </trkpt>
      <trkpt lat="22.549710875996603" lon="114.09816955326893">
        <ele>14.087332230061293</ele>
        <time>1970-01-01T00:31:15.700000Z</time>
        <extensions>
          <gpxtpx:TrackPointExtension>
            <gpxtpx:hr>158</gpxtpx:hr>
          </gpxtpx:TrackPointExtension>
        </extensions>
      </trkpt>
      <trkpt lat="22.54972670576242" lon="114.098152041267">
        <ele>14.204112784937024</ele>
        <time>1970-01-01T00:31:16.700000Z</time>
        <extensions>
          <gpxtpx:TrackPointExtension>
            <gpxtpx:hr>158</gpxtpx:hr>
          </gpxtpx:TrackPointExtension>
        </extensions>
      </trkpt>
      <trkpt lat="22.549742824083378" lon="114.09813597005747">
        <ele>14.31230471841991</ele>
        <time>1970-01-01T00:31:17.700000Z</time>
        <extensions>
          <gpxtpx:TrackPointExtension>
            <gpxtpx:hr>158</gpxtpx:hr>
          </gpxtpx:TrackPointExtension>
        </extensions>
      </trkpt>
      <trkpt lat="22.54975923726737" lon="114.09811985082578">
        <ele>14.386999163776636</ele>
        <time>1970-01-01T00:31:18.700000Z</time>
        <extensions>
          <gpxtpx:TrackPointExtension>
            <gpxtpx:hr>158</gpxtpx:hr>
          </gpxtpx:TrackPointExtension>
        </extensions>
      </trkpt>
      <trkpt lat="22.549775095946313" lon="114.09810219709931">
        <ele>14.462786758318543</ele>
        <time>1970-01-01T00:31:19.700000Z</time>
        <extensions>
          <gpxtpx:TrackPointExtension>
            <gpxtpx:hr>158</gpxtpx:hr>
          </gpxtpx:TrackPointExtension>
        </extensions>
      </trkpt>
      <trkpt lat="22.54979006354141" lon="114.09808248835131">
        <ele>14.524510361254215</ele>
        <time>1970-01-01T00:31:20.700000Z</time>
        <extensions>
          <gpxtpx:TrackPointExtension>
            <gpxtpx:hr>157</gpxtpx:hr>
          </gpxtpx:TrackPointExtension>
        </extensions>
      </trkpt>
      <trkpt lat="22.54980384065053" lon="114.09806083235347">
        <ele>14.559300213120878</ele>
        <time>1970-01-01T00:31:21.700000Z</time>
        <extensions>
          <gpxtpx:TrackPointExtension>
            <gpxtpx:hr>157</gpxtpx:hr>
          </gpxtpx:TrackPointExtension>
        </extensions>
      </trkpt>
      <trkpt lat="22.549816077875235" lon="114.0980377494654">
        <ele>14.567380398511887</ele>
        <time>1970-01-01T00:31:22.700000Z</time>
        <extensions>
          <gpxtpx:TrackPointExtension>
            <gpxtpx:hr>157</gpxtpx:hr>
          </gpxtpx:TrackPointExtension>
        </extensions>
      </trkpt>
      <trkpt lat="22.54982732651797" lon="114.0980139633619">
        <ele>14.57759255450219</ele>
        <time>1970-01-01T00:31:23.700000Z</time>
        <extensions>
          <gpxtpx:TrackPointExtension>
            <gpxtpx:hr>157</gpxtpx:hr>
          </gpxtpx:TrackPointExtension>
        </extensions>
      </trkpt>
      <trkpt lat="22.54983862439164" lon="114.09799049441091">
        <ele>14.529925717040896</ele>
        <time>1970-01-01T00:31:24.700000Z</time>
        <extensions>
          <gpxtpx:TrackPointExtension>
            <gpxtpx:hr>157</gpxtpx:hr>
          </gpxtpx:TrackPointExtension>
        </extensions>
      </trkpt>
      <trkpt lat="22.549850941885065" lon="114.097967954676">
        <ele>14.482558995485306</ele>
        <time>1970-01-01T00:31:25.700000Z</time>
        <extensions>
          <gpxtpx:TrackPointExtension>
            <gpxtpx:hr>157</gpxtpx:hr>
          </gpxtpx:TrackPointExtension>
        </extensions>
      </trkpt>
      <trkpt lat="22.549864119752662" lon="114.0979464225943">
        <ele>14.427165172062814</ele>
        <time>1970-01-01T00:31:26.700000Z</time>
        <extensions>
          <gpxtpx:TrackPointExtension>
            <gpxtpx:hr>157</gpxtpx:hr>
          </gpxtpx:TrackPointExtension>
        </extensions>
      </trkpt>
      <trkpt lat="22.549877688109447" lon="114.09792530693807">
        <ele>14.335614421404898</ele>
        <time>1970-01-01T00:31:27.700000Z</time>
        <extensions>
          <gpxtpx:TrackPointExtension>
            <gpxtpx:hr>159</gpxtpx:hr>
          </gpxtpx:TrackPointExtension>
        </extensions>
      </trkpt>
      <trkpt lat="22.549891292346633" lon="114.09790375789355">
        <ele>14.220570935867727</ele>
        <time>1970-01-01T00:31:28.700000Z</time>
        <extensions>
          <gpxtpx:TrackPointExtension>
            <gpxtpx:hr>159</gpxtpx:hr>
          </gpxtpx:TrackPointExtension>
        </extensions>
      </trkpt>
      <trkpt lat="22.549905135721254" lon="114.09788120953922">
        <ele>14.08002457395196</ele>
        <time>1970-01-01T00:31:29.700000Z</time>
        <extensions>
          <gpxtpx:TrackPointExtension>
            <gpxtpx:hr>159</gpxtpx:hr>
          </gpxtpx:TrackPointExtension>
        </extensions>
      </trkpt>
      <trkpt lat="22.549920124083023" lon="114.09785783751356">
        <ele>13.920119729824364</ele>
        <time>1970-01-01T00:31:30.700000Z</time>
        <extensions>
          <gpxtpx:TrackPointExtension>
            <gpxtpx:hr>159</gpxtpx:hr>
          </gpxtpx:TrackPointExtension>
        </extensions>
      </trkpt>
      <trkpt lat="22.549936677998662" lon="114.09783512880583">
        <ele>13.777383862994611</ele>
        <time>1970-01-01T00:31:31.700000Z</time>
        <extensions>
          <gpxtpx:TrackPointExtension>
            <gpxtpx:hr>159</gpxtpx:hr>
          </gpxtpx:TrackPointExtension>
        </extensions>
      </trkpt>
      <trkpt lat="22.549954669972823" lon="114.09781486089955">
        <ele>13.650793462060392</ele>
        <time>1970-01-01T00:31:32.700000Z</time>
        <extensions>
          <gpxtpx:TrackPointExtension>
            <gpxtpx:hr>159</gpxtpx:hr>
          </gpxtpx:TrackPointExtension>
        </extensions>
      </trkpt>
      <trkpt lat="22.549973657954833" lon="114.09779787072576">
        <ele>13.503091062419116</ele>
        <time>1970-01-01T00:31:33.700000Z</time>
        <extensions>
          <gpxtpx:TrackPointExtension>
            <gpxtpx:hr>159</gpxtpx:hr>
          </gpxtpx:TrackPointExtension>
        </extensions>
      </trkpt>
      <trkpt lat="22.54999352560298" lon="114.0977835592332">
        <ele>13.364450859837234</ele>
        <time>1970-01-01T00:31:34.700000Z</time>
        <extensions>
          <gpxtpx:TrackPointExtension>
            <gpxtpx:hr>159</gpxtpx:hr>
          </gpxtpx:TrackPointExtension>
        </extensions>
      </trkpt>
      <trkpt lat="22.550014311464516" lon="114.09776996169123">
        <ele>13.239665205590427</ele>
        <time>1970-01-01T00:31:35.700000Z</time>
        <extensions>
          <gpxtpx:TrackPointExtension>
            <gpxtpx:hr>159</gpxtpx:hr>
          </gpxtpx:TrackPointExtension>
        </extensions>
      </trkpt>
      <trkpt lat="22.550035154985853" lon="114.09775626179174">
        <ele>13.089578800834715</ele>
        <time>1970-01-01T00:31:36.700000Z</time>
        <extensions>
          <gpxtpx:TrackPointExtension>
            <gpxtpx:hr>159</gpxtpx:hr>
          </gpxtpx:TrackPointExtension>
        </extensions>
      </trkpt>
      <trkpt lat="22.55005511491543" lon="114.09774254962207">
        <ele>12.949126109480858</ele>
        <time>1970-01-01T00:31:37.700000Z</time>
        <extensions>
          <gpxtpx:TrackPointExtension>
            <gpxtpx:hr>159</gpxtpx:hr>
          </gpxtpx:TrackPointExtension>
        </extensions>
      </trkpt>
      <trkpt lat="22.550073568247438" lon="114.09772834781496">
        <ele>12.821589428931475</ele>
        <time>1970-01-01T00:31:38.700000Z</time>
        <extensions>
          <gpxtpx:TrackPointExtension>
            <gpxtpx:hr>159</gpxtpx:hr>
          </gpxtpx:TrackPointExtension>
        </extensions>
      </trkpt>
      <trkpt lat="22.55009051028708" lon="114.0977126803849">
        <ele>12.666546775959432</ele>
        <time>1970-01-01T00:31:39.700000Z</time>
        <extensions>
          <gpxtpx:TrackPointExtension>
            <gpxtpx:hr>159</gpxtpx:hr>
          </gpxtpx:TrackPointExtension>
        </extensions>
      </trkpt>
      <trkpt lat="22.550105563379134" lon="114.09769507284308">
        <ele>12.550921292975545</ele>
        <time>1970-01-01T00:31:40.700000Z</time>
        <extensions>
          <gpxtpx:TrackPointExtension>
            <gpxtpx:hr>159</gpxtpx:hr>
          </gpxtpx:TrackPointExtension>
        </extensions>
      </trkpt>
      <trkpt lat="22.550117996679557" lon="114.09767441567789">
        <ele>12.437944739125669</ele>
        <time>1970-01-01T00:31:41.700000Z</time>
        <extensions>
          <gpxtpx:TrackPointExtension>
            <gpxtpx:hr>159</gpxtpx:hr>
          </gpxtpx:TrackPointExtension>
        </extensions>
      </trkpt>
      <trkpt lat="22.55012637708304" lon="114.09764966306777">
        <ele>12.289821277372539</ele>
        <time>1970-01-01T00:31:42.700000Z</time>
        <extensions>
          <gpxtpx:TrackPointExtension>
            <gpxtpx:hr>159</gpxtpx:hr>
          </gpxtpx:TrackPointExtension>
        </extensions>
      </trkpt>
      <trkpt lat="22.550129326371138" lon="114.09762276751651">
        <ele>12.143919325433671</ele>
        <time>1970-01-01T00:31:43.700000Z</time>
        <extensions>
          <gpxtpx:TrackPointExtension>
            <gpxtpx:hr>159</gpxtpx:hr>
          </gpxtpx:TrackPointExtension>
        </extensions>
      </trkpt>
      <trkpt lat="22.550126824815198" lon="114.09759617452988">
        <ele>11.97583722975105</ele>
        <time>1970-01-01T00:31:44.700000Z</time>
        <extensions>
          <gpxtpx:TrackPointExtension>
            <gpxtpx:hr>159</gpxtpx:hr>
          </gpxtpx:TrackPointExtension>
        </extensions>
      </trkpt>
      <trkpt lat="22.550119989898793" lon="114.09757104428435">
        <ele>11.74852419923991</ele>
        <time>1970-01-01T00:31:45.700000Z</time>
        <extensions>
          <gpxtpx:TrackPointExtension>
            <gpxtpx:hr>158</gpxtpx:hr>
          </gpxtpx:TrackPointExtension>
        </extensions>
      </trkpt>
      <trkpt lat="22.55011091058149" lon="114.09754684318392">
        <ele>11.508073740638793</ele>
        <time>1970-01-01T00:31:46.700000Z</time>
        <extensions>
          <gpxtpx:TrackPointExtension>
            <gpxtpx:hr>158</gpxtpx:hr>
          </gpxtpx:TrackPointExtension>
        </extensions>
      </trkpt>
      <trkpt lat="22.550101481383074" lon="114.09752235702814">
        <ele>11.229817253537476</ele>
        <time>1970-01-01T00:31:47.700000Z</time>
        <extensions>
          <gpxtpx:TrackPointExtension>
            <gpxtpx:hr>158</gpxtpx:hr>
          </gpxtpx:TrackPointExtension>
        </extensions>
      </trkpt>
      <trkpt lat="22.55009218357306" lon="114.09749675137355">
        <ele>10.910204648971558</ele>
        <time>1970-01-01T00:31:48.700000Z</time>
        <extensions>
          <gpxtpx:TrackPointExtension>
            <gpxtpx:hr>158</gpxtpx:hr>
          </gpxtpx:TrackPointExtension>
        </extensions>
      </trkpt>
      <trkpt lat="22.550082600277975" lon="114.0974695481117">
        <ele>10.517206896096468</ele>
        <time>1970-01-01T00:31:49.700000Z</time>
        <extensions>
          <gpxtpx:TrackPointExtension>
            <gpxtpx:hr>158</gpxtpx:hr>
          </gpxtpx:TrackPointExtension>
        </extensions>
      </trkpt>
      <trkpt lat="22.55007242223539" lon="114.09744118326256">
        <ele>10.136921820230782</ele>
        <time>1970-01-01T00:31:50.700000Z</time>
        <extensions>
          <gpxtpx:TrackPointExtension>
            <gpxtpx:hr>157</gpxtpx:hr>
          </gpxtpx:TrackPointExtension>
        </extensions>
      </trkpt>
      <trkpt lat="22.550061822983754" lon="114.09741274197042">
        <ele>9.740458121523261</ele>
        <time>1970-01-01T00:31:51.700000Z</time>
        <extensions>
          <gpxtpx:TrackPointExtension>
            <gpxtpx:hr>157</gpxtpx:hr>
          </gpxtpx:TrackPointExtension>
        </extensions>
      </trkpt>
      <trkpt lat="22.550050841796875" lon="114.09738579603756">
        <ele>9.30943644605577</ele>
        <time>1970-01-01T00:31:52.700000Z</time>
        <extensions>
          <gpxtpx:TrackPointExtension>
            <gpxtpx:hr>157</gpxtpx:hr>
          </gpxtpx:TrackPointExtension>
        </extensions>
      </trkpt>
      <trkpt lat="22.55003914857512" lon="114.09736141375957">
        <ele>8.86185610666871</ele>
        <time>1970-01-01T00:31:53.700000Z</time>
        <extensions>
          <gpxtpx:TrackPointExtension>
            <gpxtpx:hr>157</gpxtpx:hr>
          </gpxtpx:TrackPointExtension>
        </extensions>
      </trkpt>
      <trkpt lat="22.550027018644776" lon="114.09733879722134">
        <ele>8.412794955074787</ele>
        <time>1970-01-01T00:31:54.700000Z</time>
        <extensions>
          <gpxtpx:TrackPointExtension>
            <gpxtpx:hr>157</gpxtpx:hr>
          </gpxtpx:TrackPointExtension>
        </extensions>
      </trkpt>
      <trkpt lat="22.55001448323613" lon="114.09731629078819">
        <ele>7.973391888663173</ele>
        <time>1970-01-01T00:31:55.700000Z</time>
        <extensions>
          <gpxtpx:TrackPointExtension>
            <gpxtpx:hr>157</gpxtpx:hr>
          </gpxtpx:TrackPointExtension>
        </extensions>
      </trkpt>
      <trkpt lat="22.550000424414375" lon="114.09729311915741">
        <ele>7.564825708977878</ele>
        <time>1970-01-01T00:31:56.700000Z</time>
        <extensions>
          <gpxtpx:TrackPointExtension>
            <gpxtpx:hr>157</gpxtpx:hr>
          </gpxtpx:TrackPointExtension>
        </extensions>
      </trkpt>
      <trkpt lat="22.549984840500397" lon="114.09727015809875">
        <ele>7.196037762798369</ele>
        <time>1970-01-01T00:31:57.700000Z</time>
        <extensions>
          <gpxtpx:TrackPointExtension>
            <gpxtpx:hr>157</gpxtpx:hr>
          </gpxtpx:TrackPointExtension>
        </extensions>
      </trkpt>
      <trkpt lat="22.549969493891673" lon="114.09724844971231">
        <ele>6.838801586069167</ele>
        <time>1970-01-01T00:31:58.700000Z</time>
        <extensions>
          <gpxtpx:TrackPointExtension>
            <gpxtpx:hr>157</gpxtpx:hr>
          </gpxtpx:TrackPointExtension>
        </extensions>
      </trkpt>
      <trkpt lat="22.549954900247684" lon="114.09722770777186">
        <ele>6.545018460601568</ele>
        <time>1970-01-01T00:31:59.700000Z</time>
        <extensions>
          <gpxtpx:TrackPointExtension>
            <gpxtpx:hr>157</gpxtpx:hr>
          </gpxtpx:TrackPointExtension>
        </extensions>
      </trkpt>
      <trkpt lat="22.549939593042986" lon="114.0972070944024">
        <ele>6.267983726225793</ele>
        <time>1970-01-01T00:32:00.700000Z</time>
        <extensions>
          <gpxtpx:TrackPointExtension>
            <gpxtpx:hr>157</gpxtpx:hr>
          </gpxtpx:TrackPointExtension>
        </extensions>
      </trkpt>
      <trkpt lat="22.549921453622982" lon="114.09718579055456">
        <ele>5.992555884644389</ele>
        <time>1970-01-01T00:32:01.700000Z</time>
        <extensions>
          <gpxtpx:TrackPointExtension>
            <gpxtpx:hr>157</gpxtpx:hr>
          </gpxtpx:TrackPointExtension>
        </extensions>
      </trkpt>
      <trkpt lat="22.54990075526459" lon="114.09716488347394">
        <ele>5.746091562323272</ele>
        <time>1970-01-01T00:32:02.700000Z</time>
        <extensions>
          <gpxtpx:TrackPointExtension>
            <gpxtpx:hr>157</gpxtpx:hr>
          </gpxtpx:TrackPointExtension>
        </extensions>
      </trkpt>
      <trkpt lat="22.549878797632303" lon="114.09714532064163">
        <ele>5.538310259580612</ele>
        <time>1970-01-01T00:32:03.700000Z</time>
        <extensions>
          <gpxtpx:TrackPointExtension>
            <gpxtpx:hr>155</gpxtpx:hr>
          </gpxtpx:TrackPointExtension>
        </extensions>
      </trkpt>
      <trkpt lat="22.549856445754376" lon="114.09712635097122">
        <ele>5.385440079495311</ele>
        <time>1970-01-01T00:32:04.700000Z</time>
        <extensions>
          <gpxtpx:TrackPointExtension>
            <gpxtpx:hr>155</gpxtpx:hr>
          </gpxtpx:TrackPointExtension>
        </extensions>
      </trkpt>
      <trkpt lat="22.549835332086158" lon="114.09710652507127">
        <ele>5.273446222767234</ele>
        <time>1970-01-01T00:32:05.700000Z</time>
        <extensions>
          <gpxtpx:TrackPointExtension>
            <gpxtpx:hr>155</gpxtpx:hr>
          </gpxtpx:TrackPointExtension>
        </extensions>
      </trkpt>
      <trkpt lat="22.5498174685463" lon="114.09708434984063">
        <ele>5.221210650168359</ele>
        <time>1970-01-01T00:32:06.700000Z</time>
        <extensions>
          <gpxtpx:TrackPointExtension>
            <gpxtpx:hr>155</gpxtpx:hr>
          </gpxtpx:TrackPointExtension>
        </extensions>
      </trkpt>
      <trkpt lat="22.549804000999387" lon="114.09705922157325">
        <ele>5.218642892315984</ele>
        <time>1970-01-01T00:32:07.700000Z</time>
        <extensions>
          <gpxtpx:TrackPointExtension>
            <gpxtpx:hr>155</gpxtpx:hr>
          </gpxtpx:TrackPointExtension>
        </extensions>
      </trkpt>
      <trkpt lat="22.549794683780657" lon="114.0970313317407">
        <ele>5.241354191675782</ele>
        <time>1970-01-01T00:32:08.700000Z</time>
        <extensions>
          <gpxtpx:TrackPointExtension>
            <gpxtpx:hr>154</gpxtpx:hr>
          </gpxtpx:TrackPointExtension>
        </extensions>
      </trkpt>
      <trkpt lat="22.549788519246558" lon="114.097001482755">
        <ele>5.268021889962256</ele>
        <time>1970-01-01T00:32:09.700000Z</time>
        <extensions>
          <gpxtpx:TrackPointExtension>
            <gpxtpx:hr>154</gpxtpx:hr>
          </gpxtpx:TrackPointExtension>
        </extensions>
      </trkpt>
      <trkpt lat="22.54978545830473" lon="114.0969714744338">
        <ele>5.3073090352118015</ele>
        <time>1970-01-01T00:32:10.700000Z</time>
        <extensions>
          <gpxtpx:TrackPointExtension>
            <gpxtpx:hr>154</gpxtpx:hr>
          </gpxtpx:TrackPointExtension>
        </extensions>
      </trkpt>
      <trkpt lat="22.549786621129154" lon="114.09694245077917">
        <ele>5.34609982650727</ele>
        <time>1970-01-01T00:32:11.700000Z</time>
        <extensions>
          <gpxtpx:TrackPointExtension>
            <gpxtpx:hr>154</gpxtpx:hr>
          </gpxtpx:TrackPointExtension>
        </extensions>
      </trkpt>
      <trkpt lat="22.549791125553703" lon="114.09691467943657">
        <ele>5.378022105433047</ele>
        <time>1970-01-01T00:32:12.700000Z</time>
        <extensions>
          <gpxtpx:TrackPointExtension>
            <gpxtpx:hr>152</gpxtpx:hr>
          </gpxtpx:TrackPointExtension>
        </extensions>
      </trkpt>
      <trkpt lat="22.54979798313588" lon="114.09688781227142">
        <ele>5.410270345397294</ele>
        <time>1970-01-01T00:32:13.700000Z</time>
        <extensions>
          <gpxtpx:TrackPointExtension>
            <gpxtpx:hr>152</gpxtpx:hr>
          </gpxtpx:TrackPointExtension>
        </extensions>
      </trkpt>
      <trkpt lat="22.54980746843953" lon="114.09686161737226">
        <ele>5.494978397153318</ele>
        <time>1970-01-01T00:32:14.700000Z</time>
        <extensions>
          <gpxtpx:TrackPointExtension>
            <gpxtpx:hr>152</gpxtpx:hr>
          </gpxtpx:TrackPointExtension>
        </extensions>
      </trkpt>
      <trkpt lat="22.54982005415632" lon="114.09683705568766">
        <ele>5.614397038705647</ele>
        <time>1970-01-01T00:32:15.700000Z</time>
        <extensions>
          <gpxtpx:TrackPointExtension>
            <gpxtpx:hr>152</gpxtpx:hr>
          </gpxtpx:TrackPointExtension>
        </extensions>
      </trkpt>
      <trkpt lat="22.54983631645029" lon="114.09681499128483">
        <ele>5.731627136468887</ele>
        <time>1970-01-01T00:32:16.700000Z</time>
        <extensions>
          <gpxtpx:TrackPointExtension>
            <gpxtpx:hr>152</gpxtpx:hr>
          </gpxtpx:TrackPointExtension>
        </extensions>
      </trkpt>
      <trkpt lat="22.54985632527362" lon="114.09679625588801">
        <ele>5.889333171769977</ele>
        <time>1970-01-01T00:32:17.700000Z</time>
        <extensions>
          <gpxtpx:TrackPointExtension>
            <gpxtpx:hr>151</gpxtpx:hr>
          </gpxtpx:TrackPointExtension>
        </extensions>
      </trkpt>
      <trkpt lat="22.549879546754486" lon="114.09678155176918">
        <ele>6.067224898375571</ele>
        <time>1970-01-01T00:32:18.700000Z</time>
        <extensions>
          <gpxtpx:TrackPointExtension>
            <gpxtpx:hr>151</gpxtpx:hr>
          </gpxtpx:TrackPointExtension>
        </extensions>
      </trkpt>
      <trkpt lat="22.54990495707651" lon="114.0967704844208">
        <ele>6.239052399992943</ele>
        <time>1970-01-01T00:32:19.700000Z</time>
        <extensions>
          <gpxtpx:TrackPointExtension>
            <gpxtpx:hr>151</gpxtpx:hr>
          </gpxtpx:TrackPointExtension>
        </extensions>
      </trkpt>
      <trkpt lat="22.549930273918864" lon="114.09676190079837">
        <ele>6.395709468983114</ele>
        <time>1970-01-01T00:32:20.700000Z</time>
        <extensions>
          <gpxtpx:TrackPointExtension>
            <gpxtpx:hr>151</gpxtpx:hr>
          </gpxtpx:TrackPointExtension>
        </extensions>
      </trkpt>
      <trkpt lat="22.549953995130505" lon="114.09675421873801">
        <ele>6.53254062961787</ele>
        <time>1970-01-01T00:32:21.700000Z</time>
        <extensions>
          <gpxtpx:TrackPointExtension>
            <gpxtpx:hr>151</gpxtpx:hr>
          </gpxtpx:TrackPointExtension>
        </extensions>
      </trkpt>
      <trkpt lat="22.54997644299884" lon="114.09674623860816">
        <ele>6.673788400366902</ele>
        <time>1970-01-01T00:32:22.700000Z</time>
        <extensions>
          <gpxtpx:TrackPointExtension>
            <gpxtpx:hr>152</gpxtpx:hr>
          </gpxtpx:TrackPointExtension>
        </extensions>
      </trkpt>
      <trkpt lat="22.54999852112186" lon="114.09673737662744">
        <ele>6.811147737316787</ele>
        <time>1970-01-01T00:32:23.700000Z</time>
        <extensions>
          <gpxtpx:TrackPointExtension>
            <gpxtpx:hr>152</gpxtpx:hr>
          </gpxtpx:TrackPointExtension>
        </extensions>
      </trkpt>
      <trkpt lat="22.5500215619526" lon="114.09672798680879">
        <ele>6.936807106249034</ele>
        <time>1970-01-01T00:32:24.700000Z</time>
        <extensions>
          <gpxtpx:TrackPointExtension>
            <gpxtpx:hr>152</gpxtpx:hr>
          </gpxtpx:TrackPointExtension>
        </extensions>
      </trkpt>
      <trkpt lat="22.55004564832126" lon="114.09671940623195">
        <ele>7.063338743522763</ele>
        <time>1970-01-01T00:32:25.700000Z</time>
        <extensions>
          <gpxtpx:TrackPointExtension>
            <gpxtpx:hr>152</gpxtpx:hr>
          </gpxtpx:TrackPointExtension>
        </extensions>
      </trkpt>
      <trkpt lat="22.550069533482446" lon="114.09671186861017">
        <ele>7.1404081815853715</ele>
        <time>1970-01-01T00:32:26.700000Z</time>
        <extensions>
          <gpxtpx:TrackPointExtension>
            <gpxtpx:hr>152</gpxtpx:hr>
          </gpxtpx:TrackPointExtension>
        </extensions>
      </trkpt>
      <trkpt lat="22.55009288854844" lon="114.0967042423053">
        <ele>7.2002938548102975</ele>
        <time>1970-01-01T00:32:27.700000Z</time>
        <extensions>
          <gpxtpx:TrackPointExtension>
            <gpxtpx:hr>152</gpxtpx:hr>
          </gpxtpx:TrackPointExtension>
        </extensions>
      </trkpt>
      <trkpt lat="22.550116033536582" lon="114.09669545380532">
        <ele>7.253877442330122</ele>
        <time>1970-01-01T00:32:28.700000Z</time>
        <extensions>
          <gpxtpx:TrackPointExtension>
            <gpxtpx:hr>152</gpxtpx:hr>
          </gpxtpx:TrackPointExtension>
        </extensions>
      </trkpt>
      <trkpt lat="22.55013938438197" lon="114.09668489963343">
        <ele>7.309242584742606</ele>
        <time>1970-01-01T00:32:29.700000Z</time>
        <extensions>
          <gpxtpx:TrackPointExtension>
            <gpxtpx:hr>152</gpxtpx:hr>
          </gpxtpx:TrackPointExtension>
        </extensions>
      </trkpt>
      <trkpt lat="22.550162878240226" lon="114.09667282243109">
        <ele>7.358043452724814</ele>
        <time>1970-01-01T00:32:30.700000Z</time>
        <extensions>
          <gpxtpx:TrackPointExtension>
            <gpxtpx:hr>152</gpxtpx:hr>
          </gpxtpx:TrackPointExtension>
        </extensions>
      </trkpt>
      <trkpt lat="22.550186390991144" lon="114.09666018981348">
        <ele>7.375439698807895</ele>
        <time>1970-01-01T00:32:31.700000Z</time>
        <extensions>
          <gpxtpx:TrackPointExtension>
            <gpxtpx:hr>152</gpxtpx:hr>
          </gpxtpx:TrackPointExtension>
        </extensions>
      </trkpt>
      <trkpt lat="22.550209821395114" lon="114.09664799649981">
        <ele>7.364961068145931</ele>
        <time>1970-01-01T00:32:32.700000Z</time>
        <extensions>
          <gpxtpx:TrackPointExtension>
            <gpxtpx:hr>152</gpxtpx:hr>
          </gpxtpx:TrackPointExtension>
        </extensions>
      </trkpt>
      <trkpt lat="22.55023276049567" lon="114.0966357384074">
        <ele>7.3407950308173895</ele>
        <time>1970-01-01T00:32:33.700000Z</time>
        <extensions>
          <gpxtpx:TrackPointExtension>
            <gpxtpx:hr>152</gpxtpx:hr>
          </gpxtpx:TrackPointExtension>
        </extensions>
      </trkpt>
      <trkpt lat="22.550255078285062" lon="114.0966226264958">
        <ele>7.31629872135818</ele>
        <time>1970-01-01T00:32:34.700000Z</time>
        <extensions>
          <gpxtpx:TrackPointExtension>
            <gpxtpx:hr>152</gpxtpx:hr>
          </gpxtpx:TrackPointExtension>
        </extensions>
      </trkpt>
      <trkpt lat="22.550276714285456" lon="114.09660818660281">
        <ele>7.287251627072692</ele>
        <time>1970-01-01T00:32:35.700000Z</time>
        <extensions>
          <gpxtpx:TrackPointExtension>
            <gpxtpx:hr>152</gpxtpx:hr>
          </gpxtpx:TrackPointExtension>
        </extensions>
      </trkpt>
      <trkpt lat="22.550297334034344" lon="114.09659237871021">
        <ele>7.272864067927003</ele>
        <time>1970-01-01T00:32:36.700000Z</time>
        <extensions>
          <gpxtpx:TrackPointExtension>
            <gpxtpx:hr>152</gpxtpx:hr>
          </gpxtpx:TrackPointExtension>
        </extensions>
      </trkpt>
      <trkpt lat="22.550316919041677" lon="114.09657542612973">
        <ele>7.252716896124184</ele>
        <time>1970-01-01T00:32:37.700000Z</time>
        <extensions>
          <gpxtpx:TrackPointExtension>
            <gpxtpx:hr>152</gpxtpx:hr>
          </gpxtpx:TrackPointExtension>
        </extensions>
      </trkpt>
      <trkpt lat="22.55033566546167" lon="114.09655688574206">
        <ele>7.260730590671301</ele>
        <time>1970-01-01T00:32:38.700000Z</time>
        <extensions>
          <gpxtpx:TrackPointExtension>
            <gpxtpx:hr>152</gpxtpx:hr>
          </gpxtpx:TrackPointExtension>
        </extensions>
      </trkpt>
      <trkpt lat="22.550354433310407" lon="114.09653662149773">
        <ele>7.257699251174927</ele>
        <time>1970-01-01T00:32:39.700000Z</time>
        <extensions>
          <gpxtpx:TrackPointExtension>
            <gpxtpx:hr>152</gpxtpx:hr>
          </gpxtpx:TrackPointExtension>
        </extensions>
      </trkpt>
      <trkpt lat="22.550373953303193" lon="114.09651527503229">
        <ele>7.269722821190953</ele>
        <time>1970-01-01T00:32:40.700000Z</time>
        <extensions>
          <gpxtpx:TrackPointExtension>
            <gpxtpx:hr>152</gpxtpx:hr>
          </gpxtpx:TrackPointExtension>
        </extensions>
      </trkpt>
      <trkpt lat="22.550393317525305" lon="114.09649381072049">
        <ele>7.348522420041263</ele>
        <time>1970-01-01T00:32:41.700000Z</time>
        <extensions>
          <gpxtpx:TrackPointExtension>
            <gpxtpx:hr>152</gpxtpx:hr>
          </gpxtpx:TrackPointExtension>
        </extensions>
      </trkpt>
      <trkpt lat="22.55041176453084" lon="114.09647279268817">
        <ele>7.429943326860666</ele>
        <time>1970-01-01T00:32:42.700000Z</time>
        <extensions>
          <gpxtpx:TrackPointExtension>
            <gpxtpx:hr>152</gpxtpx:hr>
          </gpxtpx:TrackPointExtension>
        </extensions>
      </trkpt>
      <trkpt lat="22.55042941094113" lon="114.09645178707031">
        <ele>7.51749702449888</ele>
        <time>1970-01-01T00:32:43.700000Z</time>
        <extensions>
          <gpxtpx:TrackPointExtension>
            <gpxtpx:hr>152</gpxtpx:hr>
          </gpxtpx:TrackPointExtension>
        </extensions>
      </trkpt>
      <trkpt lat="22.55044688643952" lon="114.09643013482366">
        <ele>7.619089972227812</ele>
        <time>1970-01-01T00:32:44.700000Z</time>
        <extensions>
          <gpxtpx:TrackPointExtension>
            <gpxtpx:hr>151</gpxtpx:hr>
          </gpxtpx:TrackPointExtension>
        </extensions>
      </trkpt>
      <trkpt lat="22.550464362356873" lon="114.09640815840325">
        <ele>7.690859233960509</ele>
        <time>1970-01-01T00:32:45.700000Z</time>
        <extensions>
          <gpxtpx:TrackPointExtension>
            <gpxtpx:hr>151</gpxtpx:hr>
          </gpxtpx:TrackPointExtension>
        </extensions>
      </trkpt>
      <trkpt lat="22.550481656681118" lon="114.09638659544144">
        <ele>7.762798563577235</ele>
        <time>1970-01-01T00:32:46.700000Z</time>
        <extensions>
          <gpxtpx:TrackPointExtension>
            <gpxtpx:hr>151</gpxtpx:hr>
          </gpxtpx:TrackPointExtension>
        </extensions>
      </trkpt>
      <trkpt lat="22.550498727014492" lon="114.09636612649271">
        <ele>7.804903507232666</ele>
        <time>1970-01-01T00:32:47.700000Z</time>
        <extensions>
          <gpxtpx:TrackPointExtension>
            <gpxtpx:hr>151</gpxtpx:hr>
          </gpxtpx:TrackPointExtension>
        </extensions>
      </trkpt>
      <trkpt lat="22.55051606574345" lon="114.09634673545074">
        <ele>7.818892411887646</ele>
        <time>1970-01-01T00:32:48.700000Z</time>
        <extensions>
          <gpxtpx:TrackPointExtension>
            <gpxtpx:hr>151</gpxtpx:hr>
          </gpxtpx:TrackPointExtension>
        </extensions>
      </trkpt>
      <trkpt lat="22.55053404183086" lon="114.0963278629577">
        <ele>7.85897356364876</ele>
        <time>1970-01-01T00:32:49.700000Z</time>
        <extensions>
          <gpxtpx:TrackPointExtension>
            <gpxtpx:hr>150</gpxtpx:hr>
          </gpxtpx:TrackPointExtension>
        </extensions>
      </trkpt>
      <trkpt lat="22.550552227123582" lon="114.09630879127734">
        <ele>7.849343021400273</ele>
        <time>1970-01-01T00:32:50.700000Z</time>
        <extensions>
          <gpxtpx:TrackPointExtension>
            <gpxtpx:hr>150</gpxtpx:hr>
          </gpxtpx:TrackPointExtension>
        </extensions>
      </trkpt>
      <trkpt lat="22.55057047552828" lon="114.09628935523335">
        <ele>7.826138659380376</ele>
        <time>1970-01-01T00:32:51.700000Z</time>
        <extensions>
          <gpxtpx:TrackPointExtension>
            <gpxtpx:hr>150</gpxtpx:hr>
          </gpxtpx:TrackPointExtension>
        </extensions>
      </trkpt>
      <trkpt lat="22.55058852723622" lon="114.09627003826728">
        <ele>7.782797634601593</ele>
        <time>1970-01-01T00:32:52.700000Z</time>
        <extensions>
          <gpxtpx:TrackPointExtension>
            <gpxtpx:hr>150</gpxtpx:hr>
          </gpxtpx:TrackPointExtension>
        </extensions>
      </trkpt>
      <trkpt lat="22.55060594194112" lon="114.09625094802311">
        <ele>7.734541320241988</ele>
        <time>1970-01-01T00:32:53.700000Z</time>
        <extensions>
          <gpxtpx:TrackPointExtension>
            <gpxtpx:hr>150</gpxtpx:hr>
          </gpxtpx:TrackPointExtension>
        </extensions>
      </trkpt>
      <trkpt lat="22.550622590904602" lon="114.09623168111995">
        <ele>7.718433271162212</ele>
        <time>1970-01-01T00:32:54.700000Z</time>
        <extensions>
          <gpxtpx:TrackPointExtension>
            <gpxtpx:hr>150</gpxtpx:hr>
          </gpxtpx:TrackPointExtension>
        </extensions>
      </trkpt>
      <trkpt lat="22.550638980144285" lon="114.09621156896597">
        <ele>7.712621903046966</ele>
        <time>1970-01-01T00:32:55.700000Z</time>
        <extensions>
          <gpxtpx:TrackPointExtension>
            <gpxtpx:hr>148</gpxtpx:hr>
          </gpxtpx:TrackPointExtension>
        </extensions>
      </trkpt>
      <trkpt lat="22.550655568359723" lon="114.09619078980886">
        <ele>7.697346885688603</ele>
        <time>1970-01-01T00:32:56.700000Z</time>
        <extensions>
          <gpxtpx:TrackPointExtension>
            <gpxtpx:hr>148</gpxtpx:hr>
          </gpxtpx:TrackPointExtension>
        </extensions>
      </trkpt>
      <trkpt lat="22.550672199457594" lon="114.09616993950613">
        <ele>7.676729172468185</ele>
        <time>1970-01-01T00:32:57.700000Z</time>
        <extensions>
          <gpxtpx:TrackPointExtension>
            <gpxtpx:hr>148</gpxtpx:hr>
          </gpxtpx:TrackPointExtension>
        </extensions>
      </trkpt>
      <trkpt lat="22.550688198122188" lon="114.0961493371923">
        <ele>7.681230545043945</ele>
        <time>1970-01-01T00:32:58.700000Z</time>
        <extensions>
          <gpxtpx:TrackPointExtension>
            <gpxtpx:hr>148</gpxtpx:hr>
          </gpxtpx:TrackPointExtension>
        </extensions>
      </trkpt>
      <trkpt lat="22.55070328097625" lon="114.09612884615267">
        <ele>7.729269226081669</ele>
        <time>1970-01-01T00:32:59.700000Z</time>
        <extensions>
          <gpxtpx:TrackPointExtension>
            <gpxtpx:hr>148</gpxtpx:hr>
          </gpxtpx:TrackPointExtension>
        </extensions>
      </trkpt>
      <trkpt lat="22.550717508003736" lon="114.09610877091907">
        <ele>7.785483041778207</ele>
        <time>1970-01-01T00:33:00.700000Z</time>
        <extensions>
          <gpxtpx:TrackPointExtension>
            <gpxtpx:hr>148</gpxtpx:hr>
          </gpxtpx:TrackPointExtension>
        </extensions>
      </trkpt>
      <trkpt lat="22.55073108886997" lon="114.09608919084135">
        <ele>7.857291501015425</ele>
        <time>1970-01-01T00:33:01.700000Z</time>
        <extensions>
          <gpxtpx:TrackPointExtension>
            <gpxtpx:hr>148</gpxtpx:hr>
          </gpxtpx:TrackPointExtension>
        </extensions>
      </trkpt>
      <trkpt lat="22.550743976351214" lon="114.0960693571604">
        <ele>7.945829133503139</ele>
        <time>1970-01-01T00:33:02.700000Z</time>
        <extensions>
          <gpxtpx:TrackPointExtension>
            <gpxtpx:hr>149</gpxtpx:hr>
          </gpxtpx:TrackPointExtension>
        </extensions>
      </trkpt>
      <trkpt lat="22.550756404828736" lon="114.09604834807304">
        <ele>8.067414866760373</ele>
        <time>1970-01-01T00:33:03.700000Z</time>
        <extensions>
          <gpxtpx:TrackPointExtension>
            <gpxtpx:hr>149</gpxtpx:hr>
          </gpxtpx:TrackPointExtension>
        </extensions>
      </trkpt>
      <trkpt lat="22.5507687525805" lon="114.09602510720033">
        <ele>8.246059861034155</ele>
        <time>1970-01-01T00:33:04.700000Z</time>
        <extensions>
          <gpxtpx:TrackPointExtension>
            <gpxtpx:hr>149</gpxtpx:hr>
          </gpxtpx:TrackPointExtension>
        </extensions>
      </trkpt>
      <trkpt lat="22.550780426160962" lon="114.09600024178292">
        <ele>8.40465831849724</ele>
        <time>1970-01-01T00:33:05.700000Z</time>
        <extensions>
          <gpxtpx:TrackPointExtension>
            <gpxtpx:hr>149</gpxtpx:hr>
          </gpxtpx:TrackPointExtension>
        </extensions>
      </trkpt>
      <trkpt lat="22.55079022805093" lon="114.09597502722413">
        <ele>8.56601694598794</ele>
        <time>1970-01-01T00:33:06.700000Z</time>
        <extensions>
          <gpxtpx:TrackPointExtension>
            <gpxtpx:hr>149</gpxtpx:hr>
          </gpxtpx:TrackPointExtension>
        </extensions>
      </trkpt>
      <trkpt lat="22.55079780823379" lon="114.09594953954932">
        <ele>8.70538366958499</ele>
        <time>1970-01-01T00:33:07.700000Z</time>
        <extensions>
          <gpxtpx:TrackPointExtension>
            <gpxtpx:hr>149</gpxtpx:hr>
          </gpxtpx:TrackPointExtension>
        </extensions>
      </trkpt>
      <trkpt lat="22.550803587280548" lon="114.0959241740537">
        <ele>8.819491116330028</ele>
        <time>1970-01-01T00:33:08.700000Z</time>
        <extensions>
          <gpxtpx:TrackPointExtension>
            <gpxtpx:hr>149</gpxtpx:hr>
          </gpxtpx:TrackPointExtension>
        </extensions>
      </trkpt>
      <trkpt lat="22.550807941323587" lon="114.09589920624774">
        <ele>8.911237590014935</ele>
        <time>1970-01-01T00:33:09.700000Z</time>
        <extensions>
          <gpxtpx:TrackPointExtension>
            <gpxtpx:hr>149</gpxtpx:hr>
          </gpxtpx:TrackPointExtension>
        </extensions>
      </trkpt>
      <trkpt lat="22.550811707105716" lon="114.0958748503738">
        <ele>9.013868261128664</ele>
        <time>1970-01-01T00:33:10.700000Z</time>
        <extensions>
          <gpxtpx:TrackPointExtension>
            <gpxtpx:hr>149</gpxtpx:hr>
          </gpxtpx:TrackPointExtension>
        </extensions>
      </trkpt>
      <trkpt lat="22.550815909992398" lon="114.09585108181881">
        <ele>9.099086485803127</ele>
        <time>1970-01-01T00:33:11.700000Z</time>
        <extensions>
          <gpxtpx:TrackPointExtension>
            <gpxtpx:hr>149</gpxtpx:hr>
          </gpxtpx:TrackPointExtension>
        </extensions>
      </trkpt>
      <trkpt lat="22.550821057751335" lon="114.09582718683527">
        <ele>9.170027735643089</ele>
        <time>1970-01-01T00:33:12.700000Z</time>
        <extensions>
          <gpxtpx:TrackPointExtension>
            <gpxtpx:hr>149</gpxtpx:hr>
          </gpxtpx:TrackPointExtension>
        </extensions>
      </trkpt>
      <trkpt lat="22.55082676203089" lon="114.09580359382518">
        <ele>9.195137182250619</ele>
        <time>1970-01-01T00:33:13.700000Z</time>
        <extensions>
          <gpxtpx:TrackPointExtension>
            <gpxtpx:hr>149</gpxtpx:hr>
          </gpxtpx:TrackPointExtension>
        </extensions>
      </trkpt>
      <trkpt lat="22.550832380608465" lon="114.09578048655567">
        <ele>9.20958364661783</ele>
        <time>1970-01-01T00:33:14.700000Z</time>
        <extensions>
          <gpxtpx:TrackPointExtension>
            <gpxtpx:hr>149</gpxtpx:hr>
          </gpxtpx:TrackPointExtension>
        </extensions>
      </trkpt>
      <trkpt lat="22.55083851054052" lon="114.09575771064196">
        <ele>9.187205231748521</ele>
        <time>1970-01-01T00:33:15.700000Z</time>
        <extensions>
          <gpxtpx:TrackPointExtension>
            <gpxtpx:hr>149</gpxtpx:hr>
          </gpxtpx:TrackPointExtension>
        </extensions>
      </trkpt>
      <trkpt lat="22.550845286618188" lon="114.09573521332275">
        <ele>9.143024267628789</ele>
        <time>1970-01-01T00:33:16.700000Z</time>
        <extensions>
          <gpxtpx:TrackPointExtension>
            <gpxtpx:hr>149</gpxtpx:hr>
          </gpxtpx:TrackPointExtension>
        </extensions>
      </trkpt>
      <trkpt lat="22.550851990225357" lon="114.09571277090882">
        <ele>9.041502228938043</ele>
        <time>1970-01-01T00:33:17.700000Z</time>
        <extensions>
          <gpxtpx:TrackPointExtension>
            <gpxtpx:hr>149</gpxtpx:hr>
          </gpxtpx:TrackPointExtension>
        </extensions>
      </trkpt>
      <trkpt lat="22.550857934229906" lon="114.09569016248201">
        <ele>8.927641643211246</ele>
        <time>1970-01-01T00:33:18.700000Z</time>
        <extensions>
          <gpxtpx:TrackPointExtension>
            <gpxtpx:hr>149</gpxtpx:hr>
          </gpxtpx:TrackPointExtension>
        </extensions>
      </trkpt>
      <trkpt lat="22.55086139920792" lon="114.09566739976108">
        <ele>8.799938168376684</ele>
        <time>1970-01-01T00:33:19.700000Z</time>
        <extensions>
          <gpxtpx:TrackPointExtension>
            <gpxtpx:hr>149</gpxtpx:hr>
          </gpxtpx:TrackPointExtension>
        </extensions>
      </trkpt>
      <trkpt lat="22.550861426894492" lon="114.0956448656453">
        <ele>8.674166610464454</ele>
        <time>1970-01-01T00:33:20.700000Z</time>
        <extensions>
          <gpxtpx:TrackPointExtension>
            <gpxtpx:hr>148</gpxtpx:hr>
          </gpxtpx:TrackPointExtension>
        </extensions>
      </trkpt>
      <trkpt lat="22.55085735897627" lon="114.09562332412924">
        <ele>8.53318936098367</ele>
        <time>1970-01-01T00:33:21.700000Z</time>
        <extensions>
          <gpxtpx:TrackPointExtension>
            <gpxtpx:hr>148</gpxtpx:hr>
          </gpxtpx:TrackPointExtension>
        </extensions>
      </trkpt>
      <trkpt lat="22.550847803092765" lon="114.09560352330173">
        <ele>8.377621081657708</ele>
        <time>1970-01-01T00:33:22.700000Z</time>
        <extensions>
          <gpxtpx:TrackPointExtension>
            <gpxtpx:hr>148</gpxtpx:hr>
          </gpxtpx:TrackPointExtension>
        </extensions>
      </trkpt>
      <trkpt lat="22.550832173199197" lon="114.09558720793736">
        <ele>8.223425441421568</ele>
        <time>1970-01-01T00:33:23.700000Z</time>
        <extensions>
          <gpxtpx:TrackPointExtension>
            <gpxtpx:hr>148</gpxtpx:hr>
          </gpxtpx:TrackPointExtension>
        </extensions>
      </trkpt>
      <trkpt lat="22.550810843494478" lon="114.09557490614537">
        <ele>8.038237332366407</ele>
        <time>1970-01-01T00:33:24.700000Z</time>
        <extensions>
          <gpxtpx:TrackPointExtension>
            <gpxtpx:hr>148</gpxtpx:hr>
          </gpxtpx:TrackPointExtension>
        </extensions>
      </trkpt>
      <trkpt lat="22.55078524234353" lon="114.09556571442268">
        <ele>7.827620627358556</ele>
        <time>1970-01-01T00:33:25.700000Z</time>
        <extensions>
          <gpxtpx:TrackPointExtension>
            <gpxtpx:hr>148</gpxtpx:hr>
          </gpxtpx:TrackPointExtension>
        </extensions>
      </trkpt>
      <trkpt lat="22.550757685740557" lon="114.09555857646005">
        <ele>7.564228148199618</ele>
        <time>1970-01-01T00:33:26.700000Z</time>
        <extensions>
          <gpxtpx:TrackPointExtension>
            <gpxtpx:hr>148</gpxtpx:hr>
          </gpxtpx:TrackPointExtension>
        </extensions>
      </trkpt>
      <trkpt lat="22.550730108577994" lon="114.09555128720915">
        <ele>7.304051376879215</ele>
        <time>1970-01-01T00:33:27.700000Z</time>
        <extensions>
          <gpxtpx:TrackPointExtension>
            <gpxtpx:hr>150</gpxtpx:hr>
          </gpxtpx:TrackPointExtension>
        </extensions>
      </trkpt>
      <trkpt lat="22.55070370545877" lon="114.09554217626345">
        <ele>7.063284486532211</ele>
        <time>1970-01-01T00:33:28.700000Z</time>
        <extensions>
          <gpxtpx:TrackPointExtension>
            <gpxtpx:hr>150</gpxtpx:hr>
          </gpxtpx:TrackPointExtension>
        </extensions>
      </trkpt>
      <trkpt lat="22.55067863441733" lon="114.09553110452384">
        <ele>6.82688797172159</ele>
        <time>1970-01-01T00:33:29.700000Z</time>
        <extensions>
          <gpxtpx:TrackPointExtension>
            <gpxtpx:hr>150</gpxtpx:hr>
          </gpxtpx:TrackPointExtension>
        </extensions>
      </trkpt>
      <trkpt lat="22.550654548112924" lon="114.09551911673884">
        <ele>6.567324505187571</ele>
        <time>1970-01-01T00:33:30.700000Z</time>
        <extensions>
          <gpxtpx:TrackPointExtension>
            <gpxtpx:hr>150</gpxtpx:hr>
          </gpxtpx:TrackPointExtension>
        </extensions>
      </trkpt>
      <trkpt lat="22.550630520730895" lon="114.09550736385205">
        <ele>6.303973059169948</ele>
        <time>1970-01-01T00:33:31.700000Z</time>
        <extensions>
          <gpxtpx:TrackPointExtension>
            <gpxtpx:hr>151</gpxtpx:hr>
          </gpxtpx:TrackPointExtension>
        </extensions>
      </trkpt>
      <trkpt lat="22.55060588373503" lon="114.09549603415739">
        <ele>6.073468434624374</ele>
        <time>1970-01-01T00:33:32.700000Z</time>
        <extensions>
          <gpxtpx:TrackPointExtension>
            <gpxtpx:hr>151</gpxtpx:hr>
          </gpxtpx:TrackPointExtension>
        </extensions>
      </trkpt>
      <trkpt lat="22.550581389664064" lon="114.0954849085434">
        <ele>5.828393475152552</ele>
        <time>1970-01-01T00:33:33.700000Z</time>
        <extensions>
          <gpxtpx:TrackPointExtension>
            <gpxtpx:hr>151</gpxtpx:hr>
          </gpxtpx:TrackPointExtension>
        </extensions>
      </trkpt>
      <trkpt lat="22.550557798579536" lon="114.09547376627935">
        <ele>5.576957466080785</ele>
        <time>1970-01-01T00:33:34.700000Z</time>
        <extensions>
          <gpxtpx:TrackPointExtension>
            <gpxtpx:hr>151</gpxtpx:hr>
          </gpxtpx:TrackPointExtension>
        </extensions>
      </trkpt>
      <trkpt lat="22.550534991955335" lon="114.09546238186326">
        <ele>5.356757770292461</ele>
        <time>1970-01-01T00:33:35.700000Z</time>
        <extensions>
          <gpxtpx:TrackPointExtension>
            <gpxtpx:hr>151</gpxtpx:hr>
          </gpxtpx:TrackPointExtension>
        </extensions>
      </trkpt>
      <trkpt lat="22.550512192829892" lon="114.0954513084934">
        <ele>5.166577111929655</ele>
        <time>1970-01-01T00:33:36.700000Z</time>
        <extensions>
          <gpxtpx:TrackPointExtension>
            <gpxtpx:hr>151</gpxtpx:hr>
          </gpxtpx:TrackPointExtension>
        </extensions>
      </trkpt>
      <trkpt lat="22.550488125547975" lon="114.09544170796968">
        <ele>4.99040775001049</ele>
        <time>1970-01-01T00:33:37.700000Z</time>
        <extensions>
          <gpxtpx:TrackPointExtension>
            <gpxtpx:hr>151</gpxtpx:hr>
          </gpxtpx:TrackPointExtension>
        </extensions>
      </trkpt>
      <trkpt lat="22.550462550958134" lon="114.0954350990611">
        <ele>4.792602702043951</ele>
        <time>1970-01-01T00:33:38.700000Z</time>
        <extensions>
          <gpxtpx:TrackPointExtension>
            <gpxtpx:hr>151</gpxtpx:hr>
          </gpxtpx:TrackPointExtension>
        </extensions>
      </trkpt>
      <trkpt lat="22.55043652449167" lon="114.0954328184439">
        <ele>4.60689802467823</ele>
        <time>1970-01-01T00:33:39.700000Z</time>
        <extensions>
          <gpxtpx:TrackPointExtension>
            <gpxtpx:hr>151</gpxtpx:hr>
          </gpxtpx:TrackPointExtension>
        </extensions>
      </trkpt>
      <trkpt lat="22.550411064409168" lon="114.0954350345518">
        <ele>4.4553700890392065</ele>
        <time>1970-01-01T00:33:40.700000Z</time>
        <extensions>
          <gpxtpx:TrackPointExtension>
            <gpxtpx:hr>151</gpxtpx:hr>
          </gpxtpx:TrackPointExtension>
        </extensions>
      </trkpt>
      <trkpt lat="22.55038579191109" lon="114.09544007743033">
        <ele>4.3190309489145875</ele>
        <time>1970-01-01T00:33:41.700000Z</time>
        <extensions>
          <gpxtpx:TrackPointExtension>
            <gpxtpx:hr>151</gpxtpx:hr>
          </gpxtpx:TrackPointExtension>
        </extensions>
      </trkpt>
      <trkpt lat="22.55035987884282" lon="114.09544561464185">
        <ele>4.185876959934831</ele>
        <time>1970-01-01T00:33:42.700000Z</time>
        <extensions>
          <gpxtpx:TrackPointExtension>
            <gpxtpx:hr>151</gpxtpx:hr>
          </gpxtpx:TrackPointExtension>
        </extensions>
      </trkpt>
      <trkpt lat="22.5503334997712" lon="114.09544978279108">
        <ele>4.038293985649943</ele>
        <time>1970-01-01T00:33:43.700000Z</time>
        <extensions>
          <gpxtpx:TrackPointExtension>
            <gpxtpx:hr>151</gpxtpx:hr>
          </gpxtpx:TrackPointExtension>
        </extensions>
      </trkpt>
      <trkpt lat="22.55030672750764" lon="114.09545158428001">
        <ele>3.8483252320438623</ele>
        <time>1970-01-01T00:33:44.700000Z</time>
        <extensions>
          <gpxtpx:TrackPointExtension>
            <gpxtpx:hr>151</gpxtpx:hr>
          </gpxtpx:TrackPointExtension>
        </extensions>
      </trkpt>
      <trkpt lat="22.550280166555982" lon="114.09545152385633">
        <ele>3.6423823665827513</ele>
        <time>1970-01-01T00:33:45.700000Z</time>
        <extensions>
          <gpxtpx:TrackPointExtension>
            <gpxtpx:hr>151</gpxtpx:hr>
          </gpxtpx:TrackPointExtension>
        </extensions>
      </trkpt>
      <trkpt lat="22.550254569417906" lon="114.0954502875607">
        <ele>3.4371200259774923</ele>
        <time>1970-01-01T00:33:46.700000Z</time>
        <extensions>
          <gpxtpx:TrackPointExtension>
            <gpxtpx:hr>151</gpxtpx:hr>
          </gpxtpx:TrackPointExtension>
        </extensions>
      </trkpt>
      <trkpt lat="22.55023024274679" lon="114.0954475929298">
        <ele>3.222560045309365</ele>
        <time>1970-01-01T00:33:47.700000Z</time>
        <extensions>
          <gpxtpx:TrackPointExtension>
            <gpxtpx:hr>149</gpxtpx:hr>
          </gpxtpx:TrackPointExtension>
        </extensions>
      </trkpt>
      <trkpt lat="22.550207078976758" lon="114.09544257979928">
        <ele>3.0525328628718853</ele>
        <time>1970-01-01T00:33:48.700000Z</time>
        <extensions>
          <gpxtpx:TrackPointExtension>
            <gpxtpx:hr>149</gpxtpx:hr>
          </gpxtpx:TrackPointExtension>
        </extensions>
      </trkpt>
      <trkpt lat="22.550185049512905" lon="114.09543476551994">
        <ele>2.892713769339025</ele>
        <time>1970-01-01T00:33:49.700000Z</time>
        <extensions>
          <gpxtpx:TrackPointExtension>
            <gpxtpx:hr>149</gpxtpx:hr>
          </gpxtpx:TrackPointExtension>
        </extensions>
      </trkpt>
      <trkpt lat="22.550164430868538" lon="114.09542401406233">
        <ele>2.7252059783786535</ele>
        <time>1970-01-01T00:33:50.700000Z</time>
        <extensions>
          <gpxtpx:TrackPointExtension>
            <gpxtpx:hr>149</gpxtpx:hr>
          </gpxtpx:TrackPointExtension>
        </extensions>
      </trkpt>
      <trkpt lat="22.550145112675935" lon="114.09540979519592">
        <ele>2.579614923335612</ele>
        <time>1970-01-01T00:33:51.700000Z</time>
        <extensions>
          <gpxtpx:TrackPointExtension>
            <gpxtpx:hr>149</gpxtpx:hr>
          </gpxtpx:TrackPointExtension>
        </extensions>
      </trkpt>
      <trkpt lat="22.550126949994922" lon="114.09539232533804">
        <ele>2.434236643835902</ele>
        <time>1970-01-01T00:33:52.700000Z</time>
        <extensions>
          <gpxtpx:TrackPointExtension>
            <gpxtpx:hr>150</gpxtpx:hr>
          </gpxtpx:TrackPointExtension>
        </extensions>
      </trkpt>
      <trkpt lat="22.550109691406092" lon="114.0953725368124">
        <ele>2.309170520864427</ele>
        <time>1970-01-01T00:33:53.700000Z</time>
        <extensions>
          <gpxtpx:TrackPointExtension>
            <gpxtpx:hr>150</gpxtpx:hr>
          </gpxtpx:TrackPointExtension>
        </extensions>
      </trkpt>
      <trkpt lat="22.55009293715255" lon="114.09535188848456">
        <ele>2.1730222143232822</ele>
        <time>1970-01-01T00:33:54.700000Z</time>
        <extensions>
          <gpxtpx:TrackPointExtension>
            <gpxtpx:hr>150</gpxtpx:hr>
          </gpxtpx:TrackPointExtension>
        </extensions>
      </trkpt>
      <trkpt lat="22.550076353359497" lon="114.0953311339696">
        <ele>2.054781261831522</ele>
        <time>1970-01-01T00:33:55.700000Z</time>
        <extensions>
          <gpxtpx:TrackPointExtension>
            <gpxtpx:hr>150</gpxtpx:hr>
          </gpxtpx:TrackPointExtension>
        </extensions>
      </trkpt>
      <trkpt lat="22.550060334673713" lon="114.09530995183594">
        <ele>1.9690768150612712</ele>
        <time>1970-01-01T00:33:56.700000Z</time>
        <extensions>
          <gpxtpx:TrackPointExtension>
            <gpxtpx:hr>148</gpxtpx:hr>
          </gpxtpx:TrackPointExtension>
        </extensions>
      </trkpt>
      <trkpt lat="22.55004561858983" lon="114.09528807389131">
        <ele>1.9151028906926513</ele>
        <time>1970-01-01T00:33:57.700000Z</time>
        <extensions>
          <gpxtpx:TrackPointExtension>
            <gpxtpx:hr>148</gpxtpx:hr>
          </gpxtpx:TrackPointExtension>
        </extensions>
      </trkpt>
      <trkpt lat="22.550032207451192" lon="114.09526562033554">
        <ele>1.8813894465565681</ele>
        <time>1970-01-01T00:33:58.700000Z</time>
        <extensions>
          <gpxtpx:TrackPointExtension>
            <gpxtpx:hr>148</gpxtpx:hr>
          </gpxtpx:TrackPointExtension>
        </extensions>
      </trkpt>
      <trkpt lat="22.55001945977233" lon="114.09524302033704">
        <ele>1.8643667306751013</ele>
        <time>1970-01-01T00:33:59.700000Z</time>
        <extensions>
          <gpxtpx:TrackPointExtension>
            <gpxtpx:hr>148</gpxtpx:hr>
          </gpxtpx:TrackPointExtension>
        </extensions>
      </trkpt>
      <trkpt lat="22.550006373858878" lon="114.09522006984079">
        <ele>1.876244812272489</ele>
        <time>1970-01-01T00:34:00.700000Z</time>
        <extensions>
          <gpxtpx:TrackPointExtension>
            <gpxtpx:hr>148</gpxtpx:hr>
          </gpxtpx:TrackPointExtension>
        </extensions>
      </trkpt>
      <trkpt lat="22.549991886645106" lon="114.0951965781194">
        <ele>1.908640724606812</ele>
        <time>1970-01-01T00:34:01.700000Z</time>
        <extensions>
          <gpxtpx:TrackPointExtension>
            <gpxtpx:hr>149</gpxtpx:hr>
          </gpxtpx:TrackPointExtension>
        </extensions>
      </trkpt>
      <trkpt lat="22.549976260123962" lon="114.09517384355038">
        <ele>1.942953466437757</ele>
        <time>1970-01-01T00:34:02.700000Z</time>
        <extensions>
          <gpxtpx:TrackPointExtension>
            <gpxtpx:hr>149</gpxtpx:hr>
          </gpxtpx:TrackPointExtension>
        </extensions>
      </trkpt>
      <trkpt lat="22.54996012349912" lon="114.09515217608558">
        <ele>1.9758078726008534</ele>
        <time>1970-01-01T00:34:03.700000Z</time>
        <extensions>
          <gpxtpx:TrackPointExtension>
            <gpxtpx:hr>149</gpxtpx:hr>
          </gpxtpx:TrackPointExtension>
        </extensions>
      </trkpt>
      <trkpt lat="22.54994394540821" lon="114.09513111257611">
        <ele>2.0183885702863336</ele>
        <time>1970-01-01T00:34:04.700000Z</time>
        <extensions>
          <gpxtpx:TrackPointExtension>
            <gpxtpx:hr>149</gpxtpx:hr>
          </gpxtpx:TrackPointExtension>
        </extensions>
      </trkpt>
      <trkpt lat="22.54992785775252" lon="114.09510985800965">
        <ele>2.040282228961587</ele>
        <time>1970-01-01T00:34:05.700000Z</time>
        <extensions>
          <gpxtpx:TrackPointExtension>
            <gpxtpx:hr>149</gpxtpx:hr>
          </gpxtpx:TrackPointExtension>
        </extensions>
      </trkpt>
      <trkpt lat="22.54991181675183" lon="114.09508762565368">
        <ele>2.0769534707069397</ele>
        <time>1970-01-01T00:34:06.700000Z</time>
        <extensions>
          <gpxtpx:TrackPointExtension>
            <gpxtpx:hr>149</gpxtpx:hr>
          </gpxtpx:TrackPointExtension>
        </extensions>
      </trkpt>
      <trkpt lat="22.54989650187667" lon="114.09506478135991">
        <ele>2.131140287965536</ele>
        <time>1970-01-01T00:34:07.700000Z</time>
        <extensions>
          <gpxtpx:TrackPointExtension>
            <gpxtpx:hr>149</gpxtpx:hr>
          </gpxtpx:TrackPointExtension>
        </extensions>
      </trkpt>
      <trkpt lat="22.549882400752264" lon="114.09504157642934">
        <ele>2.1975467540323734</ele>
        <time>1970-01-01T00:34:08.700000Z</time>
        <extensions>
          <gpxtpx:TrackPointExtension>
            <gpxtpx:hr>149</gpxtpx:hr>
          </gpxtpx:TrackPointExtension>
        </extensions>
      </trkpt>
      <trkpt lat="22.54986911946074" lon="114.09501776188502">
        <ele>2.2984098689630628</ele>
        <time>1970-01-01T00:34:09.700000Z</time>
        <extensions>
          <gpxtpx:TrackPointExtension>
            <gpxtpx:hr>149</gpxtpx:hr>
          </gpxtpx:TrackPointExtension>
        </extensions>
      </trkpt>
      <trkpt lat="22.549855965727918" lon="114.09499312775161">
        <ele>2.446621533483267</ele>
        <time>1970-01-01T00:34:10.700000Z</time>
        <extensions>
          <gpxtpx:TrackPointExtension>
            <gpxtpx:hr>149</gpxtpx:hr>
          </gpxtpx:TrackPointExtension>
        </extensions>
      </trkpt>
      <trkpt lat="22.549842434691495" lon="114.09496910510126">
        <ele>2.61226097214967</ele>
        <time>1970-01-01T00:34:11.700000Z</time>
        <extensions>
          <gpxtpx:TrackPointExtension>
            <gpxtpx:hr>149</gpxtpx:hr>
          </gpxtpx:TrackPointExtension>
        </extensions>
      </trkpt>
      <trkpt lat="22.549828214307553" lon="114.09494734371793">
        <ele>2.7785259671509266</ele>
        <time>1970-01-01T00:34:12.700000Z</time>
        <extensions>
          <gpxtpx:TrackPointExtension>
            <gpxtpx:hr>151</gpxtpx:hr>
          </gpxtpx:TrackPointExtension>
        </extensions>
      </trkpt>
      <trkpt lat="22.549812499400574" lon="114.09492836267151">
        <ele>2.9140026131644845</ele>
        <time>1970-01-01T00:34:13.700000Z</time>
        <extensions>
          <gpxtpx:TrackPointExtension>
            <gpxtpx:hr>151</gpxtpx:hr>
          </gpxtpx:TrackPointExtension>
        </extensions>
      </trkpt>
      <trkpt lat="22.549793969575408" lon="114.09491316023383">
        <ele>3.026702022179961</ele>
        <time>1970-01-01T00:34:14.700000Z</time>
        <extensions>
          <gpxtpx:TrackPointExtension>
            <gpxtpx:hr>151</gpxtpx:hr>
          </gpxtpx:TrackPointExtension>
        </extensions>
      </trkpt>
      <trkpt lat="22.549772121731053" lon="114.09490288400563">
        <ele>3.1112890942022204</ele>
        <time>1970-01-01T00:34:15.700000Z</time>
        <extensions>
          <gpxtpx:TrackPointExtension>
            <gpxtpx:hr>151</gpxtpx:hr>
          </gpxtpx:TrackPointExtension>
        </extensions>
      </trkpt>
      <trkpt lat="22.54974765708605" lon="114.09489881808435">
        <ele>3.145469347946346</ele>
        <time>1970-01-01T00:34:16.700000Z</time>
        <extensions>
          <gpxtpx:TrackPointExtension>
            <gpxtpx:hr>151</gpxtpx:hr>
          </gpxtpx:TrackPointExtension>
        </extensions>
      </trkpt>
      <trkpt lat="22.549721467311457" lon="114.09490147517832">
        <ele>3.1581873800605536</ele>
        <time>1970-01-01T00:34:17.700000Z</time>
        <extensions>
          <gpxtpx:TrackPointExtension>
            <gpxtpx:hr>151</gpxtpx:hr>
          </gpxtpx:TrackPointExtension>
        </extensions>
      </trkpt>
      <trkpt lat="22.549695198350864" lon="114.0949099989139">
        <ele>3.182257341220975</ele>
        <time>1970-01-01T00:34:18.700000Z</time>
        <extensions>
          <gpxtpx:TrackPointExtension>
            <gpxtpx:hr>150</gpxtpx:hr>
          </gpxtpx:TrackPointExtension>
        </extensions>
      </trkpt>
      <trkpt lat="22.549671182486588" lon="114.09492329566777">
        <ele>3.2305084001272917</ele>
        <time>1970-01-01T00:34:19.700000Z</time>
        <extensions>
          <gpxtpx:TrackPointExtension>
            <gpxtpx:hr>150</gpxtpx:hr>
          </gpxtpx:TrackPointExtension>
        </extensions>
      </trkpt>
      <trkpt lat="22.549649909893983" lon="114.094939768649">
        <ele>3.3266306603327394</ele>
        <time>1970-01-01T00:34:20.700000Z</time>
        <extensions>
          <gpxtpx:TrackPointExtension>
            <gpxtpx:hr>150</gpxtpx:hr>
          </gpxtpx:TrackPointExtension>
        </extensions>
      </trkpt>
      <trkpt lat="22.549631117107605" lon="114.09495803427988">
        <ele>3.442222073674202</ele>
        <time>1970-01-01T00:34:21.700000Z</time>
        <extensions>
          <gpxtpx:TrackPointExtension>
            <gpxtpx:hr>150</gpxtpx:hr>
          </gpxtpx:TrackPointExtension>
        </extensions>
      </trkpt>
      <trkpt lat="22.549613623447318" lon="114.09497721632363">
        <ele>3.538309228606522</ele>
        <time>1970-01-01T00:34:22.700000Z</time>
        <extensions>
          <gpxtpx:TrackPointExtension>
            <gpxtpx:hr>150</gpxtpx:hr>
          </gpxtpx:TrackPointExtension>
        </extensions>
      </trkpt>
      <trkpt lat="22.549596093812948" lon="114.09499698300398">
        <ele>3.6182639747858047</ele>
        <time>1970-01-01T00:34:23.700000Z</time>
        <extensions>
          <gpxtpx:TrackPointExtension>
            <gpxtpx:hr>151</gpxtpx:hr>
          </gpxtpx:TrackPointExtension>
        </extensions>
      </trkpt>
      <trkpt lat="22.549578424389303" lon="114.09501735205863">
        <ele>3.717429361306131</ele>
        <time>1970-01-01T00:34:24.700000Z</time>
        <extensions>
          <gpxtpx:TrackPointExtension>
            <gpxtpx:hr>151</gpxtpx:hr>
          </gpxtpx:TrackPointExtension>
        </extensions>
      </trkpt>
      <trkpt lat="22.549560652438256" lon="114.09503795381033">
        <ele>3.7880872655659914</ele>
        <time>1970-01-01T00:34:25.700000Z</time>
        <extensions>
          <gpxtpx:TrackPointExtension>
            <gpxtpx:hr>151</gpxtpx:hr>
          </gpxtpx:TrackPointExtension>
        </extensions>
      </trkpt>
      <trkpt lat="22.54954239435984" lon="114.0950588093815">
        <ele>3.8468719255179167</ele>
        <time>1970-01-01T00:34:26.700000Z</time>
        <extensions>
          <gpxtpx:TrackPointExtension>
            <gpxtpx:hr>151</gpxtpx:hr>
          </gpxtpx:TrackPointExtension>
        </extensions>
      </trkpt>
      <trkpt lat="22.54952351029842" lon="114.09508067735399">
        <ele>3.8625410618260503</ele>
        <time>1970-01-01T00:34:27.700000Z</time>
        <extensions>
          <gpxtpx:TrackPointExtension>
            <gpxtpx:hr>151</gpxtpx:hr>
          </gpxtpx:TrackPointExtension>
        </extensions>
      </trkpt>
      <trkpt lat="22.549504543605202" lon="114.0951035388811">
        <ele>3.8582899626344442</ele>
        <time>1970-01-01T00:34:28.700000Z</time>
        <extensions>
          <gpxtpx:TrackPointExtension>
            <gpxtpx:hr>151</gpxtpx:hr>
          </gpxtpx:TrackPointExtension>
        </extensions>
      </trkpt>
      <trkpt lat="22.549485492967438" lon="114.09512650284101">
        <ele>3.8075216161087155</ele>
        <time>1970-01-01T00:34:29.700000Z</time>
        <extensions>
          <gpxtpx:TrackPointExtension>
            <gpxtpx:hr>151</gpxtpx:hr>
          </gpxtpx:TrackPointExtension>
        </extensions>
      </trkpt>
      <trkpt lat="22.54946499282821" lon="114.09514869087145">
        <ele>3.760795603506267</ele>
        <time>1970-01-01T00:34:30.700000Z</time>
        <extensions>
          <gpxtpx:TrackPointExtension>
            <gpxtpx:hr>151</gpxtpx:hr>
          </gpxtpx:TrackPointExtension>
        </extensions>
      </trkpt>
      <trkpt lat="22.549442165086337" lon="114.09516887013822">
        <ele>3.764882323332131</ele>
        <time>1970-01-01T00:34:31.700000Z</time>
        <extensions>
          <gpxtpx:TrackPointExtension>
            <gpxtpx:hr>151</gpxtpx:hr>
          </gpxtpx:TrackPointExtension>
        </extensions>
      </trkpt>
      <trkpt lat="22.549418046783373" lon="114.095186556806">
        <ele>3.770421763882041</ele>
        <time>1970-01-01T00:34:32.700000Z</time>
        <extensions>
          <gpxtpx:TrackPointExtension>
            <gpxtpx:hr>152</gpxtpx:hr>
          </gpxtpx:TrackPointExtension>
        </extensions>
      </trkpt>
      <trkpt lat="22.549394298955548" lon="114.09520181647144">
        <ele>3.7886011693626642</ele>
        <time>1970-01-01T00:34:33.700000Z</time>
        <extensions>
          <gpxtpx:TrackPointExtension>
            <gpxtpx:hr>152</gpxtpx:hr>
          </gpxtpx:TrackPointExtension>
        </extensions>
      </trkpt>
      <trkpt lat="22.549371679058044" lon="114.09521540178083">
        <ele>3.7960207955911756</ele>
        <time>1970-01-01T00:34:34.700000Z</time>
        <extensions>
          <gpxtpx:TrackPointExtension>
            <gpxtpx:hr>152</gpxtpx:hr>
          </gpxtpx:TrackPointExtension>
        </extensions>
      </trkpt>
      <trkpt lat="22.549350111636837" lon="114.09522878591518">
        <ele>3.781982311978936</ele>
        <time>1970-01-01T00:34:35.700000Z</time>
        <extensions>
          <gpxtpx:TrackPointExtension>
            <gpxtpx:hr>152</gpxtpx:hr>
          </gpxtpx:TrackPointExtension>
        </extensions>
      </trkpt>
      <trkpt lat="22.54932897878524" lon="114.09524279929389">
        <ele>3.731793884187937</ele>
        <time>1970-01-01T00:34:36.700000Z</time>
        <extensions>
          <gpxtpx:TrackPointExtension>
            <gpxtpx:hr>152</gpxtpx:hr>
          </gpxtpx:TrackPointExtension>
        </extensions>
      </trkpt>
      <trkpt lat="22.549307837037375" lon="114.09525741683817">
        <ele>3.6366189811378717</ele>
        <time>1970-01-01T00:34:37.700000Z</time>
        <extensions>
          <gpxtpx:TrackPointExtension>
            <gpxtpx:hr>152</gpxtpx:hr>
          </gpxtpx:TrackPointExtension>
        </extensions>
      </trkpt>
      <trkpt lat="22.549286406123116" lon="114.09527182481037">
        <ele>3.5331258848309517</ele>
        <time>1970-01-01T00:34:38.700000Z</time>
        <extensions>
          <gpxtpx:TrackPointExtension>
            <gpxtpx:hr>153</gpxtpx:hr>
          </gpxtpx:TrackPointExtension>
        </extensions>
      </trkpt>
      <trkpt lat="22.549264588607343" lon="114.09528510480501">
        <ele>3.442896021530032</ele>
        <time>1970-01-01T00:34:39.700000Z</time>
        <extensions>
          <gpxtpx:TrackPointExtension>
            <gpxtpx:hr>153</gpxtpx:hr>
          </gpxtpx:TrackPointExtension>
        </extensions>
      </trkpt>
      <trkpt lat="22.549242033824882" lon="114.09529782472642">
        <ele>3.357857985422015</ele>
        <time>1970-01-01T00:34:40.700000Z</time>
        <extensions>
          <gpxtpx:TrackPointExtension>
            <gpxtpx:hr>153</gpxtpx:hr>
          </gpxtpx:TrackPointExtension>
        </extensions>
      </trkpt>
      <trkpt lat="22.549218106795905" lon="114.09531106460564">
        <ele>3.3035116428509355</ele>
        <time>1970-01-01T00:34:41.700000Z</time>
        <extensions>
          <gpxtpx:TrackPointExtension>
            <gpxtpx:hr>153</gpxtpx:hr>
          </gpxtpx:TrackPointExtension>
        </extensions>
      </trkpt>
      <trkpt lat="22.549193673541975" lon="114.09532553958525">
        <ele>3.2748303012922406</ele>
        <time>1970-01-01T00:34:42.700000Z</time>
        <extensions>
          <gpxtpx:TrackPointExtension>
            <gpxtpx:hr>153</gpxtpx:hr>
          </gpxtpx:TrackPointExtension>
        </extensions>
      </trkpt>
      <trkpt lat="22.54916967253702" lon="114.09534165870134">
        <ele>3.273416551761329</ele>
        <time>1970-01-01T00:34:43.700000Z</time>
        <extensions>
          <gpxtpx:TrackPointExtension>
            <gpxtpx:hr>153</gpxtpx:hr>
          </gpxtpx:TrackPointExtension>
        </extensions>
      </trkpt>
      <trkpt lat="22.549146439944984" lon="114.09535873142511">
        <ele>3.2937311800196767</ele>
        <time>1970-01-01T00:34:44.700000Z</time>
        <extensions>
          <gpxtpx:TrackPointExtension>
            <gpxtpx:hr>153</gpxtpx:hr>
          </gpxtpx:TrackPointExtension>
        </extensions>
      </trkpt>
      <trkpt lat="22.549124699607052" lon="114.09537574054953">
        <ele>3.3305364260450006</ele>
        <time>1970-01-01T00:34:45.700000Z</time>
        <extensions>
          <gpxtpx:TrackPointExtension>
            <gpxtpx:hr>154</gpxtpx:hr>
          </gpxtpx:TrackPointExtension>
        </extensions>
      </trkpt>
      <trkpt lat="22.549104423270517" lon="114.09539189802574">
        <ele>3.3584584249183536</ele>
        <time>1970-01-01T00:34:46.700000Z</time>
        <extensions>
          <gpxtpx:TrackPointExtension>
            <gpxtpx:hr>154</gpxtpx:hr>
          </gpxtpx:TrackPointExtension>
        </extensions>
      </trkpt>
      <trkpt lat="22.5490848877966" lon="114.09540717777186">
        <ele>3.346852389164269</ele>
        <time>1970-01-01T00:34:47.700000Z</time>
        <extensions>
          <gpxtpx:TrackPointExtension>
            <gpxtpx:hr>154</gpxtpx:hr>
          </gpxtpx:TrackPointExtension>
        </extensions>
      </trkpt>
      <trkpt lat="22.5490647073617" lon="114.09542198031995">
        <ele>3.310372842475772</ele>
        <time>1970-01-01T00:34:48.700000Z</time>
        <extensions>
          <gpxtpx:TrackPointExtension>
            <gpxtpx:hr>154</gpxtpx:hr>
          </gpxtpx:TrackPointExtension>
        </extensions>
      </trkpt>
      <trkpt lat="22.549043396335016" lon="114.09543670832431">
        <ele>3.299284877255559</ele>
        <time>1970-01-01T00:34:49.700000Z</time>
        <extensions>
          <gpxtpx:TrackPointExtension>
            <gpxtpx:hr>154</gpxtpx:hr>
          </gpxtpx:TrackPointExtension>
        </extensions>
      </trkpt>
      <trkpt lat="22.54902196501372" lon="114.0954515987642">
        <ele>3.2990368669852614</ele>
        <time>1970-01-01T00:34:50.700000Z</time>
        <extensions>
          <gpxtpx:TrackPointExtension>
            <gpxtpx:hr>154</gpxtpx:hr>
          </gpxtpx:TrackPointExtension>
        </extensions>
      </trkpt>
      <trkpt lat="22.549000552114506" lon="114.09546733593407">
        <ele>3.2590200332924724</ele>
        <time>1970-01-01T00:34:51.700000Z</time>
        <extensions>
          <gpxtpx:TrackPointExtension>
            <gpxtpx:hr>154</gpxtpx:hr>
          </gpxtpx:TrackPointExtension>
        </extensions>
      </trkpt>
      <trkpt lat="22.548977815676285" lon="114.09548463883861">
        <ele>3.1768391504883766</ele>
        <time>1970-01-01T00:34:52.700000Z</time>
        <extensions>
          <gpxtpx:TrackPointExtension>
            <gpxtpx:hr>154</gpxtpx:hr>
          </gpxtpx:TrackPointExtension>
        </extensions>
      </trkpt>
      <trkpt lat="22.54895268388408" lon="114.0955025221013">
        <ele>3.058376860804856</ele>
        <time>1970-01-01T00:34:53.700000Z</time>
        <extensions>
          <gpxtpx:TrackPointExtension>
            <gpxtpx:hr>154</gpxtpx:hr>
          </gpxtpx:TrackPointExtension>
        </extensions>
      </trkpt>
      <trkpt lat="22.54892543382429" lon="114.09551888240647">
        <ele>2.8745164973661304</ele>
        <time>1970-01-01T00:34:54.700000Z</time>
        <extensions>
          <gpxtpx:TrackPointExtension>
            <gpxtpx:hr>154</gpxtpx:hr>
          </gpxtpx:TrackPointExtension>
        </extensions>
      </trkpt>
      <trkpt lat="22.54889803640654" lon="114.09553256402695">
        <ele>2.6161690643057227</ele>
        <time>1970-01-01T00:34:55.700000Z</time>
        <extensions>
          <gpxtpx:TrackPointExtension>
            <gpxtpx:hr>154</gpxtpx:hr>
          </gpxtpx:TrackPointExtension>
        </extensions>
      </trkpt>
      <trkpt lat="22.548872773631118" lon="114.09554496383585">
        <ele>2.406584116630256</ele>
        <time>1970-01-01T00:34:56.700000Z</time>
        <extensions>
          <gpxtpx:TrackPointExtension>
            <gpxtpx:hr>154</gpxtpx:hr>
          </gpxtpx:TrackPointExtension>
        </extensions>
      </trkpt>
      <trkpt lat="22.548853558881778" lon="114.09555668815301">
        <ele>2.1462177876383066</ele>
        <time>1970-01-01T00:34:57.700000Z</time>
        <extensions>
          <gpxtpx:TrackPointExtension>
            <gpxtpx:hr>155</gpxtpx:hr>
          </gpxtpx:TrackPointExtension>
        </extensions>
      </trkpt>
      <trkpt lat="22.548842145214643" lon="114.09556724921299">
        <ele>1.826279823668301</ele>
        <time>1970-01-01T00:34:58.700000Z</time>
        <extensions>
          <gpxtpx:TrackPointExtension>
            <gpxtpx:hr>155</gpxtpx:hr>
          </gpxtpx:TrackPointExtension>
        </extensions>
      </trkpt>
      <trkpt lat="22.54883558970464" lon="114.09557583217327">
        <ele>1.4654333340004086</ele>
        <time>1970-01-01T00:34:59.700000Z</time>
        <extensions>
          <gpxtpx:TrackPointExtension>
            <gpxtpx:hr>155</gpxtpx:hr>
          </gpxtpx:TrackPointExtension>
        </extensions>
      </trkpt>
      <trkpt lat="22.54883025363958" lon="114.09558234859333">
        <ele>1.1288305707275867</ele>
        <time>1970-01-01T00:35:00.700000Z</time>
        <extensions>
          <gpxtpx:TrackPointExtension>
            <gpxtpx:hr>155</gpxtpx:hr>
          </gpxtpx:TrackPointExtension>
        </extensions>
      </trkpt>
      <trkpt lat="22.548824211641573" lon="114.09558875235821">
        <ele>0.7766233459115028</ele>
        <time>1970-01-01T00:35:01.700000Z</time>
        <extensions>
          <gpxtpx:TrackPointExtension>
            <gpxtpx:hr>155</gpxtpx:hr>
          </gpxtpx:TrackPointExtension>
        </extensions>
      </trkpt>
      <trkpt lat="22.54881714563214" lon="114.09559661087448">
        <ele>0.4765598252415657</ele>
        <time>1970-01-01T00:35:02.700000Z</time>
        <extensions>
          <gpxtpx:TrackPointExtension>
            <gpxtpx:hr>155</gpxtpx:hr>
          </gpxtpx:TrackPointExtension>
        </extensions>
      </trkpt>
      <trkpt lat="22.548809513825724" lon="114.09560544384048">
        <ele>0.23579378984868526</ele>
        <time>1970-01-01T00:35:03.700000Z</time>
        <extensions>
          <gpxtpx:TrackPointExtension>
            <gpxtpx:hr>155</gpxtpx:hr>
          </gpxtpx:TrackPointExtension>
        </extensions>
      </trkpt>
      <trkpt lat="22.548801849632554" lon="114.09561372064499">
        <ele>0.03384310752153398</ele>
        <time>1970-01-01T00:35:04.700000Z</time>
        <extensions>
          <gpxtpx:TrackPointExtension>
            <gpxtpx:hr>155</gpxtpx:hr>
          </gpxtpx:TrackPointExtension>
        </extensions>
      </trkpt>
      <trkpt lat="22.548793826778052" lon="114.09562137477646">
        <ele>-0.10446738079190254</ele>
        <time>1970-01-01T00:35:05.700000Z</time>
        <extensions>
          <gpxtpx:TrackPointExtension>
            <gpxtpx:hr>155</gpxtpx:hr>
          </gpxtpx:TrackPointExtension>
        </extensions>
      </trkpt>
      <trkpt lat="22.54878493647446" lon="114.09562871968534">
        <ele>-0.2143414570018649</ele>
        <time>1970-01-01T00:35:06.700000Z</time>
        <extensions>
          <gpxtpx:TrackPointExtension>
            <gpxtpx:hr>155</gpxtpx:hr>
          </gpxtpx:TrackPointExtension>
        </extensions>
      </trkpt>
      <trkpt lat="22.548774570484287" lon="114.09563570856952">
        <ele>-0.33783671725541353</ele>
        <time>1970-01-01T00:35:07.700000Z</time>
        <extensions>
          <gpxtpx:TrackPointExtension>
            <gpxtpx:hr>155</gpxtpx:hr>
          </gpxtpx:TrackPointExtension>
        </extensions>
      </trkpt>
      <trkpt lat="22.548761579216528" lon="114.0956430437204">
        <ele>-0.41137720271945</ele>
        <time>1970-01-01T00:35:08.700000Z</time>
        <extensions>
          <gpxtpx:TrackPointExtension>
            <gpxtpx:hr>155</gpxtpx:hr>
          </gpxtpx:TrackPointExtension>
        </extensions>
      </trkpt>
      <trkpt lat="22.548743737740093" lon="114.09565165363377">
        <ele>-0.4530009403824806</ele>
        <time>1970-01-01T00:35:09.700000Z</time>
        <extensions>
          <gpxtpx:TrackPointExtension>
            <gpxtpx:hr>155</gpxtpx:hr>
          </gpxtpx:TrackPointExtension>
        </extensions>
      </trkpt>
      <trkpt lat="22.548721131945225" lon="114.09566263777147">
        <ele>-0.4609669102355838</ele>
        <time>1970-01-01T00:35:10.700000Z</time>
        <extensions>
          <gpxtpx:TrackPointExtension>
            <gpxtpx:hr>155</gpxtpx:hr>
          </gpxtpx:TrackPointExtension>
        </extensions>
      </trkpt>
      <trkpt lat="22.548697833114446" lon="114.09567566033846">
        <ele>-0.44445824809372425</ele>
        <time>1970-01-01T00:35:11.700000Z</time>
        <extensions>
          <gpxtpx:TrackPointExtension>
            <gpxtpx:hr>155</gpxtpx:hr>
          </gpxtpx:TrackPointExtension>
        </extensions>
      </trkpt>
      <trkpt lat="22.548676985404217" lon="114.09568937593954">
        <ele>-0.35995519533753395</ele>
        <time>1970-01-01T00:35:12.700000Z</time>
        <extensions>
          <gpxtpx:TrackPointExtension>
            <gpxtpx:hr>156</gpxtpx:hr>
          </gpxtpx:TrackPointExtension>
        </extensions>
      </trkpt>
      <trkpt lat="22.548657807627357" lon="114.09570292964708">
        <ele>-0.252557598054409</ele>
        <time>1970-01-01T00:35:13.700000Z</time>
        <extensions>
          <gpxtpx:TrackPointExtension>
            <gpxtpx:hr>156</gpxtpx:hr>
          </gpxtpx:TrackPointExtension>
        </extensions>
      </trkpt>
      <trkpt lat="22.548637147052954" lon="114.09571549959647">
        <ele>-0.14082528837025166</ele>
        <time>1970-01-01T00:35:14.700000Z</time>
        <extensions>
          <gpxtpx:TrackPointExtension>
            <gpxtpx:hr>156</gpxtpx:hr>
          </gpxtpx:TrackPointExtension>
        </extensions>
      </trkpt>
      <trkpt lat="22.548613551270517" lon="114.09572635503974">
        <ele>0.0404283683747053</ele>
        <time>1970-01-01T00:35:15.700000Z</time>
        <extensions>
          <gpxtpx:TrackPointExtension>
            <gpxtpx:hr>156</gpxtpx:hr>
          </gpxtpx:TrackPointExtension>
        </extensions>
      </trkpt>
      <trkpt lat="22.548587242858392" lon="114.09573551585999">
        <ele>0.22925433795899153</ele>
        <time>1970-01-01T00:35:16.700000Z</time>
        <extensions>
          <gpxtpx:TrackPointExtension>
            <gpxtpx:hr>156</gpxtpx:hr>
          </gpxtpx:TrackPointExtension>
        </extensions>
      </trkpt>
      <trkpt lat="22.548558589665074" lon="114.09574317865835">
        <ele>0.4080557134002447</ele>
        <time>1970-01-01T00:35:17.700000Z</time>
        <extensions>
          <gpxtpx:TrackPointExtension>
            <gpxtpx:hr>156</gpxtpx:hr>
          </gpxtpx:TrackPointExtension>
        </extensions>
      </trkpt>
      <trkpt lat="22.548528703379795" lon="114.09574825165816">
        <ele>0.5866643292829394</ele>
        <time>1970-01-01T00:35:18.700000Z</time>
        <extensions>
          <gpxtpx:TrackPointExtension>
            <gpxtpx:hr>156</gpxtpx:hr>
          </gpxtpx:TrackPointExtension>
        </extensions>
      </trkpt>
      <trkpt lat="22.548499730463405" lon="114.09575062456452">
        <ele>0.7897902391850948</ele>
        <time>1970-01-01T00:35:19.700000Z</time>
        <extensions>
          <gpxtpx:TrackPointExtension>
            <gpxtpx:hr>156</gpxtpx:hr>
          </gpxtpx:TrackPointExtension>
        </extensions>
      </trkpt>
      <trkpt lat="22.548472921229457" lon="114.09575211775726">
        <ele>1.0016500325873494</ele>
        <time>1970-01-01T00:35:20.700000Z</time>
        <extensions>
          <gpxtpx:TrackPointExtension>
            <gpxtpx:hr>156</gpxtpx:hr>
          </gpxtpx:TrackPointExtension>
        </extensions>
      </trkpt>
      <trkpt lat="22.548447727553924" lon="114.09575485146166">
        <ele>1.1852344535291195</ele>
        <time>1970-01-01T00:35:21.700000Z</time>
        <extensions>
          <gpxtpx:TrackPointExtension>
            <gpxtpx:hr>156</gpxtpx:hr>
          </gpxtpx:TrackPointExtension>
        </extensions>
      </trkpt>
      <trkpt lat="22.548423095191044" lon="114.09576048585794">
        <ele>1.3872735807672143</ele>
        <time>1970-01-01T00:35:22.700000Z</time>
        <extensions>
          <gpxtpx:TrackPointExtension>
            <gpxtpx:hr>152</gpxtpx:hr>
          </gpxtpx:TrackPointExtension>
        </extensions>
      </trkpt>
      <trkpt lat="22.54839851236656" lon="114.09576926239086">
        <ele>1.6403036713600159</ele>
        <time>1970-01-01T00:35:23.700000Z</time>
        <extensions>
          <gpxtpx:TrackPointExtension>
            <gpxtpx:hr>152</gpxtpx:hr>
          </gpxtpx:TrackPointExtension>
        </extensions>
      </trkpt>
      <trkpt lat="22.548374362870707" lon="114.0957803712374">
        <ele>1.9038206217810512</ele>
        <time>1970-01-01T00:35:24.700000Z</time>
        <extensions>
          <gpxtpx:TrackPointExtension>
            <gpxtpx:hr>152</gpxtpx:hr>
          </gpxtpx:TrackPointExtension>
        </extensions>
      </trkpt>
      <trkpt lat="22.548350782895653" lon="114.0957931740094">
        <ele>2.10121591668576</ele>
        <time>1970-01-01T00:35:25.700000Z</time>
        <extensions>
          <gpxtpx:TrackPointExtension>
            <gpxtpx:hr>152</gpxtpx:hr>
          </gpxtpx:TrackPointExtension>
        </extensions>
      </trkpt>
      <trkpt lat="22.548328135231028" lon="114.0958071572165">
        <ele>2.270164337940514</ele>
        <time>1970-01-01T00:35:26.700000Z</time>
        <extensions>
          <gpxtpx:TrackPointExtension>
            <gpxtpx:hr>152</gpxtpx:hr>
          </gpxtpx:TrackPointExtension>
        </extensions>
      </trkpt>
      <trkpt lat="22.548305868580677" lon="114.09582239891522">
        <ele>2.436149701476097</ele>
        <time>1970-01-01T00:35:27.700000Z</time>
        <extensions>
          <gpxtpx:TrackPointExtension>
            <gpxtpx:hr>153</gpxtpx:hr>
          </gpxtpx:TrackPointExtension>
        </extensions>
      </trkpt>
      <trkpt lat="22.548284010752933" lon="114.09583857653264">
        <ele>2.602659343741834</ele>
        <time>1970-01-01T00:35:28.700000Z</time>
        <extensions>
          <gpxtpx:TrackPointExtension>
            <gpxtpx:hr>153</gpxtpx:hr>
          </gpxtpx:TrackPointExtension>
        </extensions>
      </trkpt>
      <trkpt lat="22.54826310020845" lon="114.09585486506259">
        <ele>2.7386233806610107</ele>
        <time>1970-01-01T00:35:29.700000Z</time>
        <extensions>
          <gpxtpx:TrackPointExtension>
            <gpxtpx:hr>153</gpxtpx:hr>
          </gpxtpx:TrackPointExtension>
        </extensions>
      </trkpt>
      <trkpt lat="22.548243203430985" lon="114.09587100331656">
        <ele>2.818409520201385</ele>
        <time>1970-01-01T00:35:30.700000Z</time>
        <extensions>
          <gpxtpx:TrackPointExtension>
            <gpxtpx:hr>153</gpxtpx:hr>
          </gpxtpx:TrackPointExtension>
        </extensions>
      </trkpt>
      <trkpt lat="22.54822441744778" lon="114.09588692460873">
        <ele>2.8569774590432644</ele>
        <time>1970-01-01T00:35:31.700000Z</time>
        <extensions>
          <gpxtpx:TrackPointExtension>
            <gpxtpx:hr>153</gpxtpx:hr>
          </gpxtpx:TrackPointExtension>
        </extensions>
      </trkpt>
      <trkpt lat="22.548206111717203" lon="114.09590276412528">
        <ele>2.9165537916123867</ele>
        <time>1970-01-01T00:35:32.700000Z</time>
        <extensions>
          <gpxtpx:TrackPointExtension>
            <gpxtpx:hr>153</gpxtpx:hr>
          </gpxtpx:TrackPointExtension>
        </extensions>
      </trkpt>
      <trkpt lat="22.548187566073622" lon="114.09591966746366">
        <ele>3.009781182743609</ele>
        <time>1970-01-01T00:35:33.700000Z</time>
        <extensions>
          <gpxtpx:TrackPointExtension>
            <gpxtpx:hr>154</gpxtpx:hr>
          </gpxtpx:TrackPointExtension>
        </extensions>
      </trkpt>
      <trkpt lat="22.54816898264456" lon="114.09593824139387">
        <ele>3.0848917393013835</ele>
        <time>1970-01-01T00:35:34.700000Z</time>
        <extensions>
          <gpxtpx:TrackPointExtension>
            <gpxtpx:hr>154</gpxtpx:hr>
          </gpxtpx:TrackPointExtension>
        </extensions>
      </trkpt>
      <trkpt lat="22.54815109725507" lon="114.09595739093166">
        <ele>3.0873296288773417</ele>
        <time>1970-01-01T00:35:35.700000Z</time>
        <extensions>
          <gpxtpx:TrackPointExtension>
            <gpxtpx:hr>154</gpxtpx:hr>
          </gpxtpx:TrackPointExtension>
        </extensions>
      </trkpt>
      <trkpt lat="22.5481337639684" lon="114.09597552366846">
        <ele>3.0321092139929533</ele>
        <time>1970-01-01T00:35:36.700000Z</time>
        <extensions>
          <gpxtpx:TrackPointExtension>
            <gpxtpx:hr>155</gpxtpx:hr>
          </gpxtpx:TrackPointExtension>
        </extensions>
      </trkpt>
      <trkpt lat="22.548114993226758" lon="114.09599204820788">
        <ele>3.0229238383471966</ele>
        <time>1970-01-01T00:35:37.700000Z</time>
        <extensions>
          <gpxtpx:TrackPointExtension>
            <gpxtpx:hr>155</gpxtpx:hr>
          </gpxtpx:TrackPointExtension>
        </extensions>
      </trkpt>
      <trkpt lat="22.54809338993857" lon="114.0960066143629">
        <ele>3.059895597398281</ele>
        <time>1970-01-01T00:35:38.700000Z</time>
        <extensions>
          <gpxtpx:TrackPointExtension>
            <gpxtpx:hr>155</gpxtpx:hr>
          </gpxtpx:TrackPointExtension>
        </extensions>
      </trkpt>
      <trkpt lat="22.54806934566142" lon="114.09601833411242">
        <ele>3.0773998703807592</ele>
        <time>1970-01-01T00:35:39.700000Z</time>
        <extensions>
          <gpxtpx:TrackPointExtension>
            <gpxtpx:hr>155</gpxtpx:hr>
          </gpxtpx:TrackPointExtension>
        </extensions>
      </trkpt>
      <trkpt lat="22.548044943702404" lon="114.09602797903625">
        <ele>3.077347295358777</ele>
        <time>1970-01-01T00:35:40.700000Z</time>
        <extensions>
          <gpxtpx:TrackPointExtension>
            <gpxtpx:hr>155</gpxtpx:hr>
          </gpxtpx:TrackPointExtension>
        </extensions>
      </trkpt>
      <trkpt lat="22.54802109609841" lon="114.0960376061878">
        <ele>3.10790410079062</ele>
        <time>1970-01-01T00:35:41.700000Z</time>
        <extensions>
          <gpxtpx:TrackPointExtension>
            <gpxtpx:hr>156</gpxtpx:hr>
          </gpxtpx:TrackPointExtension>
        </extensions>
      </trkpt>
      <trkpt lat="22.547997675232995" lon="114.09604761528254">
        <ele>3.1278659887611866</ele>
        <time>1970-01-01T00:35:42.700000Z</time>
        <extensions>
          <gpxtpx:TrackPointExtension>
            <gpxtpx:hr>156</gpxtpx:hr>
          </gpxtpx:TrackPointExtension>
        </extensions>
      </trkpt>
      <trkpt lat="22.5479757142093" lon="114.09605684136298">
        <ele>3.129257352091372</ele>
        <time>1970-01-01T00:35:43.700000Z</time>
        <extensions>
          <gpxtpx:TrackPointExtension>
            <gpxtpx:hr>156</gpxtpx:hr>
          </gpxtpx:TrackPointExtension>
        </extensions>
      </trkpt>
      <trkpt lat="22.54795504047164" lon="114.09606524684358">
        <ele>3.1445490391924977</ele>
        <time>1970-01-01T00:35:44.700000Z</time>
        <extensions>
          <gpxtpx:TrackPointExtension>
            <gpxtpx:hr>156</gpxtpx:hr>
          </gpxtpx:TrackPointExtension>
        </extensions>
      </trkpt>
      <trkpt lat="22.54793424793164" lon="114.09607372781582">
        <ele>3.179744290187955</ele>
        <time>1970-01-01T00:35:45.700000Z</time>
        <extensions>
          <gpxtpx:TrackPointExtension>
            <gpxtpx:hr>156</gpxtpx:hr>
          </gpxtpx:TrackPointExtension>
        </extensions>
      </trkpt>
      <trkpt lat="22.54791141401123" lon="114.09608283023054">
        <ele>3.243138221092522</ele>
        <time>1970-01-01T00:35:46.700000Z</time>
        <extensions>
          <gpxtpx:TrackPointExtension>
            <gpxtpx:hr>156</gpxtpx:hr>
          </gpxtpx:TrackPointExtension>
        </extensions>
      </trkpt>
      <trkpt lat="22.54788562693087" lon="114.09609267677965">
        <ele>3.34036894608289</ele>
        <time>1970-01-01T00:35:47.700000Z</time>
        <extensions>
          <gpxtpx:TrackPointExtension>
            <gpxtpx:hr>156</gpxtpx:hr>
          </gpxtpx:TrackPointExtension>
        </extensions>
      </trkpt>
      <trkpt lat="22.54785870011607" lon="114.09610262093422">
        <ele>3.425082297064364</ele>
        <time>1970-01-01T00:35:48.700000Z</time>
        <extensions>
          <gpxtpx:TrackPointExtension>
            <gpxtpx:hr>156</gpxtpx:hr>
          </gpxtpx:TrackPointExtension>
        </extensions>
      </trkpt>
      <trkpt lat="22.54783286958087" lon="114.09611210552261">
        <ele>3.5021618315950036</ele>
        <time>1970-01-01T00:35:49.700000Z</time>
        <extensions>
          <gpxtpx:TrackPointExtension>
            <gpxtpx:hr>156</gpxtpx:hr>
          </gpxtpx:TrackPointExtension>
        </extensions>
      </trkpt>
      <trkpt lat="22.547808899587118" lon="114.09612148432029">
        <ele>3.602850992232561</ele>
        <time>1970-01-01T00:35:50.700000Z</time>
        <extensions>
          <gpxtpx:TrackPointExtension>
            <gpxtpx:hr>156</gpxtpx:hr>
          </gpxtpx:TrackPointExtension>
        </extensions>
      </trkpt>
      <trkpt lat="22.54778595728259" lon="114.09613108469416">
        <ele>3.6838633324950933</ele>
        <time>1970-01-01T00:35:51.700000Z</time>
        <extensions>
          <gpxtpx:TrackPointExtension>
            <gpxtpx:hr>156</gpxtpx:hr>
          </gpxtpx:TrackPointExtension>
        </extensions>
      </trkpt>
      <trkpt lat="22.547763316954512" lon="114.09614067310447">
        <ele>3.7365563679486513</ele>
        <time>1970-01-01T00:35:52.700000Z</time>
        <extensions>
          <gpxtpx:TrackPointExtension>
            <gpxtpx:hr>156</gpxtpx:hr>
          </gpxtpx:TrackPointExtension>
        </extensions>
      </trkpt>
      <trkpt lat="22.547740916133602" lon="114.09614990755742">
        <ele>3.7580514838919044</ele>
        <time>1970-01-01T00:35:53.700000Z</time>
        <extensions>
          <gpxtpx:TrackPointExtension>
            <gpxtpx:hr>156</gpxtpx:hr>
          </gpxtpx:TrackPointExtension>
        </extensions>
      </trkpt>
      <trkpt lat="22.547718594911654" lon="114.09615933621046">
        <ele>3.775139305740595</ele>
        <time>1970-01-01T00:35:54.700000Z</time>
        <extensions>
          <gpxtpx:TrackPointExtension>
            <gpxtpx:hr>156</gpxtpx:hr>
          </gpxtpx:TrackPointExtension>
        </extensions>
      </trkpt>
      <trkpt lat="22.54769657635128" lon="114.09616906490507">
        <ele>3.7725397245958447</ele>
        <time>1970-01-01T00:35:55.700000Z</time>
        <extensions>
          <gpxtpx:TrackPointExtension>
            <gpxtpx:hr>156</gpxtpx:hr>
          </gpxtpx:TrackPointExtension>
        </extensions>
      </trkpt>
      <trkpt lat="22.547675299393934" lon="114.09617842153482">
        <ele>3.755322783254087</ele>
        <time>1970-01-01T00:35:56.700000Z</time>
        <extensions>
          <gpxtpx:TrackPointExtension>
            <gpxtpx:hr>156</gpxtpx:hr>
          </gpxtpx:TrackPointExtension>
        </extensions>
      </trkpt>
      <trkpt lat="22.547654478681405" lon="114.09618763336402">
        <ele>3.690716365352273</ele>
        <time>1970-01-01T00:35:57.700000Z</time>
        <extensions>
          <gpxtpx:TrackPointExtension>
            <gpxtpx:hr>156</gpxtpx:hr>
          </gpxtpx:TrackPointExtension>
        </extensions>
      </trkpt>
      <trkpt lat="22.547633515928784" lon="114.09619729936335">
        <ele>3.5486530140042305</ele>
        <time>1970-01-01T00:35:58.700000Z</time>
        <extensions>
          <gpxtpx:TrackPointExtension>
            <gpxtpx:hr>156</gpxtpx:hr>
          </gpxtpx:TrackPointExtension>
        </extensions>
      </trkpt>
      <trkpt lat="22.547612319164173" lon="114.09620799093504">
        <ele>3.364803505130112</ele>
        <time>1970-01-01T00:35:59.700000Z</time>
        <extensions>
          <gpxtpx:TrackPointExtension>
            <gpxtpx:hr>156</gpxtpx:hr>
          </gpxtpx:TrackPointExtension>
        </extensions>
      </trkpt>
      <trkpt lat="22.54759076629676" lon="114.09621934963381">
        <ele>3.162326314486563</ele>
        <time>1970-01-01T00:36:00.700000Z</time>
        <extensions>
          <gpxtpx:TrackPointExtension>
            <gpxtpx:hr>156</gpxtpx:hr>
          </gpxtpx:TrackPointExtension>
        </extensions>
      </trkpt>
      <trkpt lat="22.54756821818368" lon="114.0962306880206">
        <ele>2.950912978500128</ele>
        <time>1970-01-01T00:36:01.700000Z</time>
        <extensions>
          <gpxtpx:TrackPointExtension>
            <gpxtpx:hr>157</gpxtpx:hr>
          </gpxtpx:TrackPointExtension>
        </extensions>
      </trkpt>
      <trkpt lat="22.547544746862958" lon="114.09624225037811">
        <ele>2.7723852964118123</ele>
        <time>1970-01-01T00:36:02.700000Z</time>
        <extensions>
          <gpxtpx:TrackPointExtension>
            <gpxtpx:hr>157</gpxtpx:hr>
          </gpxtpx:TrackPointExtension>
        </extensions>
      </trkpt>
      <trkpt lat="22.547520895561444" lon="114.09625442100342">
        <ele>2.6126284385100007</ele>
        <time>1970-01-01T00:36:03.700000Z</time>
        <extensions>
          <gpxtpx:TrackPointExtension>
            <gpxtpx:hr>157</gpxtpx:hr>
          </gpxtpx:TrackPointExtension>
        </extensions>
      </trkpt>
      <trkpt lat="22.54749718806112" lon="114.09626779684137">
        <ele>2.4473367743194103</ele>
        <time>1970-01-01T00:36:04.700000Z</time>
        <extensions>
          <gpxtpx:TrackPointExtension>
            <gpxtpx:hr>157</gpxtpx:hr>
          </gpxtpx:TrackPointExtension>
        </extensions>
      </trkpt>
      <trkpt lat="22.547473593328625" lon="114.09628208722549">
        <ele>2.3646290684118867</ele>
        <time>1970-01-01T00:36:05.700000Z</time>
        <extensions>
          <gpxtpx:TrackPointExtension>
            <gpxtpx:hr>157</gpxtpx:hr>
          </gpxtpx:TrackPointExtension>
        </extensions>
      </trkpt>
      <trkpt lat="22.54745053969521" lon="114.09629590928317">
        <ele>2.3136044209823012</ele>
        <time>1970-01-01T00:36:06.700000Z</time>
        <extensions>
          <gpxtpx:TrackPointExtension>
            <gpxtpx:hr>157</gpxtpx:hr>
          </gpxtpx:TrackPointExtension>
        </extensions>
      </trkpt>
      <trkpt lat="22.547428483053764" lon="114.09630792789189">
        <ele>2.247529400512576</ele>
        <time>1970-01-01T00:36:07.700000Z</time>
        <extensions>
          <gpxtpx:TrackPointExtension>
            <gpxtpx:hr>157</gpxtpx:hr>
          </gpxtpx:TrackPointExtension>
        </extensions>
      </trkpt>
      <trkpt lat="22.54740677718791" lon="114.0963174892683">
        <ele>2.2445735475048423</ele>
        <time>1970-01-01T00:36:08.700000Z</time>
        <extensions>
          <gpxtpx:TrackPointExtension>
            <gpxtpx:hr>157</gpxtpx:hr>
          </gpxtpx:TrackPointExtension>
        </extensions>
      </trkpt>
      <trkpt lat="22.547384142667916" lon="114.09632526560172">
        <ele>2.2959608351811767</ele>
        <time>1970-01-01T00:36:09.700000Z</time>
        <extensions>
          <gpxtpx:TrackPointExtension>
            <gpxtpx:hr>157</gpxtpx:hr>
          </gpxtpx:TrackPointExtension>
        </extensions>
      </trkpt>
      <trkpt lat="22.547359709079227" lon="114.09633214009874">
        <ele>2.3836702071130276</ele>
        <time>1970-01-01T00:36:10.700000Z</time>
        <extensions>
          <gpxtpx:TrackPointExtension>
            <gpxtpx:hr>157</gpxtpx:hr>
          </gpxtpx:TrackPointExtension>
        </extensions>
      </trkpt>
      <trkpt lat="22.54733347620061" lon="114.09633928858324">
        <ele>2.494258737191558</ele>
        <time>1970-01-01T00:36:11.700000Z</time>
        <extensions>
          <gpxtpx:TrackPointExtension>
            <gpxtpx:hr>157</gpxtpx:hr>
          </gpxtpx:TrackPointExtension>
        </extensions>
      </trkpt>
      <trkpt lat="22.547305420160086" lon="114.09634750471105">
        <ele>2.629842519760132</ele>
        <time>1970-01-01T00:36:12.700000Z</time>
        <extensions>
          <gpxtpx:TrackPointExtension>
            <gpxtpx:hr>157</gpxtpx:hr>
          </gpxtpx:TrackPointExtension>
        </extensions>
      </trkpt>
      <trkpt lat="22.547276485650844" lon="114.09635578754322">
        <ele>2.8140802616253495</ele>
        <time>1970-01-01T00:36:13.700000Z</time>
        <extensions>
          <gpxtpx:TrackPointExtension>
            <gpxtpx:hr>157</gpxtpx:hr>
          </gpxtpx:TrackPointExtension>
        </extensions>
      </trkpt>
      <trkpt lat="22.54724819359527" lon="114.09636275344808">
        <ele>3.0107863545417786</ele>
        <time>1970-01-01T00:36:14.700000Z</time>
        <extensions>
          <gpxtpx:TrackPointExtension>
            <gpxtpx:hr>157</gpxtpx:hr>
          </gpxtpx:TrackPointExtension>
        </extensions>
      </trkpt>
      <trkpt lat="22.547221021741375" lon="114.09636827468235">
        <ele>3.2212219731882215</ele>
        <time>1970-01-01T00:36:15.700000Z</time>
        <extensions>
          <gpxtpx:TrackPointExtension>
            <gpxtpx:hr>158</gpxtpx:hr>
          </gpxtpx:TrackPointExtension>
        </extensions>
      </trkpt>
      <trkpt lat="22.54719500723285" lon="114.09637281337329">
        <ele>3.4568361416459084</ele>
        <time>1970-01-01T00:36:16.700000Z</time>
        <extensions>
          <gpxtpx:TrackPointExtension>
            <gpxtpx:hr>158</gpxtpx:hr>
          </gpxtpx:TrackPointExtension>
        </extensions>
      </trkpt>
      <trkpt lat="22.547170543330836" lon="114.09637556695536">
        <ele>3.68103841599077</ele>
        <time>1970-01-01T00:36:17.700000Z</time>
        <extensions>
          <gpxtpx:TrackPointExtension>
            <gpxtpx:hr>158</gpxtpx:hr>
          </gpxtpx:TrackPointExtension>
        </extensions>
      </trkpt>
      <trkpt lat="22.54714634114647" lon="114.0963760882019">
        <ele>3.905739026144147</ele>
        <time>1970-01-01T00:36:18.700000Z</time>
        <extensions>
          <gpxtpx:TrackPointExtension>
            <gpxtpx:hr>158</gpxtpx:hr>
          </gpxtpx:TrackPointExtension>
        </extensions>
      </trkpt>
      <trkpt lat="22.547120908792646" lon="114.09637564311303">
        <ele>4.124077841639519</ele>
        <time>1970-01-01T00:36:19.700000Z</time>
        <extensions>
          <gpxtpx:TrackPointExtension>
            <gpxtpx:hr>159</gpxtpx:hr>
          </gpxtpx:TrackPointExtension>
        </extensions>
      </trkpt>
      <trkpt lat="22.547093902298446" lon="114.09637538422548">
        <ele>4.3306376459077</ele>
        <time>1970-01-01T00:36:20.700000Z</time>
        <extensions>
          <gpxtpx:TrackPointExtension>
            <gpxtpx:hr>159</gpxtpx:hr>
          </gpxtpx:TrackPointExtension>
        </extensions>
      </trkpt>
      <trkpt lat="22.547065935469934" lon="114.09637621671395">
        <ele>4.506052956916392</ele>
        <time>1970-01-01T00:36:21.700000Z</time>
        <extensions>
          <gpxtpx:TrackPointExtension>
            <gpxtpx:hr>159</gpxtpx:hr>
          </gpxtpx:TrackPointExtension>
        </extensions>
      </trkpt>
      <trkpt lat="22.547037375997363" lon="114.09637801303572">
        <ele>4.678735587745905</ele>
        <time>1970-01-01T00:36:22.700000Z</time>
        <extensions>
          <gpxtpx:TrackPointExtension>
            <gpxtpx:hr>159</gpxtpx:hr>
          </gpxtpx:TrackPointExtension>
        </extensions>
      </trkpt>
      <trkpt lat="22.5470089906062" lon="114.0963798863315">
        <ele>4.873761096037924</ele>
        <time>1970-01-01T00:36:23.700000Z</time>
        <extensions>
          <gpxtpx:TrackPointExtension>
            <gpxtpx:hr>159</gpxtpx:hr>
          </gpxtpx:TrackPointExtension>
        </extensions>
      </trkpt>
      <trkpt lat="22.54698145990866" lon="114.09638049693464">
        <ele>5.040839369408786</ele>
        <time>1970-01-01T00:36:24.700000Z</time>
        <extensions>
          <gpxtpx:TrackPointExtension>
            <gpxtpx:hr>159</gpxtpx:hr>
          </gpxtpx:TrackPointExtension>
        </extensions>
      </trkpt>
      <trkpt lat="22.54695494137152" lon="114.09637916966253">
        <ele>5.190736989490688</ele>
        <time>1970-01-01T00:36:25.700000Z</time>
        <extensions>
          <gpxtpx:TrackPointExtension>
            <gpxtpx:hr>159</gpxtpx:hr>
          </gpxtpx:TrackPointExtension>
        </extensions>
      </trkpt>
      <trkpt lat="22.546930214587285" lon="114.09637684659027">
        <ele>5.3262929785996675</ele>
        <time>1970-01-01T00:36:26.700000Z</time>
        <extensions>
          <gpxtpx:TrackPointExtension>
            <gpxtpx:hr>158</gpxtpx:hr>
          </gpxtpx:TrackPointExtension>
        </extensions>
      </trkpt>
      <trkpt lat="22.546906890785277" lon="114.09637472520613">
        <ele>5.428006890229881</ele>
        <time>1970-01-01T00:36:27.700000Z</time>
        <extensions>
          <gpxtpx:TrackPointExtension>
            <gpxtpx:hr>158</gpxtpx:hr>
          </gpxtpx:TrackPointExtension>
        </extensions>
      </trkpt>
      <trkpt lat="22.546883351698007" lon="114.09637323071705">
        <ele>5.540623321197927</ele>
        <time>1970-01-01T00:36:28.700000Z</time>
        <extensions>
          <gpxtpx:TrackPointExtension>
            <gpxtpx:hr>158</gpxtpx:hr>
          </gpxtpx:TrackPointExtension>
        </extensions>
      </trkpt>
      <trkpt lat="22.54685882121244" lon="114.09637174130339">
        <ele>5.6394476080313325</ele>
        <time>1970-01-01T00:36:29.700000Z</time>
        <extensions>
          <gpxtpx:TrackPointExtension>
            <gpxtpx:hr>158</gpxtpx:hr>
          </gpxtpx:TrackPointExtension>
        </extensions>
      </trkpt>
      <trkpt lat="22.546833775261288" lon="114.09636979034917">
        <ele>5.7114182924851775</ele>
        <time>1970-01-01T00:36:30.700000Z</time>
        <extensions>
          <gpxtpx:TrackPointExtension>
            <gpxtpx:hr>158</gpxtpx:hr>
          </gpxtpx:TrackPointExtension>
        </extensions>
      </trkpt>
      <trkpt lat="22.54680899196498" lon="114.09636723909026">
        <ele>5.729158929549158</ele>
        <time>1970-01-01T00:36:31.700000Z</time>
        <extensions>
          <gpxtpx:TrackPointExtension>
            <gpxtpx:hr>158</gpxtpx:hr>
          </gpxtpx:TrackPointExtension>
        </extensions>
      </trkpt>
      <trkpt lat="22.546784093187526" lon="114.09636427510364">
        <ele>5.741692433133721</ele>
        <time>1970-01-01T00:36:32.700000Z</time>
        <extensions>
          <gpxtpx:TrackPointExtension>
            <gpxtpx:hr>158</gpxtpx:hr>
          </gpxtpx:TrackPointExtension>
        </extensions>
      </trkpt>
      <trkpt lat="22.5467587261744" lon="114.09636154451107">
        <ele>5.733026722446084</ele>
        <time>1970-01-01T00:36:33.700000Z</time>
        <extensions>
          <gpxtpx:TrackPointExtension>
            <gpxtpx:hr>158</gpxtpx:hr>
          </gpxtpx:TrackPointExtension>
        </extensions>
      </trkpt>
      <trkpt lat="22.546732657092168" lon="114.09635923653087">
        <ele>5.61898432020098</ele>
        <time>1970-01-01T00:36:34.700000Z</time>
        <extensions>
          <gpxtpx:TrackPointExtension>
            <gpxtpx:hr>158</gpxtpx:hr>
          </gpxtpx:TrackPointExtension>
        </extensions>
      </trkpt>
      <trkpt lat="22.546705816789647" lon="114.09635740384995">
        <ele>5.462878814898431</ele>
        <time>1970-01-01T00:36:35.700000Z</time>
        <extensions>
          <gpxtpx:TrackPointExtension>
            <gpxtpx:hr>158</gpxtpx:hr>
          </gpxtpx:TrackPointExtension>
        </extensions>
      </trkpt>
      <trkpt lat="22.54667921461976" lon="114.09635583400429">
        <ele>5.3520028833299875</ele>
        <time>1970-01-01T00:36:36.700000Z</time>
        <extensions>
          <gpxtpx:TrackPointExtension>
            <gpxtpx:hr>158</gpxtpx:hr>
          </gpxtpx:TrackPointExtension>
        </extensions>
      </trkpt>
      <trkpt lat="22.546653791889817" lon="114.09635449384018">
        <ele>5.223114363849163</ele>
        <time>1970-01-01T00:36:37.700000Z</time>
        <extensions>
          <gpxtpx:TrackPointExtension>
            <gpxtpx:hr>157</gpxtpx:hr>
          </gpxtpx:TrackPointExtension>
        </extensions>
      </trkpt>
      <trkpt lat="22.546629468132185" lon="114.09635334527738">
        <ele>5.089649369940162</ele>
        <time>1970-01-01T00:36:38.700000Z</time>
        <extensions>
          <gpxtpx:TrackPointExtension>
            <gpxtpx:hr>157</gpxtpx:hr>
          </gpxtpx:TrackPointExtension>
        </extensions>
      </trkpt>
      <trkpt lat="22.546605563154476" lon="114.09635275824746">
        <ele>4.961368619464338</ele>
        <time>1970-01-01T00:36:39.700000Z</time>
        <extensions>
          <gpxtpx:TrackPointExtension>
            <gpxtpx:hr>157</gpxtpx:hr>
          </gpxtpx:TrackPointExtension>
        </extensions>
      </trkpt>
      <trkpt lat="22.546581815430798" lon="114.09635392267187">
        <ele>4.813675639219582</ele>
        <time>1970-01-01T00:36:40.700000Z</time>
        <extensions>
          <gpxtpx:TrackPointExtension>
            <gpxtpx:hr>157</gpxtpx:hr>
          </gpxtpx:TrackPointExtension>
        </extensions>
      </trkpt>
      <trkpt lat="22.546558127049273" lon="114.0963583860314">
        <ele>4.692416790872812</ele>
        <time>1970-01-01T00:36:41.700000Z</time>
        <extensions>
          <gpxtpx:TrackPointExtension>
            <gpxtpx:hr>157</gpxtpx:hr>
          </gpxtpx:TrackPointExtension>
        </extensions>
      </trkpt>
      <trkpt lat="22.546534505001755" lon="114.09636720254028">
        <ele>4.593677137978375</ele>
        <time>1970-01-01T00:36:42.700000Z</time>
        <extensions>
          <gpxtpx:TrackPointExtension>
            <gpxtpx:hr>157</gpxtpx:hr>
          </gpxtpx:TrackPointExtension>
        </extensions>
      </trkpt>
      <trkpt lat="22.54651070868902" lon="114.09638002716626">
        <ele>4.505695223808289</ele>
        <time>1970-01-01T00:36:43.700000Z</time>
        <extensions>
          <gpxtpx:TrackPointExtension>
            <gpxtpx:hr>157</gpxtpx:hr>
          </gpxtpx:TrackPointExtension>
        </extensions>
      </trkpt>
      <trkpt lat="22.546487143291245" lon="114.09639501834265">
        <ele>4.419387826696038</ele>
        <time>1970-01-01T00:36:44.700000Z</time>
        <extensions>
          <gpxtpx:TrackPointExtension>
            <gpxtpx:hr>157</gpxtpx:hr>
          </gpxtpx:TrackPointExtension>
        </extensions>
      </trkpt>
      <trkpt lat="22.546464364390182" lon="114.0964103595653">
        <ele>4.353231129236519</ele>
        <time>1970-01-01T00:36:45.700000Z</time>
        <extensions>
          <gpxtpx:TrackPointExtension>
            <gpxtpx:hr>157</gpxtpx:hr>
          </gpxtpx:TrackPointExtension>
        </extensions>
      </trkpt>
      <trkpt lat="22.546442547022853" lon="114.0964254913868">
        <ele>4.300291923806071</ele>
        <time>1970-01-01T00:36:46.700000Z</time>
        <extensions>
          <gpxtpx:TrackPointExtension>
            <gpxtpx:hr>157</gpxtpx:hr>
          </gpxtpx:TrackPointExtension>
        </extensions>
      </trkpt>
      <trkpt lat="22.546421140490157" lon="114.0964409644789">
        <ele>4.224838428199291</ele>
        <time>1970-01-01T00:36:47.700000Z</time>
        <extensions>
          <gpxtpx:TrackPointExtension>
            <gpxtpx:hr>156</gpxtpx:hr>
          </gpxtpx:TrackPointExtension>
        </extensions>
      </trkpt>
      <trkpt lat="22.54639968599653" lon="114.09645730988245">
        <ele>4.180791387334466</ele>
        <time>1970-01-01T00:36:48.700000Z</time>
        <extensions>
          <gpxtpx:TrackPointExtension>
            <gpxtpx:hr>156</gpxtpx:hr>
          </gpxtpx:TrackPointExtension>
        </extensions>
      </trkpt>
      <trkpt lat="22.54637835853413" lon="114.09647431565688">
        <ele>4.12580384593457</ele>
        <time>1970-01-01T00:36:49.700000Z</time>
        <extensions>
          <gpxtpx:TrackPointExtension>
            <gpxtpx:hr>156</gpxtpx:hr>
          </gpxtpx:TrackPointExtension>
        </extensions>
      </trkpt>
      <trkpt lat="22.546357378094783" lon="114.0964915382825">
        <ele>4.108548616990447</ele>
        <time>1970-01-01T00:36:50.700000Z</time>
        <extensions>
          <gpxtpx:TrackPointExtension>
            <gpxtpx:hr>156</gpxtpx:hr>
          </gpxtpx:TrackPointExtension>
        </extensions>
      </trkpt>
      <trkpt lat="22.54633751164754" lon="114.09650867430857">
        <ele>4.150313439778984</ele>
        <time>1970-01-01T00:36:51.700000Z</time>
        <extensions>
          <gpxtpx:TrackPointExtension>
            <gpxtpx:hr>156</gpxtpx:hr>
          </gpxtpx:TrackPointExtension>
        </extensions>
      </trkpt>
      <trkpt lat="22.546318717661052" lon="114.0965260709134">
        <ele>4.20066534448415</ele>
        <time>1970-01-01T00:36:52.700000Z</time>
        <extensions>
          <gpxtpx:TrackPointExtension>
            <gpxtpx:hr>156</gpxtpx:hr>
          </gpxtpx:TrackPointExtension>
        </extensions>
      </trkpt>
      <trkpt lat="22.54630052695407" lon="114.09654423789479">
        <ele>4.245897335931659</ele>
        <time>1970-01-01T00:36:53.700000Z</time>
        <extensions>
          <gpxtpx:TrackPointExtension>
            <gpxtpx:hr>156</gpxtpx:hr>
          </gpxtpx:TrackPointExtension>
        </extensions>
      </trkpt>
      <trkpt lat="22.546282895879237" lon="114.09656319597595">
        <ele>4.3077144138515</ele>
        <time>1970-01-01T00:36:54.700000Z</time>
        <extensions>
          <gpxtpx:TrackPointExtension>
            <gpxtpx:hr>156</gpxtpx:hr>
          </gpxtpx:TrackPointExtension>
        </extensions>
      </trkpt>
      <trkpt lat="22.546266918610314" lon="114.0965826770136">
        <ele>4.372826289385557</ele>
        <time>1970-01-01T00:36:55.700000Z</time>
        <extensions>
          <gpxtpx:TrackPointExtension>
            <gpxtpx:hr>156</gpxtpx:hr>
          </gpxtpx:TrackPointExtension>
        </extensions>
      </trkpt>
      <trkpt lat="22.546253929111362" lon="114.09660310468955">
        <ele>4.475348840467632</ele>
        <time>1970-01-01T00:36:56.700000Z</time>
        <extensions>
          <gpxtpx:TrackPointExtension>
            <gpxtpx:hr>156</gpxtpx:hr>
          </gpxtpx:TrackPointExtension>
        </extensions>
      </trkpt>
      <trkpt lat="22.54624318339549" lon="114.09662491774459">
        <ele>4.592845183797181</ele>
        <time>1970-01-01T00:36:57.700000Z</time>
        <extensions>
          <gpxtpx:TrackPointExtension>
            <gpxtpx:hr>156</gpxtpx:hr>
          </gpxtpx:TrackPointExtension>
        </extensions>
      </trkpt>
      <trkpt lat="22.546232949591904" lon="114.09664833931903">
        <ele>4.723940099589527</ele>
        <time>1970-01-01T00:36:58.700000Z</time>
        <extensions>
          <gpxtpx:TrackPointExtension>
            <gpxtpx:hr>155</gpxtpx:hr>
          </gpxtpx:TrackPointExtension>
        </extensions>
      </trkpt>
      <trkpt lat="22.546222315571004" lon="114.09667302157047">
        <ele>4.874397190287709</ele>
        <time>1970-01-01T00:36:59.700000Z</time>
        <extensions>
          <gpxtpx:TrackPointExtension>
            <gpxtpx:hr>155</gpxtpx:hr>
          </gpxtpx:TrackPointExtension>
        </extensions>
      </trkpt>
      <trkpt lat="22.54621154722627" lon="114.0966994565962">
        <ele>5.096438113600016</ele>
        <time>1970-01-01T00:37:00.700000Z</time>
        <extensions>
          <gpxtpx:TrackPointExtension>
            <gpxtpx:hr>155</gpxtpx:hr>
          </gpxtpx:TrackPointExtension>
        </extensions>
      </trkpt>
      <trkpt lat="22.546201898693838" lon="114.09672702715075">
        <ele>5.328197352588177</ele>
        <time>1970-01-01T00:37:01.700000Z</time>
        <extensions>
          <gpxtpx:TrackPointExtension>
            <gpxtpx:hr>155</gpxtpx:hr>
          </gpxtpx:TrackPointExtension>
        </extensions>
      </trkpt>
      <trkpt lat="22.5461936303567" lon="114.09675467214355">
        <ele>5.562347138300538</ele>
        <time>1970-01-01T00:37:02.700000Z</time>
        <extensions>
          <gpxtpx:TrackPointExtension>
            <gpxtpx:hr>155</gpxtpx:hr>
          </gpxtpx:TrackPointExtension>
        </extensions>
      </trkpt>
      <trkpt lat="22.54618581370112" lon="114.09678261396871">
        <ele>5.790900697000325</ele>
        <time>1970-01-01T00:37:03.700000Z</time>
        <extensions>
          <gpxtpx:TrackPointExtension>
            <gpxtpx:hr>155</gpxtpx:hr>
          </gpxtpx:TrackPointExtension>
        </extensions>
      </trkpt>
      <trkpt lat="22.54617727340404" lon="114.09681073164752">
        <ele>5.9664617739617825</ele>
        <time>1970-01-01T00:37:04.700000Z</time>
        <extensions>
          <gpxtpx:TrackPointExtension>
            <gpxtpx:hr>155</gpxtpx:hr>
          </gpxtpx:TrackPointExtension>
        </extensions>
      </trkpt>
      <trkpt lat="22.546167562559564" lon="114.09683820549378">
        <ele>6.156896321102977</ele>
        <time>1970-01-01T00:37:05.700000Z</time>
        <extensions>
          <gpxtpx:TrackPointExtension>
            <gpxtpx:hr>155</gpxtpx:hr>
          </gpxtpx:TrackPointExtension>
        </extensions>
      </trkpt>
      <trkpt lat="22.546157327211073" lon="114.09686484117702">
        <ele>6.312790819443762</ele>
        <time>1970-01-01T00:37:06.700000Z</time>
        <extensions>
          <gpxtpx:TrackPointExtension>
            <gpxtpx:hr>155</gpxtpx:hr>
          </gpxtpx:TrackPointExtension>
        </extensions>
      </trkpt>
      <trkpt lat="22.546147330530765" lon="114.09689141380112">
        <ele>6.43750368617475</ele>
        <time>1970-01-01T00:37:07.700000Z</time>
        <extensions>
          <gpxtpx:TrackPointExtension>
            <gpxtpx:hr>155</gpxtpx:hr>
          </gpxtpx:TrackPointExtension>
        </extensions>
      </trkpt>
      <trkpt lat="22.546138135434205" lon="114.09691783458351">
        <ele>6.5357798943296075</ele>
        <time>1970-01-01T00:37:08.700000Z</time>
        <extensions>
          <gpxtpx:TrackPointExtension>
            <gpxtpx:hr>155</gpxtpx:hr>
          </gpxtpx:TrackPointExtension>
        </extensions>
      </trkpt>
      <trkpt lat="22.54612933400559" lon="114.09694389078335">
        <ele>6.611873219721019</ele>
        <time>1970-01-01T00:37:09.700000Z</time>
        <extensions>
          <gpxtpx:TrackPointExtension>
            <gpxtpx:hr>155</gpxtpx:hr>
          </gpxtpx:TrackPointExtension>
        </extensions>
      </trkpt>
      <trkpt lat="22.5461204049843" lon="114.09696943115578">
        <ele>6.673598205670714</ele>
        <time>1970-01-01T00:37:10.700000Z</time>
        <extensions>
          <gpxtpx:TrackPointExtension>
            <gpxtpx:hr>155</gpxtpx:hr>
          </gpxtpx:TrackPointExtension>
        </extensions>
      </trkpt>
      <trkpt lat="22.546111113431873" lon="114.09699396465041">
        <ele>6.7029571095481515</ele>
        <time>1970-01-01T00:37:11.700000Z</time>
        <extensions>
          <gpxtpx:TrackPointExtension>
            <gpxtpx:hr>155</gpxtpx:hr>
          </gpxtpx:TrackPointExtension>
        </extensions>
      </trkpt>
      <trkpt lat="22.546101483485028" lon="114.09701845060937">
        <ele>6.753776322118938</ele>
        <time>1970-01-01T00:37:12.700000Z</time>
        <extensions>
          <gpxtpx:TrackPointExtension>
            <gpxtpx:hr>155</gpxtpx:hr>
          </gpxtpx:TrackPointExtension>
        </extensions>
      </trkpt>
      <trkpt lat="22.54609221995854" lon="114.09704411453787">
        <ele>6.779053680598736</ele>
        <time>1970-01-01T00:37:13.700000Z</time>
        <extensions>
          <gpxtpx:TrackPointExtension>
            <gpxtpx:hr>155</gpxtpx:hr>
          </gpxtpx:TrackPointExtension>
        </extensions>
      </trkpt>
      <trkpt lat="22.54608349123784" lon="114.09707106617802">
        <ele>6.73835127428174</ele>
        <time>1970-01-01T00:37:14.700000Z</time>
        <extensions>
          <gpxtpx:TrackPointExtension>
            <gpxtpx:hr>155</gpxtpx:hr>
          </gpxtpx:TrackPointExtension>
        </extensions>
      </trkpt>
      <trkpt lat="22.546075197088207" lon="114.09709848150715">
        <ele>6.651330033317208</ele>
        <time>1970-01-01T00:37:15.700000Z</time>
        <extensions>
          <gpxtpx:TrackPointExtension>
            <gpxtpx:hr>155</gpxtpx:hr>
          </gpxtpx:TrackPointExtension>
        </extensions>
      </trkpt>
      <trkpt lat="22.54606724222406" lon="114.0971252993732">
        <ele>6.551508768461645</ele>
        <time>1970-01-01T00:37:16.700000Z</time>
        <extensions>
          <gpxtpx:TrackPointExtension>
            <gpxtpx:hr>155</gpxtpx:hr>
          </gpxtpx:TrackPointExtension>
        </extensions>
      </trkpt>
      <trkpt lat="22.546060337094772" lon="114.09715085074616">
        <ele>6.426815257407725</ele>
        <time>1970-01-01T00:37:17.700000Z</time>
        <extensions>
          <gpxtpx:TrackPointExtension>
            <gpxtpx:hr>155</gpxtpx:hr>
          </gpxtpx:TrackPointExtension>
        </extensions>
      </trkpt>
      <trkpt lat="22.54605518589227" lon="114.09717513641634">
        <ele>6.302509351633489</ele>
        <time>1970-01-01T00:37:18.700000Z</time>
        <extensions>
          <gpxtpx:TrackPointExtension>
            <gpxtpx:hr>155</gpxtpx:hr>
          </gpxtpx:TrackPointExtension>
        </extensions>
      </trkpt>
      <trkpt lat="22.546050827774636" lon="114.0971990413002">
        <ele>6.1925716092810035</ele>
        <time>1970-01-01T00:37:19.700000Z</time>
        <extensions>
          <gpxtpx:TrackPointExtension>
            <gpxtpx:hr>155</gpxtpx:hr>
          </gpxtpx:TrackPointExtension>
        </extensions>
      </trkpt>
      <trkpt lat="22.54604625597004" lon="114.09722377154303">
        <ele>6.098227490670979</ele>
        <time>1970-01-01T00:37:20.700000Z</time>
        <extensions>
          <gpxtpx:TrackPointExtension>
            <gpxtpx:hr>155</gpxtpx:hr>
          </gpxtpx:TrackPointExtension>
        </extensions>
      </trkpt>
      <trkpt lat="22.546041743079005" lon="114.0972496786036">
        <ele>6.011921778321266</ele>
        <time>1970-01-01T00:37:21.700000Z</time>
        <extensions>
          <gpxtpx:TrackPointExtension>
            <gpxtpx:hr>155</gpxtpx:hr>
          </gpxtpx:TrackPointExtension>
        </extensions>
      </trkpt>
      <trkpt lat="22.546037650105262" lon="114.09727676825877">
        <ele>5.88979166559875</ele>
        <time>1970-01-01T00:37:22.700000Z</time>
        <extensions>
          <gpxtpx:TrackPointExtension>
            <gpxtpx:hr>155</gpxtpx:hr>
          </gpxtpx:TrackPointExtension>
        </extensions>
      </trkpt>
      <trkpt lat="22.5460339080467" lon="114.09730519225585">
        <ele>5.767390255816281</ele>
        <time>1970-01-01T00:37:23.700000Z</time>
        <extensions>
          <gpxtpx:TrackPointExtension>
            <gpxtpx:hr>155</gpxtpx:hr>
          </gpxtpx:TrackPointExtension>
        </extensions>
      </trkpt>
      <trkpt lat="22.546030909170586" lon="114.09733456518347">
        <ele>5.623771311715245</ele>
        <time>1970-01-01T00:37:24.700000Z</time>
        <extensions>
          <gpxtpx:TrackPointExtension>
            <gpxtpx:hr>155</gpxtpx:hr>
          </gpxtpx:TrackPointExtension>
        </extensions>
      </trkpt>
      <trkpt lat="22.546028706632825" lon="114.09736434725981">
        <ele>5.442424998618662</ele>
        <time>1970-01-01T00:37:25.700000Z</time>
        <extensions>
          <gpxtpx:TrackPointExtension>
            <gpxtpx:hr>155</gpxtpx:hr>
          </gpxtpx:TrackPointExtension>
        </extensions>
      </trkpt>
      <trkpt lat="22.54602650249901" lon="114.09739356724185">
        <ele>5.2372773783281446</ele>
        <time>1970-01-01T00:37:26.700000Z</time>
        <extensions>
          <gpxtpx:TrackPointExtension>
            <gpxtpx:hr>155</gpxtpx:hr>
          </gpxtpx:TrackPointExtension>
        </extensions>
      </trkpt>
      <trkpt lat="22.54602295460889" lon="114.09742180298669">
        <ele>5.011986563913524</ele>
        <time>1970-01-01T00:37:27.700000Z</time>
        <extensions>
          <gpxtpx:TrackPointExtension>
            <gpxtpx:hr>156</gpxtpx:hr>
          </gpxtpx:TrackPointExtension>
        </extensions>
      </trkpt>
      <trkpt lat="22.54601714189938" lon="114.09744892107709">
        <ele>4.807493343949318</ele>
        <time>1970-01-01T00:37:28.700000Z</time>
        <extensions>
          <gpxtpx:TrackPointExtension>
            <gpxtpx:hr>156</gpxtpx:hr>
          </gpxtpx:TrackPointExtension>
        </extensions>
      </trkpt>
      <trkpt lat="22.546009083711404" lon="114.09747492346857">
        <ele>4.617559194564819</ele>
        <time>1970-01-01T00:37:29.700000Z</time>
        <extensions>
          <gpxtpx:TrackPointExtension>
            <gpxtpx:hr>156</gpxtpx:hr>
          </gpxtpx:TrackPointExtension>
        </extensions>
      </trkpt>
      <trkpt lat="22.545999375705577" lon="114.09749991377254">
        <ele>4.444090956822038</ele>
        <time>1970-01-01T00:37:30.700000Z</time>
        <extensions>
          <gpxtpx:TrackPointExtension>
            <gpxtpx:hr>156</gpxtpx:hr>
          </gpxtpx:TrackPointExtension>
        </extensions>
      </trkpt>
      <trkpt lat="22.545988946889178" lon="114.09752417490358">
        <ele>4.252848810516298</ele>
        <time>1970-01-01T00:37:31.700000Z</time>
        <extensions>
          <gpxtpx:TrackPointExtension>
            <gpxtpx:hr>155</gpxtpx:hr>
          </gpxtpx:TrackPointExtension>
        </extensions>
      </trkpt>
      <trkpt lat="22.54597770971162" lon="114.09754844817631">
        <ele>4.032764206640422</ele>
        <time>1970-01-01T00:37:32.700000Z</time>
        <extensions>
          <gpxtpx:TrackPointExtension>
            <gpxtpx:hr>155</gpxtpx:hr>
          </gpxtpx:TrackPointExtension>
        </extensions>
      </trkpt>
      <trkpt lat="22.545964713021235" lon="114.09757197713687">
        <ele>3.804552188143134</ele>
        <time>1970-01-01T00:37:33.700000Z</time>
        <extensions>
          <gpxtpx:TrackPointExtension>
            <gpxtpx:hr>155</gpxtpx:hr>
          </gpxtpx:TrackPointExtension>
        </extensions>
      </trkpt>
      <trkpt lat="22.545949352441852" lon="114.09759344895078">
        <ele>3.54312298912555</ele>
        <time>1970-01-01T00:37:34.700000Z</time>
        <extensions>
          <gpxtpx:TrackPointExtension>
            <gpxtpx:hr>155</gpxtpx:hr>
          </gpxtpx:TrackPointExtension>
        </extensions>
      </trkpt>
      <trkpt lat="22.545932454620896" lon="114.09761283361325">
        <ele>3.2699496308341622</ele>
        <time>1970-01-01T00:37:35.700000Z</time>
        <extensions>
          <gpxtpx:TrackPointExtension>
            <gpxtpx:hr>155</gpxtpx:hr>
          </gpxtpx:TrackPointExtension>
        </extensions>
      </trkpt>
      <trkpt lat="22.545914930404024" lon="114.09763067223565">
        <ele>3.013440951704979</ele>
        <time>1970-01-01T00:37:36.700000Z</time>
        <extensions>
          <gpxtpx:TrackPointExtension>
            <gpxtpx:hr>159</gpxtpx:hr>
          </gpxtpx:TrackPointExtension>
        </extensions>
      </trkpt>
      <trkpt lat="22.545897020574877" lon="114.09764815608975">
        <ele>2.8182955058291554</ele>
        <time>1970-01-01T00:37:37.700000Z</time>
        <extensions>
          <gpxtpx:TrackPointExtension>
            <gpxtpx:hr>159</gpxtpx:hr>
          </gpxtpx:TrackPointExtension>
        </extensions>
      </trkpt>
      <trkpt lat="22.545878933570958" lon="114.09766669529304">
        <ele>2.6525082141160965</ele>
        <time>1970-01-01T00:37:38.700000Z</time>
        <extensions>
          <gpxtpx:TrackPointExtension>
            <gpxtpx:hr>159</gpxtpx:hr>
          </gpxtpx:TrackPointExtension>
        </extensions>
      </trkpt>
      <trkpt lat="22.545860111700392" lon="114.09768664358619">
        <ele>2.4997320026159286</ele>
        <time>1970-01-01T00:37:39.700000Z</time>
        <extensions>
          <gpxtpx:TrackPointExtension>
            <gpxtpx:hr>159</gpxtpx:hr>
          </gpxtpx:TrackPointExtension>
        </extensions>
      </trkpt>
      <trkpt lat="22.54583990617547" lon="114.09770658905356">
        <ele>2.349657589569688</ele>
        <time>1970-01-01T00:37:40.700000Z</time>
        <extensions>
          <gpxtpx:TrackPointExtension>
            <gpxtpx:hr>159</gpxtpx:hr>
          </gpxtpx:TrackPointExtension>
        </extensions>
      </trkpt>
      <trkpt lat="22.545818266752768" lon="114.09772416660266">
        <ele>2.182992563582957</ele>
        <time>1970-01-01T00:37:41.700000Z</time>
        <extensions>
          <gpxtpx:TrackPointExtension>
            <gpxtpx:hr>159</gpxtpx:hr>
          </gpxtpx:TrackPointExtension>
        </extensions>
      </trkpt>
      <trkpt lat="22.54579617500745" lon="114.09773868710252">
        <ele>2.0199177814647555</ele>
        <time>1970-01-01T00:37:42.700000Z</time>
        <extensions>
          <gpxtpx:TrackPointExtension>
            <gpxtpx:hr>159</gpxtpx:hr>
          </gpxtpx:TrackPointExtension>
        </extensions>
      </trkpt>
      <trkpt lat="22.54577387167805" lon="114.09775041994774">
        <ele>1.8968385057523847</ele>
        <time>1970-01-01T00:37:43.700000Z</time>
        <extensions>
          <gpxtpx:TrackPointExtension>
            <gpxtpx:hr>159</gpxtpx:hr>
          </gpxtpx:TrackPointExtension>
        </extensions>
      </trkpt>
      <trkpt lat="22.545750484709973" lon="114.09775912194988">
        <ele>1.7522999662905931</ele>
        <time>1970-01-01T00:37:44.700000Z</time>
        <extensions>
          <gpxtpx:TrackPointExtension>
            <gpxtpx:hr>159</gpxtpx:hr>
          </gpxtpx:TrackPointExtension>
        </extensions>
      </trkpt>
      <trkpt lat="22.5457265012209" lon="114.09776604723734">
        <ele>1.6295575806871057</ele>
        <time>1970-01-01T00:37:45.700000Z</time>
        <extensions>
          <gpxtpx:TrackPointExtension>
            <gpxtpx:hr>159</gpxtpx:hr>
          </gpxtpx:TrackPointExtension>
        </extensions>
      </trkpt>
      <trkpt lat="22.545702837547985" lon="114.09777368150525">
        <ele>1.5072758216410875</ele>
        <time>1970-01-01T00:37:46.700000Z</time>
        <extensions>
          <gpxtpx:TrackPointExtension>
            <gpxtpx:hr>159</gpxtpx:hr>
          </gpxtpx:TrackPointExtension>
        </extensions>
      </trkpt>
      <trkpt lat="22.545679771128594" lon="114.09778349125467">
        <ele>1.4027345376089215</ele>
        <time>1970-01-01T00:37:47.700000Z</time>
        <extensions>
          <gpxtpx:TrackPointExtension>
            <gpxtpx:hr>159</gpxtpx:hr>
          </gpxtpx:TrackPointExtension>
        </extensions>
      </trkpt>
      <trkpt lat="22.545657371201028" lon="114.09779569745027">
        <ele>1.2686119554564357</ele>
        <time>1970-01-01T00:37:48.700000Z</time>
        <extensions>
          <gpxtpx:TrackPointExtension>
            <gpxtpx:hr>159</gpxtpx:hr>
          </gpxtpx:TrackPointExtension>
        </extensions>
      </trkpt>
      <trkpt lat="22.5456352582939" lon="114.0978096224237">
        <ele>1.1635722666978836</ele>
        <time>1970-01-01T00:37:49.700000Z</time>
        <extensions>
          <gpxtpx:TrackPointExtension>
            <gpxtpx:hr>159</gpxtpx:hr>
          </gpxtpx:TrackPointExtension>
        </extensions>
      </trkpt>
      <trkpt lat="22.545613712237426" lon="114.09782391288317">
        <ele>1.0505012152716517</ele>
        <time>1970-01-01T00:37:50.700000Z</time>
        <extensions>
          <gpxtpx:TrackPointExtension>
            <gpxtpx:hr>159</gpxtpx:hr>
          </gpxtpx:TrackPointExtension>
        </extensions>
      </trkpt>
      <trkpt lat="22.545592930520435" lon="114.09783788101079">
        <ele>0.9634258719161153</ele>
        <time>1970-01-01T00:37:51.700000Z</time>
        <extensions>
          <gpxtpx:TrackPointExtension>
            <gpxtpx:hr>159</gpxtpx:hr>
          </gpxtpx:TrackPointExtension>
        </extensions>
      </trkpt>
      <trkpt lat="22.545573503572108" lon="114.09785192114491">
        <ele>0.9152973908931017</ele>
        <time>1970-01-01T00:37:52.700000Z</time>
        <extensions>
          <gpxtpx:TrackPointExtension>
            <gpxtpx:hr>159</gpxtpx:hr>
          </gpxtpx:TrackPointExtension>
        </extensions>
      </trkpt>
      <trkpt lat="22.545555760314823" lon="114.09786807400884">
        <ele>0.9132455661892891</ele>
        <time>1970-01-01T00:37:53.700000Z</time>
        <extensions>
          <gpxtpx:TrackPointExtension>
            <gpxtpx:hr>159</gpxtpx:hr>
          </gpxtpx:TrackPointExtension>
        </extensions>
      </trkpt>
      <trkpt lat="22.545539091214884" lon="114.09788769354586">
        <ele>0.9532153308391571</ele>
        <time>1970-01-01T00:37:54.700000Z</time>
        <extensions>
          <gpxtpx:TrackPointExtension>
            <gpxtpx:hr>159</gpxtpx:hr>
          </gpxtpx:TrackPointExtension>
        </extensions>
      </trkpt>
      <trkpt lat="22.545522489423657" lon="114.09790963306854">
        <ele>0.9936280185356736</ele>
        <time>1970-01-01T00:37:55.700000Z</time>
        <extensions>
          <gpxtpx:TrackPointExtension>
            <gpxtpx:hr>159</gpxtpx:hr>
          </gpxtpx:TrackPointExtension>
        </extensions>
      </trkpt>
      <trkpt lat="22.54550466005041" lon="114.09793159399509">
        <ele>1.067771173082292</ele>
        <time>1970-01-01T00:37:56.700000Z</time>
        <extensions>
          <gpxtpx:TrackPointExtension>
            <gpxtpx:hr>157</gpxtpx:hr>
          </gpxtpx:TrackPointExtension>
        </extensions>
      </trkpt>
      <trkpt lat="22.545484109043898" lon="114.0979505363815">
        <ele>1.1133728325366974</ele>
        <time>1970-01-01T00:37:57.700000Z</time>
        <extensions>
          <gpxtpx:TrackPointExtension>
            <gpxtpx:hr>157</gpxtpx:hr>
          </gpxtpx:TrackPointExtension>
        </extensions>
      </trkpt>
      <trkpt lat="22.54545983644855" lon="114.09796499299483">
        <ele>1.1386832371354103</ele>
        <time>1970-01-01T00:37:58.700000Z</time>
        <extensions>
          <gpxtpx:TrackPointExtension>
            <gpxtpx:hr>157</gpxtpx:hr>
          </gpxtpx:TrackPointExtension>
        </extensions>
      </trkpt>
      <trkpt lat="22.54543325728754" lon="114.09797652587166">
        <ele>1.1866158274933696</ele>
        <time>1970-01-01T00:37:59.700000Z</time>
        <extensions>
          <gpxtpx:TrackPointExtension>
            <gpxtpx:hr>157</gpxtpx:hr>
          </gpxtpx:TrackPointExtension>
        </extensions>
      </trkpt>
      <trkpt lat="22.5454071112875" lon="114.09798698112303">
        <ele>1.286274149082601</ele>
        <time>1970-01-01T00:38:00.700000Z</time>
        <extensions>
          <gpxtpx:TrackPointExtension>
            <gpxtpx:hr>157</gpxtpx:hr>
          </gpxtpx:TrackPointExtension>
        </extensions>
      </trkpt>
      <trkpt lat="22.5453826027069" lon="114.09799745552134">
        <ele>1.4076484106481075</ele>
        <time>1970-01-01T00:38:01.700000Z</time>
        <extensions>
          <gpxtpx:TrackPointExtension>
            <gpxtpx:hr>157</gpxtpx:hr>
          </gpxtpx:TrackPointExtension>
        </extensions>
      </trkpt>
      <trkpt lat="22.545359476774788" lon="114.09800745035784">
        <ele>1.550965559668839</ele>
        <time>1970-01-01T00:38:02.700000Z</time>
        <extensions>
          <gpxtpx:TrackPointExtension>
            <gpxtpx:hr>157</gpxtpx:hr>
          </gpxtpx:TrackPointExtension>
        </extensions>
      </trkpt>
      <trkpt lat="22.54533688889174" lon="114.09801548566354">
        <ele>1.649393143132329</ele>
        <time>1970-01-01T00:38:03.700000Z</time>
        <extensions>
          <gpxtpx:TrackPointExtension>
            <gpxtpx:hr>157</gpxtpx:hr>
          </gpxtpx:TrackPointExtension>
        </extensions>
      </trkpt>
      <trkpt lat="22.545313934417518" lon="114.0980219818653">
        <ele>1.6865743650123477</ele>
        <time>1970-01-01T00:38:04.700000Z</time>
        <extensions>
          <gpxtpx:TrackPointExtension>
            <gpxtpx:hr>157</gpxtpx:hr>
          </gpxtpx:TrackPointExtension>
        </extensions>
      </trkpt>
      <trkpt lat="22.545290234306318" lon="114.09802779560765">
        <ele>1.7332074157893658</ele>
        <time>1970-01-01T00:38:05.700000Z</time>
        <extensions>
          <gpxtpx:TrackPointExtension>
            <gpxtpx:hr>156</gpxtpx:hr>
          </gpxtpx:TrackPointExtension>
        </extensions>
      </trkpt>
      <trkpt lat="22.545265938948848" lon="114.09803284525242">
        <ele>1.7211600104346871</ele>
        <time>1970-01-01T00:38:06.700000Z</time>
        <extensions>
          <gpxtpx:TrackPointExtension>
            <gpxtpx:hr>156</gpxtpx:hr>
          </gpxtpx:TrackPointExtension>
        </extensions>
      </trkpt>
      <trkpt lat="22.545241730638526" lon="114.09803721540352">
        <ele>1.7170762168243527</ele>
        <time>1970-01-01T00:38:07.700000Z</time>
        <extensions>
          <gpxtpx:TrackPointExtension>
            <gpxtpx:hr>156</gpxtpx:hr>
          </gpxtpx:TrackPointExtension>
        </extensions>
      </trkpt>
      <trkpt lat="22.54521844003587" lon="114.09804184177445">
        <ele>1.6952994605526328</ele>
        <time>1970-01-01T00:38:08.700000Z</time>
        <extensions>
          <gpxtpx:TrackPointExtension>
            <gpxtpx:hr>156</gpxtpx:hr>
          </gpxtpx:TrackPointExtension>
        </extensions>
      </trkpt>
      <trkpt lat="22.54519598734138" lon="114.09804787397782">
        <ele>1.6556033147498965</ele>
        <time>1970-01-01T00:38:09.700000Z</time>
        <extensions>
          <gpxtpx:TrackPointExtension>
            <gpxtpx:hr>156</gpxtpx:hr>
          </gpxtpx:TrackPointExtension>
        </extensions>
      </trkpt>
      <trkpt lat="22.545173035243792" lon="114.09805525839188">
        <ele>1.6089964527636766</ele>
        <time>1970-01-01T00:38:10.700000Z</time>
        <extensions>
          <gpxtpx:TrackPointExtension>
            <gpxtpx:hr>156</gpxtpx:hr>
          </gpxtpx:TrackPointExtension>
        </extensions>
      </trkpt>
      <trkpt lat="22.545149058244288" lon="114.09806239616697">
        <ele>1.5597289176657796</ele>
        <time>1970-01-01T00:38:11.700000Z</time>
        <extensions>
          <gpxtpx:TrackPointExtension>
            <gpxtpx:hr>157</gpxtpx:hr>
          </gpxtpx:TrackPointExtension>
        </extensions>
      </trkpt>
      <trkpt lat="22.545124059060814" lon="114.0980671727417">
        <ele>1.4786881422623992</ele>
        <time>1970-01-01T00:38:12.700000Z</time>
        <extensions>
          <gpxtpx:TrackPointExtension>
            <gpxtpx:hr>157</gpxtpx:hr>
          </gpxtpx:TrackPointExtension>
        </extensions>
      </trkpt>
      <trkpt lat="22.545098248915192" lon="114.09806903330472">
        <ele>1.4013577187433839</ele>
        <time>1970-01-01T00:38:13.700000Z</time>
        <extensions>
          <gpxtpx:TrackPointExtension>
            <gpxtpx:hr>157</gpxtpx:hr>
          </gpxtpx:TrackPointExtension>
        </extensions>
      </trkpt>
      <trkpt lat="22.545072434398776" lon="114.09807014303223">
        <ele>1.3267075819894671</ele>
        <time>1970-01-01T00:38:14.700000Z</time>
        <extensions>
          <gpxtpx:TrackPointExtension>
            <gpxtpx:hr>157</gpxtpx:hr>
          </gpxtpx:TrackPointExtension>
        </extensions>
      </trkpt>
      <trkpt lat="22.545046725095418" lon="114.09807329107619">
        <ele>1.2805691240355372</ele>
        <time>1970-01-01T00:38:15.700000Z</time>
        <extensions>
          <gpxtpx:TrackPointExtension>
            <gpxtpx:hr>156</gpxtpx:hr>
          </gpxtpx:TrackPointExtension>
        </extensions>
      </trkpt>
      <trkpt lat="22.545021835854786" lon="114.09807735019935">
        <ele>1.259351208806038</ele>
        <time>1970-01-01T00:38:16.700000Z</time>
        <extensions>
          <gpxtpx:TrackPointExtension>
            <gpxtpx:hr>156</gpxtpx:hr>
          </gpxtpx:TrackPointExtension>
        </extensions>
      </trkpt>
      <trkpt lat="22.544997822393153" lon="114.09808003669121">
        <ele>1.2513672085478902</ele>
        <time>1970-01-01T00:38:17.700000Z</time>
        <extensions>
          <gpxtpx:TrackPointExtension>
            <gpxtpx:hr>156</gpxtpx:hr>
          </gpxtpx:TrackPointExtension>
        </extensions>
      </trkpt>
      <trkpt lat="22.54497373438921" lon="114.0980819867411">
        <ele>1.2607033681124449</ele>
        <time>1970-01-01T00:38:18.700000Z</time>
        <extensions>
          <gpxtpx:TrackPointExtension>
            <gpxtpx:hr>156</gpxtpx:hr>
          </gpxtpx:TrackPointExtension>
        </extensions>
      </trkpt>
      <trkpt lat="22.54494957828" lon="114.09808510518333">
        <ele>1.3346550995483994</ele>
        <time>1970-01-01T00:38:19.700000Z</time>
        <extensions>
          <gpxtpx:TrackPointExtension>
            <gpxtpx:hr>156</gpxtpx:hr>
          </gpxtpx:TrackPointExtension>
        </extensions>
      </trkpt>
      <trkpt lat="22.544925388952937" lon="114.09809057159373">
        <ele>1.4609158523380756</ele>
        <time>1970-01-01T00:38:20.700000Z</time>
        <extensions>
          <gpxtpx:TrackPointExtension>
            <gpxtpx:hr>157</gpxtpx:hr>
          </gpxtpx:TrackPointExtension>
        </extensions>
      </trkpt>
      <trkpt lat="22.54490093542959" lon="114.09809852709907">
        <ele>1.6196085726842284</ele>
        <time>1970-01-01T00:38:21.700000Z</time>
        <extensions>
          <gpxtpx:TrackPointExtension>
            <gpxtpx:hr>157</gpxtpx:hr>
          </gpxtpx:TrackPointExtension>
        </extensions>
      </trkpt>
      <trkpt lat="22.544876315976225" lon="114.0981078072018">
        <ele>1.8307904954999685</ele>
        <time>1970-01-01T00:38:22.700000Z</time>
        <extensions>
          <gpxtpx:TrackPointExtension>
            <gpxtpx:hr>157</gpxtpx:hr>
          </gpxtpx:TrackPointExtension>
        </extensions>
      </trkpt>
      <trkpt lat="22.54485223092096" lon="114.09811748974548">
        <ele>2.119605259038508</ele>
        <time>1970-01-01T00:38:23.700000Z</time>
        <extensions>
          <gpxtpx:TrackPointExtension>
            <gpxtpx:hr>157</gpxtpx:hr>
          </gpxtpx:TrackPointExtension>
        </extensions>
      </trkpt>
      <trkpt lat="22.544828692428123" lon="114.09812758531555">
        <ele>2.4411851773038507</ele>
        <time>1970-01-01T00:38:24.700000Z</time>
        <extensions>
          <gpxtpx:TrackPointExtension>
            <gpxtpx:hr>157</gpxtpx:hr>
          </gpxtpx:TrackPointExtension>
        </extensions>
      </trkpt>
      <trkpt lat="22.544804212149934" lon="114.09813814496518">
        <ele>2.782913299277425</ele>
        <time>1970-01-01T00:38:25.700000Z</time>
        <extensions>
          <gpxtpx:TrackPointExtension>
            <gpxtpx:hr>157</gpxtpx:hr>
          </gpxtpx:TrackPointExtension>
        </extensions>
      </trkpt>
      <trkpt lat="22.544778898220347" lon="114.0981487395138">
        <ele>3.138572020456195</ele>
        <time>1970-01-01T00:38:26.700000Z</time>
        <extensions>
          <gpxtpx:TrackPointExtension>
            <gpxtpx:hr>158</gpxtpx:hr>
          </gpxtpx:TrackPointExtension>
        </extensions>
      </trkpt>
      <trkpt lat="22.544753990689614" lon="114.0981593001443">
        <ele>3.5080223474651575</ele>
        <time>1970-01-01T00:38:27.700000Z</time>
        <extensions>
          <gpxtpx:TrackPointExtension>
            <gpxtpx:hr>158</gpxtpx:hr>
          </gpxtpx:TrackPointExtension>
        </extensions>
      </trkpt>
      <trkpt lat="22.54473023866457" lon="114.0981709505555">
        <ele>3.9061264004558325</ele>
        <time>1970-01-01T00:38:28.700000Z</time>
        <extensions>
          <gpxtpx:TrackPointExtension>
            <gpxtpx:hr>158</gpxtpx:hr>
          </gpxtpx:TrackPointExtension>
        </extensions>
      </trkpt>
      <trkpt lat="22.54470735516426" lon="114.09818480723852">
        <ele>4.289987321011722</ele>
        <time>1970-01-01T00:38:29.700000Z</time>
        <extensions>
          <gpxtpx:TrackPointExtension>
            <gpxtpx:hr>158</gpxtpx:hr>
          </gpxtpx:TrackPointExtension>
        </extensions>
      </trkpt>
      <trkpt lat="22.54468455000523" lon="114.09820025505697">
        <ele>4.648177438415587</ele>
        <time>1970-01-01T00:38:30.700000Z</time>
        <extensions>
          <gpxtpx:TrackPointExtension>
            <gpxtpx:hr>158</gpxtpx:hr>
          </gpxtpx:TrackPointExtension>
        </extensions>
      </trkpt>
      <trkpt lat="22.544661452558802" lon="114.0982162397982">
        <ele>5.003681521862745</ele>
        <time>1970-01-01T00:38:31.700000Z</time>
        <extensions>
          <gpxtpx:TrackPointExtension>
            <gpxtpx:hr>158</gpxtpx:hr>
          </gpxtpx:TrackPointExtension>
        </extensions>
      </trkpt>
      <trkpt lat="22.5446378331054" lon="114.0982325372249">
        <ele>5.349494404159486</ele>
        <time>1970-01-01T00:38:32.700000Z</time>
        <extensions>
          <gpxtpx:TrackPointExtension>
            <gpxtpx:hr>158</gpxtpx:hr>
          </gpxtpx:TrackPointExtension>
        </extensions>
      </trkpt>
      <trkpt lat="22.54461391774011" lon="114.09824854344839">
        <ele>5.636598117649555</ele>
        <time>1970-01-01T00:38:33.700000Z</time>
        <extensions>
          <gpxtpx:TrackPointExtension>
            <gpxtpx:hr>158</gpxtpx:hr>
          </gpxtpx:TrackPointExtension>
        </extensions>
      </trkpt>
      <trkpt lat="22.54458999168536" lon="114.09826373677083">
        <ele>5.902594267390668</ele>
        <time>1970-01-01T00:38:34.700000Z</time>
        <extensions>
          <gpxtpx:TrackPointExtension>
            <gpxtpx:hr>158</gpxtpx:hr>
          </gpxtpx:TrackPointExtension>
        </extensions>
      </trkpt>
      <trkpt lat="22.54456662594747" lon="114.09827849129647">
        <ele>6.155652011744678</ele>
        <time>1970-01-01T00:38:35.700000Z</time>
        <extensions>
          <gpxtpx:TrackPointExtension>
            <gpxtpx:hr>158</gpxtpx:hr>
          </gpxtpx:TrackPointExtension>
        </extensions>
      </trkpt>
      <trkpt lat="22.544544340937474" lon="114.09829346068702">
        <ele>6.381581669673324</ele>
        <time>1970-01-01T00:38:36.700000Z</time>
        <extensions>
          <gpxtpx:TrackPointExtension>
            <gpxtpx:hr>157</gpxtpx:hr>
          </gpxtpx:TrackPointExtension>
        </extensions>
      </trkpt>
      <trkpt lat="22.544522800108375" lon="114.09830848901382">
        <ele>6.572076931595802</ele>
        <time>1970-01-01T00:38:37.700000Z</time>
        <extensions>
          <gpxtpx:TrackPointExtension>
            <gpxtpx:hr>157</gpxtpx:hr>
          </gpxtpx:TrackPointExtension>
        </extensions>
      </trkpt>
      <trkpt lat="22.54450143461462" lon="114.09832261346548">
        <ele>6.708261406049132</ele>
        <time>1970-01-01T00:38:38.700000Z</time>
        <extensions>
          <gpxtpx:TrackPointExtension>
            <gpxtpx:hr>157</gpxtpx:hr>
          </gpxtpx:TrackPointExtension>
        </extensions>
      </trkpt>
      <trkpt lat="22.544479537159333" lon="114.0983348416477">
        <ele>6.835644433274865</ele>
        <time>1970-01-01T00:38:39.700000Z</time>
        <extensions>
          <gpxtpx:TrackPointExtension>
            <gpxtpx:hr>157</gpxtpx:hr>
          </gpxtpx:TrackPointExtension>
        </extensions>
      </trkpt>
      <trkpt lat="22.54445656081153" lon="114.09834450992423">
        <ele>6.933626117184758</ele>
        <time>1970-01-01T00:38:40.700000Z</time>
        <extensions>
          <gpxtpx:TrackPointExtension>
            <gpxtpx:hr>157</gpxtpx:hr>
          </gpxtpx:TrackPointExtension>
        </extensions>
      </trkpt>
      <trkpt lat="22.544432550862478" lon="114.09835215334728">
        <ele>6.956996904686093</ele>
        <time>1970-01-01T00:38:41.700000Z</time>
        <extensions>
          <gpxtpx:TrackPointExtension>
            <gpxtpx:hr>157</gpxtpx:hr>
          </gpxtpx:TrackPointExtension>
        </extensions>
      </trkpt>
      <trkpt lat="22.544407884721636" lon="114.09835808616953">
        <ele>6.966956719756126</ele>
        <time>1970-01-01T00:38:42.700000Z</time>
        <extensions>
          <gpxtpx:TrackPointExtension>
            <gpxtpx:hr>157</gpxtpx:hr>
          </gpxtpx:TrackPointExtension>
        </extensions>
      </trkpt>
      <trkpt lat="22.544383053869147" lon="114.09836129172733">
        <ele>6.974003556184471</ele>
        <time>1970-01-01T00:38:43.700000Z</time>
        <extensions>
          <gpxtpx:TrackPointExtension>
            <gpxtpx:hr>157</gpxtpx:hr>
          </gpxtpx:TrackPointExtension>
        </extensions>
      </trkpt>
      <trkpt lat="22.54435802505826" lon="114.09836189124081">
        <ele>7.088894206099212</ele>
        <time>1970-01-01T00:38:44.700000Z</time>
        <extensions>
          <gpxtpx:TrackPointExtension>
            <gpxtpx:hr>157</gpxtpx:hr>
          </gpxtpx:TrackPointExtension>
        </extensions>
      </trkpt>
      <trkpt lat="22.544333514055243" lon="114.09836197596586">
        <ele>7.14471429772675</ele>
        <time>1970-01-01T00:38:45.700000Z</time>
        <extensions>
          <gpxtpx:TrackPointExtension>
            <gpxtpx:hr>158</gpxtpx:hr>
          </gpxtpx:TrackPointExtension>
        </extensions>
      </trkpt>
      <trkpt lat="22.5443102644025" lon="114.09836417606861">
        <ele>7.180970856919885</ele>
        <time>1970-01-01T00:38:46.700000Z</time>
        <extensions>
          <gpxtpx:TrackPointExtension>
            <gpxtpx:hr>158</gpxtpx:hr>
          </gpxtpx:TrackPointExtension>
        </extensions>
      </trkpt>
      <trkpt lat="22.54428823245282" lon="114.09836952606892">
        <ele>7.207587682642043</ele>
        <time>1970-01-01T00:38:47.700000Z</time>
        <extensions>
          <gpxtpx:TrackPointExtension>
            <gpxtpx:hr>158</gpxtpx:hr>
          </gpxtpx:TrackPointExtension>
        </extensions>
      </trkpt>
      <trkpt lat="22.544266760016203" lon="114.09837717242911">
        <ele>7.2273559514433146</ele>
        <time>1970-01-01T00:38:48.700000Z</time>
        <extensions>
          <gpxtpx:TrackPointExtension>
            <gpxtpx:hr>158</gpxtpx:hr>
          </gpxtpx:TrackPointExtension>
        </extensions>
      </trkpt>
      <trkpt lat="22.544245635060985" lon="114.09838728992891">
        <ele>7.243181023746729</ele>
        <time>1970-01-01T00:38:49.700000Z</time>
        <extensions>
          <gpxtpx:TrackPointExtension>
            <gpxtpx:hr>158</gpxtpx:hr>
          </gpxtpx:TrackPointExtension>
        </extensions>
      </trkpt>
      <trkpt lat="22.544225408032226" lon="114.09840067106946">
        <ele>7.258190834894776</ele>
        <time>1970-01-01T00:38:50.700000Z</time>
        <extensions>
          <gpxtpx:TrackPointExtension>
            <gpxtpx:hr>158</gpxtpx:hr>
          </gpxtpx:TrackPointExtension>
        </extensions>
      </trkpt>
      <trkpt lat="22.544207265526136" lon="114.09841748204798">
        <ele>7.276077593676746</ele>
        <time>1970-01-01T00:38:51.700000Z</time>
        <extensions>
          <gpxtpx:TrackPointExtension>
            <gpxtpx:hr>159</gpxtpx:hr>
          </gpxtpx:TrackPointExtension>
        </extensions>
      </trkpt>
      <trkpt lat="22.54419341843915" lon="114.09843811154404">
        <ele>7.300260270014405</ele>
        <time>1970-01-01T00:38:52.700000Z</time>
        <extensions>
          <gpxtpx:TrackPointExtension>
            <gpxtpx:hr>159</gpxtpx:hr>
          </gpxtpx:TrackPointExtension>
        </extensions>
      </trkpt>
      <trkpt lat="22.54418568120421" lon="114.09846287111709">
        <ele>7.330596776679158</ele>
        <time>1970-01-01T00:38:53.700000Z</time>
        <extensions>
          <gpxtpx:TrackPointExtension>
            <gpxtpx:hr>159</gpxtpx:hr>
          </gpxtpx:TrackPointExtension>
        </extensions>
      </trkpt>
      <trkpt lat="22.544184228236194" lon="114.09849043728897">
        <ele>7.362710000947118</ele>
        <time>1970-01-01T00:38:54.700000Z</time>
        <extensions>
          <gpxtpx:TrackPointExtension>
            <gpxtpx:hr>159</gpxtpx:hr>
          </gpxtpx:TrackPointExtension>
        </extensions>
      </trkpt>
      <trkpt lat="22.544188411510785" lon="114.09851936146224">
        <ele>7.39022515527904</ele>
        <time>1970-01-01T00:38:55.700000Z</time>
        <extensions>
          <gpxtpx:TrackPointExtension>
            <gpxtpx:hr>159</gpxtpx:hr>
          </gpxtpx:TrackPointExtension>
        </extensions>
      </trkpt>
      <trkpt lat="22.54419715858809" lon="114.0985484698927">
        <ele>7.408585648983717</ele>
        <time>1970-01-01T00:38:56.700000Z</time>
        <extensions>
          <gpxtpx:TrackPointExtension>
            <gpxtpx:hr>159</gpxtpx:hr>
          </gpxtpx:TrackPointExtension>
        </extensions>
      </trkpt>
      <trkpt lat="22.544209205429972" lon="114.09857641282342">
        <ele>7.416737552732229</ele>
        <time>1970-01-01T00:38:57.700000Z</time>
        <extensions>
          <gpxtpx:TrackPointExtension>
            <gpxtpx:hr>159</gpxtpx:hr>
          </gpxtpx:TrackPointExtension>
        </extensions>
      </trkpt>
      <trkpt lat="22.54422321340835" lon="114.09860284631225">
        <ele>7.414585338905454</ele>
        <time>1970-01-01T00:38:58.700000Z</time>
        <extensions>
          <gpxtpx:TrackPointExtension>
            <gpxtpx:hr>159</gpxtpx:hr>
          </gpxtpx:TrackPointExtension>
        </extensions>
      </trkpt>
      <trkpt lat="22.544238249559125" lon="114.0986278120204">
        <ele>7.402554686181247</ele>
        <time>1970-01-01T00:38:59.700000Z</time>
        <extensions>
          <gpxtpx:TrackPointExtension>
            <gpxtpx:hr>159</gpxtpx:hr>
          </gpxtpx:TrackPointExtension>
        </extensions>
      </trkpt>
      <trkpt lat="22.544254095757516" lon="114.09865144708009">
        <ele>7.381292800419033</ele>
        <time>1970-01-01T00:39:00.700000Z</time>
        <extensions>
          <gpxtpx:TrackPointExtension>
            <gpxtpx:hr>158</gpxtpx:hr>
          </gpxtpx:TrackPointExtension>
        </extensions>
      </trkpt>
      <trkpt lat="22.54427013167466" lon="114.0986740748499">
        <ele>7.351377250626683</ele>
        <time>1970-01-01T00:39:01.700000Z</time>
        <extensions>
          <gpxtpx:TrackPointExtension>
            <gpxtpx:hr>158</gpxtpx:hr>
          </gpxtpx:TrackPointExtension>
        </extensions>
      </trkpt>
      <trkpt lat="22.5442856863647" lon="114.09869639203099">
        <ele>7.313410337083042</ele>
        <time>1970-01-01T00:39:02.700000Z</time>
        <extensions>
          <gpxtpx:TrackPointExtension>
            <gpxtpx:hr>158</gpxtpx:hr>
          </gpxtpx:TrackPointExtension>
        </extensions>
      </trkpt>
      <trkpt lat="22.54430095197202" lon="114.09871858658288">
        <ele>7.267414499074221</ele>
        <time>1970-01-01T00:39:03.700000Z</time>
        <extensions>
          <gpxtpx:TrackPointExtension>
            <gpxtpx:hr>158</gpxtpx:hr>
          </gpxtpx:TrackPointExtension>
        </extensions>
      </trkpt>
      <trkpt lat="22.54431629382853" lon="114.09873976891096">
        <ele>7.213003105483949</ele>
        <time>1970-01-01T00:39:04.700000Z</time>
        <extensions>
          <gpxtpx:TrackPointExtension>
            <gpxtpx:hr>158</gpxtpx:hr>
          </gpxtpx:TrackPointExtension>
        </extensions>
      </trkpt>
      <trkpt lat="22.544332870131978" lon="114.09875965400774">
        <ele>7.1497234450653195</ele>
        <time>1970-01-01T00:39:05.700000Z</time>
        <extensions>
          <gpxtpx:TrackPointExtension>
            <gpxtpx:hr>158</gpxtpx:hr>
          </gpxtpx:TrackPointExtension>
        </extensions>
      </trkpt>
      <trkpt lat="22.54435160043206" lon="114.09877853455629">
        <ele>7.076985560357571</ele>
        <time>1970-01-01T00:39:06.700000Z</time>
        <extensions>
          <gpxtpx:TrackPointExtension>
            <gpxtpx:hr>158</gpxtpx:hr>
          </gpxtpx:TrackPointExtension>
        </extensions>
      </trkpt>
      <trkpt lat="22.544372672121487" lon="114.09879692903696">
        <ele>6.994279106147587</ele>
        <time>1970-01-01T00:39:07.700000Z</time>
        <extensions>
          <gpxtpx:TrackPointExtension>
            <gpxtpx:hr>158</gpxtpx:hr>
          </gpxtpx:TrackPointExtension>
        </extensions>
      </trkpt>
      <trkpt lat="22.544395305139542" lon="114.09881523139288">
        <ele>6.901636034250259</ele>
        <time>1970-01-01T00:39:08.700000Z</time>
        <extensions>
          <gpxtpx:TrackPointExtension>
            <gpxtpx:hr>158</gpxtpx:hr>
          </gpxtpx:TrackPointExtension>
        </extensions>
      </trkpt>
      <trkpt lat="22.544418091256805" lon="114.09883275137915">
        <ele>6.799588035792112</ele>
        <time>1970-01-01T00:39:09.700000Z</time>
        <extensions>
          <gpxtpx:TrackPointExtension>
            <gpxtpx:hr>158</gpxtpx:hr>
          </gpxtpx:TrackPointExtension>
        </extensions>
      </trkpt>
      <trkpt lat="22.544439747447882" lon="114.0988496377658">
        <ele>6.688271722756326</ele>
        <time>1970-01-01T00:39:10.700000Z</time>
        <extensions>
          <gpxtpx:TrackPointExtension>
            <gpxtpx:hr>158</gpxtpx:hr>
          </gpxtpx:TrackPointExtension>
        </extensions>
      </trkpt>
      <trkpt lat="22.54446016097126" lon="114.09886754758455">
        <ele>6.568763931281865</ele>
        <time>1970-01-01T00:39:11.700000Z</time>
        <extensions>
          <gpxtpx:TrackPointExtension>
            <gpxtpx:hr>159</gpxtpx:hr>
          </gpxtpx:TrackPointExtension>
        </extensions>
      </trkpt>
      <trkpt lat="22.544479300649595" lon="114.09888861811643">
        <ele>6.442392559722066</ele>
        <time>1970-01-01T00:39:12.700000Z</time>
        <extensions>
          <gpxtpx:TrackPointExtension>
            <gpxtpx:hr>159</gpxtpx:hr>
          </gpxtpx:TrackPointExtension>
        </extensions>
      </trkpt>
      <trkpt lat="22.544496545102334" lon="114.09891401976348">
        <ele>6.31098872795701</ele>
        <time>1970-01-01T00:39:13.700000Z</time>
        <extensions>
          <gpxtpx:TrackPointExtension>
            <gpxtpx:hr>159</gpxtpx:hr>
          </gpxtpx:TrackPointExtension>
        </extensions>
      </trkpt>
      <trkpt lat="22.544511520870685" lon="114.09894303380027">
        <ele>6.17695327848196</ele>
        <time>1970-01-01T00:39:14.700000Z</time>
        <extensions>
          <gpxtpx:TrackPointExtension>
            <gpxtpx:hr>158</gpxtpx:hr>
          </gpxtpx:TrackPointExtension>
        </extensions>
      </trkpt>
      <trkpt lat="22.544524154509542" lon="114.09897348853109">
        <ele>6.042834352701902</ele>
        <time>1970-01-01T00:39:15.700000Z</time>
        <extensions>
          <gpxtpx:TrackPointExtension>
            <gpxtpx:hr>158</gpxtpx:hr>
          </gpxtpx:TrackPointExtension>
        </extensions>
      </trkpt>
      <trkpt lat="22.54453445820371" lon="114.09900283952166">
        <ele>5.911722315475345</ele>
        <time>1970-01-01T00:39:16.700000Z</time>
        <extensions>
          <gpxtpx:TrackPointExtension>
            <gpxtpx:hr>158</gpxtpx:hr>
          </gpxtpx:TrackPointExtension>
        </extensions>
      </trkpt>
      <trkpt lat="22.544543115610292" lon="114.0990299255376">
        <ele>5.786488959565759</ele>
        <time>1970-01-01T00:39:17.700000Z</time>
        <extensions>
          <gpxtpx:TrackPointExtension>
            <gpxtpx:hr>158</gpxtpx:hr>
          </gpxtpx:TrackPointExtension>
        </extensions>
      </trkpt>
      <trkpt lat="22.544551769886258" lon="114.09905537324896">
        <ele>5.669429193250835</ele>
        <time>1970-01-01T00:39:18.700000Z</time>
        <extensions>
          <gpxtpx:TrackPointExtension>
            <gpxtpx:hr>158</gpxtpx:hr>
          </gpxtpx:TrackPointExtension>
        </extensions>
      </trkpt>
      <trkpt lat="22.54456146910282" lon="114.09907988333897">
        <ele>5.562825504690409</ele>
        <time>1970-01-01T00:39:19.700000Z</time>
        <extensions>
          <gpxtpx:TrackPointExtension>
            <gpxtpx:hr>158</gpxtpx:hr>
          </gpxtpx:TrackPointExtension>
        </extensions>
      </trkpt>
      <trkpt lat="22.544572582391012" lon="114.09910363400633">
        <ele>5.467952098697424</ele>
        <time>1970-01-01T00:39:20.700000Z</time>
        <extensions>
          <gpxtpx:TrackPointExtension>
            <gpxtpx:hr>158</gpxtpx:hr>
          </gpxtpx:TrackPointExtension>
        </extensions>
      </trkpt>
      <trkpt lat="22.544585163678693" lon="114.09912650280656">
        <ele>5.385546827688813</ele>
        <time>1970-01-01T00:39:21.700000Z</time>
        <extensions>
          <gpxtpx:TrackPointExtension>
            <gpxtpx:hr>156</gpxtpx:hr>
          </gpxtpx:TrackPointExtension>
        </extensions>
      </trkpt>
      <trkpt lat="22.544598059426164" lon="114.09914924472697">
        <ele>5.315961535088718</ele>
        <time>1970-01-01T00:39:22.700000Z</time>
        <extensions>
          <gpxtpx:TrackPointExtension>
            <gpxtpx:hr>156</gpxtpx:hr>
          </gpxtpx:TrackPointExtension>
        </extensions>
      </trkpt>
      <trkpt lat="22.544609894580056" lon="114.0991725587751">
        <ele>5.25925125554204</ele>
        <time>1970-01-01T00:39:23.700000Z</time>
        <extensions>
          <gpxtpx:TrackPointExtension>
            <gpxtpx:hr>156</gpxtpx:hr>
          </gpxtpx:TrackPointExtension>
        </extensions>
      </trkpt>
      <trkpt lat="22.544620602853037" lon="114.09919531287828">
        <ele>5.21625991538167</ele>
        <time>1970-01-01T00:39:24.700000Z</time>
        <extensions>
          <gpxtpx:TrackPointExtension>
            <gpxtpx:hr>156</gpxtpx:hr>
          </gpxtpx:TrackPointExtension>
        </extensions>
      </trkpt>
      <trkpt lat="22.544630800302222" lon="114.09921685733396">
        <ele>5.188405368477106</ele>
        <time>1970-01-01T00:39:25.700000Z</time>
        <extensions>
          <gpxtpx:TrackPointExtension>
            <gpxtpx:hr>156</gpxtpx:hr>
          </gpxtpx:TrackPointExtension>
        </extensions>
      </trkpt>
      <trkpt lat="22.544641313929187" lon="114.09923613692683">
        <ele>5.17652777954936</ele>
        <time>1970-01-01T00:39:26.700000Z</time>
        <extensions>
          <gpxtpx:TrackPointExtension>
            <gpxtpx:hr>156</gpxtpx:hr>
          </gpxtpx:TrackPointExtension>
        </extensions>
      </trkpt>
      <trkpt lat="22.54465339088388" lon="114.09925303774259">
        <ele>5.180599340237677</ele>
        <time>1970-01-01T00:39:27.700000Z</time>
        <extensions>
          <gpxtpx:TrackPointExtension>
            <gpxtpx:hr>156</gpxtpx:hr>
          </gpxtpx:TrackPointExtension>
        </extensions>
      </trkpt>
      <trkpt lat="22.54466641479335" lon="114.09927003585346">
        <ele>5.200080532580614</ele>
        <time>1970-01-01T00:39:28.700000Z</time>
        <extensions>
          <gpxtpx:TrackPointExtension>
            <gpxtpx:hr>157</gpxtpx:hr>
          </gpxtpx:TrackPointExtension>
        </extensions>
      </trkpt>
      <trkpt lat="22.5446802172831" lon="114.09928756129668">
        <ele>5.233679428696632</ele>
        <time>1970-01-01T00:39:29.700000Z</time>
        <extensions>
          <gpxtpx:TrackPointExtension>
            <gpxtpx:hr>157</gpxtpx:hr>
          </gpxtpx:TrackPointExtension>
        </extensions>
      </trkpt>
      <trkpt lat="22.544696195647425" lon="114.09930211151432">
        <ele>5.27939807344228</ele>
        <time>1970-01-01T00:39:30.700000Z</time>
        <extensions>
          <gpxtpx:TrackPointExtension>
            <gpxtpx:hr>157</gpxtpx:hr>
          </gpxtpx:TrackPointExtension>
        </extensions>
      </trkpt>
      <trkpt lat="22.54471553954007" lon="114.0993105986933">
        <ele>5.3346048248931766</ele>
        <time>1970-01-01T00:39:31.700000Z</time>
        <extensions>
          <gpxtpx:TrackPointExtension>
            <gpxtpx:hr>157</gpxtpx:hr>
          </gpxtpx:TrackPointExtension>
        </extensions>
      </trkpt>
      <trkpt lat="22.544737547194668" lon="114.09930949708708">
        <ele>5.396117511205375</ele>
        <time>1970-01-01T00:39:32.700000Z</time>
        <extensions>
          <gpxtpx:TrackPointExtension>
            <gpxtpx:hr>158</gpxtpx:hr>
          </gpxtpx:TrackPointExtension>
        </extensions>
      </trkpt>
      <trkpt lat="22.5447590024812" lon="114.09929616056802">
        <ele>5.460349169559777</ele>
        <time>1970-01-01T00:39:33.700000Z</time>
        <extensions>
          <gpxtpx:TrackPointExtension>
            <gpxtpx:hr>158</gpxtpx:hr>
          </gpxtpx:TrackPointExtension>
        </extensions>
      </trkpt>
      <trkpt lat="22.54477665796341" lon="114.0992755123753">
        <ele>5.5233834674581885</ele>
        <time>1970-01-01T00:39:34.700000Z</time>
        <extensions>
          <gpxtpx:TrackPointExtension>
            <gpxtpx:hr>158</gpxtpx:hr>
          </gpxtpx:TrackPointExtension>
        </extensions>
      </trkpt>
      <trkpt lat="22.544790880202402" lon="114.09925647343114">
        <ele>5.581869102083147</ele>
        <time>1970-01-01T00:39:35.700000Z</time>
        <extensions>
          <gpxtpx:TrackPointExtension>
            <gpxtpx:hr>158</gpxtpx:hr>
          </gpxtpx:TrackPointExtension>
        </extensions>
      </trkpt>
      <trkpt lat="22.544805393310167" lon="114.09924489853495">
        <ele>5.633808243088424</ele>
        <time>1970-01-01T00:39:36.700000Z</time>
        <extensions>
          <gpxtpx:TrackPointExtension>
            <gpxtpx:hr>158</gpxtpx:hr>
          </gpxtpx:TrackPointExtension>
        </extensions>
      </trkpt>
      <trkpt lat="22.54482269005954" lon="114.09924067672371">
        <ele>5.678631196729839</ele>
        <time>1970-01-01T00:39:37.700000Z</time>
        <extensions>
          <gpxtpx:TrackPointExtension>
            <gpxtpx:hr>158</gpxtpx:hr>
          </gpxtpx:TrackPointExtension>
        </extensions>
      </trkpt>
      <trkpt lat="22.5448429911904" lon="114.0992393421675">
        <ele>5.716611395590007</ele>
        <time>1970-01-01T00:39:38.700000Z</time>
        <extensions>
          <gpxtpx:TrackPointExtension>
            <gpxtpx:hr>158</gpxtpx:hr>
          </gpxtpx:TrackPointExtension>
        </extensions>
      </trkpt>
      <trkpt lat="22.54486445005335" lon="114.09923653595081">
        <ele>5.748651968315244</ele>
        <time>1970-01-01T00:39:39.700000Z</time>
        <extensions>
          <gpxtpx:TrackPointExtension>
            <gpxtpx:hr>158</gpxtpx:hr>
          </gpxtpx:TrackPointExtension>
        </extensions>
      </trkpt>
      <trkpt lat="22.54488640338928" lon="114.0992299697817">
        <ele>5.7758938036859035</ele>
        <time>1970-01-01T00:39:40.700000Z</time>
        <extensions>
          <gpxtpx:TrackPointExtension>
            <gpxtpx:hr>158</gpxtpx:hr>
          </gpxtpx:TrackPointExtension>
        </extensions>
      </trkpt>
      <trkpt lat="22.544909531029255" lon="114.09922125524186">
        <ele>5.799492422491312</ele>
        <time>1970-01-01T00:39:41.700000Z</time>
        <extensions>
          <gpxtpx:TrackPointExtension>
            <gpxtpx:hr>158</gpxtpx:hr>
          </gpxtpx:TrackPointExtension>
        </extensions>
      </trkpt>
      <trkpt lat="22.54493522958638" lon="114.09921338208777">
        <ele>5.82025876455009</ele>
        <time>1970-01-01T00:39:42.700000Z</time>
        <extensions>
          <gpxtpx:TrackPointExtension>
            <gpxtpx:hr>158</gpxtpx:hr>
          </gpxtpx:TrackPointExtension>
        </extensions>
      </trkpt>
      <trkpt lat="22.54496357798363" lon="114.09920813887507">
        <ele>5.838838033378124</ele>
        <time>1970-01-01T00:39:43.700000Z</time>
        <extensions>
          <gpxtpx:TrackPointExtension>
            <gpxtpx:hr>158</gpxtpx:hr>
          </gpxtpx:TrackPointExtension>
        </extensions>
      </trkpt>
      <trkpt lat="22.54499282559723" lon="114.09920606077222">
        <ele>5.855969867669046</ele>
        <time>1970-01-01T00:39:44.700000Z</time>
        <extensions>
          <gpxtpx:TrackPointExtension>
            <gpxtpx:hr>158</gpxtpx:hr>
          </gpxtpx:TrackPointExtension>
        </extensions>
      </trkpt>
      <trkpt lat="22.54502206188747" lon="114.0992068791687">
        <ele>5.872465721331537</ele>
        <time>1970-01-01T00:39:45.700000Z</time>
        <extensions>
          <gpxtpx:TrackPointExtension>
            <gpxtpx:hr>158</gpxtpx:hr>
          </gpxtpx:TrackPointExtension>
        </extensions>
      </trkpt>
      <trkpt lat="22.545050699863168" lon="114.09920966976293">
        <ele>5.888923677615821</ele>
        <time>1970-01-01T00:39:46.700000Z</time>
        <extensions>
          <gpxtpx:TrackPointExtension>
            <gpxtpx:hr>158</gpxtpx:hr>
          </gpxtpx:TrackPointExtension>
        </extensions>
      </trkpt>
      <trkpt lat="22.54507850979832" lon="114.0992131599835">
        <ele>5.9060338120907545</ele>
        <time>1970-01-01T00:39:47.700000Z</time>
        <extensions>
          <gpxtpx:TrackPointExtension>
            <gpxtpx:hr>158</gpxtpx:hr>
          </gpxtpx:TrackPointExtension>
        </extensions>
      </trkpt>
      <trkpt lat="22.54510629291144" lon="114.09921721169951">
        <ele>5.924306940287352</ele>
        <time>1970-01-01T00:39:48.700000Z</time>
        <extensions>
          <gpxtpx:TrackPointExtension>
            <gpxtpx:hr>157</gpxtpx:hr>
          </gpxtpx:TrackPointExtension>
        </extensions>
      </trkpt>
      <trkpt lat="22.545134537671462" lon="114.0992220330792">
        <ele>5.94399905949831</ele>
        <time>1970-01-01T00:39:49.700000Z</time>
        <extensions>
          <gpxtpx:TrackPointExtension>
            <gpxtpx:hr>157</gpxtpx:hr>
          </gpxtpx:TrackPointExtension>
        </extensions>
      </trkpt>
      <trkpt lat="22.545162461828742" lon="114.09922707546257">
        <ele>5.965193820185959</ele>
        <time>1970-01-01T00:39:50.700000Z</time>
        <extensions>
          <gpxtpx:TrackPointExtension>
            <gpxtpx:hr>157</gpxtpx:hr>
          </gpxtpx:TrackPointExtension>
        </extensions>
      </trkpt>
      <trkpt lat="22.545190203175597" lon="114.09923186627289">
        <ele>5.988098073750734</ele>
        <time>1970-01-01T00:39:51.700000Z</time>
        <extensions>
          <gpxtpx:TrackPointExtension>
            <gpxtpx:hr>157</gpxtpx:hr>
          </gpxtpx:TrackPointExtension>
        </extensions>
      </trkpt>
      <trkpt lat="22.545217619199168" lon="114.09923647754002">
        <ele>6.013060971163213</ele>
        <time>1970-01-01T00:39:52.700000Z</time>
        <extensions>
          <gpxtpx:TrackPointExtension>
            <gpxtpx:hr>157</gpxtpx:hr>
          </gpxtpx:TrackPointExtension>
        </extensions>
      </trkpt>
      <trkpt lat="22.54524439456839" lon="114.09924147973364">
        <ele>6.040467442013323</ele>
        <time>1970-01-01T00:39:53.700000Z</time>
        <extensions>
          <gpxtpx:TrackPointExtension>
            <gpxtpx:hr>158</gpxtpx:hr>
          </gpxtpx:TrackPointExtension>
        </extensions>
      </trkpt>
      <trkpt lat="22.545271269313872" lon="114.0992468267278">
        <ele>6.070540612563491</ele>
        <time>1970-01-01T00:39:54.700000Z</time>
        <extensions>
          <gpxtpx:TrackPointExtension>
            <gpxtpx:hr>158</gpxtpx:hr>
          </gpxtpx:TrackPointExtension>
        </extensions>
      </trkpt>
      <trkpt lat="22.545300512805074" lon="114.09925151794961">
        <ele>6.103243229910731</ele>
        <time>1970-01-01T00:39:55.700000Z</time>
        <extensions>
          <gpxtpx:TrackPointExtension>
            <gpxtpx:hr>158</gpxtpx:hr>
          </gpxtpx:TrackPointExtension>
        </extensions>
      </trkpt>
      <trkpt lat="22.545332630963898" lon="114.09925541750323">
        <ele>6.138259164057672</ele>
        <time>1970-01-01T00:39:56.700000Z</time>
        <extensions>
          <gpxtpx:TrackPointExtension>
            <gpxtpx:hr>158</gpxtpx:hr>
          </gpxtpx:TrackPointExtension>
        </extensions>
      </trkpt>
      <trkpt lat="22.545365420222726" lon="114.09925901960996">
        <ele>6.175001032650471</ele>
        <time>1970-01-01T00:39:57.700000Z</time>
        <extensions>
          <gpxtpx:TrackPointExtension>
            <gpxtpx:hr>158</gpxtpx:hr>
          </gpxtpx:TrackPointExtension>
        </extensions>
      </trkpt>
      <trkpt lat="22.545397507098556" lon="114.09926247975554">
        <ele>6.212760660797358</ele>
        <time>1970-01-01T00:39:58.700000Z</time>
        <extensions>
          <gpxtpx:TrackPointExtension>
            <gpxtpx:hr>158</gpxtpx:hr>
          </gpxtpx:TrackPointExtension>
        </extensions>
      </trkpt>
      <trkpt lat="22.54542802563178" lon="114.09926565260518">
        <ele>6.250875459983945</ele>
        <time>1970-01-01T00:39:59.700000Z</time>
        <extensions>
          <gpxtpx:TrackPointExtension>
            <gpxtpx:hr>158</gpxtpx:hr>
          </gpxtpx:TrackPointExtension>
        </extensions>
      </trkpt>
      <trkpt lat="22.54545726991312" lon="114.0992685068663">
        <ele>6.288946544751525</ele>
        <time>1970-01-01T00:40:00.700000Z</time>
        <extensions>
          <gpxtpx:TrackPointExtension>
            <gpxtpx:hr>158</gpxtpx:hr>
          </gpxtpx:TrackPointExtension>
        </extensions>
      </trkpt>
      <trkpt lat="22.54548624794577" lon="114.09927114576838">
        <ele>6.326807459816337</ele>
        <time>1970-01-01T00:40:01.700000Z</time>
        <extensions>
          <gpxtpx:TrackPointExtension>
            <gpxtpx:hr>158</gpxtpx:hr>
          </gpxtpx:TrackPointExtension>
        </extensions>
      </trkpt>
      <trkpt lat="22.54551509135226" lon="114.09927383258332">
        <ele>6.364373865537345</ele>
        <time>1970-01-01T00:40:02.700000Z</time>
        <extensions>
          <gpxtpx:TrackPointExtension>
            <gpxtpx:hr>158</gpxtpx:hr>
          </gpxtpx:TrackPointExtension>
        </extensions>
      </trkpt>
      <trkpt lat="22.54554320756577" lon="114.09927690442538">
        <ele>6.401648403145373</ele>
        <time>1970-01-01T00:40:03.700000Z</time>
        <extensions>
          <gpxtpx:TrackPointExtension>
            <gpxtpx:hr>158</gpxtpx:hr>
          </gpxtpx:TrackPointExtension>
        </extensions>
      </trkpt>
      <trkpt lat="22.545571022555883" lon="114.09928003077849">
        <ele>6.439083867706358</ele>
        <time>1970-01-01T00:40:04.700000Z</time>
        <extensions>
          <gpxtpx:TrackPointExtension>
            <gpxtpx:hr>158</gpxtpx:hr>
          </gpxtpx:TrackPointExtension>
        </extensions>
      </trkpt>
      <trkpt lat="22.545599026227194" lon="114.09928301608866">
        <ele>6.476341678760946</ele>
        <time>1970-01-01T00:40:05.700000Z</time>
        <extensions>
          <gpxtpx:TrackPointExtension>
            <gpxtpx:hr>158</gpxtpx:hr>
          </gpxtpx:TrackPointExtension>
        </extensions>
      </trkpt>
      <trkpt lat="22.54562672730906" lon="114.09928579431661">
        <ele>6.512921903282404</ele>
        <time>1970-01-01T00:40:06.700000Z</time>
        <extensions>
          <gpxtpx:TrackPointExtension>
            <gpxtpx:hr>158</gpxtpx:hr>
          </gpxtpx:TrackPointExtension>
        </extensions>
      </trkpt>
      <trkpt lat="22.54565318198167" lon="114.0992880248724">
        <ele>6.548299657180905</ele>
        <time>1970-01-01T00:40:07.700000Z</time>
        <extensions>
          <gpxtpx:TrackPointExtension>
            <gpxtpx:hr>158</gpxtpx:hr>
          </gpxtpx:TrackPointExtension>
        </extensions>
      </trkpt>
      <trkpt lat="22.545678181669324" lon="114.09928964667228">
        <ele>6.581966822966933</ele>
        <time>1970-01-01T00:40:08.700000Z</time>
        <extensions>
          <gpxtpx:TrackPointExtension>
            <gpxtpx:hr>158</gpxtpx:hr>
          </gpxtpx:TrackPointExtension>
        </extensions>
      </trkpt>
      <trkpt lat="22.545702649518404" lon="114.09928986484009">
        <ele>6.6133884359151125</ele>
        <time>1970-01-01T00:40:09.700000Z</time>
        <extensions>
          <gpxtpx:TrackPointExtension>
            <gpxtpx:hr>158</gpxtpx:hr>
          </gpxtpx:TrackPointExtension>
        </extensions>
      </trkpt>
      <trkpt lat="22.545727267844516" lon="114.09928741512405">
        <ele>6.641452566720545</ele>
        <time>1970-01-01T00:40:10.700000Z</time>
        <extensions>
          <gpxtpx:TrackPointExtension>
            <gpxtpx:hr>160</gpxtpx:hr>
          </gpxtpx:TrackPointExtension>
        </extensions>
      </trkpt>
      <trkpt lat="22.545751826835744" lon="114.09928162922904">
        <ele>6.6648330725729465</ele>
        <time>1970-01-01T00:40:11.700000Z</time>
        <extensions>
          <gpxtpx:TrackPointExtension>
            <gpxtpx:hr>160</gpxtpx:hr>
          </gpxtpx:TrackPointExtension>
        </extensions>
      </trkpt>
      <trkpt lat="22.545776602498943" lon="114.09927226397149">
        <ele>6.682353165000677</ele>
        <time>1970-01-01T00:40:12.700000Z</time>
        <extensions>
          <gpxtpx:TrackPointExtension>
            <gpxtpx:hr>160</gpxtpx:hr>
          </gpxtpx:TrackPointExtension>
        </extensions>
      </trkpt>
      <trkpt lat="22.545801991007103" lon="114.09926052007893">
        <ele>6.693570519797504</ele>
        <time>1970-01-01T00:40:13.700000Z</time>
        <extensions>
          <gpxtpx:TrackPointExtension>
            <gpxtpx:hr>160</gpxtpx:hr>
          </gpxtpx:TrackPointExtension>
        </extensions>
      </trkpt>
      <trkpt lat="22.545827797567558" lon="114.09924780039329">
        <ele>6.698605420999229</ele>
        <time>1970-01-01T00:40:14.700000Z</time>
        <extensions>
          <gpxtpx:TrackPointExtension>
            <gpxtpx:hr>160</gpxtpx:hr>
          </gpxtpx:TrackPointExtension>
        </extensions>
      </trkpt>
      <trkpt lat="22.54585341994333" lon="114.09923522811364">
        <ele>6.698490177281201</ele>
        <time>1970-01-01T00:40:15.700000Z</time>
        <extensions>
          <gpxtpx:TrackPointExtension>
            <gpxtpx:hr>160</gpxtpx:hr>
          </gpxtpx:TrackPointExtension>
        </extensions>
      </trkpt>
      <trkpt lat="22.54587870166038" lon="114.09922339966383">
        <ele>6.694727731868625</ele>
        <time>1970-01-01T00:40:16.700000Z</time>
        <extensions>
          <gpxtpx:TrackPointExtension>
            <gpxtpx:hr>160</gpxtpx:hr>
          </gpxtpx:TrackPointExtension>
        </extensions>
      </trkpt>
      <trkpt lat="22.545902960808746" lon="114.09921171160768">
        <ele>6.6888221967965364</ele>
        <time>1970-01-01T00:40:17.700000Z</time>
        <extensions>
          <gpxtpx:TrackPointExtension>
            <gpxtpx:hr>160</gpxtpx:hr>
          </gpxtpx:TrackPointExtension>
        </extensions>
      </trkpt>
      <trkpt lat="22.545925907355002" lon="114.09919900243004">
        <ele>6.6820620177313685</ele>
        <time>1970-01-01T00:40:18.700000Z</time>
        <extensions>
          <gpxtpx:TrackPointExtension>
            <gpxtpx:hr>160</gpxtpx:hr>
          </gpxtpx:TrackPointExtension>
        </extensions>
      </trkpt>
      <trkpt lat="22.545948717518836" lon="114.0991850162416">
        <ele>6.675926017574966</ele>
        <time>1970-01-01T00:40:19.700000Z</time>
        <extensions>
          <gpxtpx:TrackPointExtension>
            <gpxtpx:hr>160</gpxtpx:hr>
          </gpxtpx:TrackPointExtension>
        </extensions>
      </trkpt>
      <trkpt lat="22.545973216060613" lon="114.0991703780957">
        <ele>6.67174244299531</ele>
        <time>1970-01-01T00:40:20.700000Z</time>
        <extensions>
          <gpxtpx:TrackPointExtension>
            <gpxtpx:hr>160</gpxtpx:hr>
          </gpxtpx:TrackPointExtension>
        </extensions>
      </trkpt>
      <trkpt lat="22.54599979204177" lon="114.09915633747956">
        <ele>6.670541346073151</ele>
        <time>1970-01-01T00:40:21.700000Z</time>
        <extensions>
          <gpxtpx:TrackPointExtension>
            <gpxtpx:hr>160</gpxtpx:hr>
          </gpxtpx:TrackPointExtension>
        </extensions>
      </trkpt>
      <trkpt lat="22.546027384341023" lon="114.09914451762802">
        <ele>6.672889425419271</ele>
        <time>1970-01-01T00:40:22.700000Z</time>
        <extensions>
          <gpxtpx:TrackPointExtension>
            <gpxtpx:hr>161</gpxtpx:hr>
          </gpxtpx:TrackPointExtension>
        </extensions>
      </trkpt>
      <trkpt lat="22.546053772059995" lon="114.09913616246624">
        <ele>6.67862091679126</ele>
        <time>1970-01-01T00:40:23.700000Z</time>
        <extensions>
          <gpxtpx:TrackPointExtension>
            <gpxtpx:hr>161</gpxtpx:hr>
          </gpxtpx:TrackPointExtension>
        </extensions>
      </trkpt>
      <trkpt lat="22.546077432272913" lon="114.09913119909878">
        <ele>6.686751718632877</ele>
        <time>1970-01-01T00:40:24.700000Z</time>
        <extensions>
          <gpxtpx:TrackPointExtension>
            <gpxtpx:hr>161</gpxtpx:hr>
          </gpxtpx:TrackPointExtension>
        </extensions>
      </trkpt>
      <trkpt lat="22.54610033304631" lon="114.0991283516774">
        <ele>6.696024268865585</ele>
        <time>1970-01-01T00:40:25.700000Z</time>
        <extensions>
          <gpxtpx:TrackPointExtension>
            <gpxtpx:hr>161</gpxtpx:hr>
          </gpxtpx:TrackPointExtension>
        </extensions>
      </trkpt>
      <trkpt lat="22.546125381882973" lon="114.09912709687238">
        <ele>6.705277472734451</ele>
        <time>1970-01-01T00:40:26.700000Z</time>
        <extensions>
          <gpxtpx:TrackPointExtension>
            <gpxtpx:hr>161</gpxtpx:hr>
          </gpxtpx:TrackPointExtension>
        </extensions>
      </trkpt>
      <trkpt lat="22.54615297109177" lon="114.09912778884085">
        <ele>6.713381170295179</ele>
        <time>1970-01-01T00:40:27.700000Z</time>
        <extensions>
          <gpxtpx:TrackPointExtension>
            <gpxtpx:hr>161</gpxtpx:hr>
          </gpxtpx:TrackPointExtension>
        </extensions>
      </trkpt>
      <trkpt lat="22.546182720860223" lon="114.09913056876626">
        <ele>6.719538535922766</ele>
        <time>1970-01-01T00:40:28.700000Z</time>
        <extensions>
          <gpxtpx:TrackPointExtension>
            <gpxtpx:hr>161</gpxtpx:hr>
          </gpxtpx:TrackPointExtension>
        </extensions>
      </trkpt>
      <trkpt lat="22.546214077552644" lon="114.09913524789435">
        <ele>6.723528211936355</ele>
        <time>1970-01-01T00:40:29.700000Z</time>
        <extensions>
          <gpxtpx:TrackPointExtension>
            <gpxtpx:hr>161</gpxtpx:hr>
          </gpxtpx:TrackPointExtension>
        </extensions>
      </trkpt>
      <trkpt lat="22.546246061390036" lon="114.099141370378">
        <ele>6.725822455249727</ele>
        <time>1970-01-01T00:40:30.700000Z</time>
        <extensions>
          <gpxtpx:TrackPointExtension>
            <gpxtpx:hr>161</gpxtpx:hr>
          </gpxtpx:TrackPointExtension>
        </extensions>
      </trkpt>
      <trkpt lat="22.546277805504225" lon="114.09914905896954">
        <ele>6.727435110136867</ele>
        <time>1970-01-01T00:40:31.700000Z</time>
        <extensions>
          <gpxtpx:TrackPointExtension>
            <gpxtpx:hr>161</gpxtpx:hr>
          </gpxtpx:TrackPointExtension>
        </extensions>
      </trkpt>
      <trkpt lat="22.546308535696664" lon="114.0991579826113">
        <ele>6.73053025547415</ele>
        <time>1970-01-01T00:40:32.700000Z</time>
        <extensions>
          <gpxtpx:TrackPointExtension>
            <gpxtpx:hr>162</gpxtpx:hr>
          </gpxtpx:TrackPointExtension>
        </extensions>
      </trkpt>
      <trkpt lat="22.54633840856185" lon="114.09916787922303">
        <ele>6.732997489161789</ele>
        <time>1970-01-01T00:40:33.700000Z</time>
        <extensions>
          <gpxtpx:TrackPointExtension>
            <gpxtpx:hr>162</gpxtpx:hr>
          </gpxtpx:TrackPointExtension>
        </extensions>
      </trkpt>
      <trkpt lat="22.546368076460645" lon="114.09917897839009">
        <ele>6.739785817451775</ele>
        <time>1970-01-01T00:40:34.700000Z</time>
        <extensions>
          <gpxtpx:TrackPointExtension>
            <gpxtpx:hr>162</gpxtpx:hr>
          </gpxtpx:TrackPointExtension>
        </extensions>
      </trkpt>
      <trkpt lat="22.546397417656333" lon="114.09919018643747">
        <ele>6.753117459826171</ele>
        <time>1970-01-01T00:40:35.700000Z</time>
        <extensions>
          <gpxtpx:TrackPointExtension>
            <gpxtpx:hr>162</gpxtpx:hr>
          </gpxtpx:TrackPointExtension>
        </extensions>
      </trkpt>
      <trkpt lat="22.54642619459193" lon="114.0992006177446">
        <ele>6.775793880224228</ele>
        <time>1970-01-01T00:40:36.700000Z</time>
        <extensions>
          <gpxtpx:TrackPointExtension>
            <gpxtpx:hr>162</gpxtpx:hr>
          </gpxtpx:TrackPointExtension>
        </extensions>
      </trkpt>
      <trkpt lat="22.546454474614098" lon="114.09921014133694">
        <ele>6.8116229344159365</ele>
        <time>1970-01-01T00:40:37.700000Z</time>
        <extensions>
          <gpxtpx:TrackPointExtension>
            <gpxtpx:hr>162</gpxtpx:hr>
          </gpxtpx:TrackPointExtension>
        </extensions>
      </trkpt>
      <trkpt lat="22.546482340857718" lon="114.0992188505903">
        <ele>6.863271325826645</ele>
        <time>1970-01-01T00:40:38.700000Z</time>
        <extensions>
          <gpxtpx:TrackPointExtension>
            <gpxtpx:hr>162</gpxtpx:hr>
          </gpxtpx:TrackPointExtension>
        </extensions>
      </trkpt>
      <trkpt lat="22.54650995719599" lon="114.09922679359904">
        <ele>6.925913285464048</ele>
        <time>1970-01-01T00:40:39.700000Z</time>
        <extensions>
          <gpxtpx:TrackPointExtension>
            <gpxtpx:hr>163</gpxtpx:hr>
          </gpxtpx:TrackPointExtension>
        </extensions>
      </trkpt>
      <trkpt lat="22.546536310825193" lon="114.0992334980659">
        <ele>6.994366528466344</ele>
        <time>1970-01-01T00:40:40.700000Z</time>
        <extensions>
          <gpxtpx:TrackPointExtension>
            <gpxtpx:hr>163</gpxtpx:hr>
          </gpxtpx:TrackPointExtension>
        </extensions>
      </trkpt>
      <trkpt lat="22.546561345540482" lon="114.0992381000324">
        <ele>7.0600860100239515</ele>
        <time>1970-01-01T00:40:41.700000Z</time>
        <extensions>
          <gpxtpx:TrackPointExtension>
            <gpxtpx:hr>163</gpxtpx:hr>
          </gpxtpx:TrackPointExtension>
        </extensions>
      </trkpt>
      <trkpt lat="22.54658690617254" lon="114.09924072024502">
        <ele>7.115893287584186</ele>
        <time>1970-01-01T00:40:42.700000Z</time>
        <extensions>
          <gpxtpx:TrackPointExtension>
            <gpxtpx:hr>163</gpxtpx:hr>
          </gpxtpx:TrackPointExtension>
        </extensions>
      </trkpt>
      <trkpt lat="22.546614213641103" lon="114.09924288926162">
        <ele>7.131040099076927</ele>
        <time>1970-01-01T00:40:43.700000Z</time>
        <extensions>
          <gpxtpx:TrackPointExtension>
            <gpxtpx:hr>163</gpxtpx:hr>
          </gpxtpx:TrackPointExtension>
        </extensions>
      </trkpt>
      <trkpt lat="22.54664363116945" lon="114.099246528303">
        <ele>7.121775608509779</ele>
        <time>1970-01-01T00:40:44.700000Z</time>
        <extensions>
          <gpxtpx:TrackPointExtension>
            <gpxtpx:hr>163</gpxtpx:hr>
          </gpxtpx:TrackPointExtension>
        </extensions>
      </trkpt>
      <trkpt lat="22.546673414343182" lon="114.09925154376756">
        <ele>7.0719198770821095</ele>
        <time>1970-01-01T00:40:45.700000Z</time>
        <extensions>
          <gpxtpx:TrackPointExtension>
            <gpxtpx:hr>163</gpxtpx:hr>
          </gpxtpx:TrackPointExtension>
        </extensions>
      </trkpt>
      <trkpt lat="22.54670246398623" lon="114.09925608157698">
        <ele>6.9654291197657585</ele>
        <time>1970-01-01T00:40:46.700000Z</time>
        <extensions>
          <gpxtpx:TrackPointExtension>
            <gpxtpx:hr>164</gpxtpx:hr>
          </gpxtpx:TrackPointExtension>
        </extensions>
      </trkpt>
      <trkpt lat="22.54673087425069" lon="114.09925909774833">
        <ele>6.839663182385266</ele>
        <time>1970-01-01T00:40:47.700000Z</time>
        <extensions>
          <gpxtpx:TrackPointExtension>
            <gpxtpx:hr>164</gpxtpx:hr>
          </gpxtpx:TrackPointExtension>
        </extensions>
      </trkpt>
      <trkpt lat="22.546758774928062" lon="114.09926086133044">
        <ele>6.657148883678019</ele>
        <time>1970-01-01T00:40:48.700000Z</time>
        <extensions>
          <gpxtpx:TrackPointExtension>
            <gpxtpx:hr>164</gpxtpx:hr>
          </gpxtpx:TrackPointExtension>
        </extensions>
      </trkpt>
      <trkpt lat="22.546786059518546" lon="114.09926266233812">
        <ele>6.4607291854918</ele>
        <time>1970-01-01T00:40:49.700000Z</time>
        <extensions>
          <gpxtpx:TrackPointExtension>
            <gpxtpx:hr>164</gpxtpx:hr>
          </gpxtpx:TrackPointExtension>
        </extensions>
      </trkpt>
      <trkpt lat="22.546812259766313" lon="114.09926460202529">
        <ele>6.216407655738294</ele>
        <time>1970-01-01T00:40:50.700000Z</time>
        <extensions>
          <gpxtpx:TrackPointExtension>
            <gpxtpx:hr>164</gpxtpx:hr>
          </gpxtpx:TrackPointExtension>
        </extensions>
      </trkpt>
      <trkpt lat="22.54683691526938" lon="114.0992652929137">
        <ele>5.937728152610362</ele>
        <time>1970-01-01T00:40:51.700000Z</time>
        <extensions>
          <gpxtpx:TrackPointExtension>
            <gpxtpx:hr>164</gpxtpx:hr>
          </gpxtpx:TrackPointExtension>
        </extensions>
      </trkpt>
      <trkpt lat="22.54686034948811" lon="114.09926314832857">
        <ele>5.644530846737325</ele>
        <time>1970-01-01T00:40:52.700000Z</time>
        <extensions>
          <gpxtpx:TrackPointExtension>
            <gpxtpx:hr>164</gpxtpx:hr>
          </gpxtpx:TrackPointExtension>
        </extensions>
      </trkpt>
      <trkpt lat="22.54688267162588" lon="114.09925774899791">
        <ele>5.350433109328151</ele>
        <time>1970-01-01T00:40:53.700000Z</time>
        <extensions>
          <gpxtpx:TrackPointExtension>
            <gpxtpx:hr>164</gpxtpx:hr>
          </gpxtpx:TrackPointExtension>
        </extensions>
      </trkpt>
      <trkpt lat="22.546904962860452" lon="114.09924912949593">
        <ele>5.125361168757081</ele>
        <time>1970-01-01T00:40:54.700000Z</time>
        <extensions>
          <gpxtpx:TrackPointExtension>
            <gpxtpx:hr>164</gpxtpx:hr>
          </gpxtpx:TrackPointExtension>
        </extensions>
      </trkpt>
      <trkpt lat="22.54692802009725" lon="114.09923670659423">
        <ele>4.951475321315229</ele>
        <time>1970-01-01T00:40:55.700000Z</time>
        <extensions>
          <gpxtpx:TrackPointExtension>
            <gpxtpx:hr>164</gpxtpx:hr>
          </gpxtpx:TrackPointExtension>
        </extensions>
      </trkpt>
      <trkpt lat="22.5469514027929" lon="114.09922061656084">
        <ele>4.789102034643292</ele>
        <time>1970-01-01T00:40:56.700000Z</time>
        <extensions>
          <gpxtpx:TrackPointExtension>
            <gpxtpx:hr>165</gpxtpx:hr>
          </gpxtpx:TrackPointExtension>
        </extensions>
      </trkpt>
      <trkpt lat="22.54697425166948" lon="114.0992015757751">
        <ele>4.60928348172456</ele>
        <time>1970-01-01T00:40:57.700000Z</time>
        <extensions>
          <gpxtpx:TrackPointExtension>
            <gpxtpx:hr>165</gpxtpx:hr>
          </gpxtpx:TrackPointExtension>
        </extensions>
      </trkpt>
      <trkpt lat="22.546995414075866" lon="114.09918062708923">
        <ele>4.45141174364835</ele>
        <time>1970-01-01T00:40:58.700000Z</time>
        <extensions>
          <gpxtpx:TrackPointExtension>
            <gpxtpx:hr>165</gpxtpx:hr>
          </gpxtpx:TrackPointExtension>
        </extensions>
      </trkpt>
      <trkpt lat="22.547015352224022" lon="114.09915894264947">
        <ele>4.317320593632758</ele>
        <time>1970-01-01T00:40:59.700000Z</time>
        <extensions>
          <gpxtpx:TrackPointExtension>
            <gpxtpx:hr>165</gpxtpx:hr>
          </gpxtpx:TrackPointExtension>
        </extensions>
      </trkpt>
      <trkpt lat="22.547035578971883" lon="114.09913744949024">
        <ele>4.20818361826241</ele>
        <time>1970-01-01T00:41:00.700000Z</time>
        <extensions>
          <gpxtpx:TrackPointExtension>
            <gpxtpx:hr>165</gpxtpx:hr>
          </gpxtpx:TrackPointExtension>
        </extensions>
      </trkpt>
      <trkpt lat="22.547056812810435" lon="114.0991172100369">
        <ele>4.124559477902949</ele>
        <time>1970-01-01T00:41:01.700000Z</time>
        <extensions>
          <gpxtpx:TrackPointExtension>
            <gpxtpx:hr>165</gpxtpx:hr>
          </gpxtpx:TrackPointExtension>
        </extensions>
      </trkpt>
      <trkpt lat="22.547079305501793" lon="114.09909897310918">
        <ele>4.065817155875266</ele>
        <time>1970-01-01T00:41:02.700000Z</time>
        <extensions>
          <gpxtpx:TrackPointExtension>
            <gpxtpx:hr>165</gpxtpx:hr>
          </gpxtpx:TrackPointExtension>
        </extensions>
      </trkpt>
      <trkpt lat="22.547103743837322" lon="114.09908351597927">
        <ele>4.029226998798549</ele>
        <time>1970-01-01T00:41:03.700000Z</time>
        <extensions>
          <gpxtpx:TrackPointExtension>
            <gpxtpx:hr>165</gpxtpx:hr>
          </gpxtpx:TrackPointExtension>
        </extensions>
      </trkpt>
      <trkpt lat="22.54712957764655" lon="114.09907213902767">
        <ele>4.009549085982144</ele>
        <time>1970-01-01T00:41:04.700000Z</time>
        <extensions>
          <gpxtpx:TrackPointExtension>
            <gpxtpx:hr>165</gpxtpx:hr>
          </gpxtpx:TrackPointExtension>
        </extensions>
      </trkpt>
      <trkpt lat="22.547154969768997" lon="114.09906544603507">
        <ele>3.9999226052314043</ele>
        <time>1970-01-01T00:41:05.700000Z</time>
        <extensions>
          <gpxtpx:TrackPointExtension>
            <gpxtpx:hr>165</gpxtpx:hr>
          </gpxtpx:TrackPointExtension>
        </extensions>
      </trkpt>
      <trkpt lat="22.54717792240509" lon="114.09906205881009">
        <ele>3.9943706458434463</ele>
        <time>1970-01-01T00:41:06.700000Z</time>
        <extensions>
          <gpxtpx:TrackPointExtension>
            <gpxtpx:hr>165</gpxtpx:hr>
          </gpxtpx:TrackPointExtension>
        </extensions>
      </trkpt>
    </trkseg>
  </trk>
</gpx>