<?xml version="1.0" encoding="UTF-8"?>
<gpx xmlns="http://www.topografix.com/GPX/1/1" xmlns:gpxtpx="http://www.garmin.com/xmlschemas/TrackPointExtension/v1" xmlns:xsi="http://www.w3.org/2001/XMLSchema-instance" xsi:schemaLocation="http://www.topografix.com/GPX/1/1 http://www.topografix.com/GPX/1/1/gpx.xsd" version="1.1" creator="gpx.py -- https://github.com/tkrajina/gpxpy">
  <trk>
    <name>gpx from keep</name>
    <type>Run</type>
    <trkseg>
      <trkpt lat="22.543431019305434" lon="114.07930944259387">
        <ele>21.711180103942752</ele>
        <time>7640-11-16T05:51:59.399994Z</time>
      </trkpt>
      <trkpt lat="22.54342761027263" lon="114.07931417111084">
        <ele>21.607433727011085</ele>
        <time>1970-01-01T00:00:01.300000Z</time>
        <extensions>
          <gpxtpx:TrackPointExtension>
            <gpxtpx:hr>85</gpxtpx:hr>
          </gpxtpx:TrackPointExtension>
        </extensions>
      </trkpt>
      <trkpt lat="22.543421147218556" lon="114.0793216055314">
        <ele>21.513199702836573</ele>
        <time>1970-01-01T00:00:02.300000Z</time>
        <extensions>
          <gpxtpx:TrackPointExtension>
            <gpxtpx:hr>85</gpxtpx:hr>
          </gpxtpx:TrackPointExtension>
        </extensions>
      </trkpt>
      <trkpt lat="22.543412504321036" lon="114.07933208837565">
        <ele>21.423100292682648</ele>
        <time>1970-01-01T00:00:03.300000Z</time>
        <extensions>
          <gpxtpx:TrackPointExtension>
            <gpxtpx:hr>85</gpxtpx:hr>
          </gpxtpx:TrackPointExtension>
        </extensions>
      </trkpt>
      <trkpt lat="22.543405698776613" lon="114.07934388065775">
        <ele>21.332314252853394</ele>
        <time>1970-01-01T00:00:04.300000Z</time>
        <extensions>
          <gpxtpx:TrackPointExtension>
            <gpxtpx:hr>85</gpxtpx:hr>
          </gpxtpx:TrackPointExtension>
        </extensions>
      </trkpt>
      <trkpt lat="22.543400530056182" lon="114.07935710648408">
        <ele>21.239877720363438</ele>
        <time>1970-01-01T00:00:05.300000Z</time>
        <extensions>
          <gpxtpx:TrackPointExtension>
            <gpxtpx:hr>85</gpxtpx:hr>
          </gpxtpx:TrackPointExtension>
        </extensions>
      </trkpt>
      <trkpt lat="22.543396146237562" lon="114.0793742193403">
        <ele>21.14723109640181</ele>
        <time>1970-01-01T00:00:06.300000Z</time>
        <extensions>
          <gpxtpx:TrackPointExtension>
            <gpxtpx:hr>90</gpxtpx:hr>
          </gpxtpx:TrackPointExtension>
        </extensions>
      </trkpt>
      <trkpt lat="22.54339273411228" lon="114.07939541625163">
        <ele>21.047970090061426</ele>
        <time>1970-01-01T00:00:07.300000Z</time>
        <extensions>
          <gpxtpx:TrackPointExtension>
            <gpxtpx:hr>90</gpxtpx:hr>
          </gpxtpx:TrackPointExtension>
        </extensions>
      </trkpt>
      <trkpt lat="22.54339056519276" lon="114.0794189143974">
        <ele>20.963974317535758</ele>
        <time>1970-01-01T00:00:08.300000Z</time>
        <extensions>
          <gpxtpx:TrackPointExtension>
            <gpxtpx:hr>90</gpxtpx:hr>
          </gpxtpx:TrackPointExtension>
        </extensions>
      </trkpt>
      <trkpt lat="22.54338947858424" lon="114.07944170378904">
        <ele>20.890234772115946</ele>
        <time>1970-01-01T00:00:09.300000Z</time>
        <extensions>
          <gpxtpx:TrackPointExtension>
            <gpxtpx:hr>90</gpxtpx:hr>
          </gpxtpx:TrackPointExtension>
        </extensions>
      </trkpt>
      <trkpt lat="22.543388867755624" lon="114.07946456379435">
        <ele>20.8232528809458</ele>
        <time>1970-01-01T00:00:10.300000Z</time>
        <extensions>
          <gpxtpx:TrackPointExtension>
            <gpxtpx:hr>90</gpxtpx:hr>
          </gpxtpx:TrackPointExtension>
        </extensions>
      </trkpt>
      <trkpt lat="22.54338841246936" lon="114.07948912758587">
        <ele>20.754887382499874</ele>
        <time>1970-01-01T00:00:11.300000Z</time>
        <extensions>
          <gpxtpx:TrackPointExtension>
            <gpxtpx:hr>99</gpxtpx:hr>
          </gpxtpx:TrackPointExtension>
        </extensions>
      </trkpt>
      <trkpt lat="22.543387966682882" lon="114.07951550177312">
        <ele>20.690465322695673</ele>
        <time>1970-01-01T00:00:12.300000Z</time>
        <extensions>
          <gpxtpx:TrackPointExtension>
            <gpxtpx:hr>99</gpxtpx:hr>
          </gpxtpx:TrackPointExtension>
        </extensions>
      </trkpt>
      <trkpt lat="22.5433876401309" lon="114.07954203784226">
        <ele>20.635898505337536</ele>
        <time>1970-01-01T00:00:13.300000Z</time>
        <extensions>
          <gpxtpx:TrackPointExtension>
            <gpxtpx:hr>99</gpxtpx:hr>
          </gpxtpx:TrackPointExtension>
        </extensions>
      </trkpt>
      <trkpt lat="22.543387805887814" lon="114.07956843556985">
        <ele>20.584912351332605</ele>
        <time>1970-01-01T00:00:14.300000Z</time>
        <extensions>
          <gpxtpx:TrackPointExtension>
            <gpxtpx:hr>99</gpxtpx:hr>
          </gpxtpx:TrackPointExtension>
        </extensions>
      </trkpt>
      <trkpt lat="22.54338827184058" lon="114.07959338272602">
        <ele>20.538322049193084</ele>
        <time>1970-01-01T00:00:15.300000Z</time>
        <extensions>
          <gpxtpx:TrackPointExtension>
            <gpxtpx:hr>99</gpxtpx:hr>
          </gpxtpx:TrackPointExtension>
        </extensions>
      </trkpt>
      <trkpt lat="22.543388061254987" lon="114.07961701703542">
        <ele>20.49598779901862</ele>
        <time>1970-01-01T00:00:16.300000Z</time>
        <extensions>
          <gpxtpx:TrackPointExtension>
            <gpxtpx:hr>99</gpxtpx:hr>
          </gpxtpx:TrackPointExtension>
        </extensions>
      </trkpt>
      <trkpt lat="22.543387154654447" lon="114.07963910034796">
        <ele>20.456192615441978</ele>
        <time>1970-01-01T00:00:17.300000Z</time>
        <extensions>
          <gpxtpx:TrackPointExtension>
            <gpxtpx:hr>99</gpxtpx:hr>
          </gpxtpx:TrackPointExtension>
        </extensions>
      </trkpt>
      <trkpt lat="22.54338609838958" lon="114.07966051538088">
        <ele>20.422069100663066</ele>
        <time>1970-01-01T00:00:18.300000Z</time>
        <extensions>
          <gpxtpx:TrackPointExtension>
            <gpxtpx:hr>99</gpxtpx:hr>
          </gpxtpx:TrackPointExtension>
        </extensions>
      </trkpt>
      <trkpt lat="22.543385344395187" lon="114.079681948795">
        <ele>20.39428035542369</ele>
        <time>1970-01-01T00:00:19.300000Z</time>
        <extensions>
          <gpxtpx:TrackPointExtension>
            <gpxtpx:hr>99</gpxtpx:hr>
          </gpxtpx:TrackPointExtension>
        </extensions>
      </trkpt>
      <trkpt lat="22.543385323804223" lon="114.07970307497115">
        <ele>20.363135832361877</ele>
        <time>1970-01-01T00:00:20.300000Z</time>
        <extensions>
          <gpxtpx:TrackPointExtension>
            <gpxtpx:hr>99</gpxtpx:hr>
          </gpxtpx:TrackPointExtension>
        </extensions>
      </trkpt>
      <trkpt lat="22.543386053618352" lon="114.07972609539381">
        <ele>20.33131338469684</ele>
        <time>1970-01-01T00:00:21.300000Z</time>
        <extensions>
          <gpxtpx:TrackPointExtension>
            <gpxtpx:hr>99</gpxtpx:hr>
          </gpxtpx:TrackPointExtension>
        </extensions>
      </trkpt>
      <trkpt lat="22.543387199694486" lon="114.07975110727658">
        <ele>20.30986269377172</ele>
        <time>1970-01-01T00:00:22.300000Z</time>
        <extensions>
          <gpxtpx:TrackPointExtension>
            <gpxtpx:hr>99</gpxtpx:hr>
          </gpxtpx:TrackPointExtension>
        </extensions>
      </trkpt>
      <trkpt lat="22.54338837451498" lon="114.07978123325563">
        <ele>20.415589755401015</ele>
        <time>1970-01-01T00:00:23.300000Z</time>
        <extensions>
          <gpxtpx:TrackPointExtension>
            <gpxtpx:hr>99</gpxtpx:hr>
          </gpxtpx:TrackPointExtension>
        </extensions>
      </trkpt>
      <trkpt lat="22.543389459925965" lon="114.07981049381884">
        <ele>20.519941810518503</ele>
        <time>1970-01-01T00:00:24.300000Z</time>
      </trkpt>
      <trkpt lat="22.543390679159224" lon="114.07983970408762">
        <ele>20.60555399209261</ele>
        <time>1970-01-01T00:00:25.300000Z</time>
      </trkpt>
      <trkpt lat="22.543391862149505" lon="114.07986832506957">
        <ele>20.663252635858953</ele>
        <time>1970-01-01T00:00:26.300000Z</time>
      </trkpt>
      <trkpt lat="22.543392995792058" lon="114.07989770509278">
        <ele>20.73345113825053</ele>
        <time>1970-01-01T00:00:27.300000Z</time>
      </trkpt>
      <trkpt lat="22.54339396871357" lon="114.07992799121506">
        <ele>20.795775830745697</ele>
        <time>1970-01-01T00:00:28.300000Z</time>
      </trkpt>
      <trkpt lat="22.543394627057697" lon="114.07995731765011">
        <ele>20.863066368736327</ele>
        <time>1970-01-01T00:00:29.300000Z</time>
      </trkpt>
      <trkpt lat="22.543394861891475" lon="114.07998548613507">
        <ele>20.90680437721312</ele>
        <time>1970-01-01T00:00:30.300000Z</time>
      </trkpt>
      <trkpt lat="22.543394727075622" lon="114.08001416779051">
        <ele>20.946119913831353</ele>
        <time>1970-01-01T00:00:31.300000Z</time>
      </trkpt>
      <trkpt lat="22.5433943360638" lon="114.08004503536897">
        <ele>20.983622716739774</ele>
        <time>1970-01-01T00:00:32.300000Z</time>
      </trkpt>
      <trkpt lat="22.543393695730174" lon="114.08007896845562">
        <ele>21.0055661406368</ele>
        <time>1970-01-01T00:00:33.300000Z</time>
      </trkpt>
      <trkpt lat="22.54339289043012" lon="114.08011440162211">
        <ele>21.002380399033427</ele>
        <time>1970-01-01T00:00:34.300000Z</time>
      </trkpt>
      <trkpt lat="22.54339177160275" lon="114.08014857887717">
        <ele>20.970279075205326</ele>
        <time>1970-01-01T00:00:35.300000Z</time>
      </trkpt>
      <trkpt lat="22.543389994545294" lon="114.08018023685125">
        <ele>20.897320912219584</ele>
        <time>1970-01-01T00:00:36.300000Z</time>
      </trkpt>
      <trkpt lat="22.543387421517217" lon="114.08020914943002">
        <ele>20.82085509225726</ele>
        <time>1970-01-01T00:00:37.300000Z</time>
      </trkpt>
      <trkpt lat="22.54338395960202" lon="114.080235833461">
        <ele>20.712654002942145</ele>
        <time>1970-01-01T00:00:38.300000Z</time>
      </trkpt>
      <trkpt lat="22.543380200514445" lon="114.08026077784355">
        <ele>20.59939704556018</ele>
        <time>1970-01-01T00:00:39.300000Z</time>
      </trkpt>
      <trkpt lat="22.5433769987185" lon="114.08028503752209">
        <ele>20.467549432069063</ele>
        <time>1970-01-01T00:00:40.300000Z</time>
      </trkpt>
      <trkpt lat="22.54337435156903" lon="114.08030988790536">
        <ele>20.34172131307423</ele>
        <time>1970-01-01T00:00:41.300000Z</time>
      </trkpt>
      <trkpt lat="22.543371484700664" lon="114.08033576617387">
        <ele>20.253238228149712</ele>
        <time>1970-01-01T00:00:42.300000Z</time>
      </trkpt>
      <trkpt lat="22.543367709991024" lon="114.08036207631945">
        <ele>20.207168196327984</ele>
        <time>1970-01-01T00:00:43.300000Z</time>
      </trkpt>
      <trkpt lat="22.543362965229772" lon="114.08038790312766">
        <ele>20.198127086274326</ele>
        <time>1970-01-01T00:00:44.300000Z</time>
      </trkpt>
      <trkpt lat="22.543357396570496" lon="114.08041177613092">
        <ele>20.21530878264457</ele>
        <time>1970-01-01T00:00:45.300000Z</time>
      </trkpt>
      <trkpt lat="22.543351579636685" lon="114.08043385384421">
        <ele>20.238211857154965</ele>
        <time>1970-01-01T00:00:46.300000Z</time>
      </trkpt>
      <trkpt lat="22.543346713547024" lon="114.08045540345258">
        <ele>20.25507706683129</ele>
        <time>1970-01-01T00:00:47.300000Z</time>
      </trkpt>
      <trkpt lat="22.543343575388572" lon="114.08047643363537">
        <ele>20.30603883974254</ele>
        <time>1970-01-01T00:00:48.300000Z</time>
      </trkpt>
      <trkpt lat="22.54334111456478" lon="114.08049556003435">
        <ele>20.353053661994636</ele>
        <time>1970-01-01T00:00:49.300000Z</time>
      </trkpt>
      <trkpt lat="22.543337725261434" lon="114.08051078819032">
        <ele>20.38918950315565</ele>
        <time>1970-01-01T00:00:50.300000Z</time>
      </trkpt>
      <trkpt lat="22.54333375948403" lon="114.08052198857958">
        <ele>20.41687772795558</ele>
        <time>1970-01-01T00:00:51.300000Z</time>
      </trkpt>
      <trkpt lat="22.543330451151476" lon="114.08053230081786">
        <ele>20.431707304902375</ele>
        <time>1970-01-01T00:00:52.300000Z</time>
      </trkpt>
      <trkpt lat="22.543328465348296" lon="114.08054569322096">
        <ele>20.452014316804707</ele>
        <time>1970-01-01T00:00:53.300000Z</time>
      </trkpt>
      <trkpt lat="22.543327770650976" lon="114.08056332215749">
        <ele>20.46800772752613</ele>
        <time>1970-01-01T00:00:54.300000Z</time>
      </trkpt>
      <trkpt lat="22.543327682613658" lon="114.08058312209407">
        <ele>20.453487894497812</ele>
        <time>1970-01-01T00:00:55.300000Z</time>
      </trkpt>
      <trkpt lat="22.543327580882345" lon="114.08060240355992">
        <ele>20.446841716766357</ele>
        <time>1970-01-01T00:00:56.300000Z</time>
      </trkpt>
      <trkpt lat="22.5433273092824" lon="114.08062109434691">
        <ele>20.414277308620512</ele>
        <time>1970-01-01T00:00:57.300000Z</time>
      </trkpt>
      <trkpt lat="22.54332670590146" lon="114.0806405037012">
        <ele>20.402543270029128</ele>
        <time>1970-01-01T00:00:58.300000Z</time>
      </trkpt>
      <trkpt lat="22.5433254124952" lon="114.08066026961292">
        <ele>20.42045730073005</ele>
        <time>1970-01-01T00:00:59.300000Z</time>
      </trkpt>
      <trkpt lat="22.54332340112331" lon="114.08067934796496">
        <ele>20.493671511299908</ele>
        <time>1970-01-01T00:01:00.300000Z</time>
      </trkpt>
      <trkpt lat="22.543320596667378" lon="114.08069797749003">
        <ele>20.556975088082254</ele>
        <time>1970-01-01T00:01:01.300000Z</time>
      </trkpt>
      <trkpt lat="22.543317568478525" lon="114.08071715194785">
        <ele>20.676671713590622</ele>
        <time>1970-01-01T00:01:02.300000Z</time>
      </trkpt>
      <trkpt lat="22.54331540243523" lon="114.0807377184855">
        <ele>20.840873633511364</ele>
        <time>1970-01-01T00:01:03.300000Z</time>
        <extensions>
          <gpxtpx:TrackPointExtension>
            <gpxtpx:hr>132</gpxtpx:hr>
          </gpxtpx:TrackPointExtension>
        </extensions>
      </trkpt>
      <trkpt lat="22.543315108474964" lon="114.08076003068646">
        <ele>21.06679011043161</ele>
        <time>1970-01-01T00:01:04.300000Z</time>
        <extensions>
          <gpxtpx:TrackPointExtension>
            <gpxtpx:hr>132</gpxtpx:hr>
          </gpxtpx:TrackPointExtension>
        </extensions>
      </trkpt>
      <trkpt lat="22.543316439674225" lon="114.08078390778837">
        <ele>21.356067840009928</ele>
        <time>1970-01-01T00:01:05.300000Z</time>
        <extensions>
          <gpxtpx:TrackPointExtension>
            <gpxtpx:hr>132</gpxtpx:hr>
          </gpxtpx:TrackPointExtension>
        </extensions>
      </trkpt>
      <trkpt lat="22.54331892133535" lon="114.0808089806806">
        <ele>21.735951336100698</ele>
        <time>1970-01-01T00:01:06.300000Z</time>
        <extensions>
          <gpxtpx:TrackPointExtension>
            <gpxtpx:hr>132</gpxtpx:hr>
          </gpxtpx:TrackPointExtension>
        </extensions>
      </trkpt>
      <trkpt lat="22.543322323590207" lon="114.0808352587154">
        <ele>22.16137816105038</ele>
        <time>1970-01-01T00:01:07.300000Z</time>
        <extensions>
          <gpxtpx:TrackPointExtension>
            <gpxtpx:hr>132</gpxtpx:hr>
          </gpxtpx:TrackPointExtension>
        </extensions>
      </trkpt>
      <trkpt lat="22.543326083675534" lon="114.08086280950991">
        <ele>22.665979410521686</ele>
        <time>1970-01-01T00:01:08.300000Z</time>
        <extensions>
          <gpxtpx:TrackPointExtension>
            <gpxtpx:hr>132</gpxtpx:hr>
          </gpxtpx:TrackPointExtension>
        </extensions>
      </trkpt>
      <trkpt lat="22.54332956856362" lon="114.08089120769276">
        <ele>23.188116691075265</ele>
        <time>1970-01-01T00:01:09.300000Z</time>
        <extensions>
          <gpxtpx:TrackPointExtension>
            <gpxtpx:hr>132</gpxtpx:hr>
          </gpxtpx:TrackPointExtension>
        </extensions>
      </trkpt>
      <trkpt lat="22.543332385962028" lon="114.08092054982018">
        <ele>23.721799549646676</ele>
        <time>1970-01-01T00:01:10.300000Z</time>
        <extensions>
          <gpxtpx:TrackPointExtension>
            <gpxtpx:hr>132</gpxtpx:hr>
          </gpxtpx:TrackPointExtension>
        </extensions>
      </trkpt>
      <trkpt lat="22.543334963054775" lon="114.08095012407163">
        <ele>24.2511652065441</ele>
        <time>1970-01-01T00:01:11.300000Z</time>
        <extensions>
          <gpxtpx:TrackPointExtension>
            <gpxtpx:hr>132</gpxtpx:hr>
          </gpxtpx:TrackPointExtension>
        </extensions>
      </trkpt>
      <trkpt lat="22.54333838438449" lon="114.08097890429683">
        <ele>24.75054914597422</ele>
        <time>1970-01-01T00:01:12.300000Z</time>
        <extensions>
          <gpxtpx:TrackPointExtension>
            <gpxtpx:hr>132</gpxtpx:hr>
          </gpxtpx:TrackPointExtension>
        </extensions>
      </trkpt>
      <trkpt lat="22.543343427263586" lon="114.0810076054785">
        <ele>25.20549038425088</ele>
        <time>1970-01-01T00:01:13.300000Z</time>
        <extensions>
          <gpxtpx:TrackPointExtension>
            <gpxtpx:hr>132</gpxtpx:hr>
          </gpxtpx:TrackPointExtension>
        </extensions>
      </trkpt>
      <trkpt lat="22.54335002283711" lon="114.08103732137509">
        <ele>25.60299065336585</ele>
        <time>1970-01-01T00:01:14.300000Z</time>
        <extensions>
          <gpxtpx:TrackPointExtension>
            <gpxtpx:hr>132</gpxtpx:hr>
          </gpxtpx:TrackPointExtension>
        </extensions>
      </trkpt>
      <trkpt lat="22.543357760701262" lon="114.08106882171217">
        <ele>25.9201529789716</ele>
        <time>1970-01-01T00:01:15.300000Z</time>
        <extensions>
          <gpxtpx:TrackPointExtension>
            <gpxtpx:hr>132</gpxtpx:hr>
          </gpxtpx:TrackPointExtension>
        </extensions>
      </trkpt>
      <trkpt lat="22.543365781292366" lon="114.08110152496666">
        <ele>26.180312872864306</ele>
        <time>1970-01-01T00:01:16.300000Z</time>
        <extensions>
          <gpxtpx:TrackPointExtension>
            <gpxtpx:hr>132</gpxtpx:hr>
          </gpxtpx:TrackPointExtension>
        </extensions>
      </trkpt>
      <trkpt lat="22.543373720922286" lon="114.08113415818305">
        <ele>26.373578962869942</ele>
        <time>1970-01-01T00:01:17.300000Z</time>
        <extensions>
          <gpxtpx:TrackPointExtension>
            <gpxtpx:hr>132</gpxtpx:hr>
          </gpxtpx:TrackPointExtension>
        </extensions>
      </trkpt>
      <trkpt lat="22.54338200589727" lon="114.08116728235849">
        <ele>26.470875503495336</ele>
        <time>1970-01-01T00:01:18.300000Z</time>
        <extensions>
          <gpxtpx:TrackPointExtension>
            <gpxtpx:hr>132</gpxtpx:hr>
          </gpxtpx:TrackPointExtension>
        </extensions>
      </trkpt>
      <trkpt lat="22.543391078032872" lon="114.08120101797925">
        <ele>26.50083293300122</ele>
        <time>1970-01-01T00:01:19.300000Z</time>
        <extensions>
          <gpxtpx:TrackPointExtension>
            <gpxtpx:hr>132</gpxtpx:hr>
          </gpxtpx:TrackPointExtension>
        </extensions>
      </trkpt>
      <trkpt lat="22.543400535506233" lon="114.08123428486246">
        <ele>26.461026959121227</ele>
        <time>1970-01-01T00:01:20.300000Z</time>
        <extensions>
          <gpxtpx:TrackPointExtension>
            <gpxtpx:hr>128</gpxtpx:hr>
          </gpxtpx:TrackPointExtension>
        </extensions>
      </trkpt>
      <trkpt lat="22.543409447775936" lon="114.08126722850335">
        <ele>26.325544567778707</ele>
        <time>1970-01-01T00:01:21.300000Z</time>
        <extensions>
          <gpxtpx:TrackPointExtension>
            <gpxtpx:hr>128</gpxtpx:hr>
          </gpxtpx:TrackPointExtension>
        </extensions>
      </trkpt>
      <trkpt lat="22.543417244220702" lon="114.0812994428069">
        <ele>26.120375588536263</ele>
        <time>1970-01-01T00:01:22.300000Z</time>
        <extensions>
          <gpxtpx:TrackPointExtension>
            <gpxtpx:hr>128</gpxtpx:hr>
          </gpxtpx:TrackPointExtension>
        </extensions>
      </trkpt>
      <trkpt lat="22.54342370243995" lon="114.08133117017769">
        <ele>25.871863675303757</ele>
        <time>1970-01-01T00:01:23.300000Z</time>
        <extensions>
          <gpxtpx:TrackPointExtension>
            <gpxtpx:hr>128</gpxtpx:hr>
          </gpxtpx:TrackPointExtension>
        </extensions>
      </trkpt>
      <trkpt lat="22.543428893498678" lon="114.0813629305051">
        <ele>25.60285158082843</ele>
        <time>1970-01-01T00:01:24.300000Z</time>
        <extensions>
          <gpxtpx:TrackPointExtension>
            <gpxtpx:hr>128</gpxtpx:hr>
          </gpxtpx:TrackPointExtension>
        </extensions>
      </trkpt>
      <trkpt lat="22.543433085955183" lon="114.08139415593398">
        <ele>25.3505631769076</ele>
        <time>1970-01-01T00:01:25.300000Z</time>
        <extensions>
          <gpxtpx:TrackPointExtension>
            <gpxtpx:hr>128</gpxtpx:hr>
          </gpxtpx:TrackPointExtension>
        </extensions>
      </trkpt>
      <trkpt lat="22.54343684580051" lon="114.08142465376356">
        <ele>25.110015119425952</ele>
        <time>1970-01-01T00:01:26.300000Z</time>
        <extensions>
          <gpxtpx:TrackPointExtension>
            <gpxtpx:hr>128</gpxtpx:hr>
          </gpxtpx:TrackPointExtension>
        </extensions>
      </trkpt>
      <trkpt lat="22.54343990801366" lon="114.0814543283676">
        <ele>24.88669206853956</ele>
        <time>1970-01-01T00:01:27.300000Z</time>
        <extensions>
          <gpxtpx:TrackPointExtension>
            <gpxtpx:hr>128</gpxtpx:hr>
          </gpxtpx:TrackPointExtension>
        </extensions>
      </trkpt>
      <trkpt lat="22.54344157004249" lon="114.08148329562054">
        <ele>24.65603292826563</ele>
        <time>1970-01-01T00:01:28.300000Z</time>
        <extensions>
          <gpxtpx:TrackPointExtension>
            <gpxtpx:hr>128</gpxtpx:hr>
          </gpxtpx:TrackPointExtension>
        </extensions>
      </trkpt>
      <trkpt lat="22.543441610772838" lon="114.08151181451981">
        <ele>24.428245168179274</ele>
        <time>1970-01-01T00:01:29.300000Z</time>
        <extensions>
          <gpxtpx:TrackPointExtension>
            <gpxtpx:hr>128</gpxtpx:hr>
          </gpxtpx:TrackPointExtension>
        </extensions>
      </trkpt>
      <trkpt lat="22.543440375712507" lon="114.08153903558922">
        <ele>24.176999855786562</ele>
        <time>1970-01-01T00:01:30.300000Z</time>
        <extensions>
          <gpxtpx:TrackPointExtension>
            <gpxtpx:hr>127</gpxtpx:hr>
          </gpxtpx:TrackPointExtension>
        </extensions>
      </trkpt>
      <trkpt lat="22.543438518595234" lon="114.081565202609">
        <ele>23.921825024299324</ele>
        <time>1970-01-01T00:01:31.300000Z</time>
        <extensions>
          <gpxtpx:TrackPointExtension>
            <gpxtpx:hr>127</gpxtpx:hr>
          </gpxtpx:TrackPointExtension>
        </extensions>
      </trkpt>
      <trkpt lat="22.543436473125265" lon="114.0815905245655">
        <ele>23.671012461185455</ele>
        <time>1970-01-01T00:01:32.300000Z</time>
        <extensions>
          <gpxtpx:TrackPointExtension>
            <gpxtpx:hr>127</gpxtpx:hr>
          </gpxtpx:TrackPointExtension>
        </extensions>
      </trkpt>
      <trkpt lat="22.543434496387274" lon="114.08161572955377">
        <ele>23.46337192784995</ele>
        <time>1970-01-01T00:01:33.300000Z</time>
        <extensions>
          <gpxtpx:TrackPointExtension>
            <gpxtpx:hr>127</gpxtpx:hr>
          </gpxtpx:TrackPointExtension>
        </extensions>
      </trkpt>
      <trkpt lat="22.5434320180956" lon="114.08164092154328">
        <ele>23.275111404247582</ele>
        <time>1970-01-01T00:01:34.300000Z</time>
        <extensions>
          <gpxtpx:TrackPointExtension>
            <gpxtpx:hr>129</gpxtpx:hr>
          </gpxtpx:TrackPointExtension>
        </extensions>
      </trkpt>
      <trkpt lat="22.543428408655522" lon="114.08166533364938">
        <ele>23.08626818470657</ele>
        <time>1970-01-01T00:01:35.300000Z</time>
        <extensions>
          <gpxtpx:TrackPointExtension>
            <gpxtpx:hr>129</gpxtpx:hr>
          </gpxtpx:TrackPointExtension>
        </extensions>
      </trkpt>
      <trkpt lat="22.543424264733464" lon="114.08168852432897">
        <ele>22.876857216469944</ele>
        <time>1970-01-01T00:01:36.300000Z</time>
        <extensions>
          <gpxtpx:TrackPointExtension>
            <gpxtpx:hr>129</gpxtpx:hr>
          </gpxtpx:TrackPointExtension>
        </extensions>
      </trkpt>
      <trkpt lat="22.5434206650107" lon="114.08171049541315">
        <ele>22.681104818359017</ele>
        <time>1970-01-01T00:01:37.300000Z</time>
        <extensions>
          <gpxtpx:TrackPointExtension>
            <gpxtpx:hr>129</gpxtpx:hr>
          </gpxtpx:TrackPointExtension>
        </extensions>
      </trkpt>
      <trkpt lat="22.5434182237889" lon="114.08173139069405">
        <ele>22.53458042256534</ele>
        <time>1970-01-01T00:01:38.300000Z</time>
        <extensions>
          <gpxtpx:TrackPointExtension>
            <gpxtpx:hr>129</gpxtpx:hr>
          </gpxtpx:TrackPointExtension>
        </extensions>
      </trkpt>
      <trkpt lat="22.543416450952606" lon="114.08175030076231">
        <ele>22.379696405492723</ele>
        <time>1970-01-01T00:01:39.300000Z</time>
        <extensions>
          <gpxtpx:TrackPointExtension>
            <gpxtpx:hr>133</gpxtpx:hr>
          </gpxtpx:TrackPointExtension>
        </extensions>
      </trkpt>
      <trkpt lat="22.543415783789314" lon="114.08176595625815">
        <ele>22.26528755389154</ele>
        <time>1970-01-01T00:01:40.300000Z</time>
        <extensions>
          <gpxtpx:TrackPointExtension>
            <gpxtpx:hr>133</gpxtpx:hr>
          </gpxtpx:TrackPointExtension>
        </extensions>
      </trkpt>
      <trkpt lat="22.54341766607269" lon="114.08177602557777">
        <ele>22.138511053286493</ele>
        <time>1970-01-01T00:01:41.300000Z</time>
        <extensions>
          <gpxtpx:TrackPointExtension>
            <gpxtpx:hr>133</gpxtpx:hr>
          </gpxtpx:TrackPointExtension>
        </extensions>
      </trkpt>
      <trkpt lat="22.543421683629198" lon="114.08177999956297">
        <ele>21.994456820189953</ele>
        <time>1970-01-01T00:01:42.300000Z</time>
        <extensions>
          <gpxtpx:TrackPointExtension>
            <gpxtpx:hr>133</gpxtpx:hr>
          </gpxtpx:TrackPointExtension>
        </extensions>
      </trkpt>
      <trkpt lat="22.543427558796147" lon="114.08178310739811">
        <ele>21.87983987480402</ele>
        <time>1970-01-01T00:01:43.300000Z</time>
        <extensions>
          <gpxtpx:TrackPointExtension>
            <gpxtpx:hr>132</gpxtpx:hr>
          </gpxtpx:TrackPointExtension>
        </extensions>
      </trkpt>
      <trkpt lat="22.543435773020626" lon="114.08178984196547">
        <ele>21.781011479906738</ele>
        <time>1970-01-01T00:01:44.300000Z</time>
        <extensions>
          <gpxtpx:TrackPointExtension>
            <gpxtpx:hr>132</gpxtpx:hr>
          </gpxtpx:TrackPointExtension>
        </extensions>
      </trkpt>
      <trkpt lat="22.543443992093064" lon="114.08180019469467">
        <ele>21.69566756952554</ele>
        <time>1970-01-01T00:01:45.300000Z</time>
        <extensions>
          <gpxtpx:TrackPointExtension>
            <gpxtpx:hr>132</gpxtpx:hr>
          </gpxtpx:TrackPointExtension>
        </extensions>
      </trkpt>
      <trkpt lat="22.54344892409687" lon="114.08181492670862">
        <ele>21.58944887854159</ele>
        <time>1970-01-01T00:01:46.300000Z</time>
        <extensions>
          <gpxtpx:TrackPointExtension>
            <gpxtpx:hr>132</gpxtpx:hr>
          </gpxtpx:TrackPointExtension>
        </extensions>
      </trkpt>
      <trkpt lat="22.54344925764086" lon="114.08183485126877">
        <ele>21.467780929990113</ele>
        <time>1970-01-01T00:01:47.300000Z</time>
        <extensions>
          <gpxtpx:TrackPointExtension>
            <gpxtpx:hr>131</gpxtpx:hr>
          </gpxtpx:TrackPointExtension>
        </extensions>
      </trkpt>
      <trkpt lat="22.543445342605587" lon="114.08185857771579">
        <ele>21.370020039379597</ele>
        <time>1970-01-01T00:01:48.300000Z</time>
        <extensions>
          <gpxtpx:TrackPointExtension>
            <gpxtpx:hr>131</gpxtpx:hr>
          </gpxtpx:TrackPointExtension>
        </extensions>
      </trkpt>
      <trkpt lat="22.54343877691176" lon="114.08188272683319">
        <ele>21.281649419106543</ele>
        <time>1970-01-01T00:01:49.300000Z</time>
        <extensions>
          <gpxtpx:TrackPointExtension>
            <gpxtpx:hr>131</gpxtpx:hr>
          </gpxtpx:TrackPointExtension>
        </extensions>
      </trkpt>
      <trkpt lat="22.54343298695541" lon="114.08190513750804">
        <ele>21.18139778263867</ele>
        <time>1970-01-01T00:01:50.300000Z</time>
        <extensions>
          <gpxtpx:TrackPointExtension>
            <gpxtpx:hr>131</gpxtpx:hr>
          </gpxtpx:TrackPointExtension>
        </extensions>
      </trkpt>
      <trkpt lat="22.543430438316808" lon="114.08192725052922">
        <ele>21.023227859288454</ele>
        <time>1970-01-01T00:01:51.300000Z</time>
        <extensions>
          <gpxtpx:TrackPointExtension>
            <gpxtpx:hr>131</gpxtpx:hr>
          </gpxtpx:TrackPointExtension>
        </extensions>
      </trkpt>
      <trkpt lat="22.543430692341403" lon="114.08195037539193">
        <ele>20.920341932214797</ele>
        <time>1970-01-01T00:01:52.300000Z</time>
        <extensions>
          <gpxtpx:TrackPointExtension>
            <gpxtpx:hr>131</gpxtpx:hr>
          </gpxtpx:TrackPointExtension>
        </extensions>
      </trkpt>
      <trkpt lat="22.543431434833614" lon="114.08197373072365">
        <ele>20.82283475343138</ele>
        <time>1970-01-01T00:01:53.300000Z</time>
        <extensions>
          <gpxtpx:TrackPointExtension>
            <gpxtpx:hr>131</gpxtpx:hr>
          </gpxtpx:TrackPointExtension>
        </extensions>
      </trkpt>
      <trkpt lat="22.54343009739943" lon="114.081996589466">
        <ele>20.68180548865348</ele>
        <time>1970-01-01T00:01:54.300000Z</time>
        <extensions>
          <gpxtpx:TrackPointExtension>
            <gpxtpx:hr>131</gpxtpx:hr>
          </gpxtpx:TrackPointExtension>
        </extensions>
      </trkpt>
      <trkpt lat="22.54342622618379" lon="114.08201910498758">
        <ele>20.548308657482266</ele>
        <time>1970-01-01T00:01:55.300000Z</time>
        <extensions>
          <gpxtpx:TrackPointExtension>
            <gpxtpx:hr>131</gpxtpx:hr>
          </gpxtpx:TrackPointExtension>
        </extensions>
      </trkpt>
      <trkpt lat="22.54342181785054" lon="114.08204199915602">
        <ele>20.381606561131775</ele>
        <time>1970-01-01T00:01:56.300000Z</time>
        <extensions>
          <gpxtpx:TrackPointExtension>
            <gpxtpx:hr>131</gpxtpx:hr>
          </gpxtpx:TrackPointExtension>
        </extensions>
      </trkpt>
      <trkpt lat="22.54341930866654" lon="114.0820654987066">
        <ele>20.20826592016965</ele>
        <time>1970-01-01T00:01:57.300000Z</time>
        <extensions>
          <gpxtpx:TrackPointExtension>
            <gpxtpx:hr>130</gpxtpx:hr>
          </gpxtpx:TrackPointExtension>
        </extensions>
      </trkpt>
      <trkpt lat="22.543419489224746" lon="114.08208958113427">
        <ele>20.032450426369905</ele>
        <time>1970-01-01T00:01:58.300000Z</time>
        <extensions>
          <gpxtpx:TrackPointExtension>
            <gpxtpx:hr>130</gpxtpx:hr>
          </gpxtpx:TrackPointExtension>
        </extensions>
      </trkpt>
      <trkpt lat="22.543421775213062" lon="114.08211431346975">
        <ele>19.841128920204937</ele>
        <time>1970-01-01T00:01:59.300000Z</time>
        <extensions>
          <gpxtpx:TrackPointExtension>
            <gpxtpx:hr>130</gpxtpx:hr>
          </gpxtpx:TrackPointExtension>
        </extensions>
      </trkpt>
      <trkpt lat="22.543424974493057" lon="114.08213988130265">
        <ele>19.642255494371057</ele>
        <time>1970-01-01T00:02:00.300000Z</time>
        <extensions>
          <gpxtpx:TrackPointExtension>
            <gpxtpx:hr>130</gpxtpx:hr>
          </gpxtpx:TrackPointExtension>
        </extensions>
      </trkpt>
      <trkpt lat="22.54342760293002" lon="114.08216611987571">
        <ele>19.422054861672223</ele>
        <time>1970-01-01T00:02:01.300000Z</time>
        <extensions>
          <gpxtpx:TrackPointExtension>
            <gpxtpx:hr>129</gpxtpx:hr>
          </gpxtpx:TrackPointExtension>
        </extensions>
      </trkpt>
      <trkpt lat="22.543428994906037" lon="114.08219212360339">
        <ele>19.16235583461821</ele>
        <time>1970-01-01T00:02:02.300000Z</time>
        <extensions>
          <gpxtpx:TrackPointExtension>
            <gpxtpx:hr>129</gpxtpx:hr>
          </gpxtpx:TrackPointExtension>
        </extensions>
      </trkpt>
      <trkpt lat="22.543430092885007" lon="114.08221690329762">
        <ele>18.889377689920366</ele>
        <time>1970-01-01T00:02:03.300000Z</time>
        <extensions>
          <gpxtpx:TrackPointExtension>
            <gpxtpx:hr>129</gpxtpx:hr>
          </gpxtpx:TrackPointExtension>
        </extensions>
      </trkpt>
      <trkpt lat="22.54343264288685" lon="114.08224079305653">
        <ele>18.601976946927607</ele>
        <time>1970-01-01T00:02:04.300000Z</time>
        <extensions>
          <gpxtpx:TrackPointExtension>
            <gpxtpx:hr>129</gpxtpx:hr>
          </gpxtpx:TrackPointExtension>
        </extensions>
      </trkpt>
      <trkpt lat="22.543437051559632" lon="114.0822654525687">
        <ele>18.30320237018168</ele>
        <time>1970-01-01T00:02:05.300000Z</time>
        <extensions>
          <gpxtpx:TrackPointExtension>
            <gpxtpx:hr>129</gpxtpx:hr>
          </gpxtpx:TrackPointExtension>
        </extensions>
      </trkpt>
      <trkpt lat="22.543442395818882" lon="114.08229086659254">
        <ele>17.985835229977965</ele>
        <time>1970-01-01T00:02:06.300000Z</time>
        <extensions>
          <gpxtpx:TrackPointExtension>
            <gpxtpx:hr>128</gpxtpx:hr>
          </gpxtpx:TrackPointExtension>
        </extensions>
      </trkpt>
      <trkpt lat="22.54344719514672" lon="114.08231552398439">
        <ele>17.673216910101473</ele>
        <time>1970-01-01T00:02:07.300000Z</time>
        <extensions>
          <gpxtpx:TrackPointExtension>
            <gpxtpx:hr>128</gpxtpx:hr>
          </gpxtpx:TrackPointExtension>
        </extensions>
      </trkpt>
      <trkpt lat="22.543449747389204" lon="114.08233945614754">
        <ele>17.360780896618962</ele>
        <time>1970-01-01T00:02:08.300000Z</time>
        <extensions>
          <gpxtpx:TrackPointExtension>
            <gpxtpx:hr>128</gpxtpx:hr>
          </gpxtpx:TrackPointExtension>
        </extensions>
      </trkpt>
      <trkpt lat="22.543448716163" lon="114.08236437834366">
        <ele>17.066345398314297</ele>
        <time>1970-01-01T00:02:09.300000Z</time>
        <extensions>
          <gpxtpx:TrackPointExtension>
            <gpxtpx:hr>128</gpxtpx:hr>
          </gpxtpx:TrackPointExtension>
        </extensions>
      </trkpt>
      <trkpt lat="22.543444497960223" lon="114.08239154893128">
        <ele>16.77861153986305</ele>
        <time>1970-01-01T00:02:10.300000Z</time>
        <extensions>
          <gpxtpx:TrackPointExtension>
            <gpxtpx:hr>128</gpxtpx:hr>
          </gpxtpx:TrackPointExtension>
        </extensions>
      </trkpt>
      <trkpt lat="22.54343924634447" lon="114.0824205507835">
        <ele>16.49858710449189</ele>
        <time>1970-01-01T00:02:11.300000Z</time>
        <extensions>
          <gpxtpx:TrackPointExtension>
            <gpxtpx:hr>130</gpxtpx:hr>
          </gpxtpx:TrackPointExtension>
        </extensions>
      </trkpt>
      <trkpt lat="22.543434623209023" lon="114.08245030030295">
        <ele>16.233582876622677</ele>
        <time>1970-01-01T00:02:12.300000Z</time>
        <extensions>
          <gpxtpx:TrackPointExtension>
            <gpxtpx:hr>130</gpxtpx:hr>
          </gpxtpx:TrackPointExtension>
        </extensions>
      </trkpt>
      <trkpt lat="22.54343129318407" lon="114.08247988042879">
        <ele>16.01666604913771</ele>
        <time>1970-01-01T00:02:13.300000Z</time>
        <extensions>
          <gpxtpx:TrackPointExtension>
            <gpxtpx:hr>130</gpxtpx:hr>
          </gpxtpx:TrackPointExtension>
        </extensions>
      </trkpt>
      <trkpt lat="22.54342950430021" lon="114.08250962368481">
        <ele>15.843512056395411</ele>
        <time>1970-01-01T00:02:14.300000Z</time>
        <extensions>
          <gpxtpx:TrackPointExtension>
            <gpxtpx:hr>130</gpxtpx:hr>
          </gpxtpx:TrackPointExtension>
        </extensions>
      </trkpt>
      <trkpt lat="22.543429044581625" lon="114.08253972029715">
        <ele>15.700227100402117</ele>
        <time>1970-01-01T00:02:15.300000Z</time>
        <extensions>
          <gpxtpx:TrackPointExtension>
            <gpxtpx:hr>130</gpxtpx:hr>
          </gpxtpx:TrackPointExtension>
        </extensions>
      </trkpt>
      <trkpt lat="22.543429371724695" lon="114.0825693802088">
        <ele>15.625919342972338</ele>
        <time>1970-01-01T00:02:16.300000Z</time>
        <extensions>
          <gpxtpx:TrackPointExtension>
            <gpxtpx:hr>130</gpxtpx:hr>
          </gpxtpx:TrackPointExtension>
        </extensions>
      </trkpt>
      <trkpt lat="22.54343009785547" lon="114.08259743726356">
        <ele>15.615502084605396</ele>
        <time>1970-01-01T00:02:17.300000Z</time>
        <extensions>
          <gpxtpx:TrackPointExtension>
            <gpxtpx:hr>131</gpxtpx:hr>
          </gpxtpx:TrackPointExtension>
        </extensions>
      </trkpt>
      <trkpt lat="22.54343090790481" lon="114.08262408108907">
        <ele>15.642769817262888</ele>
        <time>1970-01-01T00:02:18.300000Z</time>
        <extensions>
          <gpxtpx:TrackPointExtension>
            <gpxtpx:hr>131</gpxtpx:hr>
          </gpxtpx:TrackPointExtension>
        </extensions>
      </trkpt>
      <trkpt lat="22.54343137232365" lon="114.08265063812091">
        <ele>15.700546648353338</ele>
        <time>1970-01-01T00:02:19.300000Z</time>
        <extensions>
          <gpxtpx:TrackPointExtension>
            <gpxtpx:hr>131</gpxtpx:hr>
          </gpxtpx:TrackPointExtension>
        </extensions>
      </trkpt>
      <trkpt lat="22.543431863208752" lon="114.08267724792073">
        <ele>15.795362938195467</ele>
        <time>1970-01-01T00:02:20.300000Z</time>
        <extensions>
          <gpxtpx:TrackPointExtension>
            <gpxtpx:hr>131</gpxtpx:hr>
          </gpxtpx:TrackPointExtension>
        </extensions>
      </trkpt>
      <trkpt lat="22.543433240885165" lon="114.08270299273788">
        <ele>15.948898162692785</ele>
        <time>1970-01-01T00:02:21.300000Z</time>
        <extensions>
          <gpxtpx:TrackPointExtension>
            <gpxtpx:hr>131</gpxtpx:hr>
          </gpxtpx:TrackPointExtension>
        </extensions>
      </trkpt>
      <trkpt lat="22.543435684503308" lon="114.0827270760657">
        <ele>16.13875034544617</ele>
        <time>1970-01-01T00:02:22.300000Z</time>
        <extensions>
          <gpxtpx:TrackPointExtension>
            <gpxtpx:hr>131</gpxtpx:hr>
          </gpxtpx:TrackPointExtension>
        </extensions>
      </trkpt>
      <trkpt lat="22.543438900022732" lon="114.08274896066219">
        <ele>16.37060531694442</ele>
        <time>1970-01-01T00:02:23.300000Z</time>
        <extensions>
          <gpxtpx:TrackPointExtension>
            <gpxtpx:hr>131</gpxtpx:hr>
          </gpxtpx:TrackPointExtension>
        </extensions>
      </trkpt>
      <trkpt lat="22.54344292664778" lon="114.08276783980577">
        <ele>16.62570369709283</ele>
        <time>1970-01-01T00:02:24.300000Z</time>
        <extensions>
          <gpxtpx:TrackPointExtension>
            <gpxtpx:hr>129</gpxtpx:hr>
          </gpxtpx:TrackPointExtension>
        </extensions>
      </trkpt>
      <trkpt lat="22.54344747740409" lon="114.08278329115326">
        <ele>16.934559436514974</ele>
        <time>1970-01-01T00:02:25.300000Z</time>
        <extensions>
          <gpxtpx:TrackPointExtension>
            <gpxtpx:hr>129</gpxtpx:hr>
          </gpxtpx:TrackPointExtension>
        </extensions>
      </trkpt>
      <trkpt lat="22.543450502065543" lon="114.08279648801314">
        <ele>17.264715436846018</ele>
        <time>1970-01-01T00:02:26.300000Z</time>
        <extensions>
          <gpxtpx:TrackPointExtension>
            <gpxtpx:hr>129</gpxtpx:hr>
          </gpxtpx:TrackPointExtension>
        </extensions>
      </trkpt>
      <trkpt lat="22.54345106438549" lon="114.08280923464274">
        <ele>17.607039630413055</ele>
        <time>1970-01-01T00:02:27.300000Z</time>
        <extensions>
          <gpxtpx:TrackPointExtension>
            <gpxtpx:hr>129</gpxtpx:hr>
          </gpxtpx:TrackPointExtension>
        </extensions>
      </trkpt>
      <trkpt lat="22.54345098143403" lon="114.08282224625611">
        <ele>17.94709015265107</ele>
        <time>1970-01-01T00:02:28.300000Z</time>
        <extensions>
          <gpxtpx:TrackPointExtension>
            <gpxtpx:hr>129</gpxtpx:hr>
          </gpxtpx:TrackPointExtension>
        </extensions>
      </trkpt>
      <trkpt lat="22.54345201967729" lon="114.08283674636827">
        <ele>18.26527614519</ele>
        <time>1970-01-01T00:02:29.300000Z</time>
        <extensions>
          <gpxtpx:TrackPointExtension>
            <gpxtpx:hr>128</gpxtpx:hr>
          </gpxtpx:TrackPointExtension>
        </extensions>
      </trkpt>
      <trkpt lat="22.543453973662228" lon="114.08285407278491">
        <ele>18.582515929825604</ele>
        <time>1970-01-01T00:02:30.300000Z</time>
        <extensions>
          <gpxtpx:TrackPointExtension>
            <gpxtpx:hr>128</gpxtpx:hr>
          </gpxtpx:TrackPointExtension>
        </extensions>
      </trkpt>
      <trkpt lat="22.54345528661497" lon="114.08287435196354">
        <ele>18.86272136028856</ele>
        <time>1970-01-01T00:02:31.300000Z</time>
        <extensions>
          <gpxtpx:TrackPointExtension>
            <gpxtpx:hr>128</gpxtpx:hr>
          </gpxtpx:TrackPointExtension>
        </extensions>
      </trkpt>
      <trkpt lat="22.54345448117462" lon="114.08289309021092">
        <ele>19.12447202950716</ele>
        <time>1970-01-01T00:02:32.300000Z</time>
        <extensions>
          <gpxtpx:TrackPointExtension>
            <gpxtpx:hr>128</gpxtpx:hr>
          </gpxtpx:TrackPointExtension>
        </extensions>
      </trkpt>
      <trkpt lat="22.54345094787387" lon="114.08290799063612">
        <ele>19.381445745006204</ele>
        <time>1970-01-01T00:02:33.300000Z</time>
        <extensions>
          <gpxtpx:TrackPointExtension>
            <gpxtpx:hr>128</gpxtpx:hr>
          </gpxtpx:TrackPointExtension>
        </extensions>
      </trkpt>
      <trkpt lat="22.54344569920141" lon="114.08292197073014">
        <ele>19.598824344575405</ele>
        <time>1970-01-01T00:02:34.300000Z</time>
        <extensions>
          <gpxtpx:TrackPointExtension>
            <gpxtpx:hr>128</gpxtpx:hr>
          </gpxtpx:TrackPointExtension>
        </extensions>
      </trkpt>
      <trkpt lat="22.543439622898205" lon="114.08293651817567">
        <ele>19.80708539299667</ele>
        <time>1970-01-01T00:02:35.300000Z</time>
        <extensions>
          <gpxtpx:TrackPointExtension>
            <gpxtpx:hr>128</gpxtpx:hr>
          </gpxtpx:TrackPointExtension>
        </extensions>
      </trkpt>
      <trkpt lat="22.543433046255398" lon="114.08295200692685">
        <ele>19.981016900390387</ele>
        <time>1970-01-01T00:02:36.300000Z</time>
        <extensions>
          <gpxtpx:TrackPointExtension>
            <gpxtpx:hr>128</gpxtpx:hr>
          </gpxtpx:TrackPointExtension>
        </extensions>
      </trkpt>
      <trkpt lat="22.54342621221791" lon="114.08296934467043">
        <ele>20.11211514286697</ele>
        <time>1970-01-01T00:02:37.300000Z</time>
        <extensions>
          <gpxtpx:TrackPointExtension>
            <gpxtpx:hr>129</gpxtpx:hr>
          </gpxtpx:TrackPointExtension>
        </extensions>
      </trkpt>
      <trkpt lat="22.543420099840137" lon="114.08298873264552">
        <ele>20.187316774390638</ele>
        <time>1970-01-01T00:02:38.300000Z</time>
        <extensions>
          <gpxtpx:TrackPointExtension>
            <gpxtpx:hr>129</gpxtpx:hr>
          </gpxtpx:TrackPointExtension>
        </extensions>
      </trkpt>
      <trkpt lat="22.54341629626605" lon="114.08300890960598">
        <ele>20.257094581611454</ele>
        <time>1970-01-01T00:02:39.300000Z</time>
        <extensions>
          <gpxtpx:TrackPointExtension>
            <gpxtpx:hr>129</gpxtpx:hr>
          </gpxtpx:TrackPointExtension>
        </extensions>
      </trkpt>
      <trkpt lat="22.543415256946435" lon="114.08303121104709">
        <ele>20.284921525977552</ele>
        <time>1970-01-01T00:02:40.300000Z</time>
        <extensions>
          <gpxtpx:TrackPointExtension>
            <gpxtpx:hr>129</gpxtpx:hr>
          </gpxtpx:TrackPointExtension>
        </extensions>
      </trkpt>
      <trkpt lat="22.543415826819757" lon="114.08305621469793">
        <ele>20.278339210897684</ele>
        <time>1970-01-01T00:02:41.300000Z</time>
        <extensions>
          <gpxtpx:TrackPointExtension>
            <gpxtpx:hr>129</gpxtpx:hr>
          </gpxtpx:TrackPointExtension>
        </extensions>
      </trkpt>
      <trkpt lat="22.543417126133498" lon="114.08308315333365">
        <ele>20.24852264393121</ele>
        <time>1970-01-01T00:02:42.300000Z</time>
        <extensions>
          <gpxtpx:TrackPointExtension>
            <gpxtpx:hr>129</gpxtpx:hr>
          </gpxtpx:TrackPointExtension>
        </extensions>
      </trkpt>
      <trkpt lat="22.543419129248434" lon="114.08311123250483">
        <ele>20.166419176384807</ele>
        <time>1970-01-01T00:02:43.300000Z</time>
        <extensions>
          <gpxtpx:TrackPointExtension>
            <gpxtpx:hr>129</gpxtpx:hr>
          </gpxtpx:TrackPointExtension>
        </extensions>
      </trkpt>
      <trkpt lat="22.54342219984269" lon="114.08313950922962">
        <ele>20.065657150931656</ele>
        <time>1970-01-01T00:02:44.300000Z</time>
        <extensions>
          <gpxtpx:TrackPointExtension>
            <gpxtpx:hr>128</gpxtpx:hr>
          </gpxtpx:TrackPointExtension>
        </extensions>
      </trkpt>
      <trkpt lat="22.54342645990275" lon="114.08316757894221">
        <ele>19.922452554106712</ele>
        <time>1970-01-01T00:02:45.300000Z</time>
        <extensions>
          <gpxtpx:TrackPointExtension>
            <gpxtpx:hr>128</gpxtpx:hr>
          </gpxtpx:TrackPointExtension>
        </extensions>
      </trkpt>
      <trkpt lat="22.543431023258954" lon="114.08319503860608">
        <ele>19.728234383277595</ele>
        <time>1970-01-01T00:02:46.300000Z</time>
        <extensions>
          <gpxtpx:TrackPointExtension>
            <gpxtpx:hr>128</gpxtpx:hr>
          </gpxtpx:TrackPointExtension>
        </extensions>
      </trkpt>
      <trkpt lat="22.543434533628435" lon="114.08322199229495">
        <ele>19.529669701121747</ele>
        <time>1970-01-01T00:02:47.300000Z</time>
        <extensions>
          <gpxtpx:TrackPointExtension>
            <gpxtpx:hr>128</gpxtpx:hr>
          </gpxtpx:TrackPointExtension>
        </extensions>
      </trkpt>
      <trkpt lat="22.543436069316545" lon="114.083248765206">
        <ele>19.277808336541057</ele>
        <time>1970-01-01T00:02:48.300000Z</time>
        <extensions>
          <gpxtpx:TrackPointExtension>
            <gpxtpx:hr>128</gpxtpx:hr>
          </gpxtpx:TrackPointExtension>
        </extensions>
      </trkpt>
      <trkpt lat="22.54343595209737" lon="114.08327557215105">
        <ele>18.98643977381289</ele>
        <time>1970-01-01T00:02:49.300000Z</time>
        <extensions>
          <gpxtpx:TrackPointExtension>
            <gpxtpx:hr>127</gpxtpx:hr>
          </gpxtpx:TrackPointExtension>
        </extensions>
      </trkpt>
      <trkpt lat="22.543435166087438" lon="114.08330230286984">
        <ele>18.684868101030588</ele>
        <time>1970-01-01T00:02:50.300000Z</time>
        <extensions>
          <gpxtpx:TrackPointExtension>
            <gpxtpx:hr>127</gpxtpx:hr>
          </gpxtpx:TrackPointExtension>
        </extensions>
      </trkpt>
      <trkpt lat="22.543434644660604" lon="114.08332873542098">
        <ele>18.356391231529415</ele>
        <time>1970-01-01T00:02:51.300000Z</time>
        <extensions>
          <gpxtpx:TrackPointExtension>
            <gpxtpx:hr>127</gpxtpx:hr>
          </gpxtpx:TrackPointExtension>
        </extensions>
      </trkpt>
      <trkpt lat="22.543434703879868" lon="114.08335486169128">
        <ele>18.00554276164621</ele>
        <time>1970-01-01T00:02:52.300000Z</time>
        <extensions>
          <gpxtpx:TrackPointExtension>
            <gpxtpx:hr>127</gpxtpx:hr>
          </gpxtpx:TrackPointExtension>
        </extensions>
      </trkpt>
      <trkpt lat="22.543435021156807" lon="114.08338091582512">
        <ele>17.626175954937935</ele>
        <time>1970-01-01T00:02:53.300000Z</time>
        <extensions>
          <gpxtpx:TrackPointExtension>
            <gpxtpx:hr>130</gpxtpx:hr>
          </gpxtpx:TrackPointExtension>
        </extensions>
      </trkpt>
      <trkpt lat="22.543435418162872" lon="114.08340728818816">
        <ele>17.215063063427806</ele>
        <time>1970-01-01T00:02:54.300000Z</time>
        <extensions>
          <gpxtpx:TrackPointExtension>
            <gpxtpx:hr>130</gpxtpx:hr>
          </gpxtpx:TrackPointExtension>
        </extensions>
      </trkpt>
      <trkpt lat="22.543436675111725" lon="114.08343328658815">
        <ele>16.809798897244036</ele>
        <time>1970-01-01T00:02:55.300000Z</time>
        <extensions>
          <gpxtpx:TrackPointExtension>
            <gpxtpx:hr>130</gpxtpx:hr>
          </gpxtpx:TrackPointExtension>
        </extensions>
      </trkpt>
      <trkpt lat="22.543438926072728" lon="114.08345872697848">
        <ele>16.392759480513632</ele>
        <time>1970-01-01T00:02:56.300000Z</time>
        <extensions>
          <gpxtpx:TrackPointExtension>
            <gpxtpx:hr>130</gpxtpx:hr>
          </gpxtpx:TrackPointExtension>
        </extensions>
      </trkpt>
      <trkpt lat="22.543441317154137" lon="114.08348493869237">
        <ele>16.00119206495583</ele>
        <time>1970-01-01T00:02:57.300000Z</time>
        <extensions>
          <gpxtpx:TrackPointExtension>
            <gpxtpx:hr>130</gpxtpx:hr>
          </gpxtpx:TrackPointExtension>
        </extensions>
      </trkpt>
      <trkpt lat="22.54344390271558" lon="114.08351233833834">
        <ele>15.625417646951973</ele>
        <time>1970-01-01T00:02:58.300000Z</time>
        <extensions>
          <gpxtpx:TrackPointExtension>
            <gpxtpx:hr>130</gpxtpx:hr>
          </gpxtpx:TrackPointExtension>
        </extensions>
      </trkpt>
      <trkpt lat="22.543447118180268" lon="114.0835398357036">
        <ele>15.24537805467844</ele>
        <time>1970-01-01T00:02:59.300000Z</time>
        <extensions>
          <gpxtpx:TrackPointExtension>
            <gpxtpx:hr>130</gpxtpx:hr>
          </gpxtpx:TrackPointExtension>
        </extensions>
      </trkpt>
      <trkpt lat="22.54345111332331" lon="114.08356653825113">
        <ele>14.879204164259136</ele>
        <time>1970-01-01T00:03:00.300000Z</time>
        <extensions>
          <gpxtpx:TrackPointExtension>
            <gpxtpx:hr>130</gpxtpx:hr>
          </gpxtpx:TrackPointExtension>
        </extensions>
      </trkpt>
      <trkpt lat="22.543455854790274" lon="114.08359289136524">
        <ele>14.5278234295547</ele>
        <time>1970-01-01T00:03:01.300000Z</time>
        <extensions>
          <gpxtpx:TrackPointExtension>
            <gpxtpx:hr>130</gpxtpx:hr>
          </gpxtpx:TrackPointExtension>
        </extensions>
      </trkpt>
      <trkpt lat="22.543460633139684" lon="114.08361955176477">
        <ele>14.23729269579053</ele>
        <time>1970-01-01T00:03:02.300000Z</time>
        <extensions>
          <gpxtpx:TrackPointExtension>
            <gpxtpx:hr>130</gpxtpx:hr>
          </gpxtpx:TrackPointExtension>
        </extensions>
      </trkpt>
      <trkpt lat="22.543464601243684" lon="114.08364617741036">
        <ele>13.95648668333888</ele>
        <time>1970-01-01T00:03:03.300000Z</time>
        <extensions>
          <gpxtpx:TrackPointExtension>
            <gpxtpx:hr>130</gpxtpx:hr>
          </gpxtpx:TrackPointExtension>
        </extensions>
      </trkpt>
      <trkpt lat="22.54346708691864" lon="114.08367222560375">
        <ele>13.716400335542858</ele>
        <time>1970-01-01T00:03:04.300000Z</time>
        <extensions>
          <gpxtpx:TrackPointExtension>
            <gpxtpx:hr>130</gpxtpx:hr>
          </gpxtpx:TrackPointExtension>
        </extensions>
      </trkpt>
      <trkpt lat="22.543468308746647" lon="114.08369820125283">
        <ele>13.524224920198321</ele>
        <time>1970-01-01T00:03:05.300000Z</time>
        <extensions>
          <gpxtpx:TrackPointExtension>
            <gpxtpx:hr>130</gpxtpx:hr>
          </gpxtpx:TrackPointExtension>
        </extensions>
      </trkpt>
      <trkpt lat="22.543469004851328" lon="114.08372438002864">
        <ele>13.328376082703471</ele>
        <time>1970-01-01T00:03:06.300000Z</time>
        <extensions>
          <gpxtpx:TrackPointExtension>
            <gpxtpx:hr>130</gpxtpx:hr>
          </gpxtpx:TrackPointExtension>
        </extensions>
      </trkpt>
      <trkpt lat="22.543469432305162" lon="114.08375059179465">
        <ele>13.129680669866502</ele>
        <time>1970-01-01T00:03:07.300000Z</time>
        <extensions>
          <gpxtpx:TrackPointExtension>
            <gpxtpx:hr>130</gpxtpx:hr>
          </gpxtpx:TrackPointExtension>
        </extensions>
      </trkpt>
      <trkpt lat="22.543469116546895" lon="114.08377641197707">
        <ele>12.955331899225712</ele>
        <time>1970-01-01T00:03:08.300000Z</time>
        <extensions>
          <gpxtpx:TrackPointExtension>
            <gpxtpx:hr>130</gpxtpx:hr>
          </gpxtpx:TrackPointExtension>
        </extensions>
      </trkpt>
      <trkpt lat="22.54346825621428" lon="114.08380098732273">
        <ele>12.842940714210272</ele>
        <time>1970-01-01T00:03:09.300000Z</time>
        <extensions>
          <gpxtpx:TrackPointExtension>
            <gpxtpx:hr>130</gpxtpx:hr>
          </gpxtpx:TrackPointExtension>
        </extensions>
      </trkpt>
      <trkpt lat="22.543467877647878" lon="114.08382412682684">
        <ele>12.756044222973287</ele>
        <time>1970-01-01T00:03:10.300000Z</time>
        <extensions>
          <gpxtpx:TrackPointExtension>
            <gpxtpx:hr>130</gpxtpx:hr>
          </gpxtpx:TrackPointExtension>
        </extensions>
      </trkpt>
      <trkpt lat="22.543468134635127" lon="114.08384604262471">
        <ele>12.68227194622159</ele>
        <time>1970-01-01T00:03:11.300000Z</time>
        <extensions>
          <gpxtpx:TrackPointExtension>
            <gpxtpx:hr>130</gpxtpx:hr>
          </gpxtpx:TrackPointExtension>
        </extensions>
      </trkpt>
      <trkpt lat="22.54346902414384" lon="114.08386741174711">
        <ele>12.601595981046557</ele>
        <time>1970-01-01T00:03:12.300000Z</time>
        <extensions>
          <gpxtpx:TrackPointExtension>
            <gpxtpx:hr>130</gpxtpx:hr>
          </gpxtpx:TrackPointExtension>
        </extensions>
      </trkpt>
      <trkpt lat="22.54347088061128" lon="114.08388919868996">
        <ele>12.529841700568795</ele>
        <time>1970-01-01T00:03:13.300000Z</time>
        <extensions>
          <gpxtpx:TrackPointExtension>
            <gpxtpx:hr>130</gpxtpx:hr>
          </gpxtpx:TrackPointExtension>
        </extensions>
      </trkpt>
      <trkpt lat="22.54347371737816" lon="114.0839117049604">
        <ele>12.459507507272065</ele>
        <time>1970-01-01T00:03:14.300000Z</time>
        <extensions>
          <gpxtpx:TrackPointExtension>
            <gpxtpx:hr>130</gpxtpx:hr>
          </gpxtpx:TrackPointExtension>
        </extensions>
      </trkpt>
      <trkpt lat="22.54347666308505" lon="114.08393492060718">
        <ele>12.405359651893377</ele>
        <time>1970-01-01T00:03:15.300000Z</time>
        <extensions>
          <gpxtpx:TrackPointExtension>
            <gpxtpx:hr>131</gpxtpx:hr>
          </gpxtpx:TrackPointExtension>
        </extensions>
      </trkpt>
      <trkpt lat="22.543478718076717" lon="114.08395937453686">
        <ele>12.378379477187991</ele>
        <time>1970-01-01T00:03:16.300000Z</time>
        <extensions>
          <gpxtpx:TrackPointExtension>
            <gpxtpx:hr>131</gpxtpx:hr>
          </gpxtpx:TrackPointExtension>
        </extensions>
      </trkpt>
      <trkpt lat="22.54347959800302" lon="114.08398464813382">
        <ele>12.352544154040515</ele>
        <time>1970-01-01T00:03:17.300000Z</time>
        <extensions>
          <gpxtpx:TrackPointExtension>
            <gpxtpx:hr>131</gpxtpx:hr>
          </gpxtpx:TrackPointExtension>
        </extensions>
      </trkpt>
      <trkpt lat="22.543479785707305" lon="114.08400962238727">
        <ele>12.3607943886891</ele>
        <time>1970-01-01T00:03:18.300000Z</time>
        <extensions>
          <gpxtpx:TrackPointExtension>
            <gpxtpx:hr>131</gpxtpx:hr>
          </gpxtpx:TrackPointExtension>
        </extensions>
      </trkpt>
      <trkpt lat="22.543479848651174" lon="114.08403361125974">
        <ele>12.407953655347228</ele>
        <time>1970-01-01T00:03:19.300000Z</time>
        <extensions>
          <gpxtpx:TrackPointExtension>
            <gpxtpx:hr>131</gpxtpx:hr>
          </gpxtpx:TrackPointExtension>
        </extensions>
      </trkpt>
      <trkpt lat="22.54347995674425" lon="114.08405596257249">
        <ele>12.490022130310535</ele>
        <time>1970-01-01T00:03:20.300000Z</time>
        <extensions>
          <gpxtpx:TrackPointExtension>
            <gpxtpx:hr>131</gpxtpx:hr>
          </gpxtpx:TrackPointExtension>
        </extensions>
      </trkpt>
      <trkpt lat="22.54347993444747" lon="114.08407621893717">
        <ele>12.576138587668538</ele>
        <time>1970-01-01T00:03:21.300000Z</time>
        <extensions>
          <gpxtpx:TrackPointExtension>
            <gpxtpx:hr>131</gpxtpx:hr>
          </gpxtpx:TrackPointExtension>
        </extensions>
      </trkpt>
      <trkpt lat="22.543479637749257" lon="114.08409379168438">
        <ele>12.653807904571295</ele>
        <time>1970-01-01T00:03:22.300000Z</time>
        <extensions>
          <gpxtpx:TrackPointExtension>
            <gpxtpx:hr>131</gpxtpx:hr>
          </gpxtpx:TrackPointExtension>
        </extensions>
      </trkpt>
      <trkpt lat="22.543479021510993" lon="114.08410779407559">
        <ele>12.743841500021517</ele>
        <time>1970-01-01T00:03:23.300000Z</time>
        <extensions>
          <gpxtpx:TrackPointExtension>
            <gpxtpx:hr>132</gpxtpx:hr>
          </gpxtpx:TrackPointExtension>
        </extensions>
      </trkpt>
      <trkpt lat="22.543478525363724" lon="114.08411746731524">
        <ele>12.805163116194308</ele>
        <time>1970-01-01T00:03:24.300000Z</time>
        <extensions>
          <gpxtpx:TrackPointExtension>
            <gpxtpx:hr>132</gpxtpx:hr>
          </gpxtpx:TrackPointExtension>
        </extensions>
      </trkpt>
      <trkpt lat="22.543478771991325" lon="114.084126836286">
        <ele>12.841456174850464</ele>
        <time>1970-01-01T00:03:25.300000Z</time>
        <extensions>
          <gpxtpx:TrackPointExtension>
            <gpxtpx:hr>132</gpxtpx:hr>
          </gpxtpx:TrackPointExtension>
        </extensions>
      </trkpt>
      <trkpt lat="22.543479535704172" lon="114.08414219611443">
        <ele>12.88722033239901</ele>
        <time>1970-01-01T00:03:26.300000Z</time>
        <extensions>
          <gpxtpx:TrackPointExtension>
            <gpxtpx:hr>132</gpxtpx:hr>
          </gpxtpx:TrackPointExtension>
        </extensions>
      </trkpt>
      <trkpt lat="22.543480123064132" lon="114.08416511859332">
        <ele>12.944123110733926</ele>
        <time>1970-01-01T00:03:27.300000Z</time>
        <extensions>
          <gpxtpx:TrackPointExtension>
            <gpxtpx:hr>131</gpxtpx:hr>
          </gpxtpx:TrackPointExtension>
        </extensions>
      </trkpt>
      <trkpt lat="22.54347982125956" lon="114.08419293856474">
        <ele>12.94815584179014</ele>
        <time>1970-01-01T00:03:28.300000Z</time>
        <extensions>
          <gpxtpx:TrackPointExtension>
            <gpxtpx:hr>131</gpxtpx:hr>
          </gpxtpx:TrackPointExtension>
        </extensions>
      </trkpt>
      <trkpt lat="22.54347901714986" lon="114.08422053877426">
        <ele>12.957407113164663</ele>
        <time>1970-01-01T00:03:29.300000Z</time>
        <extensions>
          <gpxtpx:TrackPointExtension>
            <gpxtpx:hr>131</gpxtpx:hr>
          </gpxtpx:TrackPointExtension>
        </extensions>
      </trkpt>
      <trkpt lat="22.543479361449165" lon="114.08424476369358">
        <ele>12.897800472564995</ele>
        <time>1970-01-01T00:03:30.300000Z</time>
        <extensions>
          <gpxtpx:TrackPointExtension>
            <gpxtpx:hr>131</gpxtpx:hr>
          </gpxtpx:TrackPointExtension>
        </extensions>
      </trkpt>
      <trkpt lat="22.543481631019585" lon="114.08426539599935">
        <ele>12.800229181535542</ele>
        <time>1970-01-01T00:03:31.300000Z</time>
        <extensions>
          <gpxtpx:TrackPointExtension>
            <gpxtpx:hr>131</gpxtpx:hr>
          </gpxtpx:TrackPointExtension>
        </extensions>
      </trkpt>
      <trkpt lat="22.543485286941408" lon="114.08428445146795">
        <ele>12.689801123924553</ele>
        <time>1970-01-01T00:03:32.300000Z</time>
        <extensions>
          <gpxtpx:TrackPointExtension>
            <gpxtpx:hr>131</gpxtpx:hr>
          </gpxtpx:TrackPointExtension>
        </extensions>
      </trkpt>
      <trkpt lat="22.543488817026393" lon="114.0843040939089">
        <ele>12.533393043093383</ele>
        <time>1970-01-01T00:03:33.300000Z</time>
        <extensions>
          <gpxtpx:TrackPointExtension>
            <gpxtpx:hr>131</gpxtpx:hr>
          </gpxtpx:TrackPointExtension>
        </extensions>
      </trkpt>
      <trkpt lat="22.543491576955564" lon="114.08432451003691">
        <ele>12.357018226757646</ele>
        <time>1970-01-01T00:03:34.300000Z</time>
        <extensions>
          <gpxtpx:TrackPointExtension>
            <gpxtpx:hr>131</gpxtpx:hr>
          </gpxtpx:TrackPointExtension>
        </extensions>
      </trkpt>
      <trkpt lat="22.543494019008744" lon="114.08434588838925">
        <ele>12.166941436007619</ele>
        <time>1970-01-01T00:03:35.300000Z</time>
        <extensions>
          <gpxtpx:TrackPointExtension>
            <gpxtpx:hr>131</gpxtpx:hr>
          </gpxtpx:TrackPointExtension>
        </extensions>
      </trkpt>
      <trkpt lat="22.543496371345725" lon="114.08436970513256">
        <ele>11.947824165225029</ele>
        <time>1970-01-01T00:03:36.300000Z</time>
        <extensions>
          <gpxtpx:TrackPointExtension>
            <gpxtpx:hr>131</gpxtpx:hr>
          </gpxtpx:TrackPointExtension>
        </extensions>
      </trkpt>
      <trkpt lat="22.543498609775188" lon="114.08439628003605">
        <ele>11.714864893816411</ele>
        <time>1970-01-01T00:03:37.300000Z</time>
        <extensions>
          <gpxtpx:TrackPointExtension>
            <gpxtpx:hr>131</gpxtpx:hr>
          </gpxtpx:TrackPointExtension>
        </extensions>
      </trkpt>
      <trkpt lat="22.543500648997103" lon="114.08442300871882">
        <ele>11.471105315722525</ele>
        <time>1970-01-01T00:03:38.300000Z</time>
        <extensions>
          <gpxtpx:TrackPointExtension>
            <gpxtpx:hr>131</gpxtpx:hr>
          </gpxtpx:TrackPointExtension>
        </extensions>
      </trkpt>
      <trkpt lat="22.543503213637983" lon="114.08444869904454">
        <ele>11.198269852437079</ele>
        <time>1970-01-01T00:03:39.300000Z</time>
        <extensions>
          <gpxtpx:TrackPointExtension>
            <gpxtpx:hr>131</gpxtpx:hr>
          </gpxtpx:TrackPointExtension>
        </extensions>
      </trkpt>
      <trkpt lat="22.54350622332823" lon="114.08447402060854">
        <ele>10.93668903131038</ele>
        <time>1970-01-01T00:03:40.300000Z</time>
        <extensions>
          <gpxtpx:TrackPointExtension>
            <gpxtpx:hr>131</gpxtpx:hr>
          </gpxtpx:TrackPointExtension>
        </extensions>
      </trkpt>
      <trkpt lat="22.543508367383705" lon="114.08449992894013">
        <ele>10.687056059017777</ele>
        <time>1970-01-01T00:03:41.300000Z</time>
        <extensions>
          <gpxtpx:TrackPointExtension>
            <gpxtpx:hr>131</gpxtpx:hr>
          </gpxtpx:TrackPointExtension>
        </extensions>
      </trkpt>
      <trkpt lat="22.543509054397575" lon="114.0845266939959">
        <ele>10.43274849280715</ele>
        <time>1970-01-01T00:03:42.300000Z</time>
        <extensions>
          <gpxtpx:TrackPointExtension>
            <gpxtpx:hr>131</gpxtpx:hr>
          </gpxtpx:TrackPointExtension>
        </extensions>
      </trkpt>
      <trkpt lat="22.54350870162351" lon="114.08455432125646">
        <ele>10.172780294902623</ele>
        <time>1970-01-01T00:03:43.300000Z</time>
        <extensions>
          <gpxtpx:TrackPointExtension>
            <gpxtpx:hr>131</gpxtpx:hr>
          </gpxtpx:TrackPointExtension>
        </extensions>
      </trkpt>
      <trkpt lat="22.543508966214084" lon="114.08458197939764">
        <ele>9.939287225715816</ele>
        <time>1970-01-01T00:03:44.300000Z</time>
        <extensions>
          <gpxtpx:TrackPointExtension>
            <gpxtpx:hr>133</gpxtpx:hr>
          </gpxtpx:TrackPointExtension>
        </extensions>
      </trkpt>
      <trkpt lat="22.543510657581326" lon="114.08460864039093">
        <ele>9.738004611805081</ele>
        <time>1970-01-01T00:03:45.300000Z</time>
        <extensions>
          <gpxtpx:TrackPointExtension>
            <gpxtpx:hr>133</gpxtpx:hr>
          </gpxtpx:TrackPointExtension>
        </extensions>
      </trkpt>
      <trkpt lat="22.543513403191213" lon="114.08463311667211">
        <ele>9.564075669273734</ele>
        <time>1970-01-01T00:03:46.300000Z</time>
        <extensions>
          <gpxtpx:TrackPointExtension>
            <gpxtpx:hr>133</gpxtpx:hr>
          </gpxtpx:TrackPointExtension>
        </extensions>
      </trkpt>
      <trkpt lat="22.54351656252543" lon="114.08465567755098">
        <ele>9.396820123307407</ele>
        <time>1970-01-01T00:03:47.300000Z</time>
        <extensions>
          <gpxtpx:TrackPointExtension>
            <gpxtpx:hr>133</gpxtpx:hr>
          </gpxtpx:TrackPointExtension>
        </extensions>
      </trkpt>
      <trkpt lat="22.54351907668303" lon="114.08467809088816">
        <ele>9.250249945558608</ele>
        <time>1970-01-01T00:03:48.300000Z</time>
        <extensions>
          <gpxtpx:TrackPointExtension>
            <gpxtpx:hr>133</gpxtpx:hr>
          </gpxtpx:TrackPointExtension>
        </extensions>
      </trkpt>
      <trkpt lat="22.543520089756676" lon="114.08470079447315">
        <ele>9.125451535917819</ele>
        <time>1970-01-01T00:03:49.300000Z</time>
        <extensions>
          <gpxtpx:TrackPointExtension>
            <gpxtpx:hr>133</gpxtpx:hr>
          </gpxtpx:TrackPointExtension>
        </extensions>
      </trkpt>
      <trkpt lat="22.54351850433712" lon="114.08472441224313">
        <ele>9.010700341314077</ele>
        <time>1970-01-01T00:03:50.300000Z</time>
        <extensions>
          <gpxtpx:TrackPointExtension>
            <gpxtpx:hr>133</gpxtpx:hr>
          </gpxtpx:TrackPointExtension>
        </extensions>
      </trkpt>
      <trkpt lat="22.543514178576363" lon="114.0847488809872">
        <ele>8.930718525312841</ele>
        <time>1970-01-01T00:03:51.300000Z</time>
        <extensions>
          <gpxtpx:TrackPointExtension>
            <gpxtpx:hr>133</gpxtpx:hr>
          </gpxtpx:TrackPointExtension>
        </extensions>
      </trkpt>
      <trkpt lat="22.54350848721188" lon="114.08477327872444">
        <ele>8.883906278759241</ele>
        <time>1970-01-01T00:03:52.300000Z</time>
        <extensions>
          <gpxtpx:TrackPointExtension>
            <gpxtpx:hr>133</gpxtpx:hr>
          </gpxtpx:TrackPointExtension>
        </extensions>
      </trkpt>
      <trkpt lat="22.54350230914901" lon="114.08479781609577">
        <ele>8.84966850001365</ele>
        <time>1970-01-01T00:03:53.300000Z</time>
        <extensions>
          <gpxtpx:TrackPointExtension>
            <gpxtpx:hr>136</gpxtpx:hr>
          </gpxtpx:TrackPointExtension>
        </extensions>
      </trkpt>
      <trkpt lat="22.543495710575883" lon="114.08482295234745">
        <ele>8.824027287773788</ele>
        <time>1970-01-01T00:03:54.300000Z</time>
        <extensions>
          <gpxtpx:TrackPointExtension>
            <gpxtpx:hr>136</gpxtpx:hr>
          </gpxtpx:TrackPointExtension>
        </extensions>
      </trkpt>
      <trkpt lat="22.543489514707634" lon="114.08484865399905">
        <ele>8.82584638800472</ele>
        <time>1970-01-01T00:03:55.300000Z</time>
        <extensions>
          <gpxtpx:TrackPointExtension>
            <gpxtpx:hr>136</gpxtpx:hr>
          </gpxtpx:TrackPointExtension>
        </extensions>
      </trkpt>
      <trkpt lat="22.54348513457794" lon="114.08487447659492">
        <ele>8.83812693040818</ele>
        <time>1970-01-01T00:03:56.300000Z</time>
        <extensions>
          <gpxtpx:TrackPointExtension>
            <gpxtpx:hr>136</gpxtpx:hr>
          </gpxtpx:TrackPointExtension>
        </extensions>
      </trkpt>
      <trkpt lat="22.543482983690218" lon="114.08490005390782">
        <ele>8.870736982673407</ele>
        <time>1970-01-01T00:03:57.300000Z</time>
        <extensions>
          <gpxtpx:TrackPointExtension>
            <gpxtpx:hr>136</gpxtpx:hr>
          </gpxtpx:TrackPointExtension>
        </extensions>
      </trkpt>
      <trkpt lat="22.543481867619168" lon="114.08492550393382">
        <ele>8.921011373400688</ele>
        <time>1970-01-01T00:03:58.300000Z</time>
        <extensions>
          <gpxtpx:TrackPointExtension>
            <gpxtpx:hr>136</gpxtpx:hr>
          </gpxtpx:TrackPointExtension>
        </extensions>
      </trkpt>
      <trkpt lat="22.543480832267623" lon="114.08495129916138">
        <ele>8.947382654994726</ele>
        <time>1970-01-01T00:03:59.300000Z</time>
        <extensions>
          <gpxtpx:TrackPointExtension>
            <gpxtpx:hr>136</gpxtpx:hr>
          </gpxtpx:TrackPointExtension>
        </extensions>
      </trkpt>
      <trkpt lat="22.543480247184917" lon="114.08497795707422">
        <ele>9.010438078083098</ele>
        <time>1970-01-01T00:04:00.300000Z</time>
        <extensions>
          <gpxtpx:TrackPointExtension>
            <gpxtpx:hr>136</gpxtpx:hr>
          </gpxtpx:TrackPointExtension>
        </extensions>
      </trkpt>
      <trkpt lat="22.54348055219756" lon="114.0850051304281">
        <ele>9.104630583897233</ele>
        <time>1970-01-01T00:04:01.300000Z</time>
        <extensions>
          <gpxtpx:TrackPointExtension>
            <gpxtpx:hr>136</gpxtpx:hr>
          </gpxtpx:TrackPointExtension>
        </extensions>
      </trkpt>
      <trkpt lat="22.543481720411943" lon="114.08503243702307">
        <ele>9.178741862997413</ele>
        <time>1970-01-01T00:04:02.300000Z</time>
        <extensions>
          <gpxtpx:TrackPointExtension>
            <gpxtpx:hr>136</gpxtpx:hr>
          </gpxtpx:TrackPointExtension>
        </extensions>
      </trkpt>
      <trkpt lat="22.54348322980822" lon="114.08505965815478">
        <ele>9.321147279813886</ele>
        <time>1970-01-01T00:04:03.300000Z</time>
        <extensions>
          <gpxtpx:TrackPointExtension>
            <gpxtpx:hr>136</gpxtpx:hr>
          </gpxtpx:TrackPointExtension>
        </extensions>
      </trkpt>
      <trkpt lat="22.54348500624534" lon="114.0850864883743">
        <ele>9.49314815737307</ele>
        <time>1970-01-01T00:04:04.300000Z</time>
        <extensions>
          <gpxtpx:TrackPointExtension>
            <gpxtpx:hr>136</gpxtpx:hr>
          </gpxtpx:TrackPointExtension>
        </extensions>
      </trkpt>
      <trkpt lat="22.543487152804833" lon="114.08511393525913">
        <ele>9.724664086475968</ele>
        <time>1970-01-01T00:04:05.300000Z</time>
        <extensions>
          <gpxtpx:TrackPointExtension>
            <gpxtpx:hr>136</gpxtpx:hr>
          </gpxtpx:TrackPointExtension>
        </extensions>
      </trkpt>
      <trkpt lat="22.543489370524103" lon="114.08514203582442">
        <ele>10.011590483598411</ele>
        <time>1970-01-01T00:04:06.300000Z</time>
        <extensions>
          <gpxtpx:TrackPointExtension>
            <gpxtpx:hr>136</gpxtpx:hr>
          </gpxtpx:TrackPointExtension>
        </extensions>
      </trkpt>
      <trkpt lat="22.543491524904365" lon="114.08517049730187">
        <ele>10.338988875038922</ele>
        <time>1970-01-01T00:04:07.300000Z</time>
        <extensions>
          <gpxtpx:TrackPointExtension>
            <gpxtpx:hr>136</gpxtpx:hr>
          </gpxtpx:TrackPointExtension>
        </extensions>
      </trkpt>
      <trkpt lat="22.54349382470816" lon="114.08520033229618">
        <ele>10.71845154184848</ele>
        <time>1970-01-01T00:04:08.300000Z</time>
        <extensions>
          <gpxtpx:TrackPointExtension>
            <gpxtpx:hr>136</gpxtpx:hr>
          </gpxtpx:TrackPointExtension>
        </extensions>
      </trkpt>
      <trkpt lat="22.543496127121045" lon="114.08523177188583">
        <ele>11.146805346943438</ele>
        <time>1970-01-01T00:04:09.300000Z</time>
        <extensions>
          <gpxtpx:TrackPointExtension>
            <gpxtpx:hr>136</gpxtpx:hr>
          </gpxtpx:TrackPointExtension>
        </extensions>
      </trkpt>
      <trkpt lat="22.543498485424134" lon="114.0852641257924">
        <ele>11.59946097061038</ele>
        <time>1970-01-01T00:04:10.300000Z</time>
        <extensions>
          <gpxtpx:TrackPointExtension>
            <gpxtpx:hr>136</gpxtpx:hr>
          </gpxtpx:TrackPointExtension>
        </extensions>
      </trkpt>
      <trkpt lat="22.5435006211036" lon="114.08529681664899">
        <ele>12.098388444632292</ele>
        <time>1970-01-01T00:04:11.300000Z</time>
        <extensions>
          <gpxtpx:TrackPointExtension>
            <gpxtpx:hr>136</gpxtpx:hr>
          </gpxtpx:TrackPointExtension>
        </extensions>
      </trkpt>
      <trkpt lat="22.543502675709156" lon="114.08532870393108">
        <ele>12.617797863669693</ele>
        <time>1970-01-01T00:04:12.300000Z</time>
        <extensions>
          <gpxtpx:TrackPointExtension>
            <gpxtpx:hr>136</gpxtpx:hr>
          </gpxtpx:TrackPointExtension>
        </extensions>
      </trkpt>
      <trkpt lat="22.543505748467616" lon="114.08535990627654">
        <ele>13.168717470020056</ele>
        <time>1970-01-01T00:04:13.300000Z</time>
        <extensions>
          <gpxtpx:TrackPointExtension>
            <gpxtpx:hr>133</gpxtpx:hr>
          </gpxtpx:TrackPointExtension>
        </extensions>
      </trkpt>
      <trkpt lat="22.543510159291095" lon="114.08539055812743">
        <ele>13.760996735654771</ele>
        <time>1970-01-01T00:04:14.300000Z</time>
        <extensions>
          <gpxtpx:TrackPointExtension>
            <gpxtpx:hr>133</gpxtpx:hr>
          </gpxtpx:TrackPointExtension>
        </extensions>
      </trkpt>
      <trkpt lat="22.543515058545417" lon="114.08542057060488">
        <ele>14.35099922772497</ele>
        <time>1970-01-01T00:04:15.300000Z</time>
        <extensions>
          <gpxtpx:TrackPointExtension>
            <gpxtpx:hr>133</gpxtpx:hr>
          </gpxtpx:TrackPointExtension>
        </extensions>
      </trkpt>
      <trkpt lat="22.543519459830843" lon="114.08545024017774">
        <ele>14.92059258557856</ele>
        <time>1970-01-01T00:04:16.300000Z</time>
        <extensions>
          <gpxtpx:TrackPointExtension>
            <gpxtpx:hr>133</gpxtpx:hr>
          </gpxtpx:TrackPointExtension>
        </extensions>
      </trkpt>
      <trkpt lat="22.54352323608369" lon="114.08547898475982">
        <ele>15.47902608755976</ele>
        <time>1970-01-01T00:04:17.300000Z</time>
        <extensions>
          <gpxtpx:TrackPointExtension>
            <gpxtpx:hr>133</gpxtpx:hr>
          </gpxtpx:TrackPointExtension>
        </extensions>
      </trkpt>
      <trkpt lat="22.543526576277316" lon="114.08550660667943">
        <ele>15.991366812959313</ele>
        <time>1970-01-01T00:04:18.300000Z</time>
        <extensions>
          <gpxtpx:TrackPointExtension>
            <gpxtpx:hr>133</gpxtpx:hr>
          </gpxtpx:TrackPointExtension>
        </extensions>
      </trkpt>
      <trkpt lat="22.54352932356323" lon="114.0855341634249">
        <ele>16.438451544381678</ele>
        <time>1970-01-01T00:04:19.300000Z</time>
        <extensions>
          <gpxtpx:TrackPointExtension>
            <gpxtpx:hr>133</gpxtpx:hr>
          </gpxtpx:TrackPointExtension>
        </extensions>
      </trkpt>
      <trkpt lat="22.543531824918706" lon="114.08556108871124">
        <ele>16.851959138177335</ele>
        <time>1970-01-01T00:04:20.300000Z</time>
        <extensions>
          <gpxtpx:TrackPointExtension>
            <gpxtpx:hr>132</gpxtpx:hr>
          </gpxtpx:TrackPointExtension>
        </extensions>
      </trkpt>
      <trkpt lat="22.543534813951737" lon="114.08558663113342">
        <ele>17.184474148787558</ele>
        <time>1970-01-01T00:04:21.300000Z</time>
        <extensions>
          <gpxtpx:TrackPointExtension>
            <gpxtpx:hr>132</gpxtpx:hr>
          </gpxtpx:TrackPointExtension>
        </extensions>
      </trkpt>
      <trkpt lat="22.54353780140015" lon="114.08561053093985">
        <ele>17.44764722045511</ele>
        <time>1970-01-01T00:04:22.300000Z</time>
        <extensions>
          <gpxtpx:TrackPointExtension>
            <gpxtpx:hr>132</gpxtpx:hr>
          </gpxtpx:TrackPointExtension>
        </extensions>
      </trkpt>
      <trkpt lat="22.54354006764016" lon="114.08563261927648">
        <ele>17.68346292246133</ele>
        <time>1970-01-01T00:04:23.300000Z</time>
        <extensions>
          <gpxtpx:TrackPointExtension>
            <gpxtpx:hr>132</gpxtpx:hr>
          </gpxtpx:TrackPointExtension>
        </extensions>
      </trkpt>
      <trkpt lat="22.543541916357228" lon="114.08565379741746">
        <ele>17.82163455709815</ele>
        <time>1970-01-01T00:04:24.300000Z</time>
        <extensions>
          <gpxtpx:TrackPointExtension>
            <gpxtpx:hr>133</gpxtpx:hr>
          </gpxtpx:TrackPointExtension>
        </extensions>
      </trkpt>
      <trkpt lat="22.543544123118338" lon="114.08567421574095">
        <ele>17.905029493384063</ele>
        <time>1970-01-01T00:04:25.300000Z</time>
        <extensions>
          <gpxtpx:TrackPointExtension>
            <gpxtpx:hr>133</gpxtpx:hr>
          </gpxtpx:TrackPointExtension>
        </extensions>
      </trkpt>
      <trkpt lat="22.543547420791295" lon="114.08569375451796">
        <ele>17.952839724719524</ele>
        <time>1970-01-01T00:04:26.300000Z</time>
        <extensions>
          <gpxtpx:TrackPointExtension>
            <gpxtpx:hr>133</gpxtpx:hr>
          </gpxtpx:TrackPointExtension>
        </extensions>
      </trkpt>
      <trkpt lat="22.543551531135115" lon="114.0857132546494">
        <ele>17.921428805217147</ele>
        <time>1970-01-01T00:04:27.300000Z</time>
        <extensions>
          <gpxtpx:TrackPointExtension>
            <gpxtpx:hr>135</gpxtpx:hr>
          </gpxtpx:TrackPointExtension>
        </extensions>
      </trkpt>
      <trkpt lat="22.543555445823973" lon="114.08573347487402">
        <ele>17.85678875539452</ele>
        <time>1970-01-01T00:04:28.300000Z</time>
        <extensions>
          <gpxtpx:TrackPointExtension>
            <gpxtpx:hr>135</gpxtpx:hr>
          </gpxtpx:TrackPointExtension>
        </extensions>
      </trkpt>
      <trkpt lat="22.54355855096033" lon="114.08575426323789">
        <ele>17.773626944050193</ele>
        <time>1970-01-01T00:04:29.300000Z</time>
        <extensions>
          <gpxtpx:TrackPointExtension>
            <gpxtpx:hr>135</gpxtpx:hr>
          </gpxtpx:TrackPointExtension>
        </extensions>
      </trkpt>
      <trkpt lat="22.54356093212029" lon="114.08577597617723">
        <ele>17.64773452002555</ele>
        <time>1970-01-01T00:04:30.300000Z</time>
        <extensions>
          <gpxtpx:TrackPointExtension>
            <gpxtpx:hr>135</gpxtpx:hr>
          </gpxtpx:TrackPointExtension>
        </extensions>
      </trkpt>
      <trkpt lat="22.543563022968407" lon="114.08579865740039">
        <ele>17.514903161674738</ele>
        <time>1970-01-01T00:04:31.300000Z</time>
        <extensions>
          <gpxtpx:TrackPointExtension>
            <gpxtpx:hr>135</gpxtpx:hr>
          </gpxtpx:TrackPointExtension>
        </extensions>
      </trkpt>
      <trkpt lat="22.543565594421278" lon="114.0858216746645">
        <ele>17.357945708557963</ele>
        <time>1970-01-01T00:04:32.300000Z</time>
        <extensions>
          <gpxtpx:TrackPointExtension>
            <gpxtpx:hr>135</gpxtpx:hr>
          </gpxtpx:TrackPointExtension>
        </extensions>
      </trkpt>
      <trkpt lat="22.54356853223455" lon="114.08584480323628">
        <ele>17.225604260340333</ele>
        <time>1970-01-01T00:04:33.300000Z</time>
        <extensions>
          <gpxtpx:TrackPointExtension>
            <gpxtpx:hr>136</gpxtpx:hr>
          </gpxtpx:TrackPointExtension>
        </extensions>
      </trkpt>
      <trkpt lat="22.543571036580573" lon="114.08586822083252">
        <ele>17.09929956123233</ele>
        <time>1970-01-01T00:04:34.300000Z</time>
        <extensions>
          <gpxtpx:TrackPointExtension>
            <gpxtpx:hr>136</gpxtpx:hr>
          </gpxtpx:TrackPointExtension>
        </extensions>
      </trkpt>
      <trkpt lat="22.543572745585212" lon="114.08589277886603">
        <ele>16.981613188050687</ele>
        <time>1970-01-01T00:04:35.300000Z</time>
        <extensions>
          <gpxtpx:TrackPointExtension>
            <gpxtpx:hr>136</gpxtpx:hr>
          </gpxtpx:TrackPointExtension>
        </extensions>
      </trkpt>
      <trkpt lat="22.543573457078413" lon="114.0859181616754">
        <ele>16.883202208206058</ele>
        <time>1970-01-01T00:04:36.300000Z</time>
        <extensions>
          <gpxtpx:TrackPointExtension>
            <gpxtpx:hr>136</gpxtpx:hr>
          </gpxtpx:TrackPointExtension>
        </extensions>
      </trkpt>
      <trkpt lat="22.54357303039859" lon="114.08594387054937">
        <ele>16.807239839807153</ele>
        <time>1970-01-01T00:04:37.300000Z</time>
        <extensions>
          <gpxtpx:TrackPointExtension>
            <gpxtpx:hr>136</gpxtpx:hr>
          </gpxtpx:TrackPointExtension>
        </extensions>
      </trkpt>
      <trkpt lat="22.54357153417314" lon="114.08596969240146">
        <ele>16.780888963490725</ele>
        <time>1970-01-01T00:04:38.300000Z</time>
        <extensions>
          <gpxtpx:TrackPointExtension>
            <gpxtpx:hr>137</gpxtpx:hr>
          </gpxtpx:TrackPointExtension>
        </extensions>
      </trkpt>
      <trkpt lat="22.54356976015846" lon="114.08599495702654">
        <ele>16.781067296862602</ele>
        <time>1970-01-01T00:04:39.300000Z</time>
        <extensions>
          <gpxtpx:TrackPointExtension>
            <gpxtpx:hr>137</gpxtpx:hr>
          </gpxtpx:TrackPointExtension>
        </extensions>
      </trkpt>
      <trkpt lat="22.54356834650956" lon="114.0860193766139">
        <ele>16.814475690945983</ele>
        <time>1970-01-01T00:04:40.300000Z</time>
        <extensions>
          <gpxtpx:TrackPointExtension>
            <gpxtpx:hr>137</gpxtpx:hr>
          </gpxtpx:TrackPointExtension>
        </extensions>
      </trkpt>
      <trkpt lat="22.543567236968524" lon="114.08604399323289">
        <ele>16.823082166723907</ele>
        <time>1970-01-01T00:04:41.300000Z</time>
        <extensions>
          <gpxtpx:TrackPointExtension>
            <gpxtpx:hr>137</gpxtpx:hr>
          </gpxtpx:TrackPointExtension>
        </extensions>
      </trkpt>
      <trkpt lat="22.54356599961857" lon="114.08606812024738">
        <ele>16.82844389602542</ele>
        <time>1970-01-01T00:04:42.300000Z</time>
        <extensions>
          <gpxtpx:TrackPointExtension>
            <gpxtpx:hr>137</gpxtpx:hr>
          </gpxtpx:TrackPointExtension>
        </extensions>
      </trkpt>
      <trkpt lat="22.54356451390963" lon="114.0860912679722">
        <ele>16.838460275903344</ele>
        <time>1970-01-01T00:04:43.300000Z</time>
        <extensions>
          <gpxtpx:TrackPointExtension>
            <gpxtpx:hr>138</gpxtpx:hr>
          </gpxtpx:TrackPointExtension>
        </extensions>
      </trkpt>
      <trkpt lat="22.543562782300747" lon="114.08611289924254">
        <ele>16.819504715502262</ele>
        <time>1970-01-01T00:04:44.300000Z</time>
        <extensions>
          <gpxtpx:TrackPointExtension>
            <gpxtpx:hr>138</gpxtpx:hr>
          </gpxtpx:TrackPointExtension>
        </extensions>
      </trkpt>
      <trkpt lat="22.54356023793442" lon="114.0861319526351">
        <ele>16.797315823845565</ele>
        <time>1970-01-01T00:04:45.300000Z</time>
        <extensions>
          <gpxtpx:TrackPointExtension>
            <gpxtpx:hr>138</gpxtpx:hr>
          </gpxtpx:TrackPointExtension>
        </extensions>
      </trkpt>
      <trkpt lat="22.54355692295121" lon="114.08614825157878">
        <ele>16.781112558208406</ele>
        <time>1970-01-01T00:04:46.300000Z</time>
        <extensions>
          <gpxtpx:TrackPointExtension>
            <gpxtpx:hr>138</gpxtpx:hr>
          </gpxtpx:TrackPointExtension>
        </extensions>
      </trkpt>
      <trkpt lat="22.54355395319026" lon="114.08616445938863">
        <ele>16.764254044741392</ele>
        <time>1970-01-01T00:04:47.300000Z</time>
        <extensions>
          <gpxtpx:TrackPointExtension>
            <gpxtpx:hr>138</gpxtpx:hr>
          </gpxtpx:TrackPointExtension>
        </extensions>
      </trkpt>
      <trkpt lat="22.54355151595023" lon="114.08618450080989">
        <ele>16.74124930240214</ele>
        <time>1970-01-01T00:04:48.300000Z</time>
        <extensions>
          <gpxtpx:TrackPointExtension>
            <gpxtpx:hr>138</gpxtpx:hr>
          </gpxtpx:TrackPointExtension>
        </extensions>
      </trkpt>
      <trkpt lat="22.543549039790683" lon="114.08620824870327">
        <ele>16.696925722062588</ele>
        <time>1970-01-01T00:04:49.300000Z</time>
        <extensions>
          <gpxtpx:TrackPointExtension>
            <gpxtpx:hr>136</gpxtpx:hr>
          </gpxtpx:TrackPointExtension>
        </extensions>
      </trkpt>
      <trkpt lat="22.543545849266003" lon="114.08623300529086">
        <ele>16.61416263319552</ele>
        <time>1970-01-01T00:04:50.300000Z</time>
        <extensions>
          <gpxtpx:TrackPointExtension>
            <gpxtpx:hr>136</gpxtpx:hr>
          </gpxtpx:TrackPointExtension>
        </extensions>
      </trkpt>
      <trkpt lat="22.543541095235426" lon="114.08625709737355">
        <ele>16.57748558651656</ele>
        <time>1970-01-01T00:04:51.300000Z</time>
        <extensions>
          <gpxtpx:TrackPointExtension>
            <gpxtpx:hr>136</gpxtpx:hr>
          </gpxtpx:TrackPointExtension>
        </extensions>
      </trkpt>
      <trkpt lat="22.543534994437927" lon="114.08628051426341">
        <ele>16.54937224276364</ele>
        <time>1970-01-01T00:04:52.300000Z</time>
        <extensions>
          <gpxtpx:TrackPointExtension>
            <gpxtpx:hr>136</gpxtpx:hr>
          </gpxtpx:TrackPointExtension>
        </extensions>
      </trkpt>
      <trkpt lat="22.54352889806396" lon="114.08630481470216">
        <ele>16.540487941354513</ele>
        <time>1970-01-01T00:04:53.300000Z</time>
        <extensions>
          <gpxtpx:TrackPointExtension>
            <gpxtpx:hr>136</gpxtpx:hr>
          </gpxtpx:TrackPointExtension>
        </extensions>
      </trkpt>
      <trkpt lat="22.54352410153212" lon="114.08633118430473">
        <ele>16.594144769012928</ele>
        <time>1970-01-01T00:04:54.300000Z</time>
        <extensions>
          <gpxtpx:TrackPointExtension>
            <gpxtpx:hr>137</gpxtpx:hr>
          </gpxtpx:TrackPointExtension>
        </extensions>
      </trkpt>
      <trkpt lat="22.543521164644655" lon="114.08635876225566">
        <ele>16.669415983371437</ele>
        <time>1970-01-01T00:04:55.300000Z</time>
        <extensions>
          <gpxtpx:TrackPointExtension>
            <gpxtpx:hr>137</gpxtpx:hr>
          </gpxtpx:TrackPointExtension>
        </extensions>
      </trkpt>
      <trkpt lat="22.54352067757058" lon="114.08638666521449">
        <ele>16.786660478450358</ele>
        <time>1970-01-01T00:04:56.300000Z</time>
        <extensions>
          <gpxtpx:TrackPointExtension>
            <gpxtpx:hr>137</gpxtpx:hr>
          </gpxtpx:TrackPointExtension>
        </extensions>
      </trkpt>
      <trkpt lat="22.543522999444804" lon="114.08641493587716">
        <ele>16.937250196933746</ele>
        <time>1970-01-01T00:04:57.300000Z</time>
        <extensions>
          <gpxtpx:TrackPointExtension>
            <gpxtpx:hr>136</gpxtpx:hr>
          </gpxtpx:TrackPointExtension>
        </extensions>
      </trkpt>
      <trkpt lat="22.543527373725112" lon="114.08644333697379">
        <ele>17.141592626459897</ele>
        <time>1970-01-01T00:04:58.300000Z</time>
        <extensions>
          <gpxtpx:TrackPointExtension>
            <gpxtpx:hr>136</gpxtpx:hr>
          </gpxtpx:TrackPointExtension>
        </extensions>
      </trkpt>
      <trkpt lat="22.543532796170474" lon="114.08647049120383">
        <ele>17.391175096854568</ele>
        <time>1970-01-01T00:04:59.300000Z</time>
        <extensions>
          <gpxtpx:TrackPointExtension>
            <gpxtpx:hr>136</gpxtpx:hr>
          </gpxtpx:TrackPointExtension>
        </extensions>
      </trkpt>
      <trkpt lat="22.543538538439588" lon="114.08649603581607">
        <ele>17.68686279281974</ele>
        <time>1970-01-01T00:05:00.300000Z</time>
        <extensions>
          <gpxtpx:TrackPointExtension>
            <gpxtpx:hr>136</gpxtpx:hr>
          </gpxtpx:TrackPointExtension>
        </extensions>
      </trkpt>
      <trkpt lat="22.543543578304533" lon="114.08652056045246">
        <ele>18.049419961869717</ele>
        <time>1970-01-01T00:05:01.300000Z</time>
        <extensions>
          <gpxtpx:TrackPointExtension>
            <gpxtpx:hr>136</gpxtpx:hr>
          </gpxtpx:TrackPointExtension>
        </extensions>
      </trkpt>
      <trkpt lat="22.543547118221728" lon="114.08654462975545">
        <ele>18.45852180197835</ele>
        <time>1970-01-01T00:05:02.300000Z</time>
        <extensions>
          <gpxtpx:TrackPointExtension>
            <gpxtpx:hr>136</gpxtpx:hr>
          </gpxtpx:TrackPointExtension>
        </extensions>
      </trkpt>
      <trkpt lat="22.54354920129348" lon="114.08656913403487">
        <ele>18.89761178009212</ele>
        <time>1970-01-01T00:05:03.300000Z</time>
        <extensions>
          <gpxtpx:TrackPointExtension>
            <gpxtpx:hr>137</gpxtpx:hr>
          </gpxtpx:TrackPointExtension>
        </extensions>
      </trkpt>
      <trkpt lat="22.543550272686353" lon="114.08659462273714">
        <ele>19.348913899622858</ele>
        <time>1970-01-01T00:05:04.300000Z</time>
        <extensions>
          <gpxtpx:TrackPointExtension>
            <gpxtpx:hr>137</gpxtpx:hr>
          </gpxtpx:TrackPointExtension>
        </extensions>
      </trkpt>
      <trkpt lat="22.543550723606455" lon="114.08662090935128">
        <ele>19.817197215743363</ele>
        <time>1970-01-01T00:05:05.300000Z</time>
        <extensions>
          <gpxtpx:TrackPointExtension>
            <gpxtpx:hr>137</gpxtpx:hr>
          </gpxtpx:TrackPointExtension>
        </extensions>
      </trkpt>
      <trkpt lat="22.54355044350438" lon="114.08664737299047">
        <ele>20.294072872959077</ele>
        <time>1970-01-01T00:05:06.300000Z</time>
        <extensions>
          <gpxtpx:TrackPointExtension>
            <gpxtpx:hr>137</gpxtpx:hr>
          </gpxtpx:TrackPointExtension>
        </extensions>
      </trkpt>
      <trkpt lat="22.54354909531802" lon="114.0866741932443">
        <ele>20.773206243291497</ele>
        <time>1970-01-01T00:05:07.300000Z</time>
        <extensions>
          <gpxtpx:TrackPointExtension>
            <gpxtpx:hr>137</gpxtpx:hr>
          </gpxtpx:TrackPointExtension>
        </extensions>
      </trkpt>
      <trkpt lat="22.543546146909403" lon="114.08670146213473">
        <ele>21.242781301029027</ele>
        <time>1970-01-01T00:05:08.300000Z</time>
        <extensions>
          <gpxtpx:TrackPointExtension>
            <gpxtpx:hr>137</gpxtpx:hr>
          </gpxtpx:TrackPointExtension>
        </extensions>
      </trkpt>
      <trkpt lat="22.543542043836794" lon="114.08672852779453">
        <ele>21.689333369024098</ele>
        <time>1970-01-01T00:05:09.300000Z</time>
        <extensions>
          <gpxtpx:TrackPointExtension>
            <gpxtpx:hr>137</gpxtpx:hr>
          </gpxtpx:TrackPointExtension>
        </extensions>
      </trkpt>
      <trkpt lat="22.54353782874862" lon="114.0867554938452">
        <ele>22.10871274303645</ele>
        <time>1970-01-01T00:05:10.300000Z</time>
        <extensions>
          <gpxtpx:TrackPointExtension>
            <gpxtpx:hr>137</gpxtpx:hr>
          </gpxtpx:TrackPointExtension>
        </extensions>
      </trkpt>
      <trkpt lat="22.543533926265233" lon="114.08678227178481">
        <ele>22.5223488798365</ele>
        <time>1970-01-01T00:05:11.300000Z</time>
        <extensions>
          <gpxtpx:TrackPointExtension>
            <gpxtpx:hr>137</gpxtpx:hr>
          </gpxtpx:TrackPointExtension>
        </extensions>
      </trkpt>
      <trkpt lat="22.543530759900648" lon="114.08680845982775">
        <ele>22.844287420623004</ele>
        <time>1970-01-01T00:05:12.300000Z</time>
        <extensions>
          <gpxtpx:TrackPointExtension>
            <gpxtpx:hr>137</gpxtpx:hr>
          </gpxtpx:TrackPointExtension>
        </extensions>
      </trkpt>
      <trkpt lat="22.54352851604119" lon="114.08683336723578">
        <ele>23.09315281547606</ele>
        <time>1970-01-01T00:05:13.300000Z</time>
        <extensions>
          <gpxtpx:TrackPointExtension>
            <gpxtpx:hr>138</gpxtpx:hr>
          </gpxtpx:TrackPointExtension>
        </extensions>
      </trkpt>
      <trkpt lat="22.54352727365084" lon="114.08685713136538">
        <ele>23.300771393813193</ele>
        <time>1970-01-01T00:05:14.300000Z</time>
        <extensions>
          <gpxtpx:TrackPointExtension>
            <gpxtpx:hr>138</gpxtpx:hr>
          </gpxtpx:TrackPointExtension>
        </extensions>
      </trkpt>
      <trkpt lat="22.54352707822297" lon="114.08688085629987">
        <ele>23.424534332938492</ele>
        <time>1970-01-01T00:05:15.300000Z</time>
        <extensions>
          <gpxtpx:TrackPointExtension>
            <gpxtpx:hr>138</gpxtpx:hr>
          </gpxtpx:TrackPointExtension>
        </extensions>
      </trkpt>
      <trkpt lat="22.54352779326115" lon="114.08690449194684">
        <ele>23.4749821331352</ele>
        <time>1970-01-01T00:05:16.300000Z</time>
        <extensions>
          <gpxtpx:TrackPointExtension>
            <gpxtpx:hr>138</gpxtpx:hr>
          </gpxtpx:TrackPointExtension>
        </extensions>
      </trkpt>
      <trkpt lat="22.543528820704903" lon="114.08692734903543">
        <ele>23.45973375812173</ele>
        <time>1970-01-01T00:05:17.300000Z</time>
        <extensions>
          <gpxtpx:TrackPointExtension>
            <gpxtpx:hr>138</gpxtpx:hr>
          </gpxtpx:TrackPointExtension>
        </extensions>
      </trkpt>
      <trkpt lat="22.54352929000904" lon="114.0869493476312">
        <ele>23.339559639804065</ele>
        <time>1970-01-01T00:05:18.300000Z</time>
        <extensions>
          <gpxtpx:TrackPointExtension>
            <gpxtpx:hr>139</gpxtpx:hr>
          </gpxtpx:TrackPointExtension>
        </extensions>
      </trkpt>
      <trkpt lat="22.543529454576824" lon="114.0869708813237">
        <ele>23.1921812556684</ele>
        <time>1970-01-01T00:05:19.300000Z</time>
        <extensions>
          <gpxtpx:TrackPointExtension>
            <gpxtpx:hr>139</gpxtpx:hr>
          </gpxtpx:TrackPointExtension>
        </extensions>
      </trkpt>
      <trkpt lat="22.543529938505912" lon="114.08699213779761">
        <ele>22.991626975126565</ele>
        <time>1970-01-01T00:05:20.300000Z</time>
        <extensions>
          <gpxtpx:TrackPointExtension>
            <gpxtpx:hr>139</gpxtpx:hr>
          </gpxtpx:TrackPointExtension>
        </extensions>
      </trkpt>
      <trkpt lat="22.543530123457383" lon="114.08701306182863">
        <ele>22.74122631177306</ele>
        <time>1970-01-01T00:05:21.300000Z</time>
        <extensions>
          <gpxtpx:TrackPointExtension>
            <gpxtpx:hr>139</gpxtpx:hr>
          </gpxtpx:TrackPointExtension>
        </extensions>
      </trkpt>
      <trkpt lat="22.54352885871354" lon="114.08703360805288">
        <ele>22.495303667150438</ele>
        <time>1970-01-01T00:05:22.300000Z</time>
        <extensions>
          <gpxtpx:TrackPointExtension>
            <gpxtpx:hr>139</gpxtpx:hr>
          </gpxtpx:TrackPointExtension>
        </extensions>
      </trkpt>
      <trkpt lat="22.543525616838345" lon="114.0870558825972">
        <ele>22.225909064523876</ele>
        <time>1970-01-01T00:05:23.300000Z</time>
        <extensions>
          <gpxtpx:TrackPointExtension>
            <gpxtpx:hr>139</gpxtpx:hr>
          </gpxtpx:TrackPointExtension>
        </extensions>
      </trkpt>
      <trkpt lat="22.54352093676883" lon="114.08708096208102">
        <ele>21.96378882136196</ele>
        <time>1970-01-01T00:05:24.300000Z</time>
        <extensions>
          <gpxtpx:TrackPointExtension>
            <gpxtpx:hr>139</gpxtpx:hr>
          </gpxtpx:TrackPointExtension>
        </extensions>
      </trkpt>
      <trkpt lat="22.543515952612918" lon="114.08710711435121">
        <ele>21.717556599527597</ele>
        <time>1970-01-01T00:05:25.300000Z</time>
        <extensions>
          <gpxtpx:TrackPointExtension>
            <gpxtpx:hr>139</gpxtpx:hr>
          </gpxtpx:TrackPointExtension>
        </extensions>
      </trkpt>
      <trkpt lat="22.543511170817936" lon="114.0871334715353">
        <ele>21.486355387605727</ele>
        <time>1970-01-01T00:05:26.300000Z</time>
        <extensions>
          <gpxtpx:TrackPointExtension>
            <gpxtpx:hr>139</gpxtpx:hr>
          </gpxtpx:TrackPointExtension>
        </extensions>
      </trkpt>
      <trkpt lat="22.543506478613143" lon="114.08715933620813">
        <ele>21.300324618816376</ele>
        <time>1970-01-01T00:05:27.300000Z</time>
        <extensions>
          <gpxtpx:TrackPointExtension>
            <gpxtpx:hr>139</gpxtpx:hr>
          </gpxtpx:TrackPointExtension>
        </extensions>
      </trkpt>
      <trkpt lat="22.54350184466156" lon="114.08718408689249">
        <ele>21.162387056276202</ele>
        <time>1970-01-01T00:05:28.300000Z</time>
        <extensions>
          <gpxtpx:TrackPointExtension>
            <gpxtpx:hr>138</gpxtpx:hr>
          </gpxtpx:TrackPointExtension>
        </extensions>
      </trkpt>
      <trkpt lat="22.543497268920497" lon="114.08720811466101">
        <ele>21.079749233089387</ele>
        <time>1970-01-01T00:05:29.300000Z</time>
        <extensions>
          <gpxtpx:TrackPointExtension>
            <gpxtpx:hr>138</gpxtpx:hr>
          </gpxtpx:TrackPointExtension>
        </extensions>
      </trkpt>
      <trkpt lat="22.54349272676943" lon="114.08723201876577">
        <ele>21.082152765244246</ele>
        <time>1970-01-01T00:05:30.300000Z</time>
        <extensions>
          <gpxtpx:TrackPointExtension>
            <gpxtpx:hr>138</gpxtpx:hr>
          </gpxtpx:TrackPointExtension>
        </extensions>
      </trkpt>
      <trkpt lat="22.543487984881544" lon="114.08725528872141">
        <ele>21.156959515064955</ele>
        <time>1970-01-01T00:05:31.300000Z</time>
        <extensions>
          <gpxtpx:TrackPointExtension>
            <gpxtpx:hr>138</gpxtpx:hr>
          </gpxtpx:TrackPointExtension>
        </extensions>
      </trkpt>
      <trkpt lat="22.543483324497462" lon="114.08727794892827">
        <ele>21.284635700285435</ele>
        <time>1970-01-01T00:05:32.300000Z</time>
        <extensions>
          <gpxtpx:TrackPointExtension>
            <gpxtpx:hr>139</gpxtpx:hr>
          </gpxtpx:TrackPointExtension>
        </extensions>
      </trkpt>
      <trkpt lat="22.543478978422648" lon="114.08730010905917">
        <ele>21.452100118622184</ele>
        <time>1970-01-01T00:05:33.300000Z</time>
        <extensions>
          <gpxtpx:TrackPointExtension>
            <gpxtpx:hr>139</gpxtpx:hr>
          </gpxtpx:TrackPointExtension>
        </extensions>
      </trkpt>
      <trkpt lat="22.543475189269987" lon="114.0873215238493">
        <ele>21.649902765639126</ele>
        <time>1970-01-01T00:05:34.300000Z</time>
        <extensions>
          <gpxtpx:TrackPointExtension>
            <gpxtpx:hr>139</gpxtpx:hr>
          </gpxtpx:TrackPointExtension>
        </extensions>
      </trkpt>
      <trkpt lat="22.543472833619933" lon="114.08734231136148">
        <ele>21.856094476766884</ele>
        <time>1970-01-01T00:05:35.300000Z</time>
        <extensions>
          <gpxtpx:TrackPointExtension>
            <gpxtpx:hr>139</gpxtpx:hr>
          </gpxtpx:TrackPointExtension>
        </extensions>
      </trkpt>
      <trkpt lat="22.54347293971053" lon="114.08736302746532">
        <ele>22.064833905547857</ele>
        <time>1970-01-01T00:05:36.300000Z</time>
        <extensions>
          <gpxtpx:TrackPointExtension>
            <gpxtpx:hr>139</gpxtpx:hr>
          </gpxtpx:TrackPointExtension>
        </extensions>
      </trkpt>
      <trkpt lat="22.54347556096907" lon="114.08738409662958">
        <ele>22.237560022622347</ele>
        <time>1970-01-01T00:05:37.300000Z</time>
        <extensions>
          <gpxtpx:TrackPointExtension>
            <gpxtpx:hr>139</gpxtpx:hr>
          </gpxtpx:TrackPointExtension>
        </extensions>
      </trkpt>
      <trkpt lat="22.543479916724387" lon="114.08740570164586">
        <ele>22.34373648930341</ele>
        <time>1970-01-01T00:05:38.300000Z</time>
        <extensions>
          <gpxtpx:TrackPointExtension>
            <gpxtpx:hr>140</gpxtpx:hr>
          </gpxtpx:TrackPointExtension>
        </extensions>
      </trkpt>
      <trkpt lat="22.543485227180774" lon="114.08742778531736">
        <ele>22.38651517033577</ele>
        <time>1970-01-01T00:05:39.300000Z</time>
        <extensions>
          <gpxtpx:TrackPointExtension>
            <gpxtpx:hr>140</gpxtpx:hr>
          </gpxtpx:TrackPointExtension>
        </extensions>
      </trkpt>
      <trkpt lat="22.543491248400862" lon="114.08745007353255">
        <ele>22.343409623019397</ele>
        <time>1970-01-01T00:05:40.300000Z</time>
        <extensions>
          <gpxtpx:TrackPointExtension>
            <gpxtpx:hr>140</gpxtpx:hr>
          </gpxtpx:TrackPointExtension>
        </extensions>
      </trkpt>
      <trkpt lat="22.54349779214941" lon="114.08747228609076">
        <ele>22.214126414619386</ele>
        <time>1970-01-01T00:05:41.300000Z</time>
        <extensions>
          <gpxtpx:TrackPointExtension>
            <gpxtpx:hr>140</gpxtpx:hr>
          </gpxtpx:TrackPointExtension>
        </extensions>
      </trkpt>
      <trkpt lat="22.54350483424604" lon="114.087494043295">
        <ele>22.009363267570734</ele>
        <time>1970-01-01T00:05:42.300000Z</time>
        <extensions>
          <gpxtpx:TrackPointExtension>
            <gpxtpx:hr>140</gpxtpx:hr>
          </gpxtpx:TrackPointExtension>
        </extensions>
      </trkpt>
      <trkpt lat="22.543512672914403" lon="114.08751556879699">
        <ele>21.726634802296758</ele>
        <time>1970-01-01T00:05:43.300000Z</time>
        <extensions>
          <gpxtpx:TrackPointExtension>
            <gpxtpx:hr>140</gpxtpx:hr>
          </gpxtpx:TrackPointExtension>
        </extensions>
      </trkpt>
      <trkpt lat="22.543521814842226" lon="114.0875371688324">
        <ele>21.39368524774909</ele>
        <time>1970-01-01T00:05:44.300000Z</time>
        <extensions>
          <gpxtpx:TrackPointExtension>
            <gpxtpx:hr>140</gpxtpx:hr>
          </gpxtpx:TrackPointExtension>
        </extensions>
      </trkpt>
      <trkpt lat="22.54353190663355" lon="114.08755917728385">
        <ele>21.03685879241675</ele>
        <time>1970-01-01T00:05:45.300000Z</time>
        <extensions>
          <gpxtpx:TrackPointExtension>
            <gpxtpx:hr>140</gpxtpx:hr>
          </gpxtpx:TrackPointExtension>
        </extensions>
      </trkpt>
      <trkpt lat="22.543542130419755" lon="114.08758208038124">
        <ele>20.68350939732045</ele>
        <time>1970-01-01T00:05:46.300000Z</time>
        <extensions>
          <gpxtpx:TrackPointExtension>
            <gpxtpx:hr>140</gpxtpx:hr>
          </gpxtpx:TrackPointExtension>
        </extensions>
      </trkpt>
      <trkpt lat="22.543551540791253" lon="114.08760536234558">
        <ele>20.346827793866396</ele>
        <time>1970-01-01T00:05:47.300000Z</time>
        <extensions>
          <gpxtpx:TrackPointExtension>
            <gpxtpx:hr>140</gpxtpx:hr>
          </gpxtpx:TrackPointExtension>
        </extensions>
      </trkpt>
      <trkpt lat="22.5435598715707" lon="114.08762905167097">
        <ele>20.05662578344345</ele>
        <time>1970-01-01T00:05:48.300000Z</time>
        <extensions>
          <gpxtpx:TrackPointExtension>
            <gpxtpx:hr>140</gpxtpx:hr>
          </gpxtpx:TrackPointExtension>
        </extensions>
      </trkpt>
      <trkpt lat="22.54356749933" lon="114.08765383289166">
        <ele>19.8351629069075</ele>
        <time>1970-01-01T00:05:49.300000Z</time>
        <extensions>
          <gpxtpx:TrackPointExtension>
            <gpxtpx:hr>140</gpxtpx:hr>
          </gpxtpx:TrackPointExtension>
        </extensions>
      </trkpt>
      <trkpt lat="22.543574015861704" lon="114.08767916680706">
        <ele>19.688046217896044</ele>
        <time>1970-01-01T00:05:50.300000Z</time>
        <extensions>
          <gpxtpx:TrackPointExtension>
            <gpxtpx:hr>140</gpxtpx:hr>
          </gpxtpx:TrackPointExtension>
        </extensions>
      </trkpt>
      <trkpt lat="22.54357862060491" lon="114.08770415964305">
        <ele>19.62493863236159</ele>
        <time>1970-01-01T00:05:51.300000Z</time>
        <extensions>
          <gpxtpx:TrackPointExtension>
            <gpxtpx:hr>140</gpxtpx:hr>
          </gpxtpx:TrackPointExtension>
        </extensions>
      </trkpt>
      <trkpt lat="22.543581087918856" lon="114.08772912618639">
        <ele>19.62972653284669</ele>
        <time>1970-01-01T00:05:52.300000Z</time>
        <extensions>
          <gpxtpx:TrackPointExtension>
            <gpxtpx:hr>140</gpxtpx:hr>
          </gpxtpx:TrackPointExtension>
        </extensions>
      </trkpt>
      <trkpt lat="22.543581596671554" lon="114.08775464951908">
        <ele>19.686630961485207</ele>
        <time>1970-01-01T00:05:53.300000Z</time>
        <extensions>
          <gpxtpx:TrackPointExtension>
            <gpxtpx:hr>140</gpxtpx:hr>
          </gpxtpx:TrackPointExtension>
        </extensions>
      </trkpt>
      <trkpt lat="22.543580601507916" lon="114.08777951383503">
        <ele>19.803625505417585</ele>
        <time>1970-01-01T00:05:54.300000Z</time>
        <extensions>
          <gpxtpx:TrackPointExtension>
            <gpxtpx:hr>140</gpxtpx:hr>
          </gpxtpx:TrackPointExtension>
        </extensions>
      </trkpt>
      <trkpt lat="22.543578927097514" lon="114.08780083259046">
        <ele>19.956135268323123</ele>
        <time>1970-01-01T00:05:55.300000Z</time>
        <extensions>
          <gpxtpx:TrackPointExtension>
            <gpxtpx:hr>140</gpxtpx:hr>
          </gpxtpx:TrackPointExtension>
        </extensions>
      </trkpt>
      <trkpt lat="22.543577287599092" lon="114.08781632374199">
        <ele>20.1561307515949</ele>
        <time>1970-01-01T00:05:56.300000Z</time>
        <extensions>
          <gpxtpx:TrackPointExtension>
            <gpxtpx:hr>140</gpxtpx:hr>
          </gpxtpx:TrackPointExtension>
        </extensions>
      </trkpt>
      <trkpt lat="22.543574476295536" lon="114.08782655916339">
        <ele>20.398863992653787</ele>
        <time>1970-01-01T00:05:57.300000Z</time>
        <extensions>
          <gpxtpx:TrackPointExtension>
            <gpxtpx:hr>140</gpxtpx:hr>
          </gpxtpx:TrackPointExtension>
        </extensions>
      </trkpt>
      <trkpt lat="22.543569632121237" lon="114.0878342538809">
        <ele>20.65200423449278</ele>
        <time>1970-01-01T00:05:58.300000Z</time>
        <extensions>
          <gpxtpx:TrackPointExtension>
            <gpxtpx:hr>140</gpxtpx:hr>
          </gpxtpx:TrackPointExtension>
        </extensions>
      </trkpt>
      <trkpt lat="22.543564873635958" lon="114.08784099471583">
        <ele>20.900506616570055</ele>
        <time>1970-01-01T00:05:59.300000Z</time>
        <extensions>
          <gpxtpx:TrackPointExtension>
            <gpxtpx:hr>140</gpxtpx:hr>
          </gpxtpx:TrackPointExtension>
        </extensions>
      </trkpt>
      <trkpt lat="22.54356128022913" lon="114.0878477107082">
        <ele>21.13614662270993</ele>
        <time>1970-01-01T00:06:00.300000Z</time>
        <extensions>
          <gpxtpx:TrackPointExtension>
            <gpxtpx:hr>140</gpxtpx:hr>
          </gpxtpx:TrackPointExtension>
        </extensions>
      </trkpt>
      <trkpt lat="22.54355851074291" lon="114.0878554585539">
        <ele>21.346912595443428</ele>
        <time>1970-01-01T00:06:01.300000Z</time>
        <extensions>
          <gpxtpx:TrackPointExtension>
            <gpxtpx:hr>140</gpxtpx:hr>
          </gpxtpx:TrackPointExtension>
        </extensions>
      </trkpt>
      <trkpt lat="22.543556352164504" lon="114.08786489281243">
        <ele>21.526755303144455</ele>
        <time>1970-01-01T00:06:02.300000Z</time>
        <extensions>
          <gpxtpx:TrackPointExtension>
            <gpxtpx:hr>140</gpxtpx:hr>
          </gpxtpx:TrackPointExtension>
        </extensions>
      </trkpt>
      <trkpt lat="22.543554500509963" lon="114.08787457398729">
        <ele>21.675144820474088</ele>
        <time>1970-01-01T00:06:03.300000Z</time>
        <extensions>
          <gpxtpx:TrackPointExtension>
            <gpxtpx:hr>140</gpxtpx:hr>
          </gpxtpx:TrackPointExtension>
        </extensions>
      </trkpt>
      <trkpt lat="22.543553068707297" lon="114.08788208582195">
        <ele>21.850151477381587</ele>
        <time>1970-01-01T00:06:04.300000Z</time>
        <extensions>
          <gpxtpx:TrackPointExtension>
            <gpxtpx:hr>140</gpxtpx:hr>
          </gpxtpx:TrackPointExtension>
        </extensions>
      </trkpt>
      <trkpt lat="22.54355229084627" lon="114.08788813483334">
        <ele>22.00939462799579</ele>
        <time>1970-01-01T00:06:05.300000Z</time>
        <extensions>
          <gpxtpx:TrackPointExtension>
            <gpxtpx:hr>139</gpxtpx:hr>
          </gpxtpx:TrackPointExtension>
        </extensions>
      </trkpt>
      <trkpt lat="22.54355185824578" lon="114.08789424932947">
        <ele>22.160775718279183</ele>
        <time>1970-01-01T00:06:06.300000Z</time>
        <extensions>
          <gpxtpx:TrackPointExtension>
            <gpxtpx:hr>139</gpxtpx:hr>
          </gpxtpx:TrackPointExtension>
        </extensions>
      </trkpt>
      <trkpt lat="22.543552115524264" lon="114.08790050581783">
        <ele>22.31124069262296</ele>
        <time>1970-01-01T00:06:07.300000Z</time>
        <extensions>
          <gpxtpx:TrackPointExtension>
            <gpxtpx:hr>139</gpxtpx:hr>
          </gpxtpx:TrackPointExtension>
        </extensions>
      </trkpt>
      <trkpt lat="22.54355290353968" lon="114.08790684750056">
        <ele>22.462874094955623</ele>
        <time>1970-01-01T00:06:08.300000Z</time>
        <extensions>
          <gpxtpx:TrackPointExtension>
            <gpxtpx:hr>139</gpxtpx:hr>
          </gpxtpx:TrackPointExtension>
        </extensions>
      </trkpt>
      <trkpt lat="22.543541156169763" lon="114.08799410694691">
        <ele>26.542277687229216</ele>
        <time>1970-01-01T00:06:27.300000Z</time>
        <extensions>
          <gpxtpx:TrackPointExtension>
            <gpxtpx:hr>125</gpxtpx:hr>
          </gpxtpx:TrackPointExtension>
        </extensions>
      </trkpt>
      <trkpt lat="22.54354140250395" lon="114.08800921064977">
        <ele>26.63619017228484</ele>
        <time>1970-01-01T00:06:28.300000Z</time>
        <extensions>
          <gpxtpx:TrackPointExtension>
            <gpxtpx:hr>125</gpxtpx:hr>
          </gpxtpx:TrackPointExtension>
        </extensions>
      </trkpt>
      <trkpt lat="22.543541570188733" lon="114.08802588615926">
        <ele>26.70772456470877</ele>
        <time>1970-01-01T00:06:29.300000Z</time>
        <extensions>
          <gpxtpx:TrackPointExtension>
            <gpxtpx:hr>125</gpxtpx:hr>
          </gpxtpx:TrackPointExtension>
        </extensions>
      </trkpt>
      <trkpt lat="22.543541785332014" lon="114.08804379025368">
        <ele>26.753404307179153</ele>
        <time>1970-01-01T00:06:30.300000Z</time>
        <extensions>
          <gpxtpx:TrackPointExtension>
            <gpxtpx:hr>125</gpxtpx:hr>
          </gpxtpx:TrackPointExtension>
        </extensions>
      </trkpt>
      <trkpt lat="22.543542123145823" lon="114.08806077155226">
        <ele>26.80707400664687</ele>
        <time>1970-01-01T00:06:31.300000Z</time>
        <extensions>
          <gpxtpx:TrackPointExtension>
            <gpxtpx:hr>122</gpxtpx:hr>
          </gpxtpx:TrackPointExtension>
        </extensions>
      </trkpt>
      <trkpt lat="22.54354214686355" lon="114.08807659790523">
        <ele>26.83984986692667</ele>
        <time>1970-01-01T00:06:32.300000Z</time>
        <extensions>
          <gpxtpx:TrackPointExtension>
            <gpxtpx:hr>122</gpxtpx:hr>
          </gpxtpx:TrackPointExtension>
        </extensions>
      </trkpt>
      <trkpt lat="22.543542169097105" lon="114.08809348730352">
        <ele>26.836026108823717</ele>
        <time>1970-01-01T00:06:33.300000Z</time>
        <extensions>
          <gpxtpx:TrackPointExtension>
            <gpxtpx:hr>122</gpxtpx:hr>
          </gpxtpx:TrackPointExtension>
        </extensions>
      </trkpt>
      <trkpt lat="22.543542018638178" lon="114.08811228550478">
        <ele>26.84776870906353</ele>
        <time>1970-01-01T00:06:34.300000Z</time>
        <extensions>
          <gpxtpx:TrackPointExtension>
            <gpxtpx:hr>122</gpxtpx:hr>
          </gpxtpx:TrackPointExtension>
        </extensions>
      </trkpt>
      <trkpt lat="22.543541134864494" lon="114.08813192046742">
        <ele>26.856127098202705</ele>
        <time>1970-01-01T00:06:35.300000Z</time>
        <extensions>
          <gpxtpx:TrackPointExtension>
            <gpxtpx:hr>122</gpxtpx:hr>
          </gpxtpx:TrackPointExtension>
        </extensions>
      </trkpt>
      <trkpt lat="22.543539532814656" lon="114.08815153663492">
        <ele>26.853921732865274</ele>
        <time>1970-01-01T00:06:36.300000Z</time>
        <extensions>
          <gpxtpx:TrackPointExtension>
            <gpxtpx:hr>122</gpxtpx:hr>
          </gpxtpx:TrackPointExtension>
        </extensions>
      </trkpt>
      <trkpt lat="22.543537156486483" lon="114.08817234283522">
        <ele>26.836722255684435</ele>
        <time>1970-01-01T00:06:37.300000Z</time>
        <extensions>
          <gpxtpx:TrackPointExtension>
            <gpxtpx:hr>122</gpxtpx:hr>
          </gpxtpx:TrackPointExtension>
        </extensions>
      </trkpt>
      <trkpt lat="22.543534409560564" lon="114.08819438060051">
        <ele>26.774722379632294</ele>
        <time>1970-01-01T00:06:38.300000Z</time>
        <extensions>
          <gpxtpx:TrackPointExtension>
            <gpxtpx:hr>121</gpxtpx:hr>
          </gpxtpx:TrackPointExtension>
        </extensions>
      </trkpt>
      <trkpt lat="22.543530917805132" lon="114.08821659899128">
        <ele>26.684699938632548</ele>
        <time>1970-01-01T00:06:39.300000Z</time>
        <extensions>
          <gpxtpx:TrackPointExtension>
            <gpxtpx:hr>121</gpxtpx:hr>
          </gpxtpx:TrackPointExtension>
        </extensions>
      </trkpt>
      <trkpt lat="22.543526449197515" lon="114.08824061069164">
        <ele>26.558064262382686</ele>
        <time>1970-01-01T00:06:40.300000Z</time>
        <extensions>
          <gpxtpx:TrackPointExtension>
            <gpxtpx:hr>121</gpxtpx:hr>
          </gpxtpx:TrackPointExtension>
        </extensions>
      </trkpt>
      <trkpt lat="22.54352180763108" lon="114.08826874652222">
        <ele>26.348478676751256</ele>
        <time>1970-01-01T00:06:41.300000Z</time>
        <extensions>
          <gpxtpx:TrackPointExtension>
            <gpxtpx:hr>121</gpxtpx:hr>
          </gpxtpx:TrackPointExtension>
        </extensions>
      </trkpt>
      <trkpt lat="22.54351749273774" lon="114.08829962800927">
        <ele>26.1052609635517</ele>
        <time>1970-01-01T00:06:42.300000Z</time>
        <extensions>
          <gpxtpx:TrackPointExtension>
            <gpxtpx:hr>121</gpxtpx:hr>
          </gpxtpx:TrackPointExtension>
        </extensions>
      </trkpt>
      <trkpt lat="22.54351409321039" lon="114.08833067159014">
        <ele>25.82374842464924</ele>
        <time>1970-01-01T00:06:43.300000Z</time>
        <extensions>
          <gpxtpx:TrackPointExtension>
            <gpxtpx:hr>122</gpxtpx:hr>
          </gpxtpx:TrackPointExtension>
        </extensions>
      </trkpt>
      <trkpt lat="22.543512187874807" lon="114.08836064183295">
        <ele>25.465514947660267</ele>
        <time>1970-01-01T00:06:44.300000Z</time>
        <extensions>
          <gpxtpx:TrackPointExtension>
            <gpxtpx:hr>122</gpxtpx:hr>
          </gpxtpx:TrackPointExtension>
        </extensions>
      </trkpt>
      <trkpt lat="22.543511960286732" lon="114.08838936586687">
        <ele>25.070903105661273</ele>
        <time>1970-01-01T00:06:45.300000Z</time>
        <extensions>
          <gpxtpx:TrackPointExtension>
            <gpxtpx:hr>122</gpxtpx:hr>
          </gpxtpx:TrackPointExtension>
        </extensions>
      </trkpt>
      <trkpt lat="22.543513279620903" lon="114.0884166078048">
        <ele>24.605068375356495</ele>
        <time>1970-01-01T00:06:46.300000Z</time>
        <extensions>
          <gpxtpx:TrackPointExtension>
            <gpxtpx:hr>122</gpxtpx:hr>
          </gpxtpx:TrackPointExtension>
        </extensions>
      </trkpt>
      <trkpt lat="22.5435155240415" lon="114.08844329268052">
        <ele>24.07955755945295</ele>
        <time>1970-01-01T00:06:47.300000Z</time>
        <extensions>
          <gpxtpx:TrackPointExtension>
            <gpxtpx:hr>122</gpxtpx:hr>
          </gpxtpx:TrackPointExtension>
        </extensions>
      </trkpt>
      <trkpt lat="22.54351836140669" lon="114.08847082310005">
        <ele>23.497217267751694</ele>
        <time>1970-01-01T00:06:48.300000Z</time>
        <extensions>
          <gpxtpx:TrackPointExtension>
            <gpxtpx:hr>127</gpxtpx:hr>
          </gpxtpx:TrackPointExtension>
        </extensions>
      </trkpt>
      <trkpt lat="22.543521775976675" lon="114.08849964190031">
        <ele>22.890066104009748</ele>
        <time>1970-01-01T00:06:49.300000Z</time>
        <extensions>
          <gpxtpx:TrackPointExtension>
            <gpxtpx:hr>127</gpxtpx:hr>
          </gpxtpx:TrackPointExtension>
        </extensions>
      </trkpt>
      <trkpt lat="22.54352558596884" lon="114.0885296514032">
        <ele>22.22423108946532</ele>
        <time>1970-01-01T00:06:50.300000Z</time>
        <extensions>
          <gpxtpx:TrackPointExtension>
            <gpxtpx:hr>127</gpxtpx:hr>
          </gpxtpx:TrackPointExtension>
        </extensions>
      </trkpt>
      <trkpt lat="22.543529210685353" lon="114.0885605886343">
        <ele>21.524947826750576</ele>
        <time>1970-01-01T00:06:51.300000Z</time>
        <extensions>
          <gpxtpx:TrackPointExtension>
            <gpxtpx:hr>127</gpxtpx:hr>
          </gpxtpx:TrackPointExtension>
        </extensions>
      </trkpt>
      <trkpt lat="22.543532028712573" lon="114.08859257254856">
        <ele>20.862016521394253</ele>
        <time>1970-01-01T00:06:52.300000Z</time>
        <extensions>
          <gpxtpx:TrackPointExtension>
            <gpxtpx:hr>127</gpxtpx:hr>
          </gpxtpx:TrackPointExtension>
        </extensions>
      </trkpt>
      <trkpt lat="22.543533921654454" lon="114.08862478317616">
        <ele>20.189890985377133</ele>
        <time>1970-01-01T00:06:53.300000Z</time>
        <extensions>
          <gpxtpx:TrackPointExtension>
            <gpxtpx:hr>127</gpxtpx:hr>
          </gpxtpx:TrackPointExtension>
        </extensions>
      </trkpt>
      <trkpt lat="22.54353515785562" lon="114.08865607808684">
        <ele>19.615766430273652</ele>
        <time>1970-01-01T00:06:54.300000Z</time>
        <extensions>
          <gpxtpx:TrackPointExtension>
            <gpxtpx:hr>127</gpxtpx:hr>
          </gpxtpx:TrackPointExtension>
        </extensions>
      </trkpt>
      <trkpt lat="22.54353632077093" lon="114.08868616662659">
        <ele>19.02950739953667</ele>
        <time>1970-01-01T00:06:55.300000Z</time>
        <extensions>
          <gpxtpx:TrackPointExtension>
            <gpxtpx:hr>127</gpxtpx:hr>
          </gpxtpx:TrackPointExtension>
        </extensions>
      </trkpt>
      <trkpt lat="22.543537860367206" lon="114.08871514281712">
        <ele>18.447114288806915</ele>
        <time>1970-01-01T00:06:56.300000Z</time>
        <extensions>
          <gpxtpx:TrackPointExtension>
            <gpxtpx:hr>127</gpxtpx:hr>
          </gpxtpx:TrackPointExtension>
        </extensions>
      </trkpt>
      <trkpt lat="22.543539815859194" lon="114.08874302347084">
        <ele>17.975050975568593</ele>
        <time>1970-01-01T00:06:57.300000Z</time>
        <extensions>
          <gpxtpx:TrackPointExtension>
            <gpxtpx:hr>127</gpxtpx:hr>
          </gpxtpx:TrackPointExtension>
        </extensions>
      </trkpt>
      <trkpt lat="22.54354174354733" lon="114.08877009520344">
        <ele>17.549571567215025</ele>
        <time>1970-01-01T00:06:58.300000Z</time>
        <extensions>
          <gpxtpx:TrackPointExtension>
            <gpxtpx:hr>128</gpxtpx:hr>
          </gpxtpx:TrackPointExtension>
        </extensions>
      </trkpt>
      <trkpt lat="22.54354359416299" lon="114.08879760401037">
        <ele>17.1601683748886</ele>
        <time>1970-01-01T00:06:59.300000Z</time>
        <extensions>
          <gpxtpx:TrackPointExtension>
            <gpxtpx:hr>128</gpxtpx:hr>
          </gpxtpx:TrackPointExtension>
        </extensions>
      </trkpt>
      <trkpt lat="22.54354512280003" lon="114.08882527532253">
        <ele>16.842009336687624</ele>
        <time>1970-01-01T00:07:00.300000Z</time>
        <extensions>
          <gpxtpx:TrackPointExtension>
            <gpxtpx:hr>128</gpxtpx:hr>
          </gpxtpx:TrackPointExtension>
        </extensions>
      </trkpt>
      <trkpt lat="22.54354633418906" lon="114.08885243069177">
        <ele>16.560927505604923</ele>
        <time>1970-01-01T00:07:01.300000Z</time>
        <extensions>
          <gpxtpx:TrackPointExtension>
            <gpxtpx:hr>128</gpxtpx:hr>
          </gpxtpx:TrackPointExtension>
        </extensions>
      </trkpt>
      <trkpt lat="22.543547705036268" lon="114.08887967273215">
        <ele>16.351201441138983</ele>
        <time>1970-01-01T00:07:02.300000Z</time>
        <extensions>
          <gpxtpx:TrackPointExtension>
            <gpxtpx:hr>128</gpxtpx:hr>
          </gpxtpx:TrackPointExtension>
        </extensions>
      </trkpt>
      <trkpt lat="22.543550046747907" lon="114.0889072528986">
        <ele>16.183550495654345</ele>
        <time>1970-01-01T00:07:03.300000Z</time>
        <extensions>
          <gpxtpx:TrackPointExtension>
            <gpxtpx:hr>128</gpxtpx:hr>
          </gpxtpx:TrackPointExtension>
        </extensions>
      </trkpt>
      <trkpt lat="22.543553397270106" lon="114.08893511574445">
        <ele>16.041957383975387</ele>
        <time>1970-01-01T00:07:04.300000Z</time>
        <extensions>
          <gpxtpx:TrackPointExtension>
            <gpxtpx:hr>129</gpxtpx:hr>
          </gpxtpx:TrackPointExtension>
        </extensions>
      </trkpt>
      <trkpt lat="22.543557110702768" lon="114.08896331545932">
        <ele>15.944173259660602</ele>
        <time>1970-01-01T00:07:05.300000Z</time>
        <extensions>
          <gpxtpx:TrackPointExtension>
            <gpxtpx:hr>129</gpxtpx:hr>
          </gpxtpx:TrackPointExtension>
        </extensions>
      </trkpt>
      <trkpt lat="22.543560885753433" lon="114.08899172191566">
        <ele>15.870976468548179</ele>
        <time>1970-01-01T00:07:06.300000Z</time>
        <extensions>
          <gpxtpx:TrackPointExtension>
            <gpxtpx:hr>129</gpxtpx:hr>
          </gpxtpx:TrackPointExtension>
        </extensions>
      </trkpt>
      <trkpt lat="22.54356441294484" lon="114.08901963428863">
        <ele>15.84351837914437</ele>
        <time>1970-01-01T00:07:07.300000Z</time>
        <extensions>
          <gpxtpx:TrackPointExtension>
            <gpxtpx:hr>129</gpxtpx:hr>
          </gpxtpx:TrackPointExtension>
        </extensions>
      </trkpt>
      <trkpt lat="22.543567752588498" lon="114.08904632103895">
        <ele>15.809196349233389</ele>
        <time>1970-01-01T00:07:08.300000Z</time>
        <extensions>
          <gpxtpx:TrackPointExtension>
            <gpxtpx:hr>129</gpxtpx:hr>
          </gpxtpx:TrackPointExtension>
        </extensions>
      </trkpt>
      <trkpt lat="22.54357118847052" lon="114.08907223074777">
        <ele>15.788420591503382</ele>
        <time>1970-01-01T00:07:09.300000Z</time>
        <extensions>
          <gpxtpx:TrackPointExtension>
            <gpxtpx:hr>129</gpxtpx:hr>
          </gpxtpx:TrackPointExtension>
        </extensions>
      </trkpt>
      <trkpt lat="22.54357459158998" lon="114.08909841285856">
        <ele>15.81085076276213</ele>
        <time>1970-01-01T00:07:10.300000Z</time>
        <extensions>
          <gpxtpx:TrackPointExtension>
            <gpxtpx:hr>129</gpxtpx:hr>
          </gpxtpx:TrackPointExtension>
        </extensions>
      </trkpt>
      <trkpt lat="22.543577527720522" lon="114.08912540306063">
        <ele>15.843794025480747</ele>
        <time>1970-01-01T00:07:11.300000Z</time>
        <extensions>
          <gpxtpx:TrackPointExtension>
            <gpxtpx:hr>129</gpxtpx:hr>
          </gpxtpx:TrackPointExtension>
        </extensions>
      </trkpt>
      <trkpt lat="22.54357957234024" lon="114.08915221587623">
        <ele>15.866365755908191</ele>
        <time>1970-01-01T00:07:12.300000Z</time>
        <extensions>
          <gpxtpx:TrackPointExtension>
            <gpxtpx:hr>129</gpxtpx:hr>
          </gpxtpx:TrackPointExtension>
        </extensions>
      </trkpt>
      <trkpt lat="22.54358077412049" lon="114.08917750980166">
        <ele>15.88002638798207</ele>
        <time>1970-01-01T00:07:13.300000Z</time>
        <extensions>
          <gpxtpx:TrackPointExtension>
            <gpxtpx:hr>129</gpxtpx:hr>
          </gpxtpx:TrackPointExtension>
        </extensions>
      </trkpt>
      <trkpt lat="22.543580914181273" lon="114.08920161445012">
        <ele>15.978398758918047</ele>
        <time>1970-01-01T00:07:14.300000Z</time>
        <extensions>
          <gpxtpx:TrackPointExtension>
            <gpxtpx:hr>130</gpxtpx:hr>
          </gpxtpx:TrackPointExtension>
        </extensions>
      </trkpt>
      <trkpt lat="22.543579532665582" lon="114.08922602171572">
        <ele>16.053015060722828</ele>
        <time>1970-01-01T00:07:15.300000Z</time>
        <extensions>
          <gpxtpx:TrackPointExtension>
            <gpxtpx:hr>130</gpxtpx:hr>
          </gpxtpx:TrackPointExtension>
        </extensions>
      </trkpt>
      <trkpt lat="22.543577083280574" lon="114.0892512953835">
        <ele>16.098857612349093</ele>
        <time>1970-01-01T00:07:16.300000Z</time>
        <extensions>
          <gpxtpx:TrackPointExtension>
            <gpxtpx:hr>130</gpxtpx:hr>
          </gpxtpx:TrackPointExtension>
        </extensions>
      </trkpt>
      <trkpt lat="22.54357499294714" lon="114.08927682862989">
        <ele>16.15192354284227</ele>
        <time>1970-01-01T00:07:17.300000Z</time>
        <extensions>
          <gpxtpx:TrackPointExtension>
            <gpxtpx:hr>130</gpxtpx:hr>
          </gpxtpx:TrackPointExtension>
        </extensions>
      </trkpt>
      <trkpt lat="22.543574242365203" lon="114.0893023964553">
        <ele>16.164768165908754</ele>
        <time>1970-01-01T00:07:18.300000Z</time>
        <extensions>
          <gpxtpx:TrackPointExtension>
            <gpxtpx:hr>130</gpxtpx:hr>
          </gpxtpx:TrackPointExtension>
        </extensions>
      </trkpt>
      <trkpt lat="22.54357475549908" lon="114.08932837814605">
        <ele>16.184705276973546</ele>
        <time>1970-01-01T00:07:19.300000Z</time>
        <extensions>
          <gpxtpx:TrackPointExtension>
            <gpxtpx:hr>130</gpxtpx:hr>
          </gpxtpx:TrackPointExtension>
        </extensions>
      </trkpt>
      <trkpt lat="22.543575888784222" lon="114.08935439866512">
        <ele>16.221586571075022</ele>
        <time>1970-01-01T00:07:20.300000Z</time>
        <extensions>
          <gpxtpx:TrackPointExtension>
            <gpxtpx:hr>130</gpxtpx:hr>
          </gpxtpx:TrackPointExtension>
        </extensions>
      </trkpt>
      <trkpt lat="22.54357703977029" lon="114.08938004861558">
        <ele>16.25201351661235</ele>
        <time>1970-01-01T00:07:21.300000Z</time>
        <extensions>
          <gpxtpx:TrackPointExtension>
            <gpxtpx:hr>130</gpxtpx:hr>
          </gpxtpx:TrackPointExtension>
        </extensions>
      </trkpt>
      <trkpt lat="22.543578076326245" lon="114.0894056772765">
        <ele>16.321986691094935</ele>
        <time>1970-01-01T00:07:22.300000Z</time>
        <extensions>
          <gpxtpx:TrackPointExtension>
            <gpxtpx:hr>130</gpxtpx:hr>
          </gpxtpx:TrackPointExtension>
        </extensions>
      </trkpt>
      <trkpt lat="22.543578536131587" lon="114.0894310207388">
        <ele>16.369022142142057</ele>
        <time>1970-01-01T00:07:23.300000Z</time>
        <extensions>
          <gpxtpx:TrackPointExtension>
            <gpxtpx:hr>134</gpxtpx:hr>
          </gpxtpx:TrackPointExtension>
        </extensions>
      </trkpt>
      <trkpt lat="22.543578415546055" lon="114.08945595886694">
        <ele>16.4168314402923</ele>
        <time>1970-01-01T00:07:24.300000Z</time>
        <extensions>
          <gpxtpx:TrackPointExtension>
            <gpxtpx:hr>134</gpxtpx:hr>
          </gpxtpx:TrackPointExtension>
        </extensions>
      </trkpt>
      <trkpt lat="22.543578247882987" lon="114.08948118362345">
        <ele>16.46338899154216</ele>
        <time>1970-01-01T00:07:25.300000Z</time>
        <extensions>
          <gpxtpx:TrackPointExtension>
            <gpxtpx:hr>134</gpxtpx:hr>
          </gpxtpx:TrackPointExtension>
        </extensions>
      </trkpt>
      <trkpt lat="22.54357878466963" lon="114.08950745863108">
        <ele>16.49561491329223</ele>
        <time>1970-01-01T00:07:26.300000Z</time>
        <extensions>
          <gpxtpx:TrackPointExtension>
            <gpxtpx:hr>134</gpxtpx:hr>
          </gpxtpx:TrackPointExtension>
        </extensions>
      </trkpt>
      <trkpt lat="22.543580530201684" lon="114.0895345063784">
        <ele>16.510948712937534</ele>
        <time>1970-01-01T00:07:27.300000Z</time>
        <extensions>
          <gpxtpx:TrackPointExtension>
            <gpxtpx:hr>134</gpxtpx:hr>
          </gpxtpx:TrackPointExtension>
        </extensions>
      </trkpt>
      <trkpt lat="22.54358272339059" lon="114.0895613789701">
        <ele>16.526586500927806</ele>
        <time>1970-01-01T00:07:28.300000Z</time>
        <extensions>
          <gpxtpx:TrackPointExtension>
            <gpxtpx:hr>134</gpxtpx:hr>
          </gpxtpx:TrackPointExtension>
        </extensions>
      </trkpt>
      <trkpt lat="22.543584947127837" lon="114.08958793289032">
        <ele>16.560513088479638</ele>
        <time>1970-01-01T00:07:29.300000Z</time>
        <extensions>
          <gpxtpx:TrackPointExtension>
            <gpxtpx:hr>134</gpxtpx:hr>
          </gpxtpx:TrackPointExtension>
        </extensions>
      </trkpt>
      <trkpt lat="22.54358778368028" lon="114.089615094714">
        <ele>16.585980421863496</ele>
        <time>1970-01-01T00:07:30.300000Z</time>
        <extensions>
          <gpxtpx:TrackPointExtension>
            <gpxtpx:hr>134</gpxtpx:hr>
          </gpxtpx:TrackPointExtension>
        </extensions>
      </trkpt>
      <trkpt lat="22.543591730812572" lon="114.08964297082606">
        <ele>16.637468707747757</ele>
        <time>1970-01-01T00:07:31.300000Z</time>
        <extensions>
          <gpxtpx:TrackPointExtension>
            <gpxtpx:hr>134</gpxtpx:hr>
          </gpxtpx:TrackPointExtension>
        </extensions>
      </trkpt>
      <trkpt lat="22.543596289386965" lon="114.08967149379428">
        <ele>16.685769902542233</ele>
        <time>1970-01-01T00:07:32.300000Z</time>
        <extensions>
          <gpxtpx:TrackPointExtension>
            <gpxtpx:hr>136</gpxtpx:hr>
          </gpxtpx:TrackPointExtension>
        </extensions>
      </trkpt>
      <trkpt lat="22.543600840355516" lon="114.08970023947548">
        <ele>16.745999671518803</ele>
        <time>1970-01-01T00:07:33.300000Z</time>
        <extensions>
          <gpxtpx:TrackPointExtension>
            <gpxtpx:hr>136</gpxtpx:hr>
          </gpxtpx:TrackPointExtension>
        </extensions>
      </trkpt>
      <trkpt lat="22.54360547701015" lon="114.08972840037283">
        <ele>16.796052619814873</ele>
        <time>1970-01-01T00:07:34.300000Z</time>
        <extensions>
          <gpxtpx:TrackPointExtension>
            <gpxtpx:hr>136</gpxtpx:hr>
          </gpxtpx:TrackPointExtension>
        </extensions>
      </trkpt>
      <trkpt lat="22.543610611429084" lon="114.08975594075079">
        <ele>16.805760593153536</ele>
        <time>1970-01-01T00:07:35.300000Z</time>
        <extensions>
          <gpxtpx:TrackPointExtension>
            <gpxtpx:hr>136</gpxtpx:hr>
          </gpxtpx:TrackPointExtension>
        </extensions>
      </trkpt>
      <trkpt lat="22.54361659012738" lon="114.0897833193598">
        <ele>16.819557584822178</ele>
        <time>1970-01-01T00:07:36.300000Z</time>
        <extensions>
          <gpxtpx:TrackPointExtension>
            <gpxtpx:hr>136</gpxtpx:hr>
          </gpxtpx:TrackPointExtension>
        </extensions>
      </trkpt>
      <trkpt lat="22.543622379778668" lon="114.08981016135257">
        <ele>16.819200420752168</ele>
        <time>1970-01-01T00:07:37.300000Z</time>
        <extensions>
          <gpxtpx:TrackPointExtension>
            <gpxtpx:hr>136</gpxtpx:hr>
          </gpxtpx:TrackPointExtension>
        </extensions>
      </trkpt>
      <trkpt lat="22.543626486692578" lon="114.08983561272674">
        <ele>16.790205721743405</ele>
        <time>1970-01-01T00:07:38.300000Z</time>
        <extensions>
          <gpxtpx:TrackPointExtension>
            <gpxtpx:hr>136</gpxtpx:hr>
          </gpxtpx:TrackPointExtension>
        </extensions>
      </trkpt>
      <trkpt lat="22.543628380309325" lon="114.08985931191064">
        <ele>16.75773712992668</ele>
        <time>1970-01-01T00:07:39.300000Z</time>
        <extensions>
          <gpxtpx:TrackPointExtension>
            <gpxtpx:hr>135</gpxtpx:hr>
          </gpxtpx:TrackPointExtension>
        </extensions>
      </trkpt>
      <trkpt lat="22.54362929045222" lon="114.08988218297696">
        <ele>16.740714776329696</ele>
        <time>1970-01-01T00:07:40.300000Z</time>
        <extensions>
          <gpxtpx:TrackPointExtension>
            <gpxtpx:hr>135</gpxtpx:hr>
          </gpxtpx:TrackPointExtension>
        </extensions>
      </trkpt>
      <trkpt lat="22.54363064374002" lon="114.08990516979901">
        <ele>16.70534528326243</ele>
        <time>1970-01-01T00:07:41.300000Z</time>
        <extensions>
          <gpxtpx:TrackPointExtension>
            <gpxtpx:hr>135</gpxtpx:hr>
          </gpxtpx:TrackPointExtension>
        </extensions>
      </trkpt>
      <trkpt lat="22.54363215771569" lon="114.08992837880795">
        <ele>16.655019661411643</ele>
        <time>1970-01-01T00:07:42.300000Z</time>
        <extensions>
          <gpxtpx:TrackPointExtension>
            <gpxtpx:hr>135</gpxtpx:hr>
          </gpxtpx:TrackPointExtension>
        </extensions>
      </trkpt>
      <trkpt lat="22.543633202506623" lon="114.08995186806867">
        <ele>16.60757797025144</ele>
        <time>1970-01-01T00:07:43.300000Z</time>
        <extensions>
          <gpxtpx:TrackPointExtension>
            <gpxtpx:hr>135</gpxtpx:hr>
          </gpxtpx:TrackPointExtension>
        </extensions>
      </trkpt>
      <trkpt lat="22.54363342251129" lon="114.08997623827074">
        <ele>16.5361886927858</ele>
        <time>1970-01-01T00:07:44.300000Z</time>
        <extensions>
          <gpxtpx:TrackPointExtension>
            <gpxtpx:hr>135</gpxtpx:hr>
          </gpxtpx:TrackPointExtension>
        </extensions>
      </trkpt>
      <trkpt lat="22.543632705864432" lon="114.09000121416048">
        <ele>16.505859286524355</ele>
        <time>1970-01-01T00:07:45.300000Z</time>
        <extensions>
          <gpxtpx:TrackPointExtension>
            <gpxtpx:hr>135</gpxtpx:hr>
          </gpxtpx:TrackPointExtension>
        </extensions>
      </trkpt>
      <trkpt lat="22.54363135034876" lon="114.09002579935236">
        <ele>16.464527627453208</ele>
        <time>1970-01-01T00:07:46.300000Z</time>
        <extensions>
          <gpxtpx:TrackPointExtension>
            <gpxtpx:hr>135</gpxtpx:hr>
          </gpxtpx:TrackPointExtension>
        </extensions>
      </trkpt>
      <trkpt lat="22.543629787233197" lon="114.0900500820104">
        <ele>16.384040703997016</ele>
        <time>1970-01-01T00:07:47.300000Z</time>
        <extensions>
          <gpxtpx:TrackPointExtension>
            <gpxtpx:hr>135</gpxtpx:hr>
          </gpxtpx:TrackPointExtension>
        </extensions>
      </trkpt>
      <trkpt lat="22.543628343509486" lon="114.09007491623687">
        <ele>16.281626703217626</ele>
        <time>1970-01-01T00:07:48.300000Z</time>
        <extensions>
          <gpxtpx:TrackPointExtension>
            <gpxtpx:hr>135</gpxtpx:hr>
          </gpxtpx:TrackPointExtension>
        </extensions>
      </trkpt>
      <trkpt lat="22.543626737014836" lon="114.09010093897074">
        <ele>16.204521855339408</ele>
        <time>1970-01-01T00:07:49.300000Z</time>
        <extensions>
          <gpxtpx:TrackPointExtension>
            <gpxtpx:hr>136</gpxtpx:hr>
          </gpxtpx:TrackPointExtension>
        </extensions>
      </trkpt>
      <trkpt lat="22.543624883296644" lon="114.09012821418989">
        <ele>16.095952630974352</ele>
        <time>1970-01-01T00:07:50.300000Z</time>
        <extensions>
          <gpxtpx:TrackPointExtension>
            <gpxtpx:hr>136</gpxtpx:hr>
          </gpxtpx:TrackPointExtension>
        </extensions>
      </trkpt>
      <trkpt lat="22.543622949229647" lon="114.09015629271602">
        <ele>15.978620602749288</ele>
        <time>1970-01-01T00:07:51.300000Z</time>
        <extensions>
          <gpxtpx:TrackPointExtension>
            <gpxtpx:hr>136</gpxtpx:hr>
          </gpxtpx:TrackPointExtension>
        </extensions>
      </trkpt>
      <trkpt lat="22.543621284111477" lon="114.09018423689224">
        <ele>15.845757439732552</ele>
        <time>1970-01-01T00:07:52.300000Z</time>
        <extensions>
          <gpxtpx:TrackPointExtension>
            <gpxtpx:hr>138</gpxtpx:hr>
          </gpxtpx:TrackPointExtension>
        </extensions>
      </trkpt>
      <trkpt lat="22.54362042761066" lon="114.09021151474207">
        <ele>15.692283991724253</ele>
        <time>1970-01-01T00:07:53.300000Z</time>
        <extensions>
          <gpxtpx:TrackPointExtension>
            <gpxtpx:hr>138</gpxtpx:hr>
          </gpxtpx:TrackPointExtension>
        </extensions>
      </trkpt>
      <trkpt lat="22.543621109372786" lon="114.09023820180411">
        <ele>15.497908448800445</ele>
        <time>1970-01-01T00:07:54.300000Z</time>
        <extensions>
          <gpxtpx:TrackPointExtension>
            <gpxtpx:hr>138</gpxtpx:hr>
          </gpxtpx:TrackPointExtension>
        </extensions>
      </trkpt>
      <trkpt lat="22.543622901228215" lon="114.09026478058253">
        <ele>15.266536515206099</ele>
        <time>1970-01-01T00:07:55.300000Z</time>
        <extensions>
          <gpxtpx:TrackPointExtension>
            <gpxtpx:hr>138</gpxtpx:hr>
          </gpxtpx:TrackPointExtension>
        </extensions>
      </trkpt>
      <trkpt lat="22.54362400395909" lon="114.09029114580623">
        <ele>15.035114605911076</ele>
        <time>1970-01-01T00:07:56.300000Z</time>
        <extensions>
          <gpxtpx:TrackPointExtension>
            <gpxtpx:hr>138</gpxtpx:hr>
          </gpxtpx:TrackPointExtension>
        </extensions>
      </trkpt>
      <trkpt lat="22.543623856468294" lon="114.09031690978527">
        <ele>14.77286593336612</ele>
        <time>1970-01-01T00:07:57.300000Z</time>
        <extensions>
          <gpxtpx:TrackPointExtension>
            <gpxtpx:hr>138</gpxtpx:hr>
          </gpxtpx:TrackPointExtension>
        </extensions>
      </trkpt>
      <trkpt lat="22.54362302750728" lon="114.09034291347203">
        <ele>14.474594801664352</ele>
        <time>1970-01-01T00:07:58.300000Z</time>
        <extensions>
          <gpxtpx:TrackPointExtension>
            <gpxtpx:hr>139</gpxtpx:hr>
          </gpxtpx:TrackPointExtension>
        </extensions>
      </trkpt>
      <trkpt lat="22.543622174325066" lon="114.09036986080008">
        <ele>14.182998028583825</ele>
        <time>1970-01-01T00:07:59.300000Z</time>
        <extensions>
          <gpxtpx:TrackPointExtension>
            <gpxtpx:hr>139</gpxtpx:hr>
          </gpxtpx:TrackPointExtension>
        </extensions>
      </trkpt>
      <trkpt lat="22.543620914143247" lon="114.0903974648155">
        <ele>13.85909921862185</ele>
        <time>1970-01-01T00:08:00.300000Z</time>
        <extensions>
          <gpxtpx:TrackPointExtension>
            <gpxtpx:hr>139</gpxtpx:hr>
          </gpxtpx:TrackPointExtension>
        </extensions>
      </trkpt>
      <trkpt lat="22.54361902391718" lon="114.0904252402904">
        <ele>13.525387639179826</ele>
        <time>1970-01-01T00:08:01.300000Z</time>
        <extensions>
          <gpxtpx:TrackPointExtension>
            <gpxtpx:hr>139</gpxtpx:hr>
          </gpxtpx:TrackPointExtension>
        </extensions>
      </trkpt>
      <trkpt lat="22.543616836947546" lon="114.09045267359141">
        <ele>13.208380173891783</ele>
        <time>1970-01-01T00:08:02.300000Z</time>
        <extensions>
          <gpxtpx:TrackPointExtension>
            <gpxtpx:hr>139</gpxtpx:hr>
          </gpxtpx:TrackPointExtension>
        </extensions>
      </trkpt>
      <trkpt lat="22.543614391738036" lon="114.09047978502355">
        <ele>12.922032251954079</ele>
        <time>1970-01-01T00:08:03.300000Z</time>
        <extensions>
          <gpxtpx:TrackPointExtension>
            <gpxtpx:hr>139</gpxtpx:hr>
          </gpxtpx:TrackPointExtension>
        </extensions>
      </trkpt>
      <trkpt lat="22.543611904824246" lon="114.0905071588455">
        <ele>12.68138037994504</ele>
        <time>1970-01-01T00:08:04.300000Z</time>
        <extensions>
          <gpxtpx:TrackPointExtension>
            <gpxtpx:hr>139</gpxtpx:hr>
          </gpxtpx:TrackPointExtension>
        </extensions>
      </trkpt>
      <trkpt lat="22.54360967761969" lon="114.09053518761893">
        <ele>12.48578186146915</ele>
        <time>1970-01-01T00:08:05.300000Z</time>
        <extensions>
          <gpxtpx:TrackPointExtension>
            <gpxtpx:hr>139</gpxtpx:hr>
          </gpxtpx:TrackPointExtension>
        </extensions>
      </trkpt>
      <trkpt lat="22.543607991920588" lon="114.09056422561135">
        <ele>12.329543026164174</ele>
        <time>1970-01-01T00:08:06.300000Z</time>
        <extensions>
          <gpxtpx:TrackPointExtension>
            <gpxtpx:hr>139</gpxtpx:hr>
          </gpxtpx:TrackPointExtension>
        </extensions>
      </trkpt>
      <trkpt lat="22.54360665194836" lon="114.09059365417018">
        <ele>12.21249424945563</ele>
        <time>1970-01-01T00:08:07.300000Z</time>
        <extensions>
          <gpxtpx:TrackPointExtension>
            <gpxtpx:hr>139</gpxtpx:hr>
          </gpxtpx:TrackPointExtension>
        </extensions>
      </trkpt>
      <trkpt lat="22.54360532720932" lon="114.09062232913264">
        <ele>12.163820013403893</ele>
        <time>1970-01-01T00:08:08.300000Z</time>
        <extensions>
          <gpxtpx:TrackPointExtension>
            <gpxtpx:hr>141</gpxtpx:hr>
          </gpxtpx:TrackPointExtension>
        </extensions>
      </trkpt>
      <trkpt lat="22.543603731997727" lon="114.09065044000342">
        <ele>12.138869769871235</ele>
        <time>1970-01-01T00:08:09.300000Z</time>
        <extensions>
          <gpxtpx:TrackPointExtension>
            <gpxtpx:hr>141</gpxtpx:hr>
          </gpxtpx:TrackPointExtension>
        </extensions>
      </trkpt>
      <trkpt lat="22.543601709953847" lon="114.09067891042692">
        <ele>12.144766611047089</ele>
        <time>1970-01-01T00:08:10.300000Z</time>
        <extensions>
          <gpxtpx:TrackPointExtension>
            <gpxtpx:hr>141</gpxtpx:hr>
          </gpxtpx:TrackPointExtension>
        </extensions>
      </trkpt>
      <trkpt lat="22.54359973653747" lon="114.090707585432">
        <ele>12.220854509621859</ele>
        <time>1970-01-01T00:08:11.300000Z</time>
        <extensions>
          <gpxtpx:TrackPointExtension>
            <gpxtpx:hr>141</gpxtpx:hr>
          </gpxtpx:TrackPointExtension>
        </extensions>
      </trkpt>
      <trkpt lat="22.54359808484123" lon="114.09073517455431">
        <ele>12.31892504543066</ele>
        <time>1970-01-01T00:08:12.300000Z</time>
        <extensions>
          <gpxtpx:TrackPointExtension>
            <gpxtpx:hr>141</gpxtpx:hr>
          </gpxtpx:TrackPointExtension>
        </extensions>
      </trkpt>
      <trkpt lat="22.543596957766308" lon="114.09076135428423">
        <ele>12.465765308588743</ele>
        <time>1970-01-01T00:08:13.300000Z</time>
        <extensions>
          <gpxtpx:TrackPointExtension>
            <gpxtpx:hr>141</gpxtpx:hr>
          </gpxtpx:TrackPointExtension>
        </extensions>
      </trkpt>
      <trkpt lat="22.543596413350198" lon="114.09078674201308">
        <ele>12.652631809003651</ele>
        <time>1970-01-01T00:08:14.300000Z</time>
        <extensions>
          <gpxtpx:TrackPointExtension>
            <gpxtpx:hr>141</gpxtpx:hr>
          </gpxtpx:TrackPointExtension>
        </extensions>
      </trkpt>
      <trkpt lat="22.54359609494739" lon="114.09081217808787">
        <ele>12.84725968632847</ele>
        <time>1970-01-01T00:08:15.300000Z</time>
        <extensions>
          <gpxtpx:TrackPointExtension>
            <gpxtpx:hr>141</gpxtpx:hr>
          </gpxtpx:TrackPointExtension>
        </extensions>
      </trkpt>
      <trkpt lat="22.543596005065865" lon="114.09083769087206">
        <ele>13.005859882570803</ele>
        <time>1970-01-01T00:08:16.300000Z</time>
        <extensions>
          <gpxtpx:TrackPointExtension>
            <gpxtpx:hr>141</gpxtpx:hr>
          </gpxtpx:TrackPointExtension>
        </extensions>
      </trkpt>
      <trkpt lat="22.543597009214658" lon="114.09086247072545">
        <ele>13.176699475385249</ele>
        <time>1970-01-01T00:08:17.300000Z</time>
        <extensions>
          <gpxtpx:TrackPointExtension>
            <gpxtpx:hr>141</gpxtpx:hr>
          </gpxtpx:TrackPointExtension>
        </extensions>
      </trkpt>
      <trkpt lat="22.54359999871136" lon="114.09088593330775">
        <ele>13.310548063367605</ele>
        <time>1970-01-01T00:08:18.300000Z</time>
        <extensions>
          <gpxtpx:TrackPointExtension>
            <gpxtpx:hr>141</gpxtpx:hr>
          </gpxtpx:TrackPointExtension>
        </extensions>
      </trkpt>
      <trkpt lat="22.54360505192356" lon="114.09090855987635">
        <ele>13.473933684639633</ele>
        <time>1970-01-01T00:08:19.300000Z</time>
        <extensions>
          <gpxtpx:TrackPointExtension>
            <gpxtpx:hr>141</gpxtpx:hr>
          </gpxtpx:TrackPointExtension>
        </extensions>
      </trkpt>
      <trkpt lat="22.54361212387897" lon="114.09093050193144">
        <ele>13.628151757642627</ele>
        <time>1970-01-01T00:08:20.300000Z</time>
        <extensions>
          <gpxtpx:TrackPointExtension>
            <gpxtpx:hr>141</gpxtpx:hr>
          </gpxtpx:TrackPointExtension>
        </extensions>
      </trkpt>
      <trkpt lat="22.543621268463944" lon="114.09095197369827">
        <ele>13.75369503814727</ele>
        <time>1970-01-01T00:08:21.300000Z</time>
        <extensions>
          <gpxtpx:TrackPointExtension>
            <gpxtpx:hr>141</gpxtpx:hr>
          </gpxtpx:TrackPointExtension>
        </extensions>
      </trkpt>
      <trkpt lat="22.5436328786565" lon="114.09097285168052">
        <ele>13.90597492735833</ele>
        <time>1970-01-01T00:08:22.300000Z</time>
        <extensions>
          <gpxtpx:TrackPointExtension>
            <gpxtpx:hr>141</gpxtpx:hr>
          </gpxtpx:TrackPointExtension>
        </extensions>
      </trkpt>
      <trkpt lat="22.54364748395275" lon="114.09099258092968">
        <ele>14.049215991981328</ele>
        <time>1970-01-01T00:08:23.300000Z</time>
        <extensions>
          <gpxtpx:TrackPointExtension>
            <gpxtpx:hr>141</gpxtpx:hr>
          </gpxtpx:TrackPointExtension>
        </extensions>
      </trkpt>
      <trkpt lat="22.543665209514796" lon="114.09101061429391">
        <ele>14.165147106163204</ele>
        <time>1970-01-01T00:08:24.300000Z</time>
        <extensions>
          <gpxtpx:TrackPointExtension>
            <gpxtpx:hr>141</gpxtpx:hr>
          </gpxtpx:TrackPointExtension>
        </extensions>
      </trkpt>
      <trkpt lat="22.543685998673187" lon="114.09102615843786">
        <ele>14.280113458633423</ele>
        <time>1970-01-01T00:08:25.300000Z</time>
        <extensions>
          <gpxtpx:TrackPointExtension>
            <gpxtpx:hr>141</gpxtpx:hr>
          </gpxtpx:TrackPointExtension>
        </extensions>
      </trkpt>
      <trkpt lat="22.543708750760395" lon="114.09103886866919">
        <ele>14.356234134174883</ele>
        <time>1970-01-01T00:08:26.300000Z</time>
        <extensions>
          <gpxtpx:TrackPointExtension>
            <gpxtpx:hr>141</gpxtpx:hr>
          </gpxtpx:TrackPointExtension>
        </extensions>
      </trkpt>
      <trkpt lat="22.54373184789966" lon="114.09104896028013">
        <ele>14.40458347927779</ele>
        <time>1970-01-01T00:08:27.300000Z</time>
        <extensions>
          <gpxtpx:TrackPointExtension>
            <gpxtpx:hr>141</gpxtpx:hr>
          </gpxtpx:TrackPointExtension>
        </extensions>
      </trkpt>
      <trkpt lat="22.543754474517144" lon="114.09105732524263">
        <ele>14.421307555399835</ele>
        <time>1970-01-01T00:08:28.300000Z</time>
        <extensions>
          <gpxtpx:TrackPointExtension>
            <gpxtpx:hr>141</gpxtpx:hr>
          </gpxtpx:TrackPointExtension>
        </extensions>
      </trkpt>
      <trkpt lat="22.543776918643687" lon="114.0910639557226">
        <ele>14.42866376414895</ele>
        <time>1970-01-01T00:08:29.300000Z</time>
        <extensions>
          <gpxtpx:TrackPointExtension>
            <gpxtpx:hr>141</gpxtpx:hr>
          </gpxtpx:TrackPointExtension>
        </extensions>
      </trkpt>
      <trkpt lat="22.543799409264302" lon="114.09106794934087">
        <ele>14.406315825879574</ele>
        <time>1970-01-01T00:08:30.300000Z</time>
        <extensions>
          <gpxtpx:TrackPointExtension>
            <gpxtpx:hr>141</gpxtpx:hr>
          </gpxtpx:TrackPointExtension>
        </extensions>
      </trkpt>
      <trkpt lat="22.543821561272967" lon="114.09106939889283">
        <ele>14.383519150316715</ele>
        <time>1970-01-01T00:08:31.300000Z</time>
        <extensions>
          <gpxtpx:TrackPointExtension>
            <gpxtpx:hr>141</gpxtpx:hr>
          </gpxtpx:TrackPointExtension>
        </extensions>
      </trkpt>
      <trkpt lat="22.54384391563675" lon="114.0910691924197">
        <ele>14.370804031379521</ele>
        <time>1970-01-01T00:08:32.300000Z</time>
        <extensions>
          <gpxtpx:TrackPointExtension>
            <gpxtpx:hr>141</gpxtpx:hr>
          </gpxtpx:TrackPointExtension>
        </extensions>
      </trkpt>
      <trkpt lat="22.54386719275161" lon="114.09106792907752">
        <ele>14.341619660146534</ele>
        <time>1970-01-01T00:08:33.300000Z</time>
        <extensions>
          <gpxtpx:TrackPointExtension>
            <gpxtpx:hr>141</gpxtpx:hr>
          </gpxtpx:TrackPointExtension>
        </extensions>
      </trkpt>
      <trkpt lat="22.5438895612111" lon="114.09106640784789">
        <ele>14.316286186687648</ele>
        <time>1970-01-01T00:08:34.300000Z</time>
        <extensions>
          <gpxtpx:TrackPointExtension>
            <gpxtpx:hr>141</gpxtpx:hr>
          </gpxtpx:TrackPointExtension>
        </extensions>
      </trkpt>
      <trkpt lat="22.543909170194635" lon="114.09106575706906">
        <ele>14.268031744286418</ele>
        <time>1970-01-01T00:08:35.300000Z</time>
        <extensions>
          <gpxtpx:TrackPointExtension>
            <gpxtpx:hr>141</gpxtpx:hr>
          </gpxtpx:TrackPointExtension>
        </extensions>
      </trkpt>
      <trkpt lat="22.54392622776311" lon="114.09106515874407">
        <ele>14.196535490453243</ele>
        <time>1970-01-01T00:08:36.300000Z</time>
        <extensions>
          <gpxtpx:TrackPointExtension>
            <gpxtpx:hr>142</gpxtpx:hr>
          </gpxtpx:TrackPointExtension>
        </extensions>
      </trkpt>
      <trkpt lat="22.54394269818437" lon="114.09106379134676">
        <ele>14.149751046672463</ele>
        <time>1970-01-01T00:08:37.300000Z</time>
        <extensions>
          <gpxtpx:TrackPointExtension>
            <gpxtpx:hr>142</gpxtpx:hr>
          </gpxtpx:TrackPointExtension>
        </extensions>
      </trkpt>
      <trkpt lat="22.543961566186667" lon="114.09106182871923">
        <ele>14.087059701792896</ele>
        <time>1970-01-01T00:08:38.300000Z</time>
        <extensions>
          <gpxtpx:TrackPointExtension>
            <gpxtpx:hr>142</gpxtpx:hr>
          </gpxtpx:TrackPointExtension>
        </extensions>
      </trkpt>
      <trkpt lat="22.543983049549027" lon="114.09106009296536">
        <ele>14.009370517916977</ele>
        <time>1970-01-01T00:08:39.300000Z</time>
        <extensions>
          <gpxtpx:TrackPointExtension>
            <gpxtpx:hr>142</gpxtpx:hr>
          </gpxtpx:TrackPointExtension>
        </extensions>
      </trkpt>
      <trkpt lat="22.544005552203878" lon="114.09105907484538">
        <ele>13.945597873069346</ele>
        <time>1970-01-01T00:08:40.300000Z</time>
        <extensions>
          <gpxtpx:TrackPointExtension>
            <gpxtpx:hr>142</gpxtpx:hr>
          </gpxtpx:TrackPointExtension>
        </extensions>
      </trkpt>
      <trkpt lat="22.544029415467012" lon="114.09105817264887">
        <ele>13.895505894906819</ele>
        <time>1970-01-01T00:08:41.300000Z</time>
        <extensions>
          <gpxtpx:TrackPointExtension>
            <gpxtpx:hr>142</gpxtpx:hr>
          </gpxtpx:TrackPointExtension>
        </extensions>
      </trkpt>
      <trkpt lat="22.544055333268886" lon="114.09105775105279">
        <ele>13.851898637600243</ele>
        <time>1970-01-01T00:08:42.300000Z</time>
        <extensions>
          <gpxtpx:TrackPointExtension>
            <gpxtpx:hr>142</gpxtpx:hr>
          </gpxtpx:TrackPointExtension>
        </extensions>
      </trkpt>
      <trkpt lat="22.544082441457064" lon="114.09105912827133">
        <ele>13.831156783737242</ele>
        <time>1970-01-01T00:08:43.300000Z</time>
        <extensions>
          <gpxtpx:TrackPointExtension>
            <gpxtpx:hr>143</gpxtpx:hr>
          </gpxtpx:TrackPointExtension>
        </extensions>
      </trkpt>
      <trkpt lat="22.544109006327066" lon="114.09106208134612">
        <ele>14.37027526833117</ele>
        <time>1970-01-01T00:08:44.300000Z</time>
        <extensions>
          <gpxtpx:TrackPointExtension>
            <gpxtpx:hr>143</gpxtpx:hr>
          </gpxtpx:TrackPointExtension>
        </extensions>
      </trkpt>
      <trkpt lat="22.54413358884768" lon="114.09106477481483">
        <ele>14.499584298580885</ele>
        <time>1970-01-01T00:08:45.300000Z</time>
        <extensions>
          <gpxtpx:TrackPointExtension>
            <gpxtpx:hr>143</gpxtpx:hr>
          </gpxtpx:TrackPointExtension>
        </extensions>
      </trkpt>
      <trkpt lat="22.544156715915403" lon="114.09106713161736">
        <ele>14.639327261596918</ele>
        <time>1970-01-01T00:08:46.300000Z</time>
        <extensions>
          <gpxtpx:TrackPointExtension>
            <gpxtpx:hr>143</gpxtpx:hr>
          </gpxtpx:TrackPointExtension>
        </extensions>
      </trkpt>
      <trkpt lat="22.54418062085187" lon="114.09106935887682">
        <ele>14.783988269977272</ele>
        <time>1970-01-01T00:08:47.300000Z</time>
        <extensions>
          <gpxtpx:TrackPointExtension>
            <gpxtpx:hr>143</gpxtpx:hr>
          </gpxtpx:TrackPointExtension>
        </extensions>
      </trkpt>
      <trkpt lat="22.544206106513737" lon="114.09106993154916">
        <ele>14.935999278910458</ele>
        <time>1970-01-01T00:08:48.300000Z</time>
        <extensions>
          <gpxtpx:TrackPointExtension>
            <gpxtpx:hr>143</gpxtpx:hr>
          </gpxtpx:TrackPointExtension>
        </extensions>
      </trkpt>
      <trkpt lat="22.544232129194807" lon="114.09106826154657">
        <ele>15.092220215126872</ele>
        <time>1970-01-01T00:08:49.300000Z</time>
        <extensions>
          <gpxtpx:TrackPointExtension>
            <gpxtpx:hr>143</gpxtpx:hr>
          </gpxtpx:TrackPointExtension>
        </extensions>
      </trkpt>
      <trkpt lat="22.544257592225925" lon="114.09106433894104">
        <ele>15.255707629956305</ele>
        <time>1970-01-01T00:08:50.300000Z</time>
        <extensions>
          <gpxtpx:TrackPointExtension>
            <gpxtpx:hr>143</gpxtpx:hr>
          </gpxtpx:TrackPointExtension>
        </extensions>
      </trkpt>
      <trkpt lat="22.544282114587794" lon="114.091059092943">
        <ele>15.411390345543623</ele>
        <time>1970-01-01T00:08:51.300000Z</time>
        <extensions>
          <gpxtpx:TrackPointExtension>
            <gpxtpx:hr>143</gpxtpx:hr>
          </gpxtpx:TrackPointExtension>
        </extensions>
      </trkpt>
      <trkpt lat="22.544306486933447" lon="114.09105422750916">
        <ele>15.55472369864583</ele>
        <time>1970-01-01T00:08:52.300000Z</time>
        <extensions>
          <gpxtpx:TrackPointExtension>
            <gpxtpx:hr>143</gpxtpx:hr>
          </gpxtpx:TrackPointExtension>
        </extensions>
      </trkpt>
      <trkpt lat="22.544331233265545" lon="114.09105010532242">
        <ele>15.669477621093392</ele>
        <time>1970-01-01T00:08:53.300000Z</time>
        <extensions>
          <gpxtpx:TrackPointExtension>
            <gpxtpx:hr>143</gpxtpx:hr>
          </gpxtpx:TrackPointExtension>
        </extensions>
      </trkpt>
      <trkpt lat="22.544356638913396" lon="114.09104630576152">
        <ele>15.722293676808476</ele>
        <time>1970-01-01T00:08:54.300000Z</time>
        <extensions>
          <gpxtpx:TrackPointExtension>
            <gpxtpx:hr>143</gpxtpx:hr>
          </gpxtpx:TrackPointExtension>
        </extensions>
      </trkpt>
      <trkpt lat="22.544382830749772" lon="114.09104261063507">
        <ele>15.694805788807571</ele>
        <time>1970-01-01T00:08:55.300000Z</time>
        <extensions>
          <gpxtpx:TrackPointExtension>
            <gpxtpx:hr>143</gpxtpx:hr>
          </gpxtpx:TrackPointExtension>
        </extensions>
      </trkpt>
      <trkpt lat="22.54440940625238" lon="114.09103968432514">
        <ele>15.574101825244725</ele>
        <time>1970-01-01T00:08:56.300000Z</time>
        <extensions>
          <gpxtpx:TrackPointExtension>
            <gpxtpx:hr>143</gpxtpx:hr>
          </gpxtpx:TrackPointExtension>
        </extensions>
      </trkpt>
      <trkpt lat="22.544436132008475" lon="114.09103833487565">
        <ele>15.398672143928707</ele>
        <time>1970-01-01T00:08:57.300000Z</time>
        <extensions>
          <gpxtpx:TrackPointExtension>
            <gpxtpx:hr>143</gpxtpx:hr>
          </gpxtpx:TrackPointExtension>
        </extensions>
      </trkpt>
      <trkpt lat="22.54446223583892" lon="114.09103841652754">
        <ele>15.185111498460174</ele>
        <time>1970-01-01T00:08:58.300000Z</time>
        <extensions>
          <gpxtpx:TrackPointExtension>
            <gpxtpx:hr>143</gpxtpx:hr>
          </gpxtpx:TrackPointExtension>
        </extensions>
      </trkpt>
      <trkpt lat="22.54448791075657" lon="114.09103888761628">
        <ele>14.941437121480703</ele>
        <time>1970-01-01T00:08:59.300000Z</time>
        <extensions>
          <gpxtpx:TrackPointExtension>
            <gpxtpx:hr>143</gpxtpx:hr>
          </gpxtpx:TrackPointExtension>
        </extensions>
      </trkpt>
      <trkpt lat="22.54451339201836" lon="114.0910381860767">
        <ele>14.71385495364666</ele>
        <time>1970-01-01T00:09:00.300000Z</time>
        <extensions>
          <gpxtpx:TrackPointExtension>
            <gpxtpx:hr>143</gpxtpx:hr>
          </gpxtpx:TrackPointExtension>
        </extensions>
      </trkpt>
      <trkpt lat="22.544538101775345" lon="114.09103589540977">
        <ele>14.476721778512001</ele>
        <time>1970-01-01T00:09:01.300000Z</time>
        <extensions>
          <gpxtpx:TrackPointExtension>
            <gpxtpx:hr>143</gpxtpx:hr>
          </gpxtpx:TrackPointExtension>
        </extensions>
      </trkpt>
      <trkpt lat="22.54456212989793" lon="114.09103245520807">
        <ele>14.199478440918028</ele>
        <time>1970-01-01T00:09:02.300000Z</time>
        <extensions>
          <gpxtpx:TrackPointExtension>
            <gpxtpx:hr>143</gpxtpx:hr>
          </gpxtpx:TrackPointExtension>
        </extensions>
      </trkpt>
      <trkpt lat="22.544586531364388" lon="114.09102896110183">
        <ele>13.919434307143092</ele>
        <time>1970-01-01T00:09:03.300000Z</time>
        <extensions>
          <gpxtpx:TrackPointExtension>
            <gpxtpx:hr>143</gpxtpx:hr>
          </gpxtpx:TrackPointExtension>
        </extensions>
      </trkpt>
      <trkpt lat="22.544611669381613" lon="114.09102671197451">
        <ele>13.614407142624259</ele>
        <time>1970-01-01T00:09:04.300000Z</time>
        <extensions>
          <gpxtpx:TrackPointExtension>
            <gpxtpx:hr>143</gpxtpx:hr>
          </gpxtpx:TrackPointExtension>
        </extensions>
      </trkpt>
      <trkpt lat="22.544637215375083" lon="114.0910257701948">
        <ele>13.303991871885955</ele>
        <time>1970-01-01T00:09:05.300000Z</time>
        <extensions>
          <gpxtpx:TrackPointExtension>
            <gpxtpx:hr>143</gpxtpx:hr>
          </gpxtpx:TrackPointExtension>
        </extensions>
      </trkpt>
      <trkpt lat="22.544662910721986" lon="114.09102559836785">
        <ele>13.00287131499499</ele>
        <time>1970-01-01T00:09:06.300000Z</time>
        <extensions>
          <gpxtpx:TrackPointExtension>
            <gpxtpx:hr>143</gpxtpx:hr>
          </gpxtpx:TrackPointExtension>
        </extensions>
      </trkpt>
      <trkpt lat="22.544688504449386" lon="114.09102566992097">
        <ele>12.710247104987502</ele>
        <time>1970-01-01T00:09:07.300000Z</time>
        <extensions>
          <gpxtpx:TrackPointExtension>
            <gpxtpx:hr>143</gpxtpx:hr>
          </gpxtpx:TrackPointExtension>
        </extensions>
      </trkpt>
      <trkpt lat="22.54471347715197" lon="114.09102568046123">
        <ele>12.379575164988637</ele>
        <time>1970-01-01T00:09:08.300000Z</time>
        <extensions>
          <gpxtpx:TrackPointExtension>
            <gpxtpx:hr>143</gpxtpx:hr>
          </gpxtpx:TrackPointExtension>
        </extensions>
      </trkpt>
      <trkpt lat="22.54473746126697" lon="114.09102605760948">
        <ele>12.07712315954268</ele>
        <time>1970-01-01T00:09:09.300000Z</time>
        <extensions>
          <gpxtpx:TrackPointExtension>
            <gpxtpx:hr>143</gpxtpx:hr>
          </gpxtpx:TrackPointExtension>
        </extensions>
      </trkpt>
      <trkpt lat="22.54476032061643" lon="114.09102781507755">
        <ele>11.78227975871414</ele>
        <time>1970-01-01T00:09:10.300000Z</time>
        <extensions>
          <gpxtpx:TrackPointExtension>
            <gpxtpx:hr>143</gpxtpx:hr>
          </gpxtpx:TrackPointExtension>
        </extensions>
      </trkpt>
      <trkpt lat="22.54478240432127" lon="114.09103064828236">
        <ele>11.507345206104219</ele>
        <time>1970-01-01T00:09:11.300000Z</time>
        <extensions>
          <gpxtpx:TrackPointExtension>
            <gpxtpx:hr>143</gpxtpx:hr>
          </gpxtpx:TrackPointExtension>
        </extensions>
      </trkpt>
      <trkpt lat="22.54480441936055" lon="114.09103286092437">
        <ele>11.240704230964184</ele>
        <time>1970-01-01T00:09:12.300000Z</time>
        <extensions>
          <gpxtpx:TrackPointExtension>
            <gpxtpx:hr>144</gpxtpx:hr>
          </gpxtpx:TrackPointExtension>
        </extensions>
      </trkpt>
      <trkpt lat="22.544827141512986" lon="114.09103391431326">
        <ele>10.987496316432953</ele>
        <time>1970-01-01T00:09:13.300000Z</time>
        <extensions>
          <gpxtpx:TrackPointExtension>
            <gpxtpx:hr>144</gpxtpx:hr>
          </gpxtpx:TrackPointExtension>
        </extensions>
      </trkpt>
      <trkpt lat="22.544850424106944" lon="114.09103450494725">
        <ele>10.728417762555182</ele>
        <time>1970-01-01T00:09:14.300000Z</time>
        <extensions>
          <gpxtpx:TrackPointExtension>
            <gpxtpx:hr>144</gpxtpx:hr>
          </gpxtpx:TrackPointExtension>
        </extensions>
      </trkpt>
      <trkpt lat="22.54487423771176" lon="114.0910348503746">
        <ele>10.511501875706017</ele>
        <time>1970-01-01T00:09:15.300000Z</time>
        <extensions>
          <gpxtpx:TrackPointExtension>
            <gpxtpx:hr>144</gpxtpx:hr>
          </gpxtpx:TrackPointExtension>
        </extensions>
      </trkpt>
      <trkpt lat="22.544898683541966" lon="114.09103452152128">
        <ele>10.3039071271196</ele>
        <time>1970-01-01T00:09:16.300000Z</time>
        <extensions>
          <gpxtpx:TrackPointExtension>
            <gpxtpx:hr>144</gpxtpx:hr>
          </gpxtpx:TrackPointExtension>
        </extensions>
      </trkpt>
      <trkpt lat="22.544922758134074" lon="114.0910335577099">
        <ele>10.123680506832898</ele>
        <time>1970-01-01T00:09:17.300000Z</time>
        <extensions>
          <gpxtpx:TrackPointExtension>
            <gpxtpx:hr>144</gpxtpx:hr>
          </gpxtpx:TrackPointExtension>
        </extensions>
      </trkpt>
      <trkpt lat="22.544946108783464" lon="114.09103207390831">
        <ele>9.96742097940296</ele>
        <time>1970-01-01T00:09:18.300000Z</time>
        <extensions>
          <gpxtpx:TrackPointExtension>
            <gpxtpx:hr>144</gpxtpx:hr>
          </gpxtpx:TrackPointExtension>
        </extensions>
      </trkpt>
      <trkpt lat="22.544969838457035" lon="114.09103007128063">
        <ele>9.843794064596295</ele>
        <time>1970-01-01T00:09:19.300000Z</time>
        <extensions>
          <gpxtpx:TrackPointExtension>
            <gpxtpx:hr>144</gpxtpx:hr>
          </gpxtpx:TrackPointExtension>
        </extensions>
      </trkpt>
      <trkpt lat="22.544994834187545" lon="114.09102787215228">
        <ele>9.735521275550127</ele>
        <time>1970-01-01T00:09:20.300000Z</time>
        <extensions>
          <gpxtpx:TrackPointExtension>
            <gpxtpx:hr>144</gpxtpx:hr>
          </gpxtpx:TrackPointExtension>
        </extensions>
      </trkpt>
      <trkpt lat="22.545020942205095" lon="114.0910256279956">
        <ele>9.67221684101969</ele>
        <time>1970-01-01T00:09:21.300000Z</time>
        <extensions>
          <gpxtpx:TrackPointExtension>
            <gpxtpx:hr>144</gpxtpx:hr>
          </gpxtpx:TrackPointExtension>
        </extensions>
      </trkpt>
      <trkpt lat="22.54504713964931" lon="114.09102324211642">
        <ele>9.65890041552484</ele>
        <time>1970-01-01T00:09:22.300000Z</time>
        <extensions>
          <gpxtpx:TrackPointExtension>
            <gpxtpx:hr>144</gpxtpx:hr>
          </gpxtpx:TrackPointExtension>
        </extensions>
      </trkpt>
      <trkpt lat="22.545072652860632" lon="114.09102042401246">
        <ele>9.672627622261643</ele>
        <time>1970-01-01T00:09:23.300000Z</time>
        <extensions>
          <gpxtpx:TrackPointExtension>
            <gpxtpx:hr>145</gpxtpx:hr>
          </gpxtpx:TrackPointExtension>
        </extensions>
      </trkpt>
      <trkpt lat="22.545097118997834" lon="114.09101732990766">
        <ele>9.69235514011234</ele>
        <time>1970-01-01T00:09:24.300000Z</time>
        <extensions>
          <gpxtpx:TrackPointExtension>
            <gpxtpx:hr>145</gpxtpx:hr>
          </gpxtpx:TrackPointExtension>
        </extensions>
      </trkpt>
      <trkpt lat="22.545121763489284" lon="114.09101492585494">
        <ele>9.681573879905045</ele>
        <time>1970-01-01T00:09:25.300000Z</time>
        <extensions>
          <gpxtpx:TrackPointExtension>
            <gpxtpx:hr>145</gpxtpx:hr>
          </gpxtpx:TrackPointExtension>
        </extensions>
      </trkpt>
      <trkpt lat="22.54514794138977" lon="114.09101423290046">
        <ele>9.641949016600847</ele>
        <time>1970-01-01T00:09:26.300000Z</time>
        <extensions>
          <gpxtpx:TrackPointExtension>
            <gpxtpx:hr>145</gpxtpx:hr>
          </gpxtpx:TrackPointExtension>
        </extensions>
      </trkpt>
      <trkpt lat="22.545174618550508" lon="114.0910157818754">
        <ele>9.614811363629997</ele>
        <time>1970-01-01T00:09:27.300000Z</time>
        <extensions>
          <gpxtpx:TrackPointExtension>
            <gpxtpx:hr>145</gpxtpx:hr>
          </gpxtpx:TrackPointExtension>
        </extensions>
      </trkpt>
      <trkpt lat="22.545200548234885" lon="114.09101859810703">
        <ele>9.581189081072807</ele>
        <time>1970-01-01T00:09:28.300000Z</time>
        <extensions>
          <gpxtpx:TrackPointExtension>
            <gpxtpx:hr>145</gpxtpx:hr>
          </gpxtpx:TrackPointExtension>
        </extensions>
      </trkpt>
      <trkpt lat="22.545225055480834" lon="114.09102094696222">
        <ele>9.546041553840041</ele>
        <time>1970-01-01T00:09:29.300000Z</time>
        <extensions>
          <gpxtpx:TrackPointExtension>
            <gpxtpx:hr>145</gpxtpx:hr>
          </gpxtpx:TrackPointExtension>
        </extensions>
      </trkpt>
      <trkpt lat="22.545249151014545" lon="114.09102234373195">
        <ele>9.512046948075294</ele>
        <time>1970-01-01T00:09:30.300000Z</time>
        <extensions>
          <gpxtpx:TrackPointExtension>
            <gpxtpx:hr>145</gpxtpx:hr>
          </gpxtpx:TrackPointExtension>
        </extensions>
      </trkpt>
      <trkpt lat="22.54527455498862" lon="114.09102249604383">
        <ele>9.44884298555553</ele>
        <time>1970-01-01T00:09:31.300000Z</time>
        <extensions>
          <gpxtpx:TrackPointExtension>
            <gpxtpx:hr>145</gpxtpx:hr>
          </gpxtpx:TrackPointExtension>
        </extensions>
      </trkpt>
      <trkpt lat="22.54530090667396" lon="114.09102150292357">
        <ele>9.346855148673058</ele>
        <time>1970-01-01T00:09:32.300000Z</time>
        <extensions>
          <gpxtpx:TrackPointExtension>
            <gpxtpx:hr>145</gpxtpx:hr>
          </gpxtpx:TrackPointExtension>
        </extensions>
      </trkpt>
      <trkpt lat="22.545327285953196" lon="114.09102022686514">
        <ele>9.283580626361072</ele>
        <time>1970-01-01T00:09:33.300000Z</time>
        <extensions>
          <gpxtpx:TrackPointExtension>
            <gpxtpx:hr>145</gpxtpx:hr>
          </gpxtpx:TrackPointExtension>
        </extensions>
      </trkpt>
      <trkpt lat="22.54535345965101" lon="114.09101868416235">
        <ele>9.215345894917846</ele>
        <time>1970-01-01T00:09:34.300000Z</time>
        <extensions>
          <gpxtpx:TrackPointExtension>
            <gpxtpx:hr>145</gpxtpx:hr>
          </gpxtpx:TrackPointExtension>
        </extensions>
      </trkpt>
      <trkpt lat="22.545379246545274" lon="114.09101636944516">
        <ele>9.165525049902499</ele>
        <time>1970-01-01T00:09:35.300000Z</time>
        <extensions>
          <gpxtpx:TrackPointExtension>
            <gpxtpx:hr>145</gpxtpx:hr>
          </gpxtpx:TrackPointExtension>
        </extensions>
      </trkpt>
      <trkpt lat="22.54540478819012" lon="114.09101350732676">
        <ele>9.133138152770698</ele>
        <time>1970-01-01T00:09:36.300000Z</time>
        <extensions>
          <gpxtpx:TrackPointExtension>
            <gpxtpx:hr>145</gpxtpx:hr>
          </gpxtpx:TrackPointExtension>
        </extensions>
      </trkpt>
      <trkpt lat="22.545430511672194" lon="114.09101114889813">
        <ele>9.098986967466772</ele>
        <time>1970-01-01T00:09:37.300000Z</time>
        <extensions>
          <gpxtpx:TrackPointExtension>
            <gpxtpx:hr>145</gpxtpx:hr>
          </gpxtpx:TrackPointExtension>
        </extensions>
      </trkpt>
      <trkpt lat="22.54545613463494" lon="114.09100974012466">
        <ele>9.092935582622886</ele>
        <time>1970-01-01T00:09:38.300000Z</time>
        <extensions>
          <gpxtpx:TrackPointExtension>
            <gpxtpx:hr>145</gpxtpx:hr>
          </gpxtpx:TrackPointExtension>
        </extensions>
      </trkpt>
      <trkpt lat="22.5454811450641" lon="114.09100903044394">
        <ele>9.092093100771308</ele>
        <time>1970-01-01T00:09:39.300000Z</time>
        <extensions>
          <gpxtpx:TrackPointExtension>
            <gpxtpx:hr>145</gpxtpx:hr>
          </gpxtpx:TrackPointExtension>
        </extensions>
      </trkpt>
      <trkpt lat="22.545505356887055" lon="114.09100788452048">
        <ele>9.122543316334486</ele>
        <time>1970-01-01T00:09:40.300000Z</time>
        <extensions>
          <gpxtpx:TrackPointExtension>
            <gpxtpx:hr>145</gpxtpx:hr>
          </gpxtpx:TrackPointExtension>
        </extensions>
      </trkpt>
      <trkpt lat="22.54552796501094" lon="114.09100527304972">
        <ele>9.21879199333489</ele>
        <time>1970-01-01T00:09:41.300000Z</time>
        <extensions>
          <gpxtpx:TrackPointExtension>
            <gpxtpx:hr>145</gpxtpx:hr>
          </gpxtpx:TrackPointExtension>
        </extensions>
      </trkpt>
      <trkpt lat="22.54554918463807" lon="114.09100230557361">
        <ele>9.364111939445138</ele>
        <time>1970-01-01T00:09:42.300000Z</time>
        <extensions>
          <gpxtpx:TrackPointExtension>
            <gpxtpx:hr>145</gpxtpx:hr>
          </gpxtpx:TrackPointExtension>
        </extensions>
      </trkpt>
      <trkpt lat="22.545570339576994" lon="114.09100030170433">
        <ele>9.536898630671203</ele>
        <time>1970-01-01T00:09:43.300000Z</time>
        <extensions>
          <gpxtpx:TrackPointExtension>
            <gpxtpx:hr>145</gpxtpx:hr>
          </gpxtpx:TrackPointExtension>
        </extensions>
      </trkpt>
      <trkpt lat="22.545592139028038" lon="114.09099887680024">
        <ele>9.724839868023992</ele>
        <time>1970-01-01T00:09:44.300000Z</time>
        <extensions>
          <gpxtpx:TrackPointExtension>
            <gpxtpx:hr>145</gpxtpx:hr>
          </gpxtpx:TrackPointExtension>
        </extensions>
      </trkpt>
      <trkpt lat="22.54561421028573" lon="114.09099709496964">
        <ele>9.957487936131656</ele>
        <time>1970-01-01T00:09:45.300000Z</time>
        <extensions>
          <gpxtpx:TrackPointExtension>
            <gpxtpx:hr>145</gpxtpx:hr>
          </gpxtpx:TrackPointExtension>
        </extensions>
      </trkpt>
      <trkpt lat="22.545635779720097" lon="114.09099515249042">
        <ele>10.194528424181044</ele>
        <time>1970-01-01T00:09:46.300000Z</time>
        <extensions>
          <gpxtpx:TrackPointExtension>
            <gpxtpx:hr>145</gpxtpx:hr>
          </gpxtpx:TrackPointExtension>
        </extensions>
      </trkpt>
      <trkpt lat="22.545656646331572" lon="114.09099427618992">
        <ele>10.473410869948566</ele>
        <time>1970-01-01T00:09:47.300000Z</time>
        <extensions>
          <gpxtpx:TrackPointExtension>
            <gpxtpx:hr>145</gpxtpx:hr>
          </gpxtpx:TrackPointExtension>
        </extensions>
      </trkpt>
      <trkpt lat="22.545677846992767" lon="114.09099637652773">
        <ele>10.77305546309799</ele>
        <time>1970-01-01T00:09:48.300000Z</time>
        <extensions>
          <gpxtpx:TrackPointExtension>
            <gpxtpx:hr>144</gpxtpx:hr>
          </gpxtpx:TrackPointExtension>
        </extensions>
      </trkpt>
      <trkpt lat="22.54570032662097" lon="114.09100230894484">
        <ele>11.032258768565953</ele>
        <time>1970-01-01T00:09:49.300000Z</time>
        <extensions>
          <gpxtpx:TrackPointExtension>
            <gpxtpx:hr>144</gpxtpx:hr>
          </gpxtpx:TrackPointExtension>
        </extensions>
      </trkpt>
      <trkpt lat="22.545724231327025" lon="114.0910088173671">
        <ele>11.33107737544924</ele>
        <time>1970-01-01T00:09:50.300000Z</time>
        <extensions>
          <gpxtpx:TrackPointExtension>
            <gpxtpx:hr>144</gpxtpx:hr>
          </gpxtpx:TrackPointExtension>
        </extensions>
      </trkpt>
      <trkpt lat="22.54574955459576" lon="114.09101268672919">
        <ele>11.611206725239754</ele>
        <time>1970-01-01T00:09:51.300000Z</time>
        <extensions>
          <gpxtpx:TrackPointExtension>
            <gpxtpx:hr>144</gpxtpx:hr>
          </gpxtpx:TrackPointExtension>
        </extensions>
      </trkpt>
      <trkpt lat="22.5457751945887" lon="114.09101401178066">
        <ele>11.873889174312353</ele>
        <time>1970-01-01T00:09:52.300000Z</time>
        <extensions>
          <gpxtpx:TrackPointExtension>
            <gpxtpx:hr>144</gpxtpx:hr>
          </gpxtpx:TrackPointExtension>
        </extensions>
      </trkpt>
      <trkpt lat="22.54580031182971" lon="114.09101373406541">
        <ele>12.158587608486414</ele>
        <time>1970-01-01T00:09:53.300000Z</time>
        <extensions>
          <gpxtpx:TrackPointExtension>
            <gpxtpx:hr>144</gpxtpx:hr>
          </gpxtpx:TrackPointExtension>
        </extensions>
      </trkpt>
      <trkpt lat="22.545824931595448" lon="114.09101357999212">
        <ele>12.412899449467659</ele>
        <time>1970-01-01T00:09:54.300000Z</time>
        <extensions>
          <gpxtpx:TrackPointExtension>
            <gpxtpx:hr>144</gpxtpx:hr>
          </gpxtpx:TrackPointExtension>
        </extensions>
      </trkpt>
      <trkpt lat="22.545848759818217" lon="114.09101505624123">
        <ele>12.639357092790306</ele>
        <time>1970-01-01T00:09:55.300000Z</time>
        <extensions>
          <gpxtpx:TrackPointExtension>
            <gpxtpx:hr>144</gpxtpx:hr>
          </gpxtpx:TrackPointExtension>
        </extensions>
      </trkpt>
      <trkpt lat="22.545873251303753" lon="114.09101831053138">
        <ele>12.857679998502135</ele>
        <time>1970-01-01T00:09:56.300000Z</time>
        <extensions>
          <gpxtpx:TrackPointExtension>
            <gpxtpx:hr>144</gpxtpx:hr>
          </gpxtpx:TrackPointExtension>
        </extensions>
      </trkpt>
      <trkpt lat="22.545898962964348" lon="114.0910225729084">
        <ele>13.016463782638311</ele>
        <time>1970-01-01T00:09:57.300000Z</time>
        <extensions>
          <gpxtpx:TrackPointExtension>
            <gpxtpx:hr>144</gpxtpx:hr>
          </gpxtpx:TrackPointExtension>
        </extensions>
      </trkpt>
      <trkpt lat="22.545923233523173" lon="114.09102562628935">
        <ele>13.166971072554588</ele>
        <time>1970-01-01T00:09:58.300000Z</time>
        <extensions>
          <gpxtpx:TrackPointExtension>
            <gpxtpx:hr>144</gpxtpx:hr>
          </gpxtpx:TrackPointExtension>
        </extensions>
      </trkpt>
      <trkpt lat="22.545944912515484" lon="114.09102594713433">
        <ele>13.29861605167389</ele>
        <time>1970-01-01T00:09:59.300000Z</time>
        <extensions>
          <gpxtpx:TrackPointExtension>
            <gpxtpx:hr>144</gpxtpx:hr>
          </gpxtpx:TrackPointExtension>
        </extensions>
      </trkpt>
      <trkpt lat="22.545966798679533" lon="114.09102522850988">
        <ele>13.370079741813242</ele>
        <time>1970-01-01T00:10:00.300000Z</time>
        <extensions>
          <gpxtpx:TrackPointExtension>
            <gpxtpx:hr>144</gpxtpx:hr>
          </gpxtpx:TrackPointExtension>
        </extensions>
      </trkpt>
      <trkpt lat="22.545991113779017" lon="114.09102520021051">
        <ele>13.423138937912881</ele>
        <time>1970-01-01T00:10:01.300000Z</time>
        <extensions>
          <gpxtpx:TrackPointExtension>
            <gpxtpx:hr>144</gpxtpx:hr>
          </gpxtpx:TrackPointExtension>
        </extensions>
      </trkpt>
      <trkpt lat="22.5460171580513" lon="114.0910260228088">
        <ele>13.43870760500431</ele>
        <time>1970-01-01T00:10:02.300000Z</time>
        <extensions>
          <gpxtpx:TrackPointExtension>
            <gpxtpx:hr>144</gpxtpx:hr>
          </gpxtpx:TrackPointExtension>
        </extensions>
      </trkpt>
      <trkpt lat="22.546043476350466" lon="114.09102723910779">
        <ele>13.408153921365738</ele>
        <time>1970-01-01T00:10:03.300000Z</time>
        <extensions>
          <gpxtpx:TrackPointExtension>
            <gpxtpx:hr>144</gpxtpx:hr>
          </gpxtpx:TrackPointExtension>
        </extensions>
      </trkpt>
      <trkpt lat="22.546068836822187" lon="114.09102828596698">
        <ele>13.351684518158436</ele>
        <time>1970-01-01T00:10:04.300000Z</time>
        <extensions>
          <gpxtpx:TrackPointExtension>
            <gpxtpx:hr>144</gpxtpx:hr>
          </gpxtpx:TrackPointExtension>
        </extensions>
      </trkpt>
      <trkpt lat="22.54609297195188" lon="114.09102869590953">
        <ele>13.254974544979632</ele>
        <time>1970-01-01T00:10:05.300000Z</time>
        <extensions>
          <gpxtpx:TrackPointExtension>
            <gpxtpx:hr>144</gpxtpx:hr>
          </gpxtpx:TrackPointExtension>
        </extensions>
      </trkpt>
      <trkpt lat="22.546116318463355" lon="114.09102760026764">
        <ele>13.11876238975674</ele>
        <time>1970-01-01T00:10:06.300000Z</time>
        <extensions>
          <gpxtpx:TrackPointExtension>
            <gpxtpx:hr>144</gpxtpx:hr>
          </gpxtpx:TrackPointExtension>
        </extensions>
      </trkpt>
      <trkpt lat="22.54613917350664" lon="114.09102321326694">
        <ele>12.968087780289352</ele>
        <time>1970-01-01T00:10:07.300000Z</time>
        <extensions>
          <gpxtpx:TrackPointExtension>
            <gpxtpx:hr>144</gpxtpx:hr>
          </gpxtpx:TrackPointExtension>
        </extensions>
      </trkpt>
      <trkpt lat="22.54616194280661" lon="114.09101543860262">
        <ele>12.776017185300589</ele>
        <time>1970-01-01T00:10:08.300000Z</time>
        <extensions>
          <gpxtpx:TrackPointExtension>
            <gpxtpx:hr>144</gpxtpx:hr>
          </gpxtpx:TrackPointExtension>
        </extensions>
      </trkpt>
      <trkpt lat="22.546184304796814" lon="114.09100656695101">
        <ele>12.54360883217305</ele>
        <time>1970-01-01T00:10:09.300000Z</time>
        <extensions>
          <gpxtpx:TrackPointExtension>
            <gpxtpx:hr>146</gpxtpx:hr>
          </gpxtpx:TrackPointExtension>
        </extensions>
      </trkpt>
      <trkpt lat="22.54620666915954" lon="114.09099757028653">
        <ele>12.278578866273165</ele>
        <time>1970-01-01T00:10:10.300000Z</time>
        <extensions>
          <gpxtpx:TrackPointExtension>
            <gpxtpx:hr>146</gpxtpx:hr>
          </gpxtpx:TrackPointExtension>
        </extensions>
      </trkpt>
      <trkpt lat="22.546230776601153" lon="114.09098827330112">
        <ele>11.997428649105132</ele>
        <time>1970-01-01T00:10:11.300000Z</time>
        <extensions>
          <gpxtpx:TrackPointExtension>
            <gpxtpx:hr>146</gpxtpx:hr>
          </gpxtpx:TrackPointExtension>
        </extensions>
      </trkpt>
      <trkpt lat="22.54625657520325" lon="114.09097908966487">
        <ele>11.700721950270236</ele>
        <time>1970-01-01T00:10:12.300000Z</time>
        <extensions>
          <gpxtpx:TrackPointExtension>
            <gpxtpx:hr>146</gpxtpx:hr>
          </gpxtpx:TrackPointExtension>
        </extensions>
      </trkpt>
      <trkpt lat="22.54628241497102" lon="114.0909701038926">
        <ele>11.396032568067312</ele>
        <time>1970-01-01T00:10:13.300000Z</time>
        <extensions>
          <gpxtpx:TrackPointExtension>
            <gpxtpx:hr>146</gpxtpx:hr>
          </gpxtpx:TrackPointExtension>
        </extensions>
      </trkpt>
      <trkpt lat="22.546307843696866" lon="114.09096192452785">
        <ele>11.090985857881606</ele>
        <time>1970-01-01T00:10:14.300000Z</time>
        <extensions>
          <gpxtpx:TrackPointExtension>
            <gpxtpx:hr>146</gpxtpx:hr>
          </gpxtpx:TrackPointExtension>
        </extensions>
      </trkpt>
      <trkpt lat="22.546333686436437" lon="114.09095545325462">
        <ele>10.792524388991296</ele>
        <time>1970-01-01T00:10:15.300000Z</time>
        <extensions>
          <gpxtpx:TrackPointExtension>
            <gpxtpx:hr>146</gpxtpx:hr>
          </gpxtpx:TrackPointExtension>
        </extensions>
      </trkpt>
      <trkpt lat="22.546360865282484" lon="114.09095068715001">
        <ele>10.515315666794777</ele>
        <time>1970-01-01T00:10:16.300000Z</time>
        <extensions>
          <gpxtpx:TrackPointExtension>
            <gpxtpx:hr>146</gpxtpx:hr>
          </gpxtpx:TrackPointExtension>
        </extensions>
      </trkpt>
      <trkpt lat="22.546389047928155" lon="114.09094716894789">
        <ele>10.249839347787201</ele>
        <time>1970-01-01T00:10:17.300000Z</time>
        <extensions>
          <gpxtpx:TrackPointExtension>
            <gpxtpx:hr>146</gpxtpx:hr>
          </gpxtpx:TrackPointExtension>
        </extensions>
      </trkpt>
      <trkpt lat="22.546416906195457" lon="114.09094426329379">
        <ele>10.020193492993712</ele>
        <time>1970-01-01T00:10:18.300000Z</time>
        <extensions>
          <gpxtpx:TrackPointExtension>
            <gpxtpx:hr>146</gpxtpx:hr>
          </gpxtpx:TrackPointExtension>
        </extensions>
      </trkpt>
      <trkpt lat="22.54644365880004" lon="114.09094162558954">
        <ele>9.788436967879534</ele>
        <time>1970-01-01T00:10:19.300000Z</time>
        <extensions>
          <gpxtpx:TrackPointExtension>
            <gpxtpx:hr>146</gpxtpx:hr>
          </gpxtpx:TrackPointExtension>
        </extensions>
      </trkpt>
      <trkpt lat="22.546469353906378" lon="114.0909396622975">
        <ele>9.584153377451003</ele>
        <time>1970-01-01T00:10:20.300000Z</time>
        <extensions>
          <gpxtpx:TrackPointExtension>
            <gpxtpx:hr>146</gpxtpx:hr>
          </gpxtpx:TrackPointExtension>
        </extensions>
      </trkpt>
      <trkpt lat="22.546494852190015" lon="114.0909380392921">
        <ele>9.423638136126101</ele>
        <time>1970-01-01T00:10:21.300000Z</time>
        <extensions>
          <gpxtpx:TrackPointExtension>
            <gpxtpx:hr>146</gpxtpx:hr>
          </gpxtpx:TrackPointExtension>
        </extensions>
      </trkpt>
      <trkpt lat="22.54652078408083" lon="114.0909365413416">
        <ele>9.321853050030768</ele>
        <time>1970-01-01T00:10:22.300000Z</time>
        <extensions>
          <gpxtpx:TrackPointExtension>
            <gpxtpx:hr>146</gpxtpx:hr>
          </gpxtpx:TrackPointExtension>
        </extensions>
      </trkpt>
      <trkpt lat="22.546546061298738" lon="114.090935447173">
        <ele>9.288221526890993</ele>
        <time>1970-01-01T00:10:23.300000Z</time>
        <extensions>
          <gpxtpx:TrackPointExtension>
            <gpxtpx:hr>146</gpxtpx:hr>
          </gpxtpx:TrackPointExtension>
        </extensions>
      </trkpt>
      <trkpt lat="22.546569571180406" lon="114.09093484660922">
        <ele>9.307998990640044</ele>
        <time>1970-01-01T00:10:24.300000Z</time>
        <extensions>
          <gpxtpx:TrackPointExtension>
            <gpxtpx:hr>146</gpxtpx:hr>
          </gpxtpx:TrackPointExtension>
        </extensions>
      </trkpt>
      <trkpt lat="22.546591509623543" lon="114.09093493846666">
        <ele>9.378336295485497</ele>
        <time>1970-01-01T00:10:25.300000Z</time>
        <extensions>
          <gpxtpx:TrackPointExtension>
            <gpxtpx:hr>146</gpxtpx:hr>
          </gpxtpx:TrackPointExtension>
        </extensions>
      </trkpt>
      <trkpt lat="22.54661284794148" lon="114.09093580639605">
        <ele>9.497065918520093</ele>
        <time>1970-01-01T00:10:26.300000Z</time>
        <extensions>
          <gpxtpx:TrackPointExtension>
            <gpxtpx:hr>146</gpxtpx:hr>
          </gpxtpx:TrackPointExtension>
        </extensions>
      </trkpt>
      <trkpt lat="22.546634980637897" lon="114.09093668562704">
        <ele>9.655628453940153</ele>
        <time>1970-01-01T00:10:27.300000Z</time>
        <extensions>
          <gpxtpx:TrackPointExtension>
            <gpxtpx:hr>146</gpxtpx:hr>
          </gpxtpx:TrackPointExtension>
        </extensions>
      </trkpt>
      <trkpt lat="22.546657405788093" lon="114.09093779653595">
        <ele>9.889567879028618</ele>
        <time>1970-01-01T00:10:28.300000Z</time>
        <extensions>
          <gpxtpx:TrackPointExtension>
            <gpxtpx:hr>146</gpxtpx:hr>
          </gpxtpx:TrackPointExtension>
        </extensions>
      </trkpt>
      <trkpt lat="22.54667945365812" lon="114.09093971704583">
        <ele>10.162838095799088</ele>
        <time>1970-01-01T00:10:29.300000Z</time>
        <extensions>
          <gpxtpx:TrackPointExtension>
            <gpxtpx:hr>146</gpxtpx:hr>
          </gpxtpx:TrackPointExtension>
        </extensions>
      </trkpt>
      <trkpt lat="22.54670155265631" lon="114.09094324261798">
        <ele>10.504658468067646</ele>
        <time>1970-01-01T00:10:30.300000Z</time>
        <extensions>
          <gpxtpx:TrackPointExtension>
            <gpxtpx:hr>146</gpxtpx:hr>
          </gpxtpx:TrackPointExtension>
        </extensions>
      </trkpt>
      <trkpt lat="22.546724574792506" lon="114.09094846027232">
        <ele>10.897187848575413</ele>
        <time>1970-01-01T00:10:31.300000Z</time>
        <extensions>
          <gpxtpx:TrackPointExtension>
            <gpxtpx:hr>146</gpxtpx:hr>
          </gpxtpx:TrackPointExtension>
        </extensions>
      </trkpt>
      <trkpt lat="22.54674889248687" lon="114.0909537355865">
        <ele>11.307584793306887</ele>
        <time>1970-01-01T00:10:32.300000Z</time>
        <extensions>
          <gpxtpx:TrackPointExtension>
            <gpxtpx:hr>146</gpxtpx:hr>
          </gpxtpx:TrackPointExtension>
        </extensions>
      </trkpt>
      <trkpt lat="22.54677429671722" lon="114.09095760782836">
        <ele>11.727233769372106</ele>
        <time>1970-01-01T00:10:33.300000Z</time>
        <extensions>
          <gpxtpx:TrackPointExtension>
            <gpxtpx:hr>147</gpxtpx:hr>
          </gpxtpx:TrackPointExtension>
        </extensions>
      </trkpt>
      <trkpt lat="22.546800366988528" lon="114.09096041682588">
        <ele>12.178901702165604</ele>
        <time>1970-01-01T00:10:34.300000Z</time>
        <extensions>
          <gpxtpx:TrackPointExtension>
            <gpxtpx:hr>147</gpxtpx:hr>
          </gpxtpx:TrackPointExtension>
        </extensions>
      </trkpt>
      <trkpt lat="22.546826308747196" lon="114.09096306763159">
        <ele>12.647115991450846</ele>
        <time>1970-01-01T00:10:35.300000Z</time>
        <extensions>
          <gpxtpx:TrackPointExtension>
            <gpxtpx:hr>147</gpxtpx:hr>
          </gpxtpx:TrackPointExtension>
        </extensions>
      </trkpt>
      <trkpt lat="22.54685177177127" lon="114.09096587486458">
        <ele>13.103460819460452</ele>
        <time>1970-01-01T00:10:36.300000Z</time>
        <extensions>
          <gpxtpx:TrackPointExtension>
            <gpxtpx:hr>147</gpxtpx:hr>
          </gpxtpx:TrackPointExtension>
        </extensions>
      </trkpt>
      <trkpt lat="22.546876600893388" lon="114.09096836486438">
        <ele>13.564413400366902</ele>
        <time>1970-01-01T00:10:37.300000Z</time>
        <extensions>
          <gpxtpx:TrackPointExtension>
            <gpxtpx:hr>147</gpxtpx:hr>
          </gpxtpx:TrackPointExtension>
        </extensions>
      </trkpt>
      <trkpt lat="22.546900335308433" lon="114.09097001455747">
        <ele>14.038091905415058</ele>
        <time>1970-01-01T00:10:38.300000Z</time>
        <extensions>
          <gpxtpx:TrackPointExtension>
            <gpxtpx:hr>147</gpxtpx:hr>
          </gpxtpx:TrackPointExtension>
        </extensions>
      </trkpt>
      <trkpt lat="22.546922134240443" lon="114.09097024159277">
        <ele>14.478571216575801</ele>
        <time>1970-01-01T00:10:39.300000Z</time>
        <extensions>
          <gpxtpx:TrackPointExtension>
            <gpxtpx:hr>147</gpxtpx:hr>
          </gpxtpx:TrackPointExtension>
        </extensions>
      </trkpt>
      <trkpt lat="22.5469412858511" lon="114.09096860384385">
        <ele>14.847044262103736</ele>
        <time>1970-01-01T00:10:40.300000Z</time>
        <extensions>
          <gpxtpx:TrackPointExtension>
            <gpxtpx:hr>147</gpxtpx:hr>
          </gpxtpx:TrackPointExtension>
        </extensions>
      </trkpt>
      <trkpt lat="22.546957610701345" lon="114.09096540048085">
        <ele>15.190537023358047</ele>
        <time>1970-01-01T00:10:41.300000Z</time>
        <extensions>
          <gpxtpx:TrackPointExtension>
            <gpxtpx:hr>147</gpxtpx:hr>
          </gpxtpx:TrackPointExtension>
        </extensions>
      </trkpt>
      <trkpt lat="22.546970290653825" lon="114.090961212974">
        <ele>15.492277849465609</ele>
        <time>1970-01-01T00:10:42.300000Z</time>
        <extensions>
          <gpxtpx:TrackPointExtension>
            <gpxtpx:hr>146</gpxtpx:hr>
          </gpxtpx:TrackPointExtension>
        </extensions>
      </trkpt>
      <trkpt lat="22.546978075827933" lon="114.0909571983298">
        <ele>15.775447660125792</ele>
        <time>1970-01-01T00:10:43.300000Z</time>
        <extensions>
          <gpxtpx:TrackPointExtension>
            <gpxtpx:hr>146</gpxtpx:hr>
          </gpxtpx:TrackPointExtension>
        </extensions>
      </trkpt>
      <trkpt lat="22.546984987366432" lon="114.09095323359386">
        <ele>16.019506533630192</ele>
        <time>1970-01-01T00:10:44.300000Z</time>
        <extensions>
          <gpxtpx:TrackPointExtension>
            <gpxtpx:hr>146</gpxtpx:hr>
          </gpxtpx:TrackPointExtension>
        </extensions>
      </trkpt>
      <trkpt lat="22.546996437092915" lon="114.09094849747905">
        <ele>16.223815872333944</ele>
        <time>1970-01-01T00:10:45.300000Z</time>
        <extensions>
          <gpxtpx:TrackPointExtension>
            <gpxtpx:hr>146</gpxtpx:hr>
          </gpxtpx:TrackPointExtension>
        </extensions>
      </trkpt>
      <trkpt lat="22.547014556841958" lon="114.0909432644536">
        <ele>16.390831706114113</ele>
        <time>1970-01-01T00:10:46.300000Z</time>
        <extensions>
          <gpxtpx:TrackPointExtension>
            <gpxtpx:hr>146</gpxtpx:hr>
          </gpxtpx:TrackPointExtension>
        </extensions>
      </trkpt>
      <trkpt lat="22.547038482648606" lon="114.09093929918005">
        <ele>16.52561125997454</ele>
        <time>1970-01-01T00:10:47.300000Z</time>
        <extensions>
          <gpxtpx:TrackPointExtension>
            <gpxtpx:hr>144</gpxtpx:hr>
          </gpxtpx:TrackPointExtension>
        </extensions>
      </trkpt>
      <trkpt lat="22.547063511481557" lon="114.09093845114485">
        <ele>16.624221361242235</ele>
        <time>1970-01-01T00:10:48.300000Z</time>
        <extensions>
          <gpxtpx:TrackPointExtension>
            <gpxtpx:hr>144</gpxtpx:hr>
          </gpxtpx:TrackPointExtension>
        </extensions>
      </trkpt>
      <trkpt lat="22.547083468286274" lon="114.09094072283196">
        <ele>16.73653456196189</ele>
        <time>1970-01-01T00:10:49.300000Z</time>
        <extensions>
          <gpxtpx:TrackPointExtension>
            <gpxtpx:hr>144</gpxtpx:hr>
          </gpxtpx:TrackPointExtension>
        </extensions>
      </trkpt>
      <trkpt lat="22.54709663364846" lon="114.09094295191755">
        <ele>16.819127783179283</ele>
        <time>1970-01-01T00:10:50.300000Z</time>
        <extensions>
          <gpxtpx:TrackPointExtension>
            <gpxtpx:hr>144</gpxtpx:hr>
          </gpxtpx:TrackPointExtension>
        </extensions>
      </trkpt>
      <trkpt lat="22.547110667839675" lon="114.09094369249068">
        <ele>16.877029054798186</ele>
        <time>1970-01-01T00:10:51.300000Z</time>
        <extensions>
          <gpxtpx:TrackPointExtension>
            <gpxtpx:hr>144</gpxtpx:hr>
          </gpxtpx:TrackPointExtension>
        </extensions>
      </trkpt>
      <trkpt lat="22.547130900825064" lon="114.09094212004129">
        <ele>16.968707158230245</ele>
        <time>1970-01-01T00:10:52.300000Z</time>
        <extensions>
          <gpxtpx:TrackPointExtension>
            <gpxtpx:hr>144</gpxtpx:hr>
          </gpxtpx:TrackPointExtension>
        </extensions>
      </trkpt>
      <trkpt lat="22.547155523532222" lon="114.09093815715676">
        <ele>17.053743141703308</ele>
        <time>1970-01-01T00:10:53.300000Z</time>
        <extensions>
          <gpxtpx:TrackPointExtension>
            <gpxtpx:hr>143</gpxtpx:hr>
          </gpxtpx:TrackPointExtension>
        </extensions>
      </trkpt>
      <trkpt lat="22.54718145353797" lon="114.09093534406657">
        <ele>17.166171114891768</ele>
        <time>1970-01-01T00:10:54.300000Z</time>
        <extensions>
          <gpxtpx:TrackPointExtension>
            <gpxtpx:hr>143</gpxtpx:hr>
          </gpxtpx:TrackPointExtension>
        </extensions>
      </trkpt>
      <trkpt lat="22.547206183218428" lon="114.09093411067514">
        <ele>17.292399745434523</ele>
        <time>1970-01-01T00:10:55.300000Z</time>
        <extensions>
          <gpxtpx:TrackPointExtension>
            <gpxtpx:hr>143</gpxtpx:hr>
          </gpxtpx:TrackPointExtension>
        </extensions>
      </trkpt>
      <trkpt lat="22.547229474540917" lon="114.09093306121342">
        <ele>17.40996990352869</ele>
        <time>1970-01-01T00:10:56.300000Z</time>
        <extensions>
          <gpxtpx:TrackPointExtension>
            <gpxtpx:hr>143</gpxtpx:hr>
          </gpxtpx:TrackPointExtension>
        </extensions>
      </trkpt>
      <trkpt lat="22.547252163840128" lon="114.09093196331307">
        <ele>17.559949747286737</ele>
        <time>1970-01-01T00:10:57.300000Z</time>
        <extensions>
          <gpxtpx:TrackPointExtension>
            <gpxtpx:hr>143</gpxtpx:hr>
          </gpxtpx:TrackPointExtension>
        </extensions>
      </trkpt>
      <trkpt lat="22.54727570405408" lon="114.09093040669119">
        <ele>17.72020560875535</ele>
        <time>1970-01-01T00:10:58.300000Z</time>
        <extensions>
          <gpxtpx:TrackPointExtension>
            <gpxtpx:hr>143</gpxtpx:hr>
          </gpxtpx:TrackPointExtension>
        </extensions>
      </trkpt>
      <trkpt lat="22.547301237042348" lon="114.09092872970062">
        <ele>17.925141154788435</ele>
        <time>1970-01-01T00:10:59.300000Z</time>
        <extensions>
          <gpxtpx:TrackPointExtension>
            <gpxtpx:hr>141</gpxtpx:hr>
          </gpxtpx:TrackPointExtension>
        </extensions>
      </trkpt>
      <trkpt lat="22.547327302401296" lon="114.09092942540912">
        <ele>18.09661935083568</ele>
        <time>1970-01-01T00:11:00.300000Z</time>
        <extensions>
          <gpxtpx:TrackPointExtension>
            <gpxtpx:hr>141</gpxtpx:hr>
          </gpxtpx:TrackPointExtension>
        </extensions>
      </trkpt>
      <trkpt lat="22.547351561673292" lon="114.09093406708227">
        <ele>18.271230488084257</ele>
        <time>1970-01-01T00:11:01.300000Z</time>
        <extensions>
          <gpxtpx:TrackPointExtension>
            <gpxtpx:hr>141</gpxtpx:hr>
          </gpxtpx:TrackPointExtension>
        </extensions>
      </trkpt>
      <trkpt lat="22.547372622230483" lon="114.0909423850708">
        <ele>18.41482451558113</ele>
        <time>1970-01-01T00:11:02.300000Z</time>
        <extensions>
          <gpxtpx:TrackPointExtension>
            <gpxtpx:hr>141</gpxtpx:hr>
          </gpxtpx:TrackPointExtension>
        </extensions>
      </trkpt>
      <trkpt lat="22.54739202507142" lon="114.09095361940933">
        <ele>18.547949814237654</ele>
        <time>1970-01-01T00:11:03.300000Z</time>
        <extensions>
          <gpxtpx:TrackPointExtension>
            <gpxtpx:hr>141</gpxtpx:hr>
          </gpxtpx:TrackPointExtension>
        </extensions>
      </trkpt>
      <trkpt lat="22.54741189726104" lon="114.09096592565427">
        <ele>18.65173819474876</ele>
        <time>1970-01-01T00:11:04.300000Z</time>
        <extensions>
          <gpxtpx:TrackPointExtension>
            <gpxtpx:hr>141</gpxtpx:hr>
          </gpxtpx:TrackPointExtension>
        </extensions>
      </trkpt>
      <trkpt lat="22.547432619636805" lon="114.09097687571479">
        <ele>18.677484807558358</ele>
        <time>1970-01-01T00:11:05.300000Z</time>
        <extensions>
          <gpxtpx:TrackPointExtension>
            <gpxtpx:hr>141</gpxtpx:hr>
          </gpxtpx:TrackPointExtension>
        </extensions>
      </trkpt>
      <trkpt lat="22.547454067531106" lon="114.09098390765764">
        <ele>18.694301752373576</ele>
        <time>1970-01-01T00:11:06.300000Z</time>
        <extensions>
          <gpxtpx:TrackPointExtension>
            <gpxtpx:hr>141</gpxtpx:hr>
          </gpxtpx:TrackPointExtension>
        </extensions>
      </trkpt>
      <trkpt lat="22.547476305918885" lon="114.09098682985042">
        <ele>18.65618476457894</ele>
        <time>1970-01-01T00:11:07.300000Z</time>
        <extensions>
          <gpxtpx:TrackPointExtension>
            <gpxtpx:hr>141</gpxtpx:hr>
          </gpxtpx:TrackPointExtension>
        </extensions>
      </trkpt>
      <trkpt lat="22.547499537214627" lon="114.09098787474174">
        <ele>18.563448511995375</ele>
        <time>1970-01-01T00:11:08.300000Z</time>
        <extensions>
          <gpxtpx:TrackPointExtension>
            <gpxtpx:hr>142</gpxtpx:hr>
          </gpxtpx:TrackPointExtension>
        </extensions>
      </trkpt>
      <trkpt lat="22.54752349611337" lon="114.09098826634809">
        <ele>18.383946332149208</ele>
        <time>1970-01-01T00:11:09.300000Z</time>
        <extensions>
          <gpxtpx:TrackPointExtension>
            <gpxtpx:hr>142</gpxtpx:hr>
          </gpxtpx:TrackPointExtension>
        </extensions>
      </trkpt>
      <trkpt lat="22.547547818802926" lon="114.09098805070396">
        <ele>18.16485840175301</ele>
        <time>1970-01-01T00:11:10.300000Z</time>
        <extensions>
          <gpxtpx:TrackPointExtension>
            <gpxtpx:hr>142</gpxtpx:hr>
          </gpxtpx:TrackPointExtension>
        </extensions>
      </trkpt>
      <trkpt lat="22.54757213597535" lon="114.09098702886129">
        <ele>17.87149398494512</ele>
        <time>1970-01-01T00:11:11.300000Z</time>
        <extensions>
          <gpxtpx:TrackPointExtension>
            <gpxtpx:hr>142</gpxtpx:hr>
          </gpxtpx:TrackPointExtension>
        </extensions>
      </trkpt>
      <trkpt lat="22.547596578474156" lon="114.09098490012006">
        <ele>17.512833495624363</ele>
        <time>1970-01-01T00:11:12.300000Z</time>
        <extensions>
          <gpxtpx:TrackPointExtension>
            <gpxtpx:hr>142</gpxtpx:hr>
          </gpxtpx:TrackPointExtension>
        </extensions>
      </trkpt>
      <trkpt lat="22.54762097234332" lon="114.09098212810227">
        <ele>17.10070780199021</ele>
        <time>1970-01-01T00:11:13.300000Z</time>
        <extensions>
          <gpxtpx:TrackPointExtension>
            <gpxtpx:hr>148</gpxtpx:hr>
          </gpxtpx:TrackPointExtension>
        </extensions>
      </trkpt>
      <trkpt lat="22.54764591333234" lon="114.09097925403881">
        <ele>16.66184229310602</ele>
        <time>1970-01-01T00:11:14.300000Z</time>
        <extensions>
          <gpxtpx:TrackPointExtension>
            <gpxtpx:hr>148</gpxtpx:hr>
          </gpxtpx:TrackPointExtension>
        </extensions>
      </trkpt>
      <trkpt lat="22.547671098717178" lon="114.09097592183801">
        <ele>16.216014418751</ele>
        <time>1970-01-01T00:11:15.300000Z</time>
        <extensions>
          <gpxtpx:TrackPointExtension>
            <gpxtpx:hr>148</gpxtpx:hr>
          </gpxtpx:TrackPointExtension>
        </extensions>
      </trkpt>
      <trkpt lat="22.54769646504845" lon="114.09097205800818">
        <ele>15.726221369579434</ele>
        <time>1970-01-01T00:11:16.300000Z</time>
        <extensions>
          <gpxtpx:TrackPointExtension>
            <gpxtpx:hr>148</gpxtpx:hr>
          </gpxtpx:TrackPointExtension>
        </extensions>
      </trkpt>
      <trkpt lat="22.547722148469298" lon="114.09096830665867">
        <ele>15.229211972095072</ele>
        <time>1970-01-01T00:11:17.300000Z</time>
        <extensions>
          <gpxtpx:TrackPointExtension>
            <gpxtpx:hr>148</gpxtpx:hr>
          </gpxtpx:TrackPointExtension>
        </extensions>
      </trkpt>
      <trkpt lat="22.547748038662537" lon="114.09096573173863">
        <ele>14.734108508564532</ele>
        <time>1970-01-01T00:11:18.300000Z</time>
        <extensions>
          <gpxtpx:TrackPointExtension>
            <gpxtpx:hr>148</gpxtpx:hr>
          </gpxtpx:TrackPointExtension>
        </extensions>
      </trkpt>
      <trkpt lat="22.54777406365169" lon="114.0909646740474">
        <ele>14.247799484990537</ele>
        <time>1970-01-01T00:11:19.300000Z</time>
        <extensions>
          <gpxtpx:TrackPointExtension>
            <gpxtpx:hr>148</gpxtpx:hr>
          </gpxtpx:TrackPointExtension>
        </extensions>
      </trkpt>
      <trkpt lat="22.547799413146354" lon="114.09096423943245">
        <ele>13.79783231485635</ele>
        <time>1970-01-01T00:11:20.300000Z</time>
        <extensions>
          <gpxtpx:TrackPointExtension>
            <gpxtpx:hr>149</gpxtpx:hr>
          </gpxtpx:TrackPointExtension>
        </extensions>
      </trkpt>
      <trkpt lat="22.54782362065553" lon="114.09096306267436">
        <ele>13.382111094892025</ele>
        <time>1970-01-01T00:11:21.300000Z</time>
        <extensions>
          <gpxtpx:TrackPointExtension>
            <gpxtpx:hr>149</gpxtpx:hr>
          </gpxtpx:TrackPointExtension>
        </extensions>
      </trkpt>
      <trkpt lat="22.547846871486087" lon="114.09096101753103">
        <ele>13.015866831876338</ele>
        <time>1970-01-01T00:11:22.300000Z</time>
        <extensions>
          <gpxtpx:TrackPointExtension>
            <gpxtpx:hr>149</gpxtpx:hr>
          </gpxtpx:TrackPointExtension>
        </extensions>
      </trkpt>
      <trkpt lat="22.547870350944862" lon="114.09095910554456">
        <ele>12.688122911378741</ele>
        <time>1970-01-01T00:11:23.300000Z</time>
        <extensions>
          <gpxtpx:TrackPointExtension>
            <gpxtpx:hr>149</gpxtpx:hr>
          </gpxtpx:TrackPointExtension>
        </extensions>
      </trkpt>
      <trkpt lat="22.54789477082717" lon="114.09095841415328">
        <ele>12.409155446104705</ele>
        <time>1970-01-01T00:11:24.300000Z</time>
        <extensions>
          <gpxtpx:TrackPointExtension>
            <gpxtpx:hr>149</gpxtpx:hr>
          </gpxtpx:TrackPointExtension>
        </extensions>
      </trkpt>
      <trkpt lat="22.547920121093576" lon="114.09095979688426">
        <ele>12.17504249792546</ele>
        <time>1970-01-01T00:11:25.300000Z</time>
        <extensions>
          <gpxtpx:TrackPointExtension>
            <gpxtpx:hr>149</gpxtpx:hr>
          </gpxtpx:TrackPointExtension>
        </extensions>
      </trkpt>
      <trkpt lat="22.547946037117747" lon="114.09096324478591">
        <ele>11.963544327765703</ele>
        <time>1970-01-01T00:11:26.300000Z</time>
        <extensions>
          <gpxtpx:TrackPointExtension>
            <gpxtpx:hr>149</gpxtpx:hr>
          </gpxtpx:TrackPointExtension>
        </extensions>
      </trkpt>
      <trkpt lat="22.54797153707227" lon="114.09096764267998">
        <ele>11.811642780900002</ele>
        <time>1970-01-01T00:11:27.300000Z</time>
        <extensions>
          <gpxtpx:TrackPointExtension>
            <gpxtpx:hr>149</gpxtpx:hr>
          </gpxtpx:TrackPointExtension>
        </extensions>
      </trkpt>
      <trkpt lat="22.54799635178332" lon="114.09097164661742">
        <ele>11.707184217870235</ele>
        <time>1970-01-01T00:11:28.300000Z</time>
        <extensions>
          <gpxtpx:TrackPointExtension>
            <gpxtpx:hr>149</gpxtpx:hr>
          </gpxtpx:TrackPointExtension>
        </extensions>
      </trkpt>
      <trkpt lat="22.54802131295115" lon="114.09097507282324">
        <ele>11.656068049371243</ele>
        <time>1970-01-01T00:11:29.300000Z</time>
        <extensions>
          <gpxtpx:TrackPointExtension>
            <gpxtpx:hr>149</gpxtpx:hr>
          </gpxtpx:TrackPointExtension>
        </extensions>
      </trkpt>
      <trkpt lat="22.548046975997924" lon="114.09097802111096">
        <ele>11.61508970707655</ele>
        <time>1970-01-01T00:11:30.300000Z</time>
        <extensions>
          <gpxtpx:TrackPointExtension>
            <gpxtpx:hr>148</gpxtpx:hr>
          </gpxtpx:TrackPointExtension>
        </extensions>
      </trkpt>
      <trkpt lat="22.54807274162469" lon="114.09097992831204">
        <ele>11.576251972466707</ele>
        <time>1970-01-01T00:11:31.300000Z</time>
        <extensions>
          <gpxtpx:TrackPointExtension>
            <gpxtpx:hr>148</gpxtpx:hr>
          </gpxtpx:TrackPointExtension>
        </extensions>
      </trkpt>
      <trkpt lat="22.548098382569865" lon="114.09098059549282">
        <ele>11.586743850260973</ele>
        <time>1970-01-01T00:11:32.300000Z</time>
        <extensions>
          <gpxtpx:TrackPointExtension>
            <gpxtpx:hr>148</gpxtpx:hr>
          </gpxtpx:TrackPointExtension>
        </extensions>
      </trkpt>
      <trkpt lat="22.548123905278832" lon="114.09098078081807">
        <ele>11.593753630295396</ele>
        <time>1970-01-01T00:11:33.300000Z</time>
        <extensions>
          <gpxtpx:TrackPointExtension>
            <gpxtpx:hr>148</gpxtpx:hr>
          </gpxtpx:TrackPointExtension>
        </extensions>
      </trkpt>
      <trkpt lat="22.548148619709142" lon="114.09098141773751">
        <ele>11.578332893550396</ele>
        <time>1970-01-01T00:11:34.300000Z</time>
        <extensions>
          <gpxtpx:TrackPointExtension>
            <gpxtpx:hr>148</gpxtpx:hr>
          </gpxtpx:TrackPointExtension>
        </extensions>
      </trkpt>
      <trkpt lat="22.548172359430232" lon="114.09098263785759">
        <ele>11.567834760993719</ele>
        <time>1970-01-01T00:11:35.300000Z</time>
        <extensions>
          <gpxtpx:TrackPointExtension>
            <gpxtpx:hr>148</gpxtpx:hr>
          </gpxtpx:TrackPointExtension>
        </extensions>
      </trkpt>
      <trkpt lat="22.54819516012828" lon="114.09098415758923">
        <ele>11.557410832494497</ele>
        <time>1970-01-01T00:11:36.300000Z</time>
        <extensions>
          <gpxtpx:TrackPointExtension>
            <gpxtpx:hr>148</gpxtpx:hr>
          </gpxtpx:TrackPointExtension>
        </extensions>
      </trkpt>
      <trkpt lat="22.548217325191512" lon="114.0909854894728">
        <ele>11.556221470236778</ele>
        <time>1970-01-01T00:11:37.300000Z</time>
        <extensions>
          <gpxtpx:TrackPointExtension>
            <gpxtpx:hr>147</gpxtpx:hr>
          </gpxtpx:TrackPointExtension>
        </extensions>
      </trkpt>
      <trkpt lat="22.54823901609599" lon="114.09098615485884">
        <ele>11.570435027591884</ele>
        <time>1970-01-01T00:11:38.300000Z</time>
        <extensions>
          <gpxtpx:TrackPointExtension>
            <gpxtpx:hr>147</gpxtpx:hr>
          </gpxtpx:TrackPointExtension>
        </extensions>
      </trkpt>
      <trkpt lat="22.548260230060826" lon="114.09098644517299">
        <ele>11.547345977276564</ele>
        <time>1970-01-01T00:11:39.300000Z</time>
        <extensions>
          <gpxtpx:TrackPointExtension>
            <gpxtpx:hr>147</gpxtpx:hr>
          </gpxtpx:TrackPointExtension>
        </extensions>
      </trkpt>
      <trkpt lat="22.548281650718028" lon="114.0909867506421">
        <ele>11.535022757016122</ele>
        <time>1970-01-01T00:11:40.300000Z</time>
        <extensions>
          <gpxtpx:TrackPointExtension>
            <gpxtpx:hr>147</gpxtpx:hr>
          </gpxtpx:TrackPointExtension>
        </extensions>
      </trkpt>
      <trkpt lat="22.548304064710496" lon="114.09098697536075">
        <ele>11.510346869938076</ele>
        <time>1970-01-01T00:11:41.300000Z</time>
        <extensions>
          <gpxtpx:TrackPointExtension>
            <gpxtpx:hr>147</gpxtpx:hr>
          </gpxtpx:TrackPointExtension>
        </extensions>
      </trkpt>
      <trkpt lat="22.548328217003217" lon="114.09098682901964">
        <ele>11.496744873002172</ele>
        <time>1970-01-01T00:11:42.300000Z</time>
        <extensions>
          <gpxtpx:TrackPointExtension>
            <gpxtpx:hr>146</gpxtpx:hr>
          </gpxtpx:TrackPointExtension>
        </extensions>
      </trkpt>
      <trkpt lat="22.548353639059503" lon="114.09098625965474">
        <ele>11.507321693003178</ele>
        <time>1970-01-01T00:11:43.300000Z</time>
        <extensions>
          <gpxtpx:TrackPointExtension>
            <gpxtpx:hr>146</gpxtpx:hr>
          </gpxtpx:TrackPointExtension>
        </extensions>
      </trkpt>
      <trkpt lat="22.548379309887167" lon="114.09098550404244">
        <ele>11.49771250039339</ele>
        <time>1970-01-01T00:11:44.300000Z</time>
        <extensions>
          <gpxtpx:TrackPointExtension>
            <gpxtpx:hr>146</gpxtpx:hr>
          </gpxtpx:TrackPointExtension>
        </extensions>
      </trkpt>
      <trkpt lat="22.548405740140574" lon="114.09098482917835">
        <ele>11.514846542850137</ele>
        <time>1970-01-01T00:11:45.300000Z</time>
        <extensions>
          <gpxtpx:TrackPointExtension>
            <gpxtpx:hr>146</gpxtpx:hr>
          </gpxtpx:TrackPointExtension>
        </extensions>
      </trkpt>
      <trkpt lat="22.548433337174092" lon="114.09098448209231">
        <ele>11.570854177698493</ele>
        <time>1970-01-01T00:11:46.300000Z</time>
        <extensions>
          <gpxtpx:TrackPointExtension>
            <gpxtpx:hr>146</gpxtpx:hr>
          </gpxtpx:TrackPointExtension>
        </extensions>
      </trkpt>
      <trkpt lat="22.548461753055552" lon="114.09098453189705">
        <ele>11.651555141434073</ele>
        <time>1970-01-01T00:11:47.300000Z</time>
        <extensions>
          <gpxtpx:TrackPointExtension>
            <gpxtpx:hr>146</gpxtpx:hr>
          </gpxtpx:TrackPointExtension>
        </extensions>
      </trkpt>
      <trkpt lat="22.548490511798235" lon="114.0909843150131">
        <ele>11.753740477375686</ele>
        <time>1970-01-01T00:11:48.300000Z</time>
        <extensions>
          <gpxtpx:TrackPointExtension>
            <gpxtpx:hr>144</gpxtpx:hr>
          </gpxtpx:TrackPointExtension>
        </extensions>
      </trkpt>
      <trkpt lat="22.548518999213098" lon="114.0909827814513">
        <ele>11.902318163774908</ele>
        <time>1970-01-01T00:11:49.300000Z</time>
        <extensions>
          <gpxtpx:TrackPointExtension>
            <gpxtpx:hr>144</gpxtpx:hr>
          </gpxtpx:TrackPointExtension>
        </extensions>
      </trkpt>
      <trkpt lat="22.54854660675406" lon="114.09098025533955">
        <ele>12.061117894947529</ele>
        <time>1970-01-01T00:11:50.300000Z</time>
        <extensions>
          <gpxtpx:TrackPointExtension>
            <gpxtpx:hr>144</gpxtpx:hr>
          </gpxtpx:TrackPointExtension>
        </extensions>
      </trkpt>
      <trkpt lat="22.548573472770876" lon="114.09097745120222">
        <ele>12.240397535264492</ele>
        <time>1970-01-01T00:11:51.300000Z</time>
        <extensions>
          <gpxtpx:TrackPointExtension>
            <gpxtpx:hr>144</gpxtpx:hr>
          </gpxtpx:TrackPointExtension>
        </extensions>
      </trkpt>
      <trkpt lat="22.548599762857624" lon="114.09097435358865">
        <ele>12.485421620309353</ele>
        <time>1970-01-01T00:11:52.300000Z</time>
        <extensions>
          <gpxtpx:TrackPointExtension>
            <gpxtpx:hr>144</gpxtpx:hr>
          </gpxtpx:TrackPointExtension>
        </extensions>
      </trkpt>
      <trkpt lat="22.548625475381776" lon="114.09097129851527">
        <ele>12.721844560466707</ele>
        <time>1970-01-01T00:11:53.300000Z</time>
        <extensions>
          <gpxtpx:TrackPointExtension>
            <gpxtpx:hr>144</gpxtpx:hr>
          </gpxtpx:TrackPointExtension>
        </extensions>
      </trkpt>
      <trkpt lat="22.548651129579515" lon="114.09096852582809">
        <ele>12.985280220396817</ele>
        <time>1970-01-01T00:11:54.300000Z</time>
        <extensions>
          <gpxtpx:TrackPointExtension>
            <gpxtpx:hr>144</gpxtpx:hr>
          </gpxtpx:TrackPointExtension>
        </extensions>
      </trkpt>
      <trkpt lat="22.54867656598429" lon="114.09096533079739">
        <ele>13.247740236110985</ele>
        <time>1970-01-01T00:11:55.300000Z</time>
        <extensions>
          <gpxtpx:TrackPointExtension>
            <gpxtpx:hr>144</gpxtpx:hr>
          </gpxtpx:TrackPointExtension>
        </extensions>
      </trkpt>
      <trkpt lat="22.54870128988619" lon="114.09096101716757">
        <ele>13.529540108516812</ele>
        <time>1970-01-01T00:11:56.300000Z</time>
        <extensions>
          <gpxtpx:TrackPointExtension>
            <gpxtpx:hr>144</gpxtpx:hr>
          </gpxtpx:TrackPointExtension>
        </extensions>
      </trkpt>
      <trkpt lat="22.548725265191734" lon="114.09095621482399">
        <ele>13.811244962736964</ele>
        <time>1970-01-01T00:11:57.300000Z</time>
        <extensions>
          <gpxtpx:TrackPointExtension>
            <gpxtpx:hr>145</gpxtpx:hr>
          </gpxtpx:TrackPointExtension>
        </extensions>
      </trkpt>
      <trkpt lat="22.548749260145474" lon="114.09095212039">
        <ele>14.069910858757794</ele>
        <time>1970-01-01T00:11:58.300000Z</time>
        <extensions>
          <gpxtpx:TrackPointExtension>
            <gpxtpx:hr>145</gpxtpx:hr>
          </gpxtpx:TrackPointExtension>
        </extensions>
      </trkpt>
      <trkpt lat="22.548773678420815" lon="114.09094894403013">
        <ele>14.384644294157624</ele>
        <time>1970-01-01T00:11:59.300000Z</time>
        <extensions>
          <gpxtpx:TrackPointExtension>
            <gpxtpx:hr>145</gpxtpx:hr>
          </gpxtpx:TrackPointExtension>
        </extensions>
      </trkpt>
      <trkpt lat="22.54879836208812" lon="114.0909461441518">
        <ele>14.702464362606406</ele>
        <time>1970-01-01T00:12:00.300000Z</time>
        <extensions>
          <gpxtpx:TrackPointExtension>
            <gpxtpx:hr>145</gpxtpx:hr>
          </gpxtpx:TrackPointExtension>
        </extensions>
      </trkpt>
      <trkpt lat="22.54882278605535" lon="114.09094331047618">
        <ele>14.999450107105076</ele>
        <time>1970-01-01T00:12:01.300000Z</time>
        <extensions>
          <gpxtpx:TrackPointExtension>
            <gpxtpx:hr>145</gpxtpx:hr>
          </gpxtpx:TrackPointExtension>
        </extensions>
      </trkpt>
      <trkpt lat="22.548845792294102" lon="114.09094037869788">
        <ele>15.265242877416313</ele>
        <time>1970-01-01T00:12:02.300000Z</time>
        <extensions>
          <gpxtpx:TrackPointExtension>
            <gpxtpx:hr>145</gpxtpx:hr>
          </gpxtpx:TrackPointExtension>
        </extensions>
      </trkpt>
      <trkpt lat="22.54886587708696" lon="114.09093784870156">
        <ele>15.52711598854512</ele>
        <time>1970-01-01T00:12:03.300000Z</time>
        <extensions>
          <gpxtpx:TrackPointExtension>
            <gpxtpx:hr>147</gpxtpx:hr>
          </gpxtpx:TrackPointExtension>
        </extensions>
      </trkpt>
      <trkpt lat="22.548883556907434" lon="114.09093611012445">
        <ele>15.79939124174416</ele>
        <time>1970-01-01T00:12:04.300000Z</time>
        <extensions>
          <gpxtpx:TrackPointExtension>
            <gpxtpx:hr>147</gpxtpx:hr>
          </gpxtpx:TrackPointExtension>
        </extensions>
      </trkpt>
      <trkpt lat="22.548900792979428" lon="114.09093492272127">
        <ele>16.05641706287861</ele>
        <time>1970-01-01T00:12:05.300000Z</time>
        <extensions>
          <gpxtpx:TrackPointExtension>
            <gpxtpx:hr>147</gpxtpx:hr>
          </gpxtpx:TrackPointExtension>
        </extensions>
      </trkpt>
      <trkpt lat="22.54891749557061" lon="114.09093386135689">
        <ele>16.249303966760635</ele>
        <time>1970-01-01T00:12:06.300000Z</time>
        <extensions>
          <gpxtpx:TrackPointExtension>
            <gpxtpx:hr>147</gpxtpx:hr>
          </gpxtpx:TrackPointExtension>
        </extensions>
      </trkpt>
      <trkpt lat="22.5489337231197" lon="114.09093302741678">
        <ele>16.44341530278325</ele>
        <time>1970-01-01T00:12:07.300000Z</time>
        <extensions>
          <gpxtpx:TrackPointExtension>
            <gpxtpx:hr>147</gpxtpx:hr>
          </gpxtpx:TrackPointExtension>
        </extensions>
      </trkpt>
      <trkpt lat="22.548951099962753" lon="114.0909334761695">
        <ele>16.60472957137972</ele>
        <time>1970-01-01T00:12:08.300000Z</time>
        <extensions>
          <gpxtpx:TrackPointExtension>
            <gpxtpx:hr>147</gpxtpx:hr>
          </gpxtpx:TrackPointExtension>
        </extensions>
      </trkpt>
      <trkpt lat="22.548970026022804" lon="114.09093512404826">
        <ele>16.746180318295956</ele>
        <time>1970-01-01T00:12:09.300000Z</time>
        <extensions>
          <gpxtpx:TrackPointExtension>
            <gpxtpx:hr>148</gpxtpx:hr>
          </gpxtpx:TrackPointExtension>
        </extensions>
      </trkpt>
      <trkpt lat="22.548989097228176" lon="114.09093699102384">
        <ele>16.84277298115194</ele>
        <time>1970-01-01T00:12:10.300000Z</time>
        <extensions>
          <gpxtpx:TrackPointExtension>
            <gpxtpx:hr>148</gpxtpx:hr>
          </gpxtpx:TrackPointExtension>
        </extensions>
      </trkpt>
      <trkpt lat="22.549007848576267" lon="114.0909384362254">
        <ele>16.894642979837954</ele>
        <time>1970-01-01T00:12:11.300000Z</time>
        <extensions>
          <gpxtpx:TrackPointExtension>
            <gpxtpx:hr>148</gpxtpx:hr>
          </gpxtpx:TrackPointExtension>
        </extensions>
      </trkpt>
      <trkpt lat="22.549027225131137" lon="114.0909391621234">
        <ele>16.914369638077915</ele>
        <time>1970-01-01T00:12:12.300000Z</time>
        <extensions>
          <gpxtpx:TrackPointExtension>
            <gpxtpx:hr>148</gpxtpx:hr>
          </gpxtpx:TrackPointExtension>
        </extensions>
      </trkpt>
      <trkpt lat="22.549047606582615" lon="114.09093988021444">
        <ele>16.924356067553163</ele>
        <time>1970-01-01T00:12:13.300000Z</time>
        <extensions>
          <gpxtpx:TrackPointExtension>
            <gpxtpx:hr>148</gpxtpx:hr>
          </gpxtpx:TrackPointExtension>
        </extensions>
      </trkpt>
      <trkpt lat="22.549068987275366" lon="114.09094137120977">
        <ele>16.912405242212117</ele>
        <time>1970-01-01T00:12:14.300000Z</time>
        <extensions>
          <gpxtpx:TrackPointExtension>
            <gpxtpx:hr>148</gpxtpx:hr>
          </gpxtpx:TrackPointExtension>
        </extensions>
      </trkpt>
      <trkpt lat="22.549091791758183" lon="114.09094356858222">
        <ele>16.887716635130346</ele>
        <time>1970-01-01T00:12:15.300000Z</time>
        <extensions>
          <gpxtpx:TrackPointExtension>
            <gpxtpx:hr>148</gpxtpx:hr>
          </gpxtpx:TrackPointExtension>
        </extensions>
      </trkpt>
      <trkpt lat="22.549115692716956" lon="114.09094579799091">
        <ele>16.841188018210232</ele>
        <time>1970-01-01T00:12:16.300000Z</time>
        <extensions>
          <gpxtpx:TrackPointExtension>
            <gpxtpx:hr>148</gpxtpx:hr>
          </gpxtpx:TrackPointExtension>
        </extensions>
      </trkpt>
      <trkpt lat="22.54914066978793" lon="114.09094707471664">
        <ele>16.769745461642742</ele>
        <time>1970-01-01T00:12:17.300000Z</time>
        <extensions>
          <gpxtpx:TrackPointExtension>
            <gpxtpx:hr>148</gpxtpx:hr>
          </gpxtpx:TrackPointExtension>
        </extensions>
      </trkpt>
      <trkpt lat="22.54916654815551" lon="114.09094653360742">
        <ele>16.681792482733727</ele>
        <time>1970-01-01T00:12:18.300000Z</time>
        <extensions>
          <gpxtpx:TrackPointExtension>
            <gpxtpx:hr>148</gpxtpx:hr>
          </gpxtpx:TrackPointExtension>
        </extensions>
      </trkpt>
      <trkpt lat="22.549192113878945" lon="114.0909440482706">
        <ele>16.655593851581216</ele>
        <time>1970-01-01T00:12:19.300000Z</time>
        <extensions>
          <gpxtpx:TrackPointExtension>
            <gpxtpx:hr>149</gpxtpx:hr>
          </gpxtpx:TrackPointExtension>
        </extensions>
      </trkpt>
      <trkpt lat="22.549216238782627" lon="114.09094049893841">
        <ele>16.639023751951754</ele>
        <time>1970-01-01T00:12:20.300000Z</time>
        <extensions>
          <gpxtpx:TrackPointExtension>
            <gpxtpx:hr>149</gpxtpx:hr>
          </gpxtpx:TrackPointExtension>
        </extensions>
      </trkpt>
      <trkpt lat="22.54923786699929" lon="114.0909367644045">
        <ele>16.61748401541263</ele>
        <time>1970-01-01T00:12:21.300000Z</time>
        <extensions>
          <gpxtpx:TrackPointExtension>
            <gpxtpx:hr>149</gpxtpx:hr>
          </gpxtpx:TrackPointExtension>
        </extensions>
      </trkpt>
      <trkpt lat="22.54925640535626" lon="114.09093376693144">
        <ele>16.61593669001013</ele>
        <time>1970-01-01T00:12:22.300000Z</time>
        <extensions>
          <gpxtpx:TrackPointExtension>
            <gpxtpx:hr>149</gpxtpx:hr>
          </gpxtpx:TrackPointExtension>
        </extensions>
      </trkpt>
      <trkpt lat="22.54927269516979" lon="114.09093138201399">
        <ele>16.607793668285012</ele>
        <time>1970-01-01T00:12:23.300000Z</time>
        <extensions>
          <gpxtpx:TrackPointExtension>
            <gpxtpx:hr>150</gpxtpx:hr>
          </gpxtpx:TrackPointExtension>
        </extensions>
      </trkpt>
      <trkpt lat="22.549287443747914" lon="114.09092897842937">
        <ele>16.618038343265653</ele>
        <time>1970-01-01T00:12:24.300000Z</time>
        <extensions>
          <gpxtpx:TrackPointExtension>
            <gpxtpx:hr>150</gpxtpx:hr>
          </gpxtpx:TrackPointExtension>
        </extensions>
      </trkpt>
      <trkpt lat="22.549300694691226" lon="114.0909270906822">
        <ele>16.656477324664593</ele>
        <time>1970-01-01T00:12:25.300000Z</time>
        <extensions>
          <gpxtpx:TrackPointExtension>
            <gpxtpx:hr>150</gpxtpx:hr>
          </gpxtpx:TrackPointExtension>
        </extensions>
      </trkpt>
      <trkpt lat="22.54931387476174" lon="114.09092597726311">
        <ele>16.713235846720636</ele>
        <time>1970-01-01T00:12:26.300000Z</time>
        <extensions>
          <gpxtpx:TrackPointExtension>
            <gpxtpx:hr>150</gpxtpx:hr>
          </gpxtpx:TrackPointExtension>
        </extensions>
      </trkpt>
      <trkpt lat="22.549328519830134" lon="114.09092501725237">
        <ele>16.765962996520102</ele>
        <time>1970-01-01T00:12:27.300000Z</time>
        <extensions>
          <gpxtpx:TrackPointExtension>
            <gpxtpx:hr>150</gpxtpx:hr>
          </gpxtpx:TrackPointExtension>
        </extensions>
      </trkpt>
      <trkpt lat="22.549345544370762" lon="114.09092347315725">
        <ele>16.828754477202892</ele>
        <time>1970-01-01T00:12:28.300000Z</time>
        <extensions>
          <gpxtpx:TrackPointExtension>
            <gpxtpx:hr>150</gpxtpx:hr>
          </gpxtpx:TrackPointExtension>
        </extensions>
      </trkpt>
      <trkpt lat="22.549366180374356" lon="114.09092068865468">
        <ele>16.862976048141718</ele>
        <time>1970-01-01T00:12:29.300000Z</time>
        <extensions>
          <gpxtpx:TrackPointExtension>
            <gpxtpx:hr>148</gpxtpx:hr>
          </gpxtpx:TrackPointExtension>
        </extensions>
      </trkpt>
      <trkpt lat="22.549390230322004" lon="114.09091711166073">
        <ele>16.902149665169418</ele>
        <time>1970-01-01T00:12:30.300000Z</time>
        <extensions>
          <gpxtpx:TrackPointExtension>
            <gpxtpx:hr>148</gpxtpx:hr>
          </gpxtpx:TrackPointExtension>
        </extensions>
      </trkpt>
      <trkpt lat="22.54941281473688" lon="114.09091398432584">
        <ele>16.932140927761793</ele>
        <time>1970-01-01T00:12:31.300000Z</time>
        <extensions>
          <gpxtpx:TrackPointExtension>
            <gpxtpx:hr>148</gpxtpx:hr>
          </gpxtpx:TrackPointExtension>
        </extensions>
      </trkpt>
      <trkpt lat="22.54943292447654" lon="114.09091216148289">
        <ele>16.94200928043574</ele>
        <time>1970-01-01T00:12:32.300000Z</time>
        <extensions>
          <gpxtpx:TrackPointExtension>
            <gpxtpx:hr>148</gpxtpx:hr>
          </gpxtpx:TrackPointExtension>
        </extensions>
      </trkpt>
      <trkpt lat="22.549452244100127" lon="114.09091201976501">
        <ele>17.005393970757723</ele>
        <time>1970-01-01T00:12:33.300000Z</time>
        <extensions>
          <gpxtpx:TrackPointExtension>
            <gpxtpx:hr>148</gpxtpx:hr>
          </gpxtpx:TrackPointExtension>
        </extensions>
      </trkpt>
      <trkpt lat="22.54947111606559" lon="114.09091351560922">
        <ele>17.059287203475833</ele>
        <time>1970-01-01T00:12:34.300000Z</time>
        <extensions>
          <gpxtpx:TrackPointExtension>
            <gpxtpx:hr>148</gpxtpx:hr>
          </gpxtpx:TrackPointExtension>
        </extensions>
      </trkpt>
      <trkpt lat="22.549489985871194" lon="114.09091635210117">
        <ele>17.114363357424736</ele>
        <time>1970-01-01T00:12:35.300000Z</time>
        <extensions>
          <gpxtpx:TrackPointExtension>
            <gpxtpx:hr>146</gpxtpx:hr>
          </gpxtpx:TrackPointExtension>
        </extensions>
      </trkpt>
      <trkpt lat="22.549507611452142" lon="114.09092089175009">
        <ele>17.16532634012401</ele>
        <time>1970-01-01T00:12:36.300000Z</time>
        <extensions>
          <gpxtpx:TrackPointExtension>
            <gpxtpx:hr>146</gpxtpx:hr>
          </gpxtpx:TrackPointExtension>
        </extensions>
      </trkpt>
      <trkpt lat="22.549524809399323" lon="114.09092649554663">
        <ele>17.223608783446252</ele>
        <time>1970-01-01T00:12:37.300000Z</time>
        <extensions>
          <gpxtpx:TrackPointExtension>
            <gpxtpx:hr>146</gpxtpx:hr>
          </gpxtpx:TrackPointExtension>
        </extensions>
      </trkpt>
      <trkpt lat="22.549541938674608" lon="114.09093151900619">
        <ele>17.320006390102208</ele>
        <time>1970-01-01T00:12:38.300000Z</time>
        <extensions>
          <gpxtpx:TrackPointExtension>
            <gpxtpx:hr>146</gpxtpx:hr>
          </gpxtpx:TrackPointExtension>
        </extensions>
      </trkpt>
      <trkpt lat="22.54955935144678" lon="114.09093519474324">
        <ele>17.40063750371337</ele>
        <time>1970-01-01T00:12:39.300000Z</time>
        <extensions>
          <gpxtpx:TrackPointExtension>
            <gpxtpx:hr>146</gpxtpx:hr>
          </gpxtpx:TrackPointExtension>
        </extensions>
      </trkpt>
      <trkpt lat="22.54957988976618" lon="114.0909368796364">
        <ele>17.46160715818405</ele>
        <time>1970-01-01T00:12:40.300000Z</time>
        <extensions>
          <gpxtpx:TrackPointExtension>
            <gpxtpx:hr>143</gpxtpx:hr>
          </gpxtpx:TrackPointExtension>
        </extensions>
      </trkpt>
      <trkpt lat="22.54960482990446" lon="114.09093677134017">
        <ele>17.521813242696226</ele>
        <time>1970-01-01T00:12:41.300000Z</time>
        <extensions>
          <gpxtpx:TrackPointExtension>
            <gpxtpx:hr>143</gpxtpx:hr>
          </gpxtpx:TrackPointExtension>
        </extensions>
      </trkpt>
      <trkpt lat="22.549631955504623" lon="114.09093643317301">
        <ele>17.644069492816925</ele>
        <time>1970-01-01T00:12:42.300000Z</time>
        <extensions>
          <gpxtpx:TrackPointExtension>
            <gpxtpx:hr>143</gpxtpx:hr>
          </gpxtpx:TrackPointExtension>
        </extensions>
      </trkpt>
      <trkpt lat="22.54965998338996" lon="114.09093654341133">
        <ele>17.747127873823047</ele>
        <time>1970-01-01T00:12:43.300000Z</time>
        <extensions>
          <gpxtpx:TrackPointExtension>
            <gpxtpx:hr>143</gpxtpx:hr>
          </gpxtpx:TrackPointExtension>
        </extensions>
      </trkpt>
      <trkpt lat="22.549688076945458" lon="114.09093591786193">
        <ele>17.843968991190195</ele>
        <time>1970-01-01T00:12:44.300000Z</time>
        <extensions>
          <gpxtpx:TrackPointExtension>
            <gpxtpx:hr>142</gpxtpx:hr>
          </gpxtpx:TrackPointExtension>
        </extensions>
      </trkpt>
      <trkpt lat="22.54971624193779" lon="114.09093354818987">
        <ele>17.957526244223118</ele>
        <time>1970-01-01T00:12:45.300000Z</time>
        <extensions>
          <gpxtpx:TrackPointExtension>
            <gpxtpx:hr>142</gpxtpx:hr>
          </gpxtpx:TrackPointExtension>
        </extensions>
      </trkpt>
      <trkpt lat="22.549744674086124" lon="114.09093012420479">
        <ele>18.07192194275558</ele>
        <time>1970-01-01T00:12:46.300000Z</time>
        <extensions>
          <gpxtpx:TrackPointExtension>
            <gpxtpx:hr>142</gpxtpx:hr>
          </gpxtpx:TrackPointExtension>
        </extensions>
      </trkpt>
      <trkpt lat="22.54977266930585" lon="114.0909269569495">
        <ele>18.150099891237915</ele>
        <time>1970-01-01T00:12:47.300000Z</time>
        <extensions>
          <gpxtpx:TrackPointExtension>
            <gpxtpx:hr>142</gpxtpx:hr>
          </gpxtpx:TrackPointExtension>
        </extensions>
      </trkpt>
      <trkpt lat="22.54980019169461" lon="114.09092475395151">
        <ele>18.226044761016965</ele>
        <time>1970-01-01T00:12:48.300000Z</time>
        <extensions>
          <gpxtpx:TrackPointExtension>
            <gpxtpx:hr>144</gpxtpx:hr>
          </gpxtpx:TrackPointExtension>
        </extensions>
      </trkpt>
      <trkpt lat="22.549827403880727" lon="114.09092326928935">
        <ele>18.26333704497665</ele>
        <time>1970-01-01T00:12:49.300000Z</time>
        <extensions>
          <gpxtpx:TrackPointExtension>
            <gpxtpx:hr>144</gpxtpx:hr>
          </gpxtpx:TrackPointExtension>
        </extensions>
      </trkpt>
      <trkpt lat="22.54985397721242" lon="114.09092174519576">
        <ele>18.29359765071422</ele>
        <time>1970-01-01T00:12:50.300000Z</time>
        <extensions>
          <gpxtpx:TrackPointExtension>
            <gpxtpx:hr>144</gpxtpx:hr>
          </gpxtpx:TrackPointExtension>
        </extensions>
      </trkpt>
      <trkpt lat="22.549879612131324" lon="114.09091957474598">
        <ele>18.293993077240884</ele>
        <time>1970-01-01T00:12:51.300000Z</time>
        <extensions>
          <gpxtpx:TrackPointExtension>
            <gpxtpx:hr>144</gpxtpx:hr>
          </gpxtpx:TrackPointExtension>
        </extensions>
      </trkpt>
      <trkpt lat="22.549904492807276" lon="114.09091722852409">
        <ele>18.26056414656341</ele>
        <time>1970-01-01T00:12:52.300000Z</time>
        <extensions>
          <gpxtpx:TrackPointExtension>
            <gpxtpx:hr>144</gpxtpx:hr>
          </gpxtpx:TrackPointExtension>
        </extensions>
      </trkpt>
      <trkpt lat="22.549929056114433" lon="114.09091516412855">
        <ele>18.21489674039185</ele>
        <time>1970-01-01T00:12:53.300000Z</time>
        <extensions>
          <gpxtpx:TrackPointExtension>
            <gpxtpx:hr>144</gpxtpx:hr>
          </gpxtpx:TrackPointExtension>
        </extensions>
      </trkpt>
      <trkpt lat="22.54995315027549" lon="114.09091383183102">
        <ele>18.149727270938456</ele>
        <time>1970-01-01T00:12:54.300000Z</time>
        <extensions>
          <gpxtpx:TrackPointExtension>
            <gpxtpx:hr>144</gpxtpx:hr>
          </gpxtpx:TrackPointExtension>
        </extensions>
      </trkpt>
      <trkpt lat="22.549977898831713" lon="114.090913615195">
        <ele>18.059304089285433</ele>
        <time>1970-01-01T00:12:55.300000Z</time>
        <extensions>
          <gpxtpx:TrackPointExtension>
            <gpxtpx:hr>144</gpxtpx:hr>
          </gpxtpx:TrackPointExtension>
        </extensions>
      </trkpt>
      <trkpt lat="22.550004865603796" lon="114.09091368210902">
        <ele>17.969732494093478</ele>
        <time>1970-01-01T00:12:56.300000Z</time>
        <extensions>
          <gpxtpx:TrackPointExtension>
            <gpxtpx:hr>144</gpxtpx:hr>
          </gpxtpx:TrackPointExtension>
        </extensions>
      </trkpt>
      <trkpt lat="22.550032942884634" lon="114.09091309824706">
        <ele>17.889408259652555</ele>
        <time>1970-01-01T00:12:57.300000Z</time>
        <extensions>
          <gpxtpx:TrackPointExtension>
            <gpxtpx:hr>144</gpxtpx:hr>
          </gpxtpx:TrackPointExtension>
        </extensions>
      </trkpt>
      <trkpt lat="22.55006053491017" lon="114.0909122788048">
        <ele>17.784148358739913</ele>
        <time>1970-01-01T00:12:58.300000Z</time>
        <extensions>
          <gpxtpx:TrackPointExtension>
            <gpxtpx:hr>144</gpxtpx:hr>
          </gpxtpx:TrackPointExtension>
        </extensions>
      </trkpt>
      <trkpt lat="22.550087248392867" lon="114.09091211520649">
        <ele>17.712989668361843</ele>
        <time>1970-01-01T00:12:59.300000Z</time>
        <extensions>
          <gpxtpx:TrackPointExtension>
            <gpxtpx:hr>144</gpxtpx:hr>
          </gpxtpx:TrackPointExtension>
        </extensions>
      </trkpt>
      <trkpt lat="22.550113251773805" lon="114.09091273339158">
        <ele>17.663134473375976</ele>
        <time>1970-01-01T00:13:00.300000Z</time>
        <extensions>
          <gpxtpx:TrackPointExtension>
            <gpxtpx:hr>144</gpxtpx:hr>
          </gpxtpx:TrackPointExtension>
        </extensions>
      </trkpt>
      <trkpt lat="22.550138516454115" lon="114.09091414892762">
        <ele>17.60762110352516</ele>
        <time>1970-01-01T00:13:01.300000Z</time>
        <extensions>
          <gpxtpx:TrackPointExtension>
            <gpxtpx:hr>144</gpxtpx:hr>
          </gpxtpx:TrackPointExtension>
        </extensions>
      </trkpt>
      <trkpt lat="22.5501635429878" lon="114.09091610882605">
        <ele>17.54294960666448</ele>
        <time>1970-01-01T00:13:02.300000Z</time>
        <extensions>
          <gpxtpx:TrackPointExtension>
            <gpxtpx:hr>144</gpxtpx:hr>
          </gpxtpx:TrackPointExtension>
        </extensions>
      </trkpt>
      <trkpt lat="22.550188682842766" lon="114.09091821710328">
        <ele>17.524598236195743</ele>
        <time>1970-01-01T00:13:03.300000Z</time>
        <extensions>
          <gpxtpx:TrackPointExtension>
            <gpxtpx:hr>144</gpxtpx:hr>
          </gpxtpx:TrackPointExtension>
        </extensions>
      </trkpt>
      <trkpt lat="22.550213231918555" lon="114.09092031941832">
        <ele>17.497160176746547</ele>
        <time>1970-01-01T00:13:04.300000Z</time>
        <extensions>
          <gpxtpx:TrackPointExtension>
            <gpxtpx:hr>144</gpxtpx:hr>
          </gpxtpx:TrackPointExtension>
        </extensions>
      </trkpt>
      <trkpt lat="22.550237653135554" lon="114.09092193748576">
        <ele>17.493710681796074</ele>
        <time>1970-01-01T00:13:05.300000Z</time>
        <extensions>
          <gpxtpx:TrackPointExtension>
            <gpxtpx:hr>145</gpxtpx:hr>
          </gpxtpx:TrackPointExtension>
        </extensions>
      </trkpt>
      <trkpt lat="22.550262336428695" lon="114.09092271460115">
        <ele>17.542668727226555</ele>
        <time>1970-01-01T00:13:06.300000Z</time>
        <extensions>
          <gpxtpx:TrackPointExtension>
            <gpxtpx:hr>145</gpxtpx:hr>
          </gpxtpx:TrackPointExtension>
        </extensions>
      </trkpt>
      <trkpt lat="22.550286729958366" lon="114.09092304457987">
        <ele>17.59676653984934</ele>
        <time>1970-01-01T00:13:07.300000Z</time>
        <extensions>
          <gpxtpx:TrackPointExtension>
            <gpxtpx:hr>145</gpxtpx:hr>
          </gpxtpx:TrackPointExtension>
        </extensions>
      </trkpt>
      <trkpt lat="22.55031048798246" lon="114.09092326589038">
        <ele>17.622981888242066</ele>
        <time>1970-01-01T00:13:08.300000Z</time>
        <extensions>
          <gpxtpx:TrackPointExtension>
            <gpxtpx:hr>145</gpxtpx:hr>
          </gpxtpx:TrackPointExtension>
        </extensions>
      </trkpt>
      <trkpt lat="22.550334719309742" lon="114.09092380515145">
        <ele>17.688253349624574</ele>
        <time>1970-01-01T00:13:09.300000Z</time>
        <extensions>
          <gpxtpx:TrackPointExtension>
            <gpxtpx:hr>145</gpxtpx:hr>
          </gpxtpx:TrackPointExtension>
        </extensions>
      </trkpt>
      <trkpt lat="22.550360150626748" lon="114.09092441698841">
        <ele>17.740182337351143</ele>
        <time>1970-01-01T00:13:10.300000Z</time>
        <extensions>
          <gpxtpx:TrackPointExtension>
            <gpxtpx:hr>145</gpxtpx:hr>
          </gpxtpx:TrackPointExtension>
        </extensions>
      </trkpt>
      <trkpt lat="22.55038637888049" lon="114.09092443189226">
        <ele>17.743844462558627</ele>
        <time>1970-01-01T00:13:11.300000Z</time>
        <extensions>
          <gpxtpx:TrackPointExtension>
            <gpxtpx:hr>145</gpxtpx:hr>
          </gpxtpx:TrackPointExtension>
        </extensions>
      </trkpt>
      <trkpt lat="22.55041331112848" lon="114.09092352938545">
        <ele>17.73258531279862</ele>
        <time>1970-01-01T00:13:12.300000Z</time>
        <extensions>
          <gpxtpx:TrackPointExtension>
            <gpxtpx:hr>145</gpxtpx:hr>
          </gpxtpx:TrackPointExtension>
        </extensions>
      </trkpt>
      <trkpt lat="22.550439450605925" lon="114.09092177504088">
        <ele>17.727845177054405</ele>
        <time>1970-01-01T00:13:13.300000Z</time>
        <extensions>
          <gpxtpx:TrackPointExtension>
            <gpxtpx:hr>145</gpxtpx:hr>
          </gpxtpx:TrackPointExtension>
        </extensions>
      </trkpt>
      <trkpt lat="22.550463783789883" lon="114.09091982635493">
        <ele>17.70877538062632</ele>
        <time>1970-01-01T00:13:14.300000Z</time>
        <extensions>
          <gpxtpx:TrackPointExtension>
            <gpxtpx:hr>145</gpxtpx:hr>
          </gpxtpx:TrackPointExtension>
        </extensions>
      </trkpt>
      <trkpt lat="22.55048723614226" lon="114.09091807735102">
        <ele>17.66959006804973</ele>
        <time>1970-01-01T00:13:15.300000Z</time>
        <extensions>
          <gpxtpx:TrackPointExtension>
            <gpxtpx:hr>145</gpxtpx:hr>
          </gpxtpx:TrackPointExtension>
        </extensions>
      </trkpt>
      <trkpt lat="22.55051063637767" lon="114.09091600404457">
        <ele>17.626841227523983</ele>
        <time>1970-01-01T00:13:16.300000Z</time>
        <extensions>
          <gpxtpx:TrackPointExtension>
            <gpxtpx:hr>145</gpxtpx:hr>
          </gpxtpx:TrackPointExtension>
        </extensions>
      </trkpt>
      <trkpt lat="22.550535228539047" lon="114.09091353398115">
        <ele>17.569805399514735</ele>
        <time>1970-01-01T00:13:17.300000Z</time>
        <extensions>
          <gpxtpx:TrackPointExtension>
            <gpxtpx:hr>145</gpxtpx:hr>
          </gpxtpx:TrackPointExtension>
        </extensions>
      </trkpt>
      <trkpt lat="22.550560727429847" lon="114.09091152218917">
        <ele>17.51900099311024</ele>
        <time>1970-01-01T00:13:18.300000Z</time>
        <extensions>
          <gpxtpx:TrackPointExtension>
            <gpxtpx:hr>145</gpxtpx:hr>
          </gpxtpx:TrackPointExtension>
        </extensions>
      </trkpt>
      <trkpt lat="22.55058602210332" lon="114.09091089683612">
        <ele>17.445441434159875</ele>
        <time>1970-01-01T00:13:19.300000Z</time>
        <extensions>
          <gpxtpx:TrackPointExtension>
            <gpxtpx:hr>145</gpxtpx:hr>
          </gpxtpx:TrackPointExtension>
        </extensions>
      </trkpt>
      <trkpt lat="22.550610706864262" lon="114.09091175707933">
        <ele>17.355885608121753</ele>
        <time>1970-01-01T00:13:20.300000Z</time>
        <extensions>
          <gpxtpx:TrackPointExtension>
            <gpxtpx:hr>144</gpxtpx:hr>
          </gpxtpx:TrackPointExtension>
        </extensions>
      </trkpt>
      <trkpt lat="22.55063492592709" lon="114.09091313938167">
        <ele>17.265606100670993</ele>
        <time>1970-01-01T00:13:21.300000Z</time>
        <extensions>
          <gpxtpx:TrackPointExtension>
            <gpxtpx:hr>144</gpxtpx:hr>
          </gpxtpx:TrackPointExtension>
        </extensions>
      </trkpt>
      <trkpt lat="22.55065966735536" lon="114.09091390616332">
        <ele>17.160222278907895</ele>
        <time>1970-01-01T00:13:22.300000Z</time>
        <extensions>
          <gpxtpx:TrackPointExtension>
            <gpxtpx:hr>144</gpxtpx:hr>
          </gpxtpx:TrackPointExtension>
        </extensions>
      </trkpt>
      <trkpt lat="22.55068496100053" lon="114.09091386219971">
        <ele>17.039008080027997</ele>
        <time>1970-01-01T00:13:23.300000Z</time>
        <extensions>
          <gpxtpx:TrackPointExtension>
            <gpxtpx:hr>144</gpxtpx:hr>
          </gpxtpx:TrackPointExtension>
        </extensions>
      </trkpt>
      <trkpt lat="22.550710625027488" lon="114.09091346738812">
        <ele>16.94486195407808</ele>
        <time>1970-01-01T00:13:24.300000Z</time>
        <extensions>
          <gpxtpx:TrackPointExtension>
            <gpxtpx:hr>144</gpxtpx:hr>
          </gpxtpx:TrackPointExtension>
        </extensions>
      </trkpt>
      <trkpt lat="22.55073597662121" lon="114.0909135297257">
        <ele>16.86428980808705</ele>
        <time>1970-01-01T00:13:25.300000Z</time>
        <extensions>
          <gpxtpx:TrackPointExtension>
            <gpxtpx:hr>144</gpxtpx:hr>
          </gpxtpx:TrackPointExtension>
        </extensions>
      </trkpt>
      <trkpt lat="22.550760790431994" lon="114.09091469823242">
        <ele>16.785729094408453</ele>
        <time>1970-01-01T00:13:26.300000Z</time>
        <extensions>
          <gpxtpx:TrackPointExtension>
            <gpxtpx:hr>144</gpxtpx:hr>
          </gpxtpx:TrackPointExtension>
        </extensions>
      </trkpt>
      <trkpt lat="22.550786483302474" lon="114.09091659681923">
        <ele>16.742654860019684</ele>
        <time>1970-01-01T00:13:27.300000Z</time>
        <extensions>
          <gpxtpx:TrackPointExtension>
            <gpxtpx:hr>144</gpxtpx:hr>
          </gpxtpx:TrackPointExtension>
        </extensions>
      </trkpt>
      <trkpt lat="22.550813062336555" lon="114.09091858397024">
        <ele>16.6857690513134</ele>
        <time>1970-01-01T00:13:28.300000Z</time>
        <extensions>
          <gpxtpx:TrackPointExtension>
            <gpxtpx:hr>144</gpxtpx:hr>
          </gpxtpx:TrackPointExtension>
        </extensions>
      </trkpt>
      <trkpt lat="22.550838940489037" lon="114.09091984459884">
        <ele>16.628973715007305</ele>
        <time>1970-01-01T00:13:29.300000Z</time>
        <extensions>
          <gpxtpx:TrackPointExtension>
            <gpxtpx:hr>145</gpxtpx:hr>
          </gpxtpx:TrackPointExtension>
        </extensions>
      </trkpt>
      <trkpt lat="22.55086454550261" lon="114.09091958562786">
        <ele>16.60120775643736</ele>
        <time>1970-01-01T00:13:30.300000Z</time>
        <extensions>
          <gpxtpx:TrackPointExtension>
            <gpxtpx:hr>145</gpxtpx:hr>
          </gpxtpx:TrackPointExtension>
        </extensions>
      </trkpt>
      <trkpt lat="22.55089110176517" lon="114.09091623560526">
        <ele>16.572545557282865</ele>
        <time>1970-01-01T00:13:31.300000Z</time>
        <extensions>
          <gpxtpx:TrackPointExtension>
            <gpxtpx:hr>145</gpxtpx:hr>
          </gpxtpx:TrackPointExtension>
        </extensions>
      </trkpt>
      <trkpt lat="22.550918179995392" lon="114.09090955980423">
        <ele>16.572127181105316</ele>
        <time>1970-01-01T00:13:32.300000Z</time>
        <extensions>
          <gpxtpx:TrackPointExtension>
            <gpxtpx:hr>145</gpxtpx:hr>
          </gpxtpx:TrackPointExtension>
        </extensions>
      </trkpt>
      <trkpt lat="22.550944752821074" lon="114.09090245415473">
        <ele>16.647590002976358</ele>
        <time>1970-01-01T00:13:33.300000Z</time>
        <extensions>
          <gpxtpx:TrackPointExtension>
            <gpxtpx:hr>145</gpxtpx:hr>
          </gpxtpx:TrackPointExtension>
        </extensions>
      </trkpt>
      <trkpt lat="22.55097092104809" lon="114.09089698621797">
        <ele>16.70061059948057</ele>
        <time>1970-01-01T00:13:34.300000Z</time>
        <extensions>
          <gpxtpx:TrackPointExtension>
            <gpxtpx:hr>145</gpxtpx:hr>
          </gpxtpx:TrackPointExtension>
        </extensions>
      </trkpt>
      <trkpt lat="22.550996404523662" lon="114.09089343727422">
        <ele>16.796377308666706</ele>
        <time>1970-01-01T00:13:35.300000Z</time>
        <extensions>
          <gpxtpx:TrackPointExtension>
            <gpxtpx:hr>146</gpxtpx:hr>
          </gpxtpx:TrackPointExtension>
        </extensions>
      </trkpt>
      <trkpt lat="22.551020572894473" lon="114.09089159160564">
        <ele>16.900492371991277</ele>
        <time>1970-01-01T00:13:36.300000Z</time>
        <extensions>
          <gpxtpx:TrackPointExtension>
            <gpxtpx:hr>146</gpxtpx:hr>
          </gpxtpx:TrackPointExtension>
        </extensions>
      </trkpt>
      <trkpt lat="22.55104447132924" lon="114.09089082991642">
        <ele>16.979445226490498</ele>
        <time>1970-01-01T00:13:37.300000Z</time>
        <extensions>
          <gpxtpx:TrackPointExtension>
            <gpxtpx:hr>146</gpxtpx:hr>
          </gpxtpx:TrackPointExtension>
        </extensions>
      </trkpt>
      <trkpt lat="22.551068810086004" lon="114.09089078237842">
        <ele>17.082029626704752</ele>
        <time>1970-01-01T00:13:38.300000Z</time>
        <extensions>
          <gpxtpx:TrackPointExtension>
            <gpxtpx:hr>146</gpxtpx:hr>
          </gpxtpx:TrackPointExtension>
        </extensions>
      </trkpt>
      <trkpt lat="22.551093208681646" lon="114.09089147576441">
        <ele>17.19266715552658</ele>
        <time>1970-01-01T00:13:39.300000Z</time>
        <extensions>
          <gpxtpx:TrackPointExtension>
            <gpxtpx:hr>146</gpxtpx:hr>
          </gpxtpx:TrackPointExtension>
        </extensions>
      </trkpt>
      <trkpt lat="22.551117056092526" lon="114.09089250785392">
        <ele>17.27852674294263</ele>
        <time>1970-01-01T00:13:40.300000Z</time>
        <extensions>
          <gpxtpx:TrackPointExtension>
            <gpxtpx:hr>145</gpxtpx:hr>
          </gpxtpx:TrackPointExtension>
        </extensions>
      </trkpt>
      <trkpt lat="22.5511415267414" lon="114.09089322954257">
        <ele>17.396265098825097</ele>
        <time>1970-01-01T00:13:41.300000Z</time>
        <extensions>
          <gpxtpx:TrackPointExtension>
            <gpxtpx:hr>145</gpxtpx:hr>
          </gpxtpx:TrackPointExtension>
        </extensions>
      </trkpt>
      <trkpt lat="22.551167692926022" lon="114.09089370496302">
        <ele>17.502842212095857</ele>
        <time>1970-01-01T00:13:42.300000Z</time>
        <extensions>
          <gpxtpx:TrackPointExtension>
            <gpxtpx:hr>145</gpxtpx:hr>
          </gpxtpx:TrackPointExtension>
        </extensions>
      </trkpt>
      <trkpt lat="22.551194578105957" lon="114.09089463103417">
        <ele>17.572491575032473</ele>
        <time>1970-01-01T00:13:43.300000Z</time>
        <extensions>
          <gpxtpx:TrackPointExtension>
            <gpxtpx:hr>145</gpxtpx:hr>
          </gpxtpx:TrackPointExtension>
        </extensions>
      </trkpt>
      <trkpt lat="22.55122075249445" lon="114.09089585056566">
        <ele>17.627693828195333</ele>
        <time>1970-01-01T00:13:44.300000Z</time>
        <extensions>
          <gpxtpx:TrackPointExtension>
            <gpxtpx:hr>145</gpxtpx:hr>
          </gpxtpx:TrackPointExtension>
        </extensions>
      </trkpt>
      <trkpt lat="22.551245527280013" lon="114.09089682027262">
        <ele>17.665986021980643</ele>
        <time>1970-01-01T00:13:45.300000Z</time>
        <extensions>
          <gpxtpx:TrackPointExtension>
            <gpxtpx:hr>145</gpxtpx:hr>
          </gpxtpx:TrackPointExtension>
        </extensions>
      </trkpt>
      <trkpt lat="22.55126947116667" lon="114.09089776623571">
        <ele>17.649806526489556</ele>
        <time>1970-01-01T00:13:46.300000Z</time>
        <extensions>
          <gpxtpx:TrackPointExtension>
            <gpxtpx:hr>146</gpxtpx:hr>
          </gpxtpx:TrackPointExtension>
        </extensions>
      </trkpt>
      <trkpt lat="22.551293580757395" lon="114.09089883969445">
        <ele>17.582443692721426</ele>
        <time>1970-01-01T00:13:47.300000Z</time>
        <extensions>
          <gpxtpx:TrackPointExtension>
            <gpxtpx:hr>146</gpxtpx:hr>
          </gpxtpx:TrackPointExtension>
        </extensions>
      </trkpt>
      <trkpt lat="22.55131825370782" lon="114.09090005922516">
        <ele>17.489305697381496</ele>
        <time>1970-01-01T00:13:48.300000Z</time>
        <extensions>
          <gpxtpx:TrackPointExtension>
            <gpxtpx:hr>146</gpxtpx:hr>
          </gpxtpx:TrackPointExtension>
        </extensions>
      </trkpt>
      <trkpt lat="22.551342368725408" lon="114.09090149341887">
        <ele>17.359897827729583</ele>
        <time>1970-01-01T00:13:49.300000Z</time>
        <extensions>
          <gpxtpx:TrackPointExtension>
            <gpxtpx:hr>146</gpxtpx:hr>
          </gpxtpx:TrackPointExtension>
        </extensions>
      </trkpt>
      <trkpt lat="22.551365575074538" lon="114.09090290860907">
        <ele>17.175221018493176</ele>
        <time>1970-01-01T00:13:50.300000Z</time>
        <extensions>
          <gpxtpx:TrackPointExtension>
            <gpxtpx:hr>146</gpxtpx:hr>
          </gpxtpx:TrackPointExtension>
        </extensions>
      </trkpt>
      <trkpt lat="22.551388642120088" lon="114.09090412039738">
        <ele>16.93403831962496</ele>
        <time>1970-01-01T00:13:51.300000Z</time>
        <extensions>
          <gpxtpx:TrackPointExtension>
            <gpxtpx:hr>146</gpxtpx:hr>
          </gpxtpx:TrackPointExtension>
        </extensions>
      </trkpt>
      <trkpt lat="22.551411863345052" lon="114.0909055533713">
        <ele>16.654250021092594</ele>
        <time>1970-01-01T00:13:52.300000Z</time>
        <extensions>
          <gpxtpx:TrackPointExtension>
            <gpxtpx:hr>146</gpxtpx:hr>
          </gpxtpx:TrackPointExtension>
        </extensions>
      </trkpt>
      <trkpt lat="22.55143527863676" lon="114.09090662819658">
        <ele>16.36142818350345</ele>
        <time>1970-01-01T00:13:53.300000Z</time>
        <extensions>
          <gpxtpx:TrackPointExtension>
            <gpxtpx:hr>145</gpxtpx:hr>
          </gpxtpx:TrackPointExtension>
        </extensions>
      </trkpt>
      <trkpt lat="22.551457791289835" lon="114.09090549961596">
        <ele>16.047269622795284</ele>
        <time>1970-01-01T00:13:54.300000Z</time>
        <extensions>
          <gpxtpx:TrackPointExtension>
            <gpxtpx:hr>145</gpxtpx:hr>
          </gpxtpx:TrackPointExtension>
        </extensions>
      </trkpt>
      <trkpt lat="22.551478936513078" lon="114.09090161383826">
        <ele>15.727456592954695</ele>
        <time>1970-01-01T00:13:55.300000Z</time>
        <extensions>
          <gpxtpx:TrackPointExtension>
            <gpxtpx:hr>145</gpxtpx:hr>
          </gpxtpx:TrackPointExtension>
        </extensions>
      </trkpt>
      <trkpt lat="22.551499532744607" lon="114.09089608300926">
        <ele>15.432213802821934</ele>
        <time>1970-01-01T00:13:56.300000Z</time>
        <extensions>
          <gpxtpx:TrackPointExtension>
            <gpxtpx:hr>145</gpxtpx:hr>
          </gpxtpx:TrackPointExtension>
        </extensions>
      </trkpt>
      <trkpt lat="22.5515206842905" lon="114.09089051097246">
        <ele>15.126770381815732</ele>
        <time>1970-01-01T00:13:57.300000Z</time>
        <extensions>
          <gpxtpx:TrackPointExtension>
            <gpxtpx:hr>145</gpxtpx:hr>
          </gpxtpx:TrackPointExtension>
        </extensions>
      </trkpt>
      <trkpt lat="22.55154247908589" lon="114.09088575939121">
        <ele>14.816776871681213</ele>
        <time>1970-01-01T00:13:58.300000Z</time>
        <extensions>
          <gpxtpx:TrackPointExtension>
            <gpxtpx:hr>146</gpxtpx:hr>
          </gpxtpx:TrackPointExtension>
        </extensions>
      </trkpt>
      <trkpt lat="22.55156471555685" lon="114.09088121642131">
        <ele>14.520899896509945</ele>
        <time>1970-01-01T00:13:59.300000Z</time>
        <extensions>
          <gpxtpx:TrackPointExtension>
            <gpxtpx:hr>146</gpxtpx:hr>
          </gpxtpx:TrackPointExtension>
        </extensions>
      </trkpt>
      <trkpt lat="22.551585885179573" lon="114.09087597230324">
        <ele>14.250413778237998</ele>
        <time>1970-01-01T00:14:00.300000Z</time>
        <extensions>
          <gpxtpx:TrackPointExtension>
            <gpxtpx:hr>146</gpxtpx:hr>
          </gpxtpx:TrackPointExtension>
        </extensions>
      </trkpt>
      <trkpt lat="22.551605311313672" lon="114.09087143771252">
        <ele>13.988414540886879</ele>
        <time>1970-01-01T00:14:01.300000Z</time>
        <extensions>
          <gpxtpx:TrackPointExtension>
            <gpxtpx:hr>146</gpxtpx:hr>
          </gpxtpx:TrackPointExtension>
        </extensions>
      </trkpt>
      <trkpt lat="22.551622659169965" lon="114.09086985162646">
        <ele>13.757229856215417</ele>
        <time>1970-01-01T00:14:02.300000Z</time>
        <extensions>
          <gpxtpx:TrackPointExtension>
            <gpxtpx:hr>146</gpxtpx:hr>
          </gpxtpx:TrackPointExtension>
        </extensions>
      </trkpt>
      <trkpt lat="22.551637583826984" lon="114.09087226047156">
        <ele>13.561682377941906</ele>
        <time>1970-01-01T00:14:03.300000Z</time>
        <extensions>
          <gpxtpx:TrackPointExtension>
            <gpxtpx:hr>146</gpxtpx:hr>
          </gpxtpx:TrackPointExtension>
        </extensions>
      </trkpt>
      <trkpt lat="22.551648597301536" lon="114.09087851893234">
        <ele>13.39144033100456</ele>
        <time>1970-01-01T00:14:04.300000Z</time>
        <extensions>
          <gpxtpx:TrackPointExtension>
            <gpxtpx:hr>146</gpxtpx:hr>
          </gpxtpx:TrackPointExtension>
        </extensions>
      </trkpt>
      <trkpt lat="22.551653845097697" lon="114.09088670022675">
        <ele>13.25644402205944</ele>
        <time>1970-01-01T00:14:05.300000Z</time>
        <extensions>
          <gpxtpx:TrackPointExtension>
            <gpxtpx:hr>146</gpxtpx:hr>
          </gpxtpx:TrackPointExtension>
        </extensions>
      </trkpt>
      <trkpt lat="22.551655650719148" lon="114.09089363609183">
        <ele>13.143648268654943</ele>
        <time>1970-01-01T00:14:06.300000Z</time>
        <extensions>
          <gpxtpx:TrackPointExtension>
            <gpxtpx:hr>146</gpxtpx:hr>
          </gpxtpx:TrackPointExtension>
        </extensions>
      </trkpt>
      <trkpt lat="22.551658493597017" lon="114.09089940633334">
        <ele>13.052770604379475</ele>
        <time>1970-01-01T00:14:07.300000Z</time>
        <extensions>
          <gpxtpx:TrackPointExtension>
            <gpxtpx:hr>146</gpxtpx:hr>
          </gpxtpx:TrackPointExtension>
        </extensions>
      </trkpt>
      <trkpt lat="22.551663476051797" lon="114.09090372483269">
        <ele>12.976925288327038</ele>
        <time>1970-01-01T00:14:08.300000Z</time>
        <extensions>
          <gpxtpx:TrackPointExtension>
            <gpxtpx:hr>145</gpxtpx:hr>
          </gpxtpx:TrackPointExtension>
        </extensions>
      </trkpt>
      <trkpt lat="22.551668667116033" lon="114.09090703681548">
        <ele>12.909928725101054</ele>
        <time>1970-01-01T00:14:09.300000Z</time>
        <extensions>
          <gpxtpx:TrackPointExtension>
            <gpxtpx:hr>145</gpxtpx:hr>
          </gpxtpx:TrackPointExtension>
        </extensions>
      </trkpt>
      <trkpt lat="22.5516913899044" lon="114.09102446239912">
        <ele>11.62084920424968</ele>
        <time>1970-01-01T00:15:28.300000Z</time>
        <extensions>
          <gpxtpx:TrackPointExtension>
            <gpxtpx:hr>118</gpxtpx:hr>
          </gpxtpx:TrackPointExtension>
        </extensions>
      </trkpt>
      <trkpt lat="22.551690903755354" lon="114.09104717892028">
        <ele>11.73593123909086</ele>
        <time>1970-01-01T00:15:29.300000Z</time>
        <extensions>
          <gpxtpx:TrackPointExtension>
            <gpxtpx:hr>121</gpxtpx:hr>
          </gpxtpx:TrackPointExtension>
        </extensions>
      </trkpt>
      <trkpt lat="22.551689997320373" lon="114.09107273543944">
        <ele>11.861767762340605</ele>
        <time>1970-01-01T00:15:30.300000Z</time>
        <extensions>
          <gpxtpx:TrackPointExtension>
            <gpxtpx:hr>121</gpxtpx:hr>
          </gpxtpx:TrackPointExtension>
        </extensions>
      </trkpt>
      <trkpt lat="22.55168897770338" lon="114.09110099089324">
        <ele>11.998286947607994</ele>
        <time>1970-01-01T00:15:31.300000Z</time>
        <extensions>
          <gpxtpx:TrackPointExtension>
            <gpxtpx:hr>121</gpxtpx:hr>
          </gpxtpx:TrackPointExtension>
        </extensions>
      </trkpt>
      <trkpt lat="22.551686943611056" lon="114.09113000157517">
        <ele>12.111424384638667</ele>
        <time>1970-01-01T00:15:32.300000Z</time>
        <extensions>
          <gpxtpx:TrackPointExtension>
            <gpxtpx:hr>121</gpxtpx:hr>
          </gpxtpx:TrackPointExtension>
        </extensions>
      </trkpt>
      <trkpt lat="22.551683691516743" lon="114.09115824436134">
        <ele>12.21884594950825</ele>
        <time>1970-01-01T00:15:33.300000Z</time>
        <extensions>
          <gpxtpx:TrackPointExtension>
            <gpxtpx:hr>121</gpxtpx:hr>
          </gpxtpx:TrackPointExtension>
        </extensions>
      </trkpt>
      <trkpt lat="22.551680004435287" lon="114.09118544729091">
        <ele>12.333873715251684</ele>
        <time>1970-01-01T00:15:34.300000Z</time>
        <extensions>
          <gpxtpx:TrackPointExtension>
            <gpxtpx:hr>120</gpxtpx:hr>
          </gpxtpx:TrackPointExtension>
        </extensions>
      </trkpt>
      <trkpt lat="22.551675729111306" lon="114.09121164312958">
        <ele>12.435487278737128</ele>
        <time>1970-01-01T00:15:35.300000Z</time>
        <extensions>
          <gpxtpx:TrackPointExtension>
            <gpxtpx:hr>120</gpxtpx:hr>
          </gpxtpx:TrackPointExtension>
        </extensions>
      </trkpt>
      <trkpt lat="22.55167022376373" lon="114.09123620280691">
        <ele>12.52432707324624</ele>
        <time>1970-01-01T00:15:36.300000Z</time>
        <extensions>
          <gpxtpx:TrackPointExtension>
            <gpxtpx:hr>120</gpxtpx:hr>
          </gpxtpx:TrackPointExtension>
        </extensions>
      </trkpt>
      <trkpt lat="22.551662857776314" lon="114.09125841431191">
        <ele>12.61169949080795</ele>
        <time>1970-01-01T00:15:37.300000Z</time>
        <extensions>
          <gpxtpx:TrackPointExtension>
            <gpxtpx:hr>120</gpxtpx:hr>
          </gpxtpx:TrackPointExtension>
        </extensions>
      </trkpt>
      <trkpt lat="22.551652739439685" lon="114.09127735936181">
        <ele>12.68775494210422</ele>
        <time>1970-01-01T00:15:38.300000Z</time>
        <extensions>
          <gpxtpx:TrackPointExtension>
            <gpxtpx:hr>120</gpxtpx:hr>
          </gpxtpx:TrackPointExtension>
        </extensions>
      </trkpt>
      <trkpt lat="22.551637294640734" lon="114.09129213592934">
        <ele>12.808314556255937</ele>
        <time>1970-01-01T00:15:39.300000Z</time>
        <extensions>
          <gpxtpx:TrackPointExtension>
            <gpxtpx:hr>120</gpxtpx:hr>
          </gpxtpx:TrackPointExtension>
        </extensions>
      </trkpt>
      <trkpt lat="22.551615155359762" lon="114.0913026867132">
        <ele>12.905294623225927</ele>
        <time>1970-01-01T00:15:40.300000Z</time>
        <extensions>
          <gpxtpx:TrackPointExtension>
            <gpxtpx:hr>116</gpxtpx:hr>
          </gpxtpx:TrackPointExtension>
        </extensions>
      </trkpt>
      <trkpt lat="22.55158946755002" lon="114.09130793617682">
        <ele>13.002867994830012</ele>
        <time>1970-01-01T00:15:41.300000Z</time>
        <extensions>
          <gpxtpx:TrackPointExtension>
            <gpxtpx:hr>116</gpxtpx:hr>
          </gpxtpx:TrackPointExtension>
        </extensions>
      </trkpt>
      <trkpt lat="22.55156378214694" lon="114.09130760638548">
        <ele>13.140750954858959</ele>
        <time>1970-01-01T00:15:42.300000Z</time>
        <extensions>
          <gpxtpx:TrackPointExtension>
            <gpxtpx:hr>116</gpxtpx:hr>
          </gpxtpx:TrackPointExtension>
        </extensions>
      </trkpt>
      <trkpt lat="22.551538815364854" lon="114.09130290087701">
        <ele>13.315572895109653</ele>
        <time>1970-01-01T00:15:43.300000Z</time>
        <extensions>
          <gpxtpx:TrackPointExtension>
            <gpxtpx:hr>116</gpxtpx:hr>
          </gpxtpx:TrackPointExtension>
        </extensions>
      </trkpt>
      <trkpt lat="22.551513900018925" lon="114.09129541403746">
        <ele>13.512266153469682</ele>
        <time>1970-01-01T00:15:44.300000Z</time>
        <extensions>
          <gpxtpx:TrackPointExtension>
            <gpxtpx:hr>116</gpxtpx:hr>
          </gpxtpx:TrackPointExtension>
        </extensions>
      </trkpt>
      <trkpt lat="22.551488789016503" lon="114.09128820146265">
        <ele>13.742254687473178</ele>
        <time>1970-01-01T00:15:45.300000Z</time>
        <extensions>
          <gpxtpx:TrackPointExtension>
            <gpxtpx:hr>116</gpxtpx:hr>
          </gpxtpx:TrackPointExtension>
        </extensions>
      </trkpt>
      <trkpt lat="22.551463425284048" lon="114.09128431917766">
        <ele>13.979636709205806</ele>
        <time>1970-01-01T00:15:46.300000Z</time>
        <extensions>
          <gpxtpx:TrackPointExtension>
            <gpxtpx:hr>116</gpxtpx:hr>
          </gpxtpx:TrackPointExtension>
        </extensions>
      </trkpt>
      <trkpt lat="22.55143831422013" lon="114.09128413321415">
        <ele>14.227138191461563</ele>
        <time>1970-01-01T00:15:47.300000Z</time>
        <extensions>
          <gpxtpx:TrackPointExtension>
            <gpxtpx:hr>116</gpxtpx:hr>
          </gpxtpx:TrackPointExtension>
        </extensions>
      </trkpt>
      <trkpt lat="22.55141323692223" lon="114.09128601244345">
        <ele>14.524397723376751</ele>
        <time>1970-01-01T00:15:48.300000Z</time>
        <extensions>
          <gpxtpx:TrackPointExtension>
            <gpxtpx:hr>116</gpxtpx:hr>
          </gpxtpx:TrackPointExtension>
        </extensions>
      </trkpt>
      <trkpt lat="22.55138767532603" lon="114.09128823473289">
        <ele>14.816045044921339</ele>
        <time>1970-01-01T00:15:49.300000Z</time>
        <extensions>
          <gpxtpx:TrackPointExtension>
            <gpxtpx:hr>119</gpxtpx:hr>
          </gpxtpx:TrackPointExtension>
        </extensions>
      </trkpt>
      <trkpt lat="22.551361530967768" lon="114.09128993725534">
        <ele>15.137104558758438</ele>
        <time>1970-01-01T00:15:50.300000Z</time>
        <extensions>
          <gpxtpx:TrackPointExtension>
            <gpxtpx:hr>119</gpxtpx:hr>
          </gpxtpx:TrackPointExtension>
        </extensions>
      </trkpt>
      <trkpt lat="22.551334995855072" lon="114.09129086704677">
        <ele>15.452799157239497</ele>
        <time>1970-01-01T00:15:51.300000Z</time>
        <extensions>
          <gpxtpx:TrackPointExtension>
            <gpxtpx:hr>119</gpxtpx:hr>
          </gpxtpx:TrackPointExtension>
        </extensions>
      </trkpt>
      <trkpt lat="22.551308863542506" lon="114.0912912537504">
        <ele>15.739141514524817</ele>
        <time>1970-01-01T00:15:52.300000Z</time>
        <extensions>
          <gpxtpx:TrackPointExtension>
            <gpxtpx:hr>119</gpxtpx:hr>
          </gpxtpx:TrackPointExtension>
        </extensions>
      </trkpt>
      <trkpt lat="22.55128314372869" lon="114.0912913190117">
        <ele>16.007019235752523</ele>
        <time>1970-01-01T00:15:53.300000Z</time>
        <extensions>
          <gpxtpx:TrackPointExtension>
            <gpxtpx:hr>119</gpxtpx:hr>
          </gpxtpx:TrackPointExtension>
        </extensions>
      </trkpt>
      <trkpt lat="22.551256779070894" lon="114.09129140406311">
        <ele>16.210972390137613</ele>
        <time>1970-01-01T00:15:54.300000Z</time>
        <extensions>
          <gpxtpx:TrackPointExtension>
            <gpxtpx:hr>119</gpxtpx:hr>
          </gpxtpx:TrackPointExtension>
        </extensions>
      </trkpt>
      <trkpt lat="22.551230080082448" lon="114.09129233008422">
        <ele>16.346615040674806</ele>
        <time>1970-01-01T00:15:55.300000Z</time>
        <extensions>
          <gpxtpx:TrackPointExtension>
            <gpxtpx:hr>126</gpxtpx:hr>
          </gpxtpx:TrackPointExtension>
        </extensions>
      </trkpt>
      <trkpt lat="22.551204869245097" lon="114.09129444153508">
        <ele>16.428082764148712</ele>
        <time>1970-01-01T00:15:56.300000Z</time>
        <extensions>
          <gpxtpx:TrackPointExtension>
            <gpxtpx:hr>126</gpxtpx:hr>
          </gpxtpx:TrackPointExtension>
        </extensions>
      </trkpt>
      <trkpt lat="22.55118149675541" lon="114.09129730585225">
        <ele>16.46488878875971</ele>
        <time>1970-01-01T00:15:57.300000Z</time>
        <extensions>
          <gpxtpx:TrackPointExtension>
            <gpxtpx:hr>126</gpxtpx:hr>
          </gpxtpx:TrackPointExtension>
        </extensions>
      </trkpt>
      <trkpt lat="22.551158156858268" lon="114.0912999595619">
        <ele>16.436094098724425</ele>
        <time>1970-01-01T00:15:58.300000Z</time>
        <extensions>
          <gpxtpx:TrackPointExtension>
            <gpxtpx:hr>126</gpxtpx:hr>
          </gpxtpx:TrackPointExtension>
        </extensions>
      </trkpt>
      <trkpt lat="22.55113411791326" lon="114.09130192331712">
        <ele>16.364487620070577</ele>
        <time>1970-01-01T00:15:59.300000Z</time>
        <extensions>
          <gpxtpx:TrackPointExtension>
            <gpxtpx:hr>126</gpxtpx:hr>
          </gpxtpx:TrackPointExtension>
        </extensions>
      </trkpt>
      <trkpt lat="22.551109797189962" lon="114.09130360010957">
        <ele>16.250605195760727</ele>
        <time>1970-01-01T00:16:00.300000Z</time>
        <extensions>
          <gpxtpx:TrackPointExtension>
            <gpxtpx:hr>126</gpxtpx:hr>
          </gpxtpx:TrackPointExtension>
        </extensions>
      </trkpt>
      <trkpt lat="22.55108527915166" lon="114.09130546468026">
        <ele>16.068718560039997</ele>
        <time>1970-01-01T00:16:01.300000Z</time>
        <extensions>
          <gpxtpx:TrackPointExtension>
            <gpxtpx:hr>127</gpxtpx:hr>
          </gpxtpx:TrackPointExtension>
        </extensions>
      </trkpt>
      <trkpt lat="22.551060811681047" lon="114.09130759456264">
        <ele>15.86226555146277</ele>
        <time>1970-01-01T00:16:02.300000Z</time>
        <extensions>
          <gpxtpx:TrackPointExtension>
            <gpxtpx:hr>127</gpxtpx:hr>
          </gpxtpx:TrackPointExtension>
        </extensions>
      </trkpt>
      <trkpt lat="22.551036614484996" lon="114.09130970248411">
        <ele>15.625636932440102</ele>
        <time>1970-01-01T00:16:03.300000Z</time>
        <extensions>
          <gpxtpx:TrackPointExtension>
            <gpxtpx:hr>127</gpxtpx:hr>
          </gpxtpx:TrackPointExtension>
        </extensions>
      </trkpt>
      <trkpt lat="22.551013135365324" lon="114.09131141204561">
        <ele>15.357776639983058</ele>
        <time>1970-01-01T00:16:04.300000Z</time>
        <extensions>
          <gpxtpx:TrackPointExtension>
            <gpxtpx:hr>127</gpxtpx:hr>
          </gpxtpx:TrackPointExtension>
        </extensions>
      </trkpt>
      <trkpt lat="22.550989654110698" lon="114.09131249964061">
        <ele>15.097234765067697</ele>
        <time>1970-01-01T00:16:05.300000Z</time>
        <extensions>
          <gpxtpx:TrackPointExtension>
            <gpxtpx:hr>127</gpxtpx:hr>
          </gpxtpx:TrackPointExtension>
        </extensions>
      </trkpt>
      <trkpt lat="22.55096598645977" lon="114.09131269680068">
        <ele>14.833346968516707</ele>
        <time>1970-01-01T00:16:06.300000Z</time>
        <extensions>
          <gpxtpx:TrackPointExtension>
            <gpxtpx:hr>129</gpxtpx:hr>
          </gpxtpx:TrackPointExtension>
        </extensions>
      </trkpt>
      <trkpt lat="22.550942772877573" lon="114.09131202926747">
        <ele>14.566713367588818</ele>
        <time>1970-01-01T00:16:07.300000Z</time>
        <extensions>
          <gpxtpx:TrackPointExtension>
            <gpxtpx:hr>129</gpxtpx:hr>
          </gpxtpx:TrackPointExtension>
        </extensions>
      </trkpt>
      <trkpt lat="22.550920111024027" lon="114.09131082846035">
        <ele>14.357847110368311</ele>
        <time>1970-01-01T00:16:08.300000Z</time>
        <extensions>
          <gpxtpx:TrackPointExtension>
            <gpxtpx:hr>129</gpxtpx:hr>
          </gpxtpx:TrackPointExtension>
        </extensions>
      </trkpt>
      <trkpt lat="22.550897029780405" lon="114.0913095330495">
        <ele>14.154058581218123</ele>
        <time>1970-01-01T00:16:09.300000Z</time>
        <extensions>
          <gpxtpx:TrackPointExtension>
            <gpxtpx:hr>129</gpxtpx:hr>
          </gpxtpx:TrackPointExtension>
        </extensions>
      </trkpt>
      <trkpt lat="22.550872402577337" lon="114.09130864261006">
        <ele>13.952407229691744</ele>
        <time>1970-01-01T00:16:10.300000Z</time>
        <extensions>
          <gpxtpx:TrackPointExtension>
            <gpxtpx:hr>129</gpxtpx:hr>
          </gpxtpx:TrackPointExtension>
        </extensions>
      </trkpt>
      <trkpt lat="22.55084685105434" lon="114.0913083633841">
        <ele>13.793588360771537</ele>
        <time>1970-01-01T00:16:11.300000Z</time>
        <extensions>
          <gpxtpx:TrackPointExtension>
            <gpxtpx:hr>129</gpxtpx:hr>
          </gpxtpx:TrackPointExtension>
        </extensions>
      </trkpt>
      <trkpt lat="22.5508213497357" lon="114.09130850443651">
        <ele>13.664967777207494</ele>
        <time>1970-01-01T00:16:12.300000Z</time>
        <extensions>
          <gpxtpx:TrackPointExtension>
            <gpxtpx:hr>131</gpxtpx:hr>
          </gpxtpx:TrackPointExtension>
        </extensions>
      </trkpt>
      <trkpt lat="22.55079631805161" lon="114.09130843911586">
        <ele>13.557131325826049</ele>
        <time>1970-01-01T00:16:13.300000Z</time>
        <extensions>
          <gpxtpx:TrackPointExtension>
            <gpxtpx:hr>131</gpxtpx:hr>
          </gpxtpx:TrackPointExtension>
        </extensions>
      </trkpt>
      <trkpt lat="22.55077148775372" lon="114.09130815287065">
        <ele>13.47875873092562</ele>
        <time>1970-01-01T00:16:14.300000Z</time>
        <extensions>
          <gpxtpx:TrackPointExtension>
            <gpxtpx:hr>131</gpxtpx:hr>
          </gpxtpx:TrackPointExtension>
        </extensions>
      </trkpt>
      <trkpt lat="22.550746935047105" lon="114.09130760297">
        <ele>13.410451878793538</ele>
        <time>1970-01-01T00:16:15.300000Z</time>
        <extensions>
          <gpxtpx:TrackPointExtension>
            <gpxtpx:hr>133</gpxtpx:hr>
          </gpxtpx:TrackPointExtension>
        </extensions>
      </trkpt>
      <trkpt lat="22.550722270037227" lon="114.09130674695392">
        <ele>13.367269198410213</ele>
        <time>1970-01-01T00:16:16.300000Z</time>
        <extensions>
          <gpxtpx:TrackPointExtension>
            <gpxtpx:hr>133</gpxtpx:hr>
          </gpxtpx:TrackPointExtension>
        </extensions>
      </trkpt>
      <trkpt lat="22.550697603655127" lon="114.09130623891724">
        <ele>13.34220717381686</ele>
        <time>1970-01-01T00:16:17.300000Z</time>
        <extensions>
          <gpxtpx:TrackPointExtension>
            <gpxtpx:hr>133</gpxtpx:hr>
          </gpxtpx:TrackPointExtension>
        </extensions>
      </trkpt>
      <trkpt lat="22.550673522888918" lon="114.09130583555226">
        <ele>13.324015380814672</ele>
        <time>1970-01-01T00:16:18.300000Z</time>
        <extensions>
          <gpxtpx:TrackPointExtension>
            <gpxtpx:hr>133</gpxtpx:hr>
          </gpxtpx:TrackPointExtension>
        </extensions>
      </trkpt>
      <trkpt lat="22.55065043705579" lon="114.0913048524863">
        <ele>13.314806361682713</ele>
        <time>1970-01-01T00:16:19.300000Z</time>
        <extensions>
          <gpxtpx:TrackPointExtension>
            <gpxtpx:hr>133</gpxtpx:hr>
          </gpxtpx:TrackPointExtension>
        </extensions>
      </trkpt>
      <trkpt lat="22.55062816060056" lon="114.091303531346">
        <ele>13.334524217993021</ele>
        <time>1970-01-01T00:16:20.300000Z</time>
        <extensions>
          <gpxtpx:TrackPointExtension>
            <gpxtpx:hr>137</gpxtpx:hr>
          </gpxtpx:TrackPointExtension>
        </extensions>
      </trkpt>
      <trkpt lat="22.55060577376" lon="114.09130312681233">
        <ele>13.332607818767428</ele>
        <time>1970-01-01T00:16:21.300000Z</time>
        <extensions>
          <gpxtpx:TrackPointExtension>
            <gpxtpx:hr>137</gpxtpx:hr>
          </gpxtpx:TrackPointExtension>
        </extensions>
      </trkpt>
      <trkpt lat="22.550582953920276" lon="114.09130463109986">
        <ele>13.345218383707106</ele>
        <time>1970-01-01T00:16:22.300000Z</time>
        <extensions>
          <gpxtpx:TrackPointExtension>
            <gpxtpx:hr>137</gpxtpx:hr>
          </gpxtpx:TrackPointExtension>
        </extensions>
      </trkpt>
      <trkpt lat="22.550559748603423" lon="114.0913079456097">
        <ele>13.357875381596386</ele>
        <time>1970-01-01T00:16:23.300000Z</time>
        <extensions>
          <gpxtpx:TrackPointExtension>
            <gpxtpx:hr>137</gpxtpx:hr>
          </gpxtpx:TrackPointExtension>
        </extensions>
      </trkpt>
      <trkpt lat="22.550536074299586" lon="114.09131236099454">
        <ele>13.351458520628512</ele>
        <time>1970-01-01T00:16:24.300000Z</time>
        <extensions>
          <gpxtpx:TrackPointExtension>
            <gpxtpx:hr>137</gpxtpx:hr>
          </gpxtpx:TrackPointExtension>
        </extensions>
      </trkpt>
      <trkpt lat="22.550512464178087" lon="114.09131668770996">
        <ele>13.319944373331964</ele>
        <time>1970-01-01T00:16:25.300000Z</time>
        <extensions>
          <gpxtpx:TrackPointExtension>
            <gpxtpx:hr>137</gpxtpx:hr>
          </gpxtpx:TrackPointExtension>
        </extensions>
      </trkpt>
      <trkpt lat="22.55048893143369" lon="114.09132009514936">
        <ele>13.301350033842027</ele>
        <time>1970-01-01T00:16:26.300000Z</time>
        <extensions>
          <gpxtpx:TrackPointExtension>
            <gpxtpx:hr>138</gpxtpx:hr>
          </gpxtpx:TrackPointExtension>
        </extensions>
      </trkpt>
      <trkpt lat="22.55046440491612" lon="114.09132266728486">
        <ele>13.276341921649873</ele>
        <time>1970-01-01T00:16:27.300000Z</time>
        <extensions>
          <gpxtpx:TrackPointExtension>
            <gpxtpx:hr>138</gpxtpx:hr>
          </gpxtpx:TrackPointExtension>
        </extensions>
      </trkpt>
      <trkpt lat="22.550439127025133" lon="114.09132424301552">
        <ele>13.21980169788003</ele>
        <time>1970-01-01T00:16:28.300000Z</time>
        <extensions>
          <gpxtpx:TrackPointExtension>
            <gpxtpx:hr>138</gpxtpx:hr>
          </gpxtpx:TrackPointExtension>
        </extensions>
      </trkpt>
      <trkpt lat="22.550414177875094" lon="114.09132433487386">
        <ele>13.161510180681944</ele>
        <time>1970-01-01T00:16:29.300000Z</time>
        <extensions>
          <gpxtpx:TrackPointExtension>
            <gpxtpx:hr>138</gpxtpx:hr>
          </gpxtpx:TrackPointExtension>
        </extensions>
      </trkpt>
      <trkpt lat="22.550390274461073" lon="114.09132309676083">
        <ele>13.09574091527611</ele>
        <time>1970-01-01T00:16:30.300000Z</time>
        <extensions>
          <gpxtpx:TrackPointExtension>
            <gpxtpx:hr>138</gpxtpx:hr>
          </gpxtpx:TrackPointExtension>
        </extensions>
      </trkpt>
      <trkpt lat="22.55036733814243" lon="114.09132175830489">
        <ele>13.014916581101716</ele>
        <time>1970-01-01T00:16:31.300000Z</time>
        <extensions>
          <gpxtpx:TrackPointExtension>
            <gpxtpx:hr>139</gpxtpx:hr>
          </gpxtpx:TrackPointExtension>
        </extensions>
      </trkpt>
      <trkpt lat="22.550344611723457" lon="114.09132122851756">
        <ele>12.943242928013206</ele>
        <time>1970-01-01T00:16:32.300000Z</time>
        <extensions>
          <gpxtpx:TrackPointExtension>
            <gpxtpx:hr>139</gpxtpx:hr>
          </gpxtpx:TrackPointExtension>
        </extensions>
      </trkpt>
      <trkpt lat="22.550321998002147" lon="114.09132117743839">
        <ele>12.872501694597304</ele>
        <time>1970-01-01T00:16:33.300000Z</time>
        <extensions>
          <gpxtpx:TrackPointExtension>
            <gpxtpx:hr>139</gpxtpx:hr>
          </gpxtpx:TrackPointExtension>
        </extensions>
      </trkpt>
      <trkpt lat="22.55030004720754" lon="114.09132139361903">
        <ele>12.833789986558259</ele>
        <time>1970-01-01T00:16:34.300000Z</time>
        <extensions>
          <gpxtpx:TrackPointExtension>
            <gpxtpx:hr>139</gpxtpx:hr>
          </gpxtpx:TrackPointExtension>
        </extensions>
      </trkpt>
      <trkpt lat="22.550279056437635" lon="114.0913224503415">
        <ele>12.829458069056273</ele>
        <time>1970-01-01T00:16:35.300000Z</time>
        <extensions>
          <gpxtpx:TrackPointExtension>
            <gpxtpx:hr>139</gpxtpx:hr>
          </gpxtpx:TrackPointExtension>
        </extensions>
      </trkpt>
      <trkpt lat="22.550258166390826" lon="114.09132467468045">
        <ele>12.8351667271927</ele>
        <time>1970-01-01T00:16:36.300000Z</time>
        <extensions>
          <gpxtpx:TrackPointExtension>
            <gpxtpx:hr>138</gpxtpx:hr>
          </gpxtpx:TrackPointExtension>
        </extensions>
      </trkpt>
      <trkpt lat="22.550236469695207" lon="114.09132759950354">
        <ele>12.860708775930107</ele>
        <time>1970-01-01T00:16:37.300000Z</time>
        <extensions>
          <gpxtpx:TrackPointExtension>
            <gpxtpx:hr>138</gpxtpx:hr>
          </gpxtpx:TrackPointExtension>
        </extensions>
      </trkpt>
      <trkpt lat="22.5502141018164" lon="114.0913308442248">
        <ele>12.944144746288657</ele>
        <time>1970-01-01T00:16:38.300000Z</time>
        <extensions>
          <gpxtpx:TrackPointExtension>
            <gpxtpx:hr>138</gpxtpx:hr>
          </gpxtpx:TrackPointExtension>
        </extensions>
      </trkpt>
      <trkpt lat="22.55019160291766" lon="114.09133433917107">
        <ele>13.045754638500512</ele>
        <time>1970-01-01T00:16:39.300000Z</time>
        <extensions>
          <gpxtpx:TrackPointExtension>
            <gpxtpx:hr>138</gpxtpx:hr>
          </gpxtpx:TrackPointExtension>
        </extensions>
      </trkpt>
      <trkpt lat="22.550169225264206" lon="114.09133782340346">
        <ele>13.214702875353396</ele>
        <time>1970-01-01T00:16:40.300000Z</time>
        <extensions>
          <gpxtpx:TrackPointExtension>
            <gpxtpx:hr>138</gpxtpx:hr>
          </gpxtpx:TrackPointExtension>
        </extensions>
      </trkpt>
      <trkpt lat="22.550147191071922" lon="114.0913404851573">
        <ele>13.414999762549996</ele>
        <time>1970-01-01T00:16:41.300000Z</time>
        <extensions>
          <gpxtpx:TrackPointExtension>
            <gpxtpx:hr>138</gpxtpx:hr>
          </gpxtpx:TrackPointExtension>
        </extensions>
      </trkpt>
      <trkpt lat="22.55012487801678" lon="114.09134153661259">
        <ele>13.60566976480186</ele>
        <time>1970-01-01T00:16:42.300000Z</time>
        <extensions>
          <gpxtpx:TrackPointExtension>
            <gpxtpx:hr>138</gpxtpx:hr>
          </gpxtpx:TrackPointExtension>
        </extensions>
      </trkpt>
      <trkpt lat="22.55010107665466" lon="114.09134122154987">
        <ele>13.814097738824785</ele>
        <time>1970-01-01T00:16:43.300000Z</time>
        <extensions>
          <gpxtpx:TrackPointExtension>
            <gpxtpx:hr>138</gpxtpx:hr>
          </gpxtpx:TrackPointExtension>
        </extensions>
      </trkpt>
      <trkpt lat="22.550076291199744" lon="114.09134010168428">
        <ele>14.058637487702072</ele>
        <time>1970-01-01T00:16:44.300000Z</time>
        <extensions>
          <gpxtpx:TrackPointExtension>
            <gpxtpx:hr>138</gpxtpx:hr>
          </gpxtpx:TrackPointExtension>
        </extensions>
      </trkpt>
      <trkpt lat="22.550052012412586" lon="114.09133859688255">
        <ele>14.281800324097276</ele>
        <time>1970-01-01T00:16:45.300000Z</time>
        <extensions>
          <gpxtpx:TrackPointExtension>
            <gpxtpx:hr>138</gpxtpx:hr>
          </gpxtpx:TrackPointExtension>
        </extensions>
      </trkpt>
      <trkpt lat="22.550029688529193" lon="114.09133704858907">
        <ele>14.515709789469838</ele>
        <time>1970-01-01T00:16:46.300000Z</time>
        <extensions>
          <gpxtpx:TrackPointExtension>
            <gpxtpx:hr>137</gpxtpx:hr>
          </gpxtpx:TrackPointExtension>
        </extensions>
      </trkpt>
      <trkpt lat="22.550009655901928" lon="114.09133543634235">
        <ele>14.774001869373024</ele>
        <time>1970-01-01T00:16:47.300000Z</time>
        <extensions>
          <gpxtpx:TrackPointExtension>
            <gpxtpx:hr>137</gpxtpx:hr>
          </gpxtpx:TrackPointExtension>
        </extensions>
      </trkpt>
      <trkpt lat="22.54998998587519" lon="114.09133465382774">
        <ele>15.014892588369548</ele>
        <time>1970-01-01T00:16:48.300000Z</time>
        <extensions>
          <gpxtpx:TrackPointExtension>
            <gpxtpx:hr>137</gpxtpx:hr>
          </gpxtpx:TrackPointExtension>
        </extensions>
      </trkpt>
      <trkpt lat="22.549968822710454" lon="114.09133549056405">
        <ele>15.222991951741278</ele>
        <time>1970-01-01T00:16:49.300000Z</time>
        <extensions>
          <gpxtpx:TrackPointExtension>
            <gpxtpx:hr>137</gpxtpx:hr>
          </gpxtpx:TrackPointExtension>
        </extensions>
      </trkpt>
      <trkpt lat="22.549945595004097" lon="114.09133739812657">
        <ele>15.432145449332893</ele>
        <time>1970-01-01T00:16:50.300000Z</time>
        <extensions>
          <gpxtpx:TrackPointExtension>
            <gpxtpx:hr>137</gpxtpx:hr>
          </gpxtpx:TrackPointExtension>
        </extensions>
      </trkpt>
      <trkpt lat="22.549921054963704" lon="114.09133910463275">
        <ele>15.622789468616247</ele>
        <time>1970-01-01T00:16:51.300000Z</time>
        <extensions>
          <gpxtpx:TrackPointExtension>
            <gpxtpx:hr>137</gpxtpx:hr>
          </gpxtpx:TrackPointExtension>
        </extensions>
      </trkpt>
      <trkpt lat="22.549896723613926" lon="114.09133976512896">
        <ele>15.812540418468416</ele>
        <time>1970-01-01T00:16:52.300000Z</time>
        <extensions>
          <gpxtpx:TrackPointExtension>
            <gpxtpx:hr>137</gpxtpx:hr>
          </gpxtpx:TrackPointExtension>
        </extensions>
      </trkpt>
      <trkpt lat="22.549872194340423" lon="114.09133953112202">
        <ele>16.020991721190512</ele>
        <time>1970-01-01T00:16:53.300000Z</time>
        <extensions>
          <gpxtpx:TrackPointExtension>
            <gpxtpx:hr>137</gpxtpx:hr>
          </gpxtpx:TrackPointExtension>
        </extensions>
      </trkpt>
      <trkpt lat="22.549846622148433" lon="114.0913389195734">
        <ele>16.209276529960334</ele>
        <time>1970-01-01T00:16:54.300000Z</time>
        <extensions>
          <gpxtpx:TrackPointExtension>
            <gpxtpx:hr>137</gpxtpx:hr>
          </gpxtpx:TrackPointExtension>
        </extensions>
      </trkpt>
      <trkpt lat="22.54982013440482" lon="114.09133820361077">
        <ele>16.43880887515843</ele>
        <time>1970-01-01T00:16:55.300000Z</time>
        <extensions>
          <gpxtpx:TrackPointExtension>
            <gpxtpx:hr>137</gpxtpx:hr>
          </gpxtpx:TrackPointExtension>
        </extensions>
      </trkpt>
      <trkpt lat="22.549793366492967" lon="114.0913378966474">
        <ele>16.690801343880594</ele>
        <time>1970-01-01T00:16:56.300000Z</time>
        <extensions>
          <gpxtpx:TrackPointExtension>
            <gpxtpx:hr>139</gpxtpx:hr>
          </gpxtpx:TrackPointExtension>
        </extensions>
      </trkpt>
      <trkpt lat="22.549767190273094" lon="114.09133811472357">
        <ele>16.927385688759387</ele>
        <time>1970-01-01T00:16:57.300000Z</time>
        <extensions>
          <gpxtpx:TrackPointExtension>
            <gpxtpx:hr>139</gpxtpx:hr>
          </gpxtpx:TrackPointExtension>
        </extensions>
      </trkpt>
      <trkpt lat="22.54974185686644" lon="114.09133818485323">
        <ele>17.18993302434683</ele>
        <time>1970-01-01T00:16:58.300000Z</time>
        <extensions>
          <gpxtpx:TrackPointExtension>
            <gpxtpx:hr>139</gpxtpx:hr>
          </gpxtpx:TrackPointExtension>
        </extensions>
      </trkpt>
      <trkpt lat="22.549716420863774" lon="114.09133732156413">
        <ele>17.460267148911953</ele>
        <time>1970-01-01T00:16:59.300000Z</time>
        <extensions>
          <gpxtpx:TrackPointExtension>
            <gpxtpx:hr>139</gpxtpx:hr>
          </gpxtpx:TrackPointExtension>
        </extensions>
      </trkpt>
      <trkpt lat="22.549690035470782" lon="114.09133538752396">
        <ele>17.73249975964427</ele>
        <time>1970-01-01T00:17:00.300000Z</time>
        <extensions>
          <gpxtpx:TrackPointExtension>
            <gpxtpx:hr>139</gpxtpx:hr>
          </gpxtpx:TrackPointExtension>
        </extensions>
      </trkpt>
      <trkpt lat="22.549663088431124" lon="114.0913325706841">
        <ele>18.034904937259853</ele>
        <time>1970-01-01T00:17:01.300000Z</time>
        <extensions>
          <gpxtpx:TrackPointExtension>
            <gpxtpx:hr>139</gpxtpx:hr>
          </gpxtpx:TrackPointExtension>
        </extensions>
      </trkpt>
      <trkpt lat="22.54963569657328" lon="114.09132935106017">
        <ele>18.359301346354187</ele>
        <time>1970-01-01T00:17:02.300000Z</time>
        <extensions>
          <gpxtpx:TrackPointExtension>
            <gpxtpx:hr>139</gpxtpx:hr>
          </gpxtpx:TrackPointExtension>
        </extensions>
      </trkpt>
      <trkpt lat="22.54960793984525" lon="114.09132641794484">
        <ele>18.712091871537268</ele>
        <time>1970-01-01T00:17:03.300000Z</time>
        <extensions>
          <gpxtpx:TrackPointExtension>
            <gpxtpx:hr>139</gpxtpx:hr>
          </gpxtpx:TrackPointExtension>
        </extensions>
      </trkpt>
      <trkpt lat="22.549580447348923" lon="114.09132433924218">
        <ele>19.068781472742558</ele>
        <time>1970-01-01T00:17:04.300000Z</time>
        <extensions>
          <gpxtpx:TrackPointExtension>
            <gpxtpx:hr>139</gpxtpx:hr>
          </gpxtpx:TrackPointExtension>
        </extensions>
      </trkpt>
      <trkpt lat="22.549552793308482" lon="114.09132326263119">
        <ele>19.407515841536224</ele>
        <time>1970-01-01T00:17:05.300000Z</time>
        <extensions>
          <gpxtpx:TrackPointExtension>
            <gpxtpx:hr>139</gpxtpx:hr>
          </gpxtpx:TrackPointExtension>
        </extensions>
      </trkpt>
      <trkpt lat="22.549524931115258" lon="114.09132324630878">
        <ele>19.73994795139879</ele>
        <time>1970-01-01T00:17:06.300000Z</time>
        <extensions>
          <gpxtpx:TrackPointExtension>
            <gpxtpx:hr>143</gpxtpx:hr>
          </gpxtpx:TrackPointExtension>
        </extensions>
      </trkpt>
      <trkpt lat="22.549497797785808" lon="114.091324241475">
        <ele>20.05629264190793</ele>
        <time>1970-01-01T00:17:07.300000Z</time>
        <extensions>
          <gpxtpx:TrackPointExtension>
            <gpxtpx:hr>143</gpxtpx:hr>
          </gpxtpx:TrackPointExtension>
        </extensions>
      </trkpt>
      <trkpt lat="22.549472162731398" lon="114.09132561767676">
        <ele>20.34959324169904</ele>
        <time>1970-01-01T00:17:08.300000Z</time>
        <extensions>
          <gpxtpx:TrackPointExtension>
            <gpxtpx:hr>143</gpxtpx:hr>
          </gpxtpx:TrackPointExtension>
        </extensions>
      </trkpt>
      <trkpt lat="22.549447580252483" lon="114.09132717235579">
        <ele>20.629608741030097</ele>
        <time>1970-01-01T00:17:09.300000Z</time>
        <extensions>
          <gpxtpx:TrackPointExtension>
            <gpxtpx:hr>143</gpxtpx:hr>
          </gpxtpx:TrackPointExtension>
        </extensions>
      </trkpt>
      <trkpt lat="22.54942285589118" lon="114.09132905222134">
        <ele>20.890007082372904</ele>
        <time>1970-01-01T00:17:10.300000Z</time>
        <extensions>
          <gpxtpx:TrackPointExtension>
            <gpxtpx:hr>143</gpxtpx:hr>
          </gpxtpx:TrackPointExtension>
        </extensions>
      </trkpt>
      <trkpt lat="22.549397638014778" lon="114.0913308547732">
        <ele>21.12371951714158</ele>
        <time>1970-01-01T00:17:11.300000Z</time>
        <extensions>
          <gpxtpx:TrackPointExtension>
            <gpxtpx:hr>143</gpxtpx:hr>
          </gpxtpx:TrackPointExtension>
        </extensions>
      </trkpt>
      <trkpt lat="22.549372190748297" lon="114.09133217622889">
        <ele>21.318376027978957</ele>
        <time>1970-01-01T00:17:12.300000Z</time>
        <extensions>
          <gpxtpx:TrackPointExtension>
            <gpxtpx:hr>144</gpxtpx:hr>
          </gpxtpx:TrackPointExtension>
        </extensions>
      </trkpt>
      <trkpt lat="22.549346722187355" lon="114.09133295801145">
        <ele>21.478874634951353</ele>
        <time>1970-01-01T00:17:13.300000Z</time>
        <extensions>
          <gpxtpx:TrackPointExtension>
            <gpxtpx:hr>144</gpxtpx:hr>
          </gpxtpx:TrackPointExtension>
        </extensions>
      </trkpt>
      <trkpt lat="22.549321803074942" lon="114.091333108258">
        <ele>21.583749181590974</ele>
        <time>1970-01-01T00:17:14.300000Z</time>
        <extensions>
          <gpxtpx:TrackPointExtension>
            <gpxtpx:hr>144</gpxtpx:hr>
          </gpxtpx:TrackPointExtension>
        </extensions>
      </trkpt>
      <trkpt lat="22.549297869991452" lon="114.09133234266228">
        <ele>21.671036629006267</ele>
        <time>1970-01-01T00:17:15.300000Z</time>
        <extensions>
          <gpxtpx:TrackPointExtension>
            <gpxtpx:hr>144</gpxtpx:hr>
          </gpxtpx:TrackPointExtension>
        </extensions>
      </trkpt>
      <trkpt lat="22.549273796662863" lon="114.09133048379219">
        <ele>21.762708322145045</ele>
        <time>1970-01-01T00:17:16.300000Z</time>
        <extensions>
          <gpxtpx:TrackPointExtension>
            <gpxtpx:hr>145</gpxtpx:hr>
          </gpxtpx:TrackPointExtension>
        </extensions>
      </trkpt>
      <trkpt lat="22.549248682856792" lon="114.09132767948368">
        <ele>21.81439569965005</ele>
        <time>1970-01-01T00:17:17.300000Z</time>
        <extensions>
          <gpxtpx:TrackPointExtension>
            <gpxtpx:hr>145</gpxtpx:hr>
          </gpxtpx:TrackPointExtension>
        </extensions>
      </trkpt>
      <trkpt lat="22.549222801528146" lon="114.09132431445967">
        <ele>21.835739030502737</ele>
        <time>1970-01-01T00:17:18.300000Z</time>
        <extensions>
          <gpxtpx:TrackPointExtension>
            <gpxtpx:hr>145</gpxtpx:hr>
          </gpxtpx:TrackPointExtension>
        </extensions>
      </trkpt>
      <trkpt lat="22.549196960301778" lon="114.09132056109749">
        <ele>21.866167740896344</ele>
        <time>1970-01-01T00:17:19.300000Z</time>
        <extensions>
          <gpxtpx:TrackPointExtension>
            <gpxtpx:hr>145</gpxtpx:hr>
          </gpxtpx:TrackPointExtension>
        </extensions>
      </trkpt>
      <trkpt lat="22.54917193249716" lon="114.09131630472217">
        <ele>21.878257397562265</ele>
        <time>1970-01-01T00:17:20.300000Z</time>
        <extensions>
          <gpxtpx:TrackPointExtension>
            <gpxtpx:hr>145</gpxtpx:hr>
          </gpxtpx:TrackPointExtension>
        </extensions>
      </trkpt>
      <trkpt lat="22.549147951619616" lon="114.09131159753487">
        <ele>21.90064991079271</ele>
        <time>1970-01-01T00:17:21.300000Z</time>
        <extensions>
          <gpxtpx:TrackPointExtension>
            <gpxtpx:hr>146</gpxtpx:hr>
          </gpxtpx:TrackPointExtension>
        </extensions>
      </trkpt>
      <trkpt lat="22.549125154981425" lon="114.09130653411704">
        <ele>21.910945611074567</ele>
        <time>1970-01-01T00:17:22.300000Z</time>
        <extensions>
          <gpxtpx:TrackPointExtension>
            <gpxtpx:hr>146</gpxtpx:hr>
          </gpxtpx:TrackPointExtension>
        </extensions>
      </trkpt>
      <trkpt lat="22.5491026399313" lon="114.0913010325709">
        <ele>21.92867750301957</ele>
        <time>1970-01-01T00:17:23.300000Z</time>
        <extensions>
          <gpxtpx:TrackPointExtension>
            <gpxtpx:hr>146</gpxtpx:hr>
          </gpxtpx:TrackPointExtension>
        </extensions>
      </trkpt>
      <trkpt lat="22.549079868929976" lon="114.0912949734045">
        <ele>21.972019844688475</ele>
        <time>1970-01-01T00:17:24.300000Z</time>
        <extensions>
          <gpxtpx:TrackPointExtension>
            <gpxtpx:hr>146</gpxtpx:hr>
          </gpxtpx:TrackPointExtension>
        </extensions>
      </trkpt>
      <trkpt lat="22.549057104072787" lon="114.09128831487031">
        <ele>21.97088594827801</ele>
        <time>1970-01-01T00:17:25.300000Z</time>
        <extensions>
          <gpxtpx:TrackPointExtension>
            <gpxtpx:hr>146</gpxtpx:hr>
          </gpxtpx:TrackPointExtension>
        </extensions>
      </trkpt>
      <trkpt lat="22.5490342562938" lon="114.0912813731693">
        <ele>21.99170693848282</ele>
        <time>1970-01-01T00:17:26.300000Z</time>
        <extensions>
          <gpxtpx:TrackPointExtension>
            <gpxtpx:hr>146</gpxtpx:hr>
          </gpxtpx:TrackPointExtension>
        </extensions>
      </trkpt>
      <trkpt lat="22.54901181080175" lon="114.09127486612677">
        <ele>22.0401004338637</ele>
        <time>1970-01-01T00:17:27.300000Z</time>
        <extensions>
          <gpxtpx:TrackPointExtension>
            <gpxtpx:hr>146</gpxtpx:hr>
          </gpxtpx:TrackPointExtension>
        </extensions>
      </trkpt>
      <trkpt lat="22.54899091267856" lon="114.09126988934754">
        <ele>22.03974504303187</ele>
        <time>1970-01-01T00:17:28.300000Z</time>
        <extensions>
          <gpxtpx:TrackPointExtension>
            <gpxtpx:hr>146</gpxtpx:hr>
          </gpxtpx:TrackPointExtension>
        </extensions>
      </trkpt>
      <trkpt lat="22.548971370113104" lon="114.09126692197242">
        <ele>22.029835429042578</ele>
        <time>1970-01-01T00:17:29.300000Z</time>
        <extensions>
          <gpxtpx:TrackPointExtension>
            <gpxtpx:hr>146</gpxtpx:hr>
          </gpxtpx:TrackPointExtension>
        </extensions>
      </trkpt>
      <trkpt lat="22.54895177559149" lon="114.09126508670732">
        <ele>21.99858550168574</ele>
        <time>1970-01-01T00:17:30.300000Z</time>
        <extensions>
          <gpxtpx:TrackPointExtension>
            <gpxtpx:hr>147</gpxtpx:hr>
          </gpxtpx:TrackPointExtension>
        </extensions>
      </trkpt>
      <trkpt lat="22.548930326661033" lon="114.09126345157647">
        <ele>21.94519962463528</ele>
        <time>1970-01-01T00:17:31.300000Z</time>
        <extensions>
          <gpxtpx:TrackPointExtension>
            <gpxtpx:hr>147</gpxtpx:hr>
          </gpxtpx:TrackPointExtension>
        </extensions>
      </trkpt>
      <trkpt lat="22.54890640754159" lon="114.09126223493823">
        <ele>21.870734406635165</ele>
        <time>1970-01-01T00:17:32.300000Z</time>
        <extensions>
          <gpxtpx:TrackPointExtension>
            <gpxtpx:hr>147</gpxtpx:hr>
          </gpxtpx:TrackPointExtension>
        </extensions>
      </trkpt>
      <trkpt lat="22.548881291231012" lon="114.0912619646095">
        <ele>21.782965932041407</ele>
        <time>1970-01-01T00:17:33.300000Z</time>
        <extensions>
          <gpxtpx:TrackPointExtension>
            <gpxtpx:hr>147</gpxtpx:hr>
          </gpxtpx:TrackPointExtension>
        </extensions>
      </trkpt>
      <trkpt lat="22.548856195756358" lon="114.09126286372184">
        <ele>21.673587126657367</ele>
        <time>1970-01-01T00:17:34.300000Z</time>
        <extensions>
          <gpxtpx:TrackPointExtension>
            <gpxtpx:hr>147</gpxtpx:hr>
          </gpxtpx:TrackPointExtension>
        </extensions>
      </trkpt>
      <trkpt lat="22.54883204299043" lon="114.09126522290234">
        <ele>21.537147202529013</ele>
        <time>1970-01-01T00:17:35.300000Z</time>
        <extensions>
          <gpxtpx:TrackPointExtension>
            <gpxtpx:hr>147</gpxtpx:hr>
          </gpxtpx:TrackPointExtension>
        </extensions>
      </trkpt>
      <trkpt lat="22.548808980878498" lon="114.09126919842484">
        <ele>21.368999128229916</ele>
        <time>1970-01-01T00:17:36.300000Z</time>
        <extensions>
          <gpxtpx:TrackPointExtension>
            <gpxtpx:hr>147</gpxtpx:hr>
          </gpxtpx:TrackPointExtension>
        </extensions>
      </trkpt>
      <trkpt lat="22.548785925373735" lon="114.09127408450411">
        <ele>21.196230459026992</ele>
        <time>1970-01-01T00:17:37.300000Z</time>
        <extensions>
          <gpxtpx:TrackPointExtension>
            <gpxtpx:hr>147</gpxtpx:hr>
          </gpxtpx:TrackPointExtension>
        </extensions>
      </trkpt>
      <trkpt lat="22.548762680262207" lon="114.0912786326532">
        <ele>21.026016011834145</ele>
        <time>1970-01-01T00:17:38.300000Z</time>
        <extensions>
          <gpxtpx:TrackPointExtension>
            <gpxtpx:hr>147</gpxtpx:hr>
          </gpxtpx:TrackPointExtension>
        </extensions>
      </trkpt>
      <trkpt lat="22.548739018110677" lon="114.09128205145245">
        <ele>20.843017421662807</ele>
        <time>1970-01-01T00:17:39.300000Z</time>
        <extensions>
          <gpxtpx:TrackPointExtension>
            <gpxtpx:hr>147</gpxtpx:hr>
          </gpxtpx:TrackPointExtension>
        </extensions>
      </trkpt>
      <trkpt lat="22.548714454357267" lon="114.09128472227373">
        <ele>20.62785733025521</ele>
        <time>1970-01-01T00:17:40.300000Z</time>
        <extensions>
          <gpxtpx:TrackPointExtension>
            <gpxtpx:hr>147</gpxtpx:hr>
          </gpxtpx:TrackPointExtension>
        </extensions>
      </trkpt>
      <trkpt lat="22.548689870422717" lon="114.0912873050021">
        <ele>20.4772561583668</ele>
        <time>1970-01-01T00:17:41.300000Z</time>
        <extensions>
          <gpxtpx:TrackPointExtension>
            <gpxtpx:hr>147</gpxtpx:hr>
          </gpxtpx:TrackPointExtension>
        </extensions>
      </trkpt>
      <trkpt lat="22.54866594995477" lon="114.09129009538945">
        <ele>20.288617896847427</ele>
        <time>1970-01-01T00:17:42.300000Z</time>
        <extensions>
          <gpxtpx:TrackPointExtension>
            <gpxtpx:hr>147</gpxtpx:hr>
          </gpxtpx:TrackPointExtension>
        </extensions>
      </trkpt>
      <trkpt lat="22.548642764158824" lon="114.09129248725515">
        <ele>20.06900945864618</ele>
        <time>1970-01-01T00:17:43.300000Z</time>
        <extensions>
          <gpxtpx:TrackPointExtension>
            <gpxtpx:hr>147</gpxtpx:hr>
          </gpxtpx:TrackPointExtension>
        </extensions>
      </trkpt>
      <trkpt lat="22.54861933893707" lon="114.0912945050445">
        <ele>19.87137990538031</ele>
        <time>1970-01-01T00:17:44.300000Z</time>
        <extensions>
          <gpxtpx:TrackPointExtension>
            <gpxtpx:hr>147</gpxtpx:hr>
          </gpxtpx:TrackPointExtension>
        </extensions>
      </trkpt>
      <trkpt lat="22.54859536453484" lon="114.09129674729833">
        <ele>19.68423215765506</ele>
        <time>1970-01-01T00:17:45.300000Z</time>
        <extensions>
          <gpxtpx:TrackPointExtension>
            <gpxtpx:hr>147</gpxtpx:hr>
          </gpxtpx:TrackPointExtension>
        </extensions>
      </trkpt>
      <trkpt lat="22.548571745727372" lon="114.09129909125635">
        <ele>19.508658179081976</ele>
        <time>1970-01-01T00:17:46.300000Z</time>
        <extensions>
          <gpxtpx:TrackPointExtension>
            <gpxtpx:hr>146</gpxtpx:hr>
          </gpxtpx:TrackPointExtension>
        </extensions>
      </trkpt>
      <trkpt lat="22.5485482093848" lon="114.09130162305904">
        <ele>19.324024780653417</ele>
        <time>1970-01-01T00:17:47.300000Z</time>
        <extensions>
          <gpxtpx:TrackPointExtension>
            <gpxtpx:hr>146</gpxtpx:hr>
          </gpxtpx:TrackPointExtension>
        </extensions>
      </trkpt>
      <trkpt lat="22.548524436620944" lon="114.09130481267458">
        <ele>19.12498883996159</ele>
        <time>1970-01-01T00:17:48.300000Z</time>
        <extensions>
          <gpxtpx:TrackPointExtension>
            <gpxtpx:hr>146</gpxtpx:hr>
          </gpxtpx:TrackPointExtension>
        </extensions>
      </trkpt>
      <trkpt lat="22.54850074672874" lon="114.09130891587469">
        <ele>18.92191555723548</ele>
        <time>1970-01-01T00:17:49.300000Z</time>
        <extensions>
          <gpxtpx:TrackPointExtension>
            <gpxtpx:hr>146</gpxtpx:hr>
          </gpxtpx:TrackPointExtension>
        </extensions>
      </trkpt>
      <trkpt lat="22.54847721840493" lon="114.09131319139597">
        <ele>18.74561579991132</ele>
        <time>1970-01-01T00:17:50.300000Z</time>
        <extensions>
          <gpxtpx:TrackPointExtension>
            <gpxtpx:hr>146</gpxtpx:hr>
          </gpxtpx:TrackPointExtension>
        </extensions>
      </trkpt>
      <trkpt lat="22.54845277670361" lon="114.09131642859563">
        <ele>18.50588257610798</ele>
        <time>1970-01-01T00:17:51.300000Z</time>
        <extensions>
          <gpxtpx:TrackPointExtension>
            <gpxtpx:hr>146</gpxtpx:hr>
          </gpxtpx:TrackPointExtension>
        </extensions>
      </trkpt>
      <trkpt lat="22.54842666043451" lon="114.09131737749233">
        <ele>18.30171712115407</ele>
        <time>1970-01-01T00:17:52.300000Z</time>
        <extensions>
          <gpxtpx:TrackPointExtension>
            <gpxtpx:hr>146</gpxtpx:hr>
          </gpxtpx:TrackPointExtension>
        </extensions>
      </trkpt>
      <trkpt lat="22.548400114187405" lon="114.09131598272272">
        <ele>18.086959909647703</ele>
        <time>1970-01-01T00:17:53.300000Z</time>
        <extensions>
          <gpxtpx:TrackPointExtension>
            <gpxtpx:hr>146</gpxtpx:hr>
          </gpxtpx:TrackPointExtension>
        </extensions>
      </trkpt>
      <trkpt lat="22.54837447169002" lon="114.0913134846996">
        <ele>17.823324900120497</ele>
        <time>1970-01-01T00:17:54.300000Z</time>
        <extensions>
          <gpxtpx:TrackPointExtension>
            <gpxtpx:hr>146</gpxtpx:hr>
          </gpxtpx:TrackPointExtension>
        </extensions>
      </trkpt>
      <trkpt lat="22.548349899124737" lon="114.0913107243414">
        <ele>17.59343729354441</ele>
        <time>1970-01-01T00:17:55.300000Z</time>
        <extensions>
          <gpxtpx:TrackPointExtension>
            <gpxtpx:hr>146</gpxtpx:hr>
          </gpxtpx:TrackPointExtension>
        </extensions>
      </trkpt>
      <trkpt lat="22.548325487953118" lon="114.09130819043602">
        <ele>17.36723551247269</ele>
        <time>1970-01-01T00:17:56.300000Z</time>
        <extensions>
          <gpxtpx:TrackPointExtension>
            <gpxtpx:hr>146</gpxtpx:hr>
          </gpxtpx:TrackPointExtension>
        </extensions>
      </trkpt>
      <trkpt lat="22.5483017590328" lon="114.09130648804467">
        <ele>17.15820883680135</ele>
        <time>1970-01-01T00:17:57.300000Z</time>
        <extensions>
          <gpxtpx:TrackPointExtension>
            <gpxtpx:hr>146</gpxtpx:hr>
          </gpxtpx:TrackPointExtension>
        </extensions>
      </trkpt>
      <trkpt lat="22.548279134291835" lon="114.09130604757773">
        <ele>16.948762521147728</ele>
        <time>1970-01-01T00:17:58.300000Z</time>
        <extensions>
          <gpxtpx:TrackPointExtension>
            <gpxtpx:hr>146</gpxtpx:hr>
          </gpxtpx:TrackPointExtension>
        </extensions>
      </trkpt>
      <trkpt lat="22.5482572936897" lon="114.0913065360449">
        <ele>16.743174788542092</ele>
        <time>1970-01-01T00:17:59.300000Z</time>
        <extensions>
          <gpxtpx:TrackPointExtension>
            <gpxtpx:hr>146</gpxtpx:hr>
          </gpxtpx:TrackPointExtension>
        </extensions>
      </trkpt>
      <trkpt lat="22.548235081756022" lon="114.09130704751144">
        <ele>16.555216822773218</ele>
        <time>1970-01-01T00:18:00.300000Z</time>
        <extensions>
          <gpxtpx:TrackPointExtension>
            <gpxtpx:hr>145</gpxtpx:hr>
          </gpxtpx:TrackPointExtension>
        </extensions>
      </trkpt>
      <trkpt lat="22.54821253743498" lon="114.09130708425329">
        <ele>16.385419903323054</ele>
        <time>1970-01-01T00:18:01.300000Z</time>
        <extensions>
          <gpxtpx:TrackPointExtension>
            <gpxtpx:hr>145</gpxtpx:hr>
          </gpxtpx:TrackPointExtension>
        </extensions>
      </trkpt>
      <trkpt lat="22.548190279000238" lon="114.09130635008098">
        <ele>16.220645557157695</ele>
        <time>1970-01-01T00:18:02.300000Z</time>
        <extensions>
          <gpxtpx:TrackPointExtension>
            <gpxtpx:hr>145</gpxtpx:hr>
          </gpxtpx:TrackPointExtension>
        </extensions>
      </trkpt>
      <trkpt lat="22.548168772875826" lon="114.09130481397673">
        <ele>16.085863859392703</ele>
        <time>1970-01-01T00:18:03.300000Z</time>
        <extensions>
          <gpxtpx:TrackPointExtension>
            <gpxtpx:hr>145</gpxtpx:hr>
          </gpxtpx:TrackPointExtension>
        </extensions>
      </trkpt>
      <trkpt lat="22.548148384421676" lon="114.09130284729547">
        <ele>15.972238128073514</ele>
        <time>1970-01-01T00:18:04.300000Z</time>
        <extensions>
          <gpxtpx:TrackPointExtension>
            <gpxtpx:hr>145</gpxtpx:hr>
          </gpxtpx:TrackPointExtension>
        </extensions>
      </trkpt>
      <trkpt lat="22.548128588921305" lon="114.09130229063588">
        <ele>15.871485916897655</ele>
        <time>1970-01-01T00:18:05.300000Z</time>
        <extensions>
          <gpxtpx:TrackPointExtension>
            <gpxtpx:hr>145</gpxtpx:hr>
          </gpxtpx:TrackPointExtension>
        </extensions>
      </trkpt>
      <trkpt lat="22.548107954639804" lon="114.09130571804454">
        <ele>15.782116562128067</ele>
        <time>1970-01-01T00:18:06.300000Z</time>
        <extensions>
          <gpxtpx:TrackPointExtension>
            <gpxtpx:hr>145</gpxtpx:hr>
          </gpxtpx:TrackPointExtension>
        </extensions>
      </trkpt>
      <trkpt lat="22.548085838551927" lon="114.09131312007243">
        <ele>15.718259654939175</ele>
        <time>1970-01-01T00:18:07.300000Z</time>
        <extensions>
          <gpxtpx:TrackPointExtension>
            <gpxtpx:hr>145</gpxtpx:hr>
          </gpxtpx:TrackPointExtension>
        </extensions>
      </trkpt>
      <trkpt lat="22.54806350133398" lon="114.09132174877891">
        <ele>15.66517660394311</ele>
        <time>1970-01-01T00:18:08.300000Z</time>
        <extensions>
          <gpxtpx:TrackPointExtension>
            <gpxtpx:hr>145</gpxtpx:hr>
          </gpxtpx:TrackPointExtension>
        </extensions>
      </trkpt>
      <trkpt lat="22.548041838453287" lon="114.09132940259407">
        <ele>15.627591632306576</ele>
        <time>1970-01-01T00:18:09.300000Z</time>
        <extensions>
          <gpxtpx:TrackPointExtension>
            <gpxtpx:hr>145</gpxtpx:hr>
          </gpxtpx:TrackPointExtension>
        </extensions>
      </trkpt>
      <trkpt lat="22.548020301729533" lon="114.09133592182182">
        <ele>15.6010323734954</ele>
        <time>1970-01-01T00:18:10.300000Z</time>
        <extensions>
          <gpxtpx:TrackPointExtension>
            <gpxtpx:hr>146</gpxtpx:hr>
          </gpxtpx:TrackPointExtension>
        </extensions>
      </trkpt>
      <trkpt lat="22.5479986699451" lon="114.09134133584115">
        <ele>15.60342323128134</ele>
        <time>1970-01-01T00:18:11.300000Z</time>
        <extensions>
          <gpxtpx:TrackPointExtension>
            <gpxtpx:hr>146</gpxtpx:hr>
          </gpxtpx:TrackPointExtension>
        </extensions>
      </trkpt>
      <trkpt lat="22.54797667917783" lon="114.09134558300968">
        <ele>15.632347675971687</ele>
        <time>1970-01-01T00:18:12.300000Z</time>
        <extensions>
          <gpxtpx:TrackPointExtension>
            <gpxtpx:hr>146</gpxtpx:hr>
          </gpxtpx:TrackPointExtension>
        </extensions>
      </trkpt>
      <trkpt lat="22.547954731452155" lon="114.0913483080929">
        <ele>15.694526819512248</ele>
        <time>1970-01-01T00:18:13.300000Z</time>
        <extensions>
          <gpxtpx:TrackPointExtension>
            <gpxtpx:hr>146</gpxtpx:hr>
          </gpxtpx:TrackPointExtension>
        </extensions>
      </trkpt>
      <trkpt lat="22.547933730909502" lon="114.09134942119613">
        <ele>15.783337209373713</ele>
        <time>1970-01-01T00:18:14.300000Z</time>
        <extensions>
          <gpxtpx:TrackPointExtension>
            <gpxtpx:hr>146</gpxtpx:hr>
          </gpxtpx:TrackPointExtension>
        </extensions>
      </trkpt>
      <trkpt lat="22.547915355972435" lon="114.09134900825327">
        <ele>15.898269175551832</ele>
        <time>1970-01-01T00:18:15.300000Z</time>
        <extensions>
          <gpxtpx:TrackPointExtension>
            <gpxtpx:hr>146</gpxtpx:hr>
          </gpxtpx:TrackPointExtension>
        </extensions>
      </trkpt>
      <trkpt lat="22.547901805302175" lon="114.09134668471032">
        <ele>16.036377238109708</ele>
        <time>1970-01-01T00:18:16.300000Z</time>
        <extensions>
          <gpxtpx:TrackPointExtension>
            <gpxtpx:hr>146</gpxtpx:hr>
          </gpxtpx:TrackPointExtension>
        </extensions>
      </trkpt>
      <trkpt lat="22.547892764411383" lon="114.09134353585166">
        <ele>16.1967308325693</ele>
        <time>1970-01-01T00:18:17.300000Z</time>
        <extensions>
          <gpxtpx:TrackPointExtension>
            <gpxtpx:hr>146</gpxtpx:hr>
          </gpxtpx:TrackPointExtension>
        </extensions>
      </trkpt>
      <trkpt lat="22.54788373416903" lon="114.09134208187803">
        <ele>16.392684659920633</ele>
        <time>1970-01-01T00:18:18.300000Z</time>
        <extensions>
          <gpxtpx:TrackPointExtension>
            <gpxtpx:hr>146</gpxtpx:hr>
          </gpxtpx:TrackPointExtension>
        </extensions>
      </trkpt>
      <trkpt lat="22.54787327685631" lon="114.09134336581413">
        <ele>16.60664415359497</ele>
        <time>1970-01-01T00:18:19.300000Z</time>
        <extensions>
          <gpxtpx:TrackPointExtension>
            <gpxtpx:hr>146</gpxtpx:hr>
          </gpxtpx:TrackPointExtension>
        </extensions>
      </trkpt>
      <trkpt lat="22.547863117364344" lon="114.09134546773336">
        <ele>16.85468065738678</ele>
        <time>1970-01-01T00:18:20.300000Z</time>
        <extensions>
          <gpxtpx:TrackPointExtension>
            <gpxtpx:hr>146</gpxtpx:hr>
          </gpxtpx:TrackPointExtension>
        </extensions>
      </trkpt>
      <trkpt lat="22.547851642293303" lon="114.09134612774174">
        <ele>17.13196558598429</ele>
        <time>1970-01-01T00:18:21.300000Z</time>
        <extensions>
          <gpxtpx:TrackPointExtension>
            <gpxtpx:hr>142</gpxtpx:hr>
          </gpxtpx:TrackPointExtension>
        </extensions>
      </trkpt>
      <trkpt lat="22.547838608839697" lon="114.09134504898955">
        <ele>17.401229473762214</ele>
        <time>1970-01-01T00:18:22.300000Z</time>
        <extensions>
          <gpxtpx:TrackPointExtension>
            <gpxtpx:hr>142</gpxtpx:hr>
          </gpxtpx:TrackPointExtension>
        </extensions>
      </trkpt>
      <trkpt lat="22.54782541799797" lon="114.09134265716804">
        <ele>17.668467646464705</ele>
        <time>1970-01-01T00:18:23.300000Z</time>
        <extensions>
          <gpxtpx:TrackPointExtension>
            <gpxtpx:hr>142</gpxtpx:hr>
          </gpxtpx:TrackPointExtension>
        </extensions>
      </trkpt>
      <trkpt lat="22.547812357282623" lon="114.09133951790609">
        <ele>17.926117196679115</ele>
        <time>1970-01-01T00:18:24.300000Z</time>
        <extensions>
          <gpxtpx:TrackPointExtension>
            <gpxtpx:hr>142</gpxtpx:hr>
          </gpxtpx:TrackPointExtension>
        </extensions>
      </trkpt>
      <trkpt lat="22.54779779409988" lon="114.09133592967521">
        <ele>18.16500958520919</ele>
        <time>1970-01-01T00:18:25.300000Z</time>
        <extensions>
          <gpxtpx:TrackPointExtension>
            <gpxtpx:hr>142</gpxtpx:hr>
          </gpxtpx:TrackPointExtension>
        </extensions>
      </trkpt>
      <trkpt lat="22.547780770179084" lon="114.09133232118499">
        <ele>18.395265051163733</ele>
        <time>1970-01-01T00:18:26.300000Z</time>
        <extensions>
          <gpxtpx:TrackPointExtension>
            <gpxtpx:hr>142</gpxtpx:hr>
          </gpxtpx:TrackPointExtension>
        </extensions>
      </trkpt>
      <trkpt lat="22.547761370242252" lon="114.09132946140971">
        <ele>18.60400944110006</ele>
        <time>1970-01-01T00:18:27.300000Z</time>
        <extensions>
          <gpxtpx:TrackPointExtension>
            <gpxtpx:hr>141</gpxtpx:hr>
          </gpxtpx:TrackPointExtension>
        </extensions>
      </trkpt>
      <trkpt lat="22.547739422678394" lon="114.09132815681919">
        <ele>18.80173482466489</ele>
        <time>1970-01-01T00:18:28.300000Z</time>
        <extensions>
          <gpxtpx:TrackPointExtension>
            <gpxtpx:hr>141</gpxtpx:hr>
          </gpxtpx:TrackPointExtension>
        </extensions>
      </trkpt>
      <trkpt lat="22.547716016903873" lon="114.09132849327793">
        <ele>18.984111822210252</ele>
        <time>1970-01-01T00:18:29.300000Z</time>
        <extensions>
          <gpxtpx:TrackPointExtension>
            <gpxtpx:hr>141</gpxtpx:hr>
          </gpxtpx:TrackPointExtension>
        </extensions>
      </trkpt>
      <trkpt lat="22.54769308463556" lon="114.09133028402148">
        <ele>19.18551759235561</ele>
        <time>1970-01-01T00:18:30.300000Z</time>
        <extensions>
          <gpxtpx:TrackPointExtension>
            <gpxtpx:hr>141</gpxtpx:hr>
          </gpxtpx:TrackPointExtension>
        </extensions>
      </trkpt>
      <trkpt lat="22.547672566217017" lon="114.09133309178448">
        <ele>19.37991337943822</ele>
        <time>1970-01-01T00:18:31.300000Z</time>
        <extensions>
          <gpxtpx:TrackPointExtension>
            <gpxtpx:hr>142</gpxtpx:hr>
          </gpxtpx:TrackPointExtension>
        </extensions>
      </trkpt>
      <trkpt lat="22.54765520583927" lon="114.09133487148533">
        <ele>19.574266154319048</ele>
        <time>1970-01-01T00:18:32.300000Z</time>
        <extensions>
          <gpxtpx:TrackPointExtension>
            <gpxtpx:hr>142</gpxtpx:hr>
          </gpxtpx:TrackPointExtension>
        </extensions>
      </trkpt>
      <trkpt lat="22.547640310455968" lon="114.09133499133465">
        <ele>19.776411629281938</ele>
        <time>1970-01-01T00:18:33.300000Z</time>
        <extensions>
          <gpxtpx:TrackPointExtension>
            <gpxtpx:hr>142</gpxtpx:hr>
          </gpxtpx:TrackPointExtension>
        </extensions>
      </trkpt>
      <trkpt lat="22.54762587185028" lon="114.09133524116596">
        <ele>19.987063927575946</ele>
        <time>1970-01-01T00:18:34.300000Z</time>
        <extensions>
          <gpxtpx:TrackPointExtension>
            <gpxtpx:hr>142</gpxtpx:hr>
          </gpxtpx:TrackPointExtension>
        </extensions>
      </trkpt>
      <trkpt lat="22.547609433041703" lon="114.09133614006834">
        <ele>20.199012296274304</ele>
        <time>1970-01-01T00:18:35.300000Z</time>
        <extensions>
          <gpxtpx:TrackPointExtension>
            <gpxtpx:hr>142</gpxtpx:hr>
          </gpxtpx:TrackPointExtension>
        </extensions>
      </trkpt>
      <trkpt lat="22.547590741228813" lon="114.09133716943636">
        <ele>20.458092412911355</ele>
        <time>1970-01-01T00:18:36.300000Z</time>
        <extensions>
          <gpxtpx:TrackPointExtension>
            <gpxtpx:hr>142</gpxtpx:hr>
          </gpxtpx:TrackPointExtension>
        </extensions>
      </trkpt>
      <trkpt lat="22.547571952281196" lon="114.0913374527254">
        <ele>20.73946640174836</ele>
        <time>1970-01-01T00:18:37.300000Z</time>
        <extensions>
          <gpxtpx:TrackPointExtension>
            <gpxtpx:hr>142</gpxtpx:hr>
          </gpxtpx:TrackPointExtension>
        </extensions>
      </trkpt>
      <trkpt lat="22.547553875074563" lon="114.09133694204894">
        <ele>21.060326516628265</ele>
        <time>1970-01-01T00:18:38.300000Z</time>
        <extensions>
          <gpxtpx:TrackPointExtension>
            <gpxtpx:hr>142</gpxtpx:hr>
          </gpxtpx:TrackPointExtension>
        </extensions>
      </trkpt>
      <trkpt lat="22.547535217446327" lon="114.09133618639987">
        <ele>21.393765197135508</ele>
        <time>1970-01-01T00:18:39.300000Z</time>
        <extensions>
          <gpxtpx:TrackPointExtension>
            <gpxtpx:hr>142</gpxtpx:hr>
          </gpxtpx:TrackPointExtension>
        </extensions>
      </trkpt>
      <trkpt lat="22.547514679608952" lon="114.09133514478182">
        <ele>21.731748747639358</ele>
        <time>1970-01-01T00:18:40.300000Z</time>
        <extensions>
          <gpxtpx:TrackPointExtension>
            <gpxtpx:hr>142</gpxtpx:hr>
          </gpxtpx:TrackPointExtension>
        </extensions>
      </trkpt>
      <trkpt lat="22.54749245995921" lon="114.0913339739015">
        <ele>22.10862932074815</ele>
        <time>1970-01-01T00:18:41.300000Z</time>
        <extensions>
          <gpxtpx:TrackPointExtension>
            <gpxtpx:hr>142</gpxtpx:hr>
          </gpxtpx:TrackPointExtension>
        </extensions>
      </trkpt>
      <trkpt lat="22.547469829682175" lon="114.09133265916721">
        <ele>22.515422536060214</ele>
        <time>1970-01-01T00:18:42.300000Z</time>
        <extensions>
          <gpxtpx:TrackPointExtension>
            <gpxtpx:hr>142</gpxtpx:hr>
          </gpxtpx:TrackPointExtension>
        </extensions>
      </trkpt>
      <trkpt lat="22.547447036433734" lon="114.09133087174577">
        <ele>22.94732293020934</ele>
        <time>1970-01-01T00:18:43.300000Z</time>
        <extensions>
          <gpxtpx:TrackPointExtension>
            <gpxtpx:hr>142</gpxtpx:hr>
          </gpxtpx:TrackPointExtension>
        </extensions>
      </trkpt>
      <trkpt lat="22.547423478160038" lon="114.09132830220793">
        <ele>23.438013518229127</ele>
        <time>1970-01-01T00:18:44.300000Z</time>
        <extensions>
          <gpxtpx:TrackPointExtension>
            <gpxtpx:hr>142</gpxtpx:hr>
          </gpxtpx:TrackPointExtension>
        </extensions>
      </trkpt>
      <trkpt lat="22.547399433074993" lon="114.09132477079265">
        <ele>23.963451449759305</ele>
        <time>1970-01-01T00:18:45.300000Z</time>
        <extensions>
          <gpxtpx:TrackPointExtension>
            <gpxtpx:hr>142</gpxtpx:hr>
          </gpxtpx:TrackPointExtension>
        </extensions>
      </trkpt>
      <trkpt lat="22.547375432613546" lon="114.09132086944706">
        <ele>24.50461465958506</ele>
        <time>1970-01-01T00:18:46.300000Z</time>
        <extensions>
          <gpxtpx:TrackPointExtension>
            <gpxtpx:hr>142</gpxtpx:hr>
          </gpxtpx:TrackPointExtension>
        </extensions>
      </trkpt>
      <trkpt lat="22.54735144252703" lon="114.09131757483829">
        <ele>25.14394004829228</ele>
        <time>1970-01-01T00:18:47.300000Z</time>
        <extensions>
          <gpxtpx:TrackPointExtension>
            <gpxtpx:hr>143</gpxtpx:hr>
          </gpxtpx:TrackPointExtension>
        </extensions>
      </trkpt>
      <trkpt lat="22.547327485591534" lon="114.09131552424718">
        <ele>25.75489967968315</ele>
        <time>1970-01-01T00:18:48.300000Z</time>
        <extensions>
          <gpxtpx:TrackPointExtension>
            <gpxtpx:hr>143</gpxtpx:hr>
          </gpxtpx:TrackPointExtension>
        </extensions>
      </trkpt>
      <trkpt lat="22.547303861089876" lon="114.0913149421596">
        <ele>26.377776892855763</ele>
        <time>1970-01-01T00:18:49.300000Z</time>
        <extensions>
          <gpxtpx:TrackPointExtension>
            <gpxtpx:hr>143</gpxtpx:hr>
          </gpxtpx:TrackPointExtension>
        </extensions>
      </trkpt>
      <trkpt lat="22.547280811613152" lon="114.09131569304839">
        <ele>27.000337564386427</ele>
        <time>1970-01-01T00:18:50.300000Z</time>
        <extensions>
          <gpxtpx:TrackPointExtension>
            <gpxtpx:hr>143</gpxtpx:hr>
          </gpxtpx:TrackPointExtension>
        </extensions>
      </trkpt>
      <trkpt lat="22.547257117513517" lon="114.09131738753517">
        <ele>27.606954650953412</ele>
        <time>1970-01-01T00:18:51.300000Z</time>
        <extensions>
          <gpxtpx:TrackPointExtension>
            <gpxtpx:hr>144</gpxtpx:hr>
          </gpxtpx:TrackPointExtension>
        </extensions>
      </trkpt>
      <trkpt lat="22.54723159088075" lon="114.09131980780111">
        <ele>28.23071758262813</ele>
        <time>1970-01-01T00:18:52.300000Z</time>
        <extensions>
          <gpxtpx:TrackPointExtension>
            <gpxtpx:hr>144</gpxtpx:hr>
          </gpxtpx:TrackPointExtension>
        </extensions>
      </trkpt>
      <trkpt lat="22.547204830228427" lon="114.09132232845765">
        <ele>28.86564435530454</ele>
        <time>1970-01-01T00:18:53.300000Z</time>
        <extensions>
          <gpxtpx:TrackPointExtension>
            <gpxtpx:hr>144</gpxtpx:hr>
          </gpxtpx:TrackPointExtension>
        </extensions>
      </trkpt>
      <trkpt lat="22.54717716194483" lon="114.09132420483627">
        <ele>29.462308428250253</ele>
        <time>1970-01-01T00:18:54.300000Z</time>
        <extensions>
          <gpxtpx:TrackPointExtension>
            <gpxtpx:hr>144</gpxtpx:hr>
          </gpxtpx:TrackPointExtension>
        </extensions>
      </trkpt>
      <trkpt lat="22.547148938731645" lon="114.0913254670815">
        <ele>30.01030975021422</ele>
        <time>1970-01-01T00:18:55.300000Z</time>
        <extensions>
          <gpxtpx:TrackPointExtension>
            <gpxtpx:hr>144</gpxtpx:hr>
          </gpxtpx:TrackPointExtension>
        </extensions>
      </trkpt>
      <trkpt lat="22.547121766795605" lon="114.09132664410795">
        <ele>30.547563195228577</ele>
        <time>1970-01-01T00:18:56.300000Z</time>
        <extensions>
          <gpxtpx:TrackPointExtension>
            <gpxtpx:hr>144</gpxtpx:hr>
          </gpxtpx:TrackPointExtension>
        </extensions>
      </trkpt>
      <trkpt lat="22.54709512636949" lon="114.09132771263442">
        <ele>31.05034113302827</ele>
        <time>1970-01-01T00:18:57.300000Z</time>
        <extensions>
          <gpxtpx:TrackPointExtension>
            <gpxtpx:hr>144</gpxtpx:hr>
          </gpxtpx:TrackPointExtension>
        </extensions>
      </trkpt>
      <trkpt lat="22.54706746639615" lon="114.09132833557801">
        <ele>31.549007890745997</ele>
        <time>1970-01-01T00:18:58.300000Z</time>
        <extensions>
          <gpxtpx:TrackPointExtension>
            <gpxtpx:hr>144</gpxtpx:hr>
          </gpxtpx:TrackPointExtension>
        </extensions>
      </trkpt>
      <trkpt lat="22.547038602991265" lon="114.09132925036269">
        <ele>31.99885535426438</ele>
        <time>1970-01-01T00:18:59.300000Z</time>
        <extensions>
          <gpxtpx:TrackPointExtension>
            <gpxtpx:hr>144</gpxtpx:hr>
          </gpxtpx:TrackPointExtension>
        </extensions>
      </trkpt>
      <trkpt lat="22.547009233900244" lon="114.09133077440733">
        <ele>32.43027164414525</ele>
        <time>1970-01-01T00:19:00.300000Z</time>
        <extensions>
          <gpxtpx:TrackPointExtension>
            <gpxtpx:hr>144</gpxtpx:hr>
          </gpxtpx:TrackPointExtension>
        </extensions>
      </trkpt>
      <trkpt lat="22.546980461390877" lon="114.09133230968011">
        <ele>32.84003422316164</ele>
        <time>1970-01-01T00:19:01.300000Z</time>
        <extensions>
          <gpxtpx:TrackPointExtension>
            <gpxtpx:hr>145</gpxtpx:hr>
          </gpxtpx:TrackPointExtension>
        </extensions>
      </trkpt>
      <trkpt lat="22.546952995620796" lon="114.09133364186818">
        <ele>33.22000131942332</ele>
        <time>1970-01-01T00:19:02.300000Z</time>
        <extensions>
          <gpxtpx:TrackPointExtension>
            <gpxtpx:hr>145</gpxtpx:hr>
          </gpxtpx:TrackPointExtension>
        </extensions>
      </trkpt>
      <trkpt lat="22.546926230198117" lon="114.09133499700987">
        <ele>33.614058694802225</ele>
        <time>1970-01-01T00:19:03.300000Z</time>
        <extensions>
          <gpxtpx:TrackPointExtension>
            <gpxtpx:hr>145</gpxtpx:hr>
          </gpxtpx:TrackPointExtension>
        </extensions>
      </trkpt>
      <trkpt lat="22.546899743942358" lon="114.09133690802048">
        <ele>33.99024604540318</ele>
        <time>1970-01-01T00:19:04.300000Z</time>
        <extensions>
          <gpxtpx:TrackPointExtension>
            <gpxtpx:hr>146</gpxtpx:hr>
          </gpxtpx:TrackPointExtension>
        </extensions>
      </trkpt>
      <trkpt lat="22.546873244121006" lon="114.09133942064622">
        <ele>34.32193043734878</ele>
        <time>1970-01-01T00:19:05.300000Z</time>
        <extensions>
          <gpxtpx:TrackPointExtension>
            <gpxtpx:hr>146</gpxtpx:hr>
          </gpxtpx:TrackPointExtension>
        </extensions>
      </trkpt>
      <trkpt lat="22.54684638533891" lon="114.09134176477852">
        <ele>34.63461923971772</ele>
        <time>1970-01-01T00:19:06.300000Z</time>
        <extensions>
          <gpxtpx:TrackPointExtension>
            <gpxtpx:hr>146</gpxtpx:hr>
          </gpxtpx:TrackPointExtension>
        </extensions>
      </trkpt>
      <trkpt lat="22.546818569033213" lon="114.09134295857311">
        <ele>34.94213639944792</ele>
        <time>1970-01-01T00:19:07.300000Z</time>
        <extensions>
          <gpxtpx:TrackPointExtension>
            <gpxtpx:hr>146</gpxtpx:hr>
          </gpxtpx:TrackPointExtension>
        </extensions>
      </trkpt>
      <trkpt lat="22.546789456072155" lon="114.09134296316299">
        <ele>35.24087658058852</ele>
        <time>1970-01-01T00:19:08.300000Z</time>
        <extensions>
          <gpxtpx:TrackPointExtension>
            <gpxtpx:hr>146</gpxtpx:hr>
          </gpxtpx:TrackPointExtension>
        </extensions>
      </trkpt>
      <trkpt lat="22.546759322126757" lon="114.09134232415057">
        <ele>35.480836731381714</ele>
        <time>1970-01-01T00:19:09.300000Z</time>
        <extensions>
          <gpxtpx:TrackPointExtension>
            <gpxtpx:hr>146</gpxtpx:hr>
          </gpxtpx:TrackPointExtension>
        </extensions>
      </trkpt>
      <trkpt lat="22.546728561614763" lon="114.09134147644903">
        <ele>35.66733044851571</ele>
        <time>1970-01-01T00:19:10.300000Z</time>
        <extensions>
          <gpxtpx:TrackPointExtension>
            <gpxtpx:hr>147</gpxtpx:hr>
          </gpxtpx:TrackPointExtension>
        </extensions>
      </trkpt>
      <trkpt lat="22.546697846010613" lon="114.09134099162215">
        <ele>35.81072533689439</ele>
        <time>1970-01-01T00:19:11.300000Z</time>
        <extensions>
          <gpxtpx:TrackPointExtension>
            <gpxtpx:hr>147</gpxtpx:hr>
          </gpxtpx:TrackPointExtension>
        </extensions>
      </trkpt>
      <trkpt lat="22.546668046298464" lon="114.09134105496832">
        <ele>35.84937186446041</ele>
        <time>1970-01-01T00:19:12.300000Z</time>
        <extensions>
          <gpxtpx:TrackPointExtension>
            <gpxtpx:hr>147</gpxtpx:hr>
          </gpxtpx:TrackPointExtension>
        </extensions>
      </trkpt>
      <trkpt lat="22.546639160768443" lon="114.09134153968768">
        <ele>35.809672674164176</ele>
        <time>1970-01-01T00:19:13.300000Z</time>
        <extensions>
          <gpxtpx:TrackPointExtension>
            <gpxtpx:hr>147</gpxtpx:hr>
          </gpxtpx:TrackPointExtension>
        </extensions>
      </trkpt>
      <trkpt lat="22.546610788533297" lon="114.09134212869115">
        <ele>35.65997901652008</ele>
        <time>1970-01-01T00:19:14.300000Z</time>
        <extensions>
          <gpxtpx:TrackPointExtension>
            <gpxtpx:hr>147</gpxtpx:hr>
          </gpxtpx:TrackPointExtension>
        </extensions>
      </trkpt>
      <trkpt lat="22.546583329358715" lon="114.0913428295661">
        <ele>35.410614943131804</ele>
        <time>1970-01-01T00:19:15.300000Z</time>
        <extensions>
          <gpxtpx:TrackPointExtension>
            <gpxtpx:hr>147</gpxtpx:hr>
          </gpxtpx:TrackPointExtension>
        </extensions>
      </trkpt>
      <trkpt lat="22.546556578878462" lon="114.09134373665141">
        <ele>35.067557158879936</ele>
        <time>1970-01-01T00:19:16.300000Z</time>
        <extensions>
          <gpxtpx:TrackPointExtension>
            <gpxtpx:hr>147</gpxtpx:hr>
          </gpxtpx:TrackPointExtension>
        </extensions>
      </trkpt>
      <trkpt lat="22.546530263842783" lon="114.09134462119262">
        <ele>34.64734466094524</ele>
        <time>1970-01-01T00:19:17.300000Z</time>
        <extensions>
          <gpxtpx:TrackPointExtension>
            <gpxtpx:hr>147</gpxtpx:hr>
          </gpxtpx:TrackPointExtension>
        </extensions>
      </trkpt>
      <trkpt lat="22.546503577508993" lon="114.09134509315868">
        <ele>34.142663741484284</ele>
        <time>1970-01-01T00:19:18.300000Z</time>
        <extensions>
          <gpxtpx:TrackPointExtension>
            <gpxtpx:hr>147</gpxtpx:hr>
          </gpxtpx:TrackPointExtension>
        </extensions>
      </trkpt>
      <trkpt lat="22.546476369827325" lon="114.09134435685748">
        <ele>33.57766910083592</ele>
        <time>1970-01-01T00:19:19.300000Z</time>
        <extensions>
          <gpxtpx:TrackPointExtension>
            <gpxtpx:hr>147</gpxtpx:hr>
          </gpxtpx:TrackPointExtension>
        </extensions>
      </trkpt>
      <trkpt lat="22.54644878056533" lon="114.0913420916592">
        <ele>32.960178315639496</ele>
        <time>1970-01-01T00:19:20.300000Z</time>
        <extensions>
          <gpxtpx:TrackPointExtension>
            <gpxtpx:hr>147</gpxtpx:hr>
          </gpxtpx:TrackPointExtension>
        </extensions>
      </trkpt>
      <trkpt lat="22.546421014185718" lon="114.09133892799328">
        <ele>32.29145045392215</ele>
        <time>1970-01-01T00:19:21.300000Z</time>
        <extensions>
          <gpxtpx:TrackPointExtension>
            <gpxtpx:hr>147</gpxtpx:hr>
          </gpxtpx:TrackPointExtension>
        </extensions>
      </trkpt>
      <trkpt lat="22.546393202087216" lon="114.09133587328846">
        <ele>31.56531840749085</ele>
        <time>1970-01-01T00:19:22.300000Z</time>
        <extensions>
          <gpxtpx:TrackPointExtension>
            <gpxtpx:hr>147</gpxtpx:hr>
          </gpxtpx:TrackPointExtension>
        </extensions>
      </trkpt>
      <trkpt lat="22.546365348355113" lon="114.09133388796222">
        <ele>30.812459715642035</ele>
        <time>1970-01-01T00:19:23.300000Z</time>
        <extensions>
          <gpxtpx:TrackPointExtension>
            <gpxtpx:hr>147</gpxtpx:hr>
          </gpxtpx:TrackPointExtension>
        </extensions>
      </trkpt>
      <trkpt lat="22.546337471966957" lon="114.09133335137902">
        <ele>30.0154136037454</ele>
        <time>1970-01-01T00:19:24.300000Z</time>
        <extensions>
          <gpxtpx:TrackPointExtension>
            <gpxtpx:hr>147</gpxtpx:hr>
          </gpxtpx:TrackPointExtension>
        </extensions>
      </trkpt>
      <trkpt lat="22.546309067208366" lon="114.09133407566549">
        <ele>29.23188381548971</ele>
        <time>1970-01-01T00:19:25.300000Z</time>
        <extensions>
          <gpxtpx:TrackPointExtension>
            <gpxtpx:hr>147</gpxtpx:hr>
          </gpxtpx:TrackPointExtension>
        </extensions>
      </trkpt>
      <trkpt lat="22.546279736402838" lon="114.09133568244918">
        <ele>28.47426980920136</ele>
        <time>1970-01-01T00:19:26.300000Z</time>
        <extensions>
          <gpxtpx:TrackPointExtension>
            <gpxtpx:hr>147</gpxtpx:hr>
          </gpxtpx:TrackPointExtension>
        </extensions>
      </trkpt>
      <trkpt lat="22.546249673367377" lon="114.09133788552472">
        <ele>27.708315581083298</ele>
        <time>1970-01-01T00:19:27.300000Z</time>
        <extensions>
          <gpxtpx:TrackPointExtension>
            <gpxtpx:hr>148</gpxtpx:hr>
          </gpxtpx:TrackPointExtension>
        </extensions>
      </trkpt>
      <trkpt lat="22.546219265495917" lon="114.09134030146882">
        <ele>26.990274977870286</ele>
        <time>1970-01-01T00:19:28.300000Z</time>
        <extensions>
          <gpxtpx:TrackPointExtension>
            <gpxtpx:hr>148</gpxtpx:hr>
          </gpxtpx:TrackPointExtension>
        </extensions>
      </trkpt>
      <trkpt lat="22.54618924239199" lon="114.09134270753259">
        <ele>26.306207697838545</ele>
        <time>1970-01-01T00:19:29.300000Z</time>
        <extensions>
          <gpxtpx:TrackPointExtension>
            <gpxtpx:hr>148</gpxtpx:hr>
          </gpxtpx:TrackPointExtension>
        </extensions>
      </trkpt>
      <trkpt lat="22.546160284501703" lon="114.09134481333771">
        <ele>25.66633833386004</ele>
        <time>1970-01-01T00:19:30.300000Z</time>
        <extensions>
          <gpxtpx:TrackPointExtension>
            <gpxtpx:hr>148</gpxtpx:hr>
          </gpxtpx:TrackPointExtension>
        </extensions>
      </trkpt>
      <trkpt lat="22.546132012481575" lon="114.09134611331342">
        <ele>25.044983106665313</ele>
        <time>1970-01-01T00:19:31.300000Z</time>
        <extensions>
          <gpxtpx:TrackPointExtension>
            <gpxtpx:hr>148</gpxtpx:hr>
          </gpxtpx:TrackPointExtension>
        </extensions>
      </trkpt>
      <trkpt lat="22.54610450317087" lon="114.09134643667846">
        <ele>24.433676327578723</ele>
        <time>1970-01-01T00:19:32.300000Z</time>
        <extensions>
          <gpxtpx:TrackPointExtension>
            <gpxtpx:hr>148</gpxtpx:hr>
          </gpxtpx:TrackPointExtension>
        </extensions>
      </trkpt>
      <trkpt lat="22.546078285004224" lon="114.09134633446651">
        <ele>23.86696222703904</ele>
        <time>1970-01-01T00:19:33.300000Z</time>
        <extensions>
          <gpxtpx:TrackPointExtension>
            <gpxtpx:hr>148</gpxtpx:hr>
          </gpxtpx:TrackPointExtension>
        </extensions>
      </trkpt>
      <trkpt lat="22.546053687941438" lon="114.09134650714032">
        <ele>23.364060723222792</ele>
        <time>1970-01-01T00:19:34.300000Z</time>
        <extensions>
          <gpxtpx:TrackPointExtension>
            <gpxtpx:hr>148</gpxtpx:hr>
          </gpxtpx:TrackPointExtension>
        </extensions>
      </trkpt>
      <trkpt lat="22.546028923212162" lon="114.09134779228893">
        <ele>22.897974690422416</ele>
        <time>1970-01-01T00:19:35.300000Z</time>
        <extensions>
          <gpxtpx:TrackPointExtension>
            <gpxtpx:hr>148</gpxtpx:hr>
          </gpxtpx:TrackPointExtension>
        </extensions>
      </trkpt>
      <trkpt lat="22.54600268159765" lon="114.0913506802786">
        <ele>22.48795193992555</ele>
        <time>1970-01-01T00:19:36.300000Z</time>
        <extensions>
          <gpxtpx:TrackPointExtension>
            <gpxtpx:hr>148</gpxtpx:hr>
          </gpxtpx:TrackPointExtension>
        </extensions>
      </trkpt>
      <trkpt lat="22.545976063975107" lon="114.09135466104847">
        <ele>22.113270189613104</ele>
        <time>1970-01-01T00:19:37.300000Z</time>
        <extensions>
          <gpxtpx:TrackPointExtension>
            <gpxtpx:hr>148</gpxtpx:hr>
          </gpxtpx:TrackPointExtension>
        </extensions>
      </trkpt>
      <trkpt lat="22.545949068326244" lon="114.0913589213375">
        <ele>21.767715644091368</ele>
        <time>1970-01-01T00:19:38.300000Z</time>
        <extensions>
          <gpxtpx:TrackPointExtension>
            <gpxtpx:hr>148</gpxtpx:hr>
          </gpxtpx:TrackPointExtension>
        </extensions>
      </trkpt>
      <trkpt lat="22.54592154861337" lon="114.09136333216452">
        <ele>21.48384577780962</ele>
        <time>1970-01-01T00:19:39.300000Z</time>
        <extensions>
          <gpxtpx:TrackPointExtension>
            <gpxtpx:hr>148</gpxtpx:hr>
          </gpxtpx:TrackPointExtension>
        </extensions>
      </trkpt>
      <trkpt lat="22.545894839385433" lon="114.09136801480116">
        <ele>21.262543183751404</ele>
        <time>1970-01-01T00:19:40.300000Z</time>
        <extensions>
          <gpxtpx:TrackPointExtension>
            <gpxtpx:hr>148</gpxtpx:hr>
          </gpxtpx:TrackPointExtension>
        </extensions>
      </trkpt>
      <trkpt lat="22.5458691019729" lon="114.09137297939434">
        <ele>21.045850686728954</ele>
        <time>1970-01-01T00:19:41.300000Z</time>
        <extensions>
          <gpxtpx:TrackPointExtension>
            <gpxtpx:hr>150</gpxtpx:hr>
          </gpxtpx:TrackPointExtension>
        </extensions>
      </trkpt>
      <trkpt lat="22.545844371185026" lon="114.09137808121542">
        <ele>20.887637154199183</ele>
        <time>1970-01-01T00:19:42.300000Z</time>
        <extensions>
          <gpxtpx:TrackPointExtension>
            <gpxtpx:hr>150</gpxtpx:hr>
          </gpxtpx:TrackPointExtension>
        </extensions>
      </trkpt>
      <trkpt lat="22.54582042917385" lon="114.09138242312282">
        <ele>20.768344930373132</ele>
        <time>1970-01-01T00:19:43.300000Z</time>
        <extensions>
          <gpxtpx:TrackPointExtension>
            <gpxtpx:hr>150</gpxtpx:hr>
          </gpxtpx:TrackPointExtension>
        </extensions>
      </trkpt>
      <trkpt lat="22.54579603107249" lon="114.09138507430346">
        <ele>20.686234350316226</ele>
        <time>1970-01-01T00:19:44.300000Z</time>
        <extensions>
          <gpxtpx:TrackPointExtension>
            <gpxtpx:hr>150</gpxtpx:hr>
          </gpxtpx:TrackPointExtension>
        </extensions>
      </trkpt>
      <trkpt lat="22.545770767108802" lon="114.09138544373627">
        <ele>20.619285092689097</ele>
        <time>1970-01-01T00:19:45.300000Z</time>
        <extensions>
          <gpxtpx:TrackPointExtension>
            <gpxtpx:hr>150</gpxtpx:hr>
          </gpxtpx:TrackPointExtension>
        </extensions>
      </trkpt>
      <trkpt lat="22.545745782529753" lon="114.09138432116241">
        <ele>20.56751622725278</ele>
        <time>1970-01-01T00:19:46.300000Z</time>
        <extensions>
          <gpxtpx:TrackPointExtension>
            <gpxtpx:hr>150</gpxtpx:hr>
          </gpxtpx:TrackPointExtension>
        </extensions>
      </trkpt>
      <trkpt lat="22.5457223234413" lon="114.0913828445162">
        <ele>20.531656108796597</ele>
        <time>1970-01-01T00:19:47.300000Z</time>
        <extensions>
          <gpxtpx:TrackPointExtension>
            <gpxtpx:hr>150</gpxtpx:hr>
          </gpxtpx:TrackPointExtension>
        </extensions>
      </trkpt>
      <trkpt lat="22.545699895348097" lon="114.09138135618451">
        <ele>20.50594763364643</ele>
        <time>1970-01-01T00:19:48.300000Z</time>
        <extensions>
          <gpxtpx:TrackPointExtension>
            <gpxtpx:hr>150</gpxtpx:hr>
          </gpxtpx:TrackPointExtension>
        </extensions>
      </trkpt>
      <trkpt lat="22.545677270082795" lon="114.09137984803169">
        <ele>20.472840211354196</ele>
        <time>1970-01-01T00:19:49.300000Z</time>
        <extensions>
          <gpxtpx:TrackPointExtension>
            <gpxtpx:hr>150</gpxtpx:hr>
          </gpxtpx:TrackPointExtension>
        </extensions>
      </trkpt>
      <trkpt lat="22.545654136169038" lon="114.09137778831911">
        <ele>20.45067047420889</ele>
        <time>1970-01-01T00:19:50.300000Z</time>
        <extensions>
          <gpxtpx:TrackPointExtension>
            <gpxtpx:hr>150</gpxtpx:hr>
          </gpxtpx:TrackPointExtension>
        </extensions>
      </trkpt>
      <trkpt lat="22.545630825164466" lon="114.0913752802832">
        <ele>20.439553616568446</ele>
        <time>1970-01-01T00:19:51.300000Z</time>
        <extensions>
          <gpxtpx:TrackPointExtension>
            <gpxtpx:hr>151</gpxtpx:hr>
          </gpxtpx:TrackPointExtension>
        </extensions>
      </trkpt>
      <trkpt lat="22.54560774533223" lon="114.09137286983214">
        <ele>20.429434436373413</ele>
        <time>1970-01-01T00:19:52.300000Z</time>
        <extensions>
          <gpxtpx:TrackPointExtension>
            <gpxtpx:hr>151</gpxtpx:hr>
          </gpxtpx:TrackPointExtension>
        </extensions>
      </trkpt>
      <trkpt lat="22.5455850662407" lon="114.09137077812161">
        <ele>20.41176547203213</ele>
        <time>1970-01-01T00:19:53.300000Z</time>
        <extensions>
          <gpxtpx:TrackPointExtension>
            <gpxtpx:hr>151</gpxtpx:hr>
          </gpxtpx:TrackPointExtension>
        </extensions>
      </trkpt>
      <trkpt lat="22.545562486284474" lon="114.09136872146794">
        <ele>20.435453181155026</ele>
        <time>1970-01-01T00:19:54.300000Z</time>
        <extensions>
          <gpxtpx:TrackPointExtension>
            <gpxtpx:hr>151</gpxtpx:hr>
          </gpxtpx:TrackPointExtension>
        </extensions>
      </trkpt>
      <trkpt lat="22.545539677044975" lon="114.09136650693998">
        <ele>20.44750140979886</ele>
        <time>1970-01-01T00:19:55.300000Z</time>
        <extensions>
          <gpxtpx:TrackPointExtension>
            <gpxtpx:hr>151</gpxtpx:hr>
          </gpxtpx:TrackPointExtension>
        </extensions>
      </trkpt>
      <trkpt lat="22.54551676783468" lon="114.09136435179614">
        <ele>20.48807364795357</ele>
        <time>1970-01-01T00:19:56.300000Z</time>
        <extensions>
          <gpxtpx:TrackPointExtension>
            <gpxtpx:hr>151</gpxtpx:hr>
          </gpxtpx:TrackPointExtension>
        </extensions>
      </trkpt>
      <trkpt lat="22.545494141898" lon="114.09136282552814">
        <ele>20.589942721650004</ele>
        <time>1970-01-01T00:19:57.300000Z</time>
        <extensions>
          <gpxtpx:TrackPointExtension>
            <gpxtpx:hr>151</gpxtpx:hr>
          </gpxtpx:TrackPointExtension>
        </extensions>
      </trkpt>
      <trkpt lat="22.54547183706265" lon="114.09136300647083">
        <ele>20.74214232992381</ele>
        <time>1970-01-01T00:19:58.300000Z</time>
        <extensions>
          <gpxtpx:TrackPointExtension>
            <gpxtpx:hr>151</gpxtpx:hr>
          </gpxtpx:TrackPointExtension>
        </extensions>
      </trkpt>
      <trkpt lat="22.545449235445414" lon="114.0913653228063">
        <ele>20.906387373805046</ele>
        <time>1970-01-01T00:19:59.300000Z</time>
        <extensions>
          <gpxtpx:TrackPointExtension>
            <gpxtpx:hr>151</gpxtpx:hr>
          </gpxtpx:TrackPointExtension>
        </extensions>
      </trkpt>
      <trkpt lat="22.545426159901318" lon="114.09136857970756">
        <ele>21.106105342507362</ele>
        <time>1970-01-01T00:20:00.300000Z</time>
        <extensions>
          <gpxtpx:TrackPointExtension>
            <gpxtpx:hr>151</gpxtpx:hr>
          </gpxtpx:TrackPointExtension>
        </extensions>
      </trkpt>
      <trkpt lat="22.545402496138816" lon="114.09137200653583">
        <ele>21.335387341678143</ele>
        <time>1970-01-01T00:20:01.300000Z</time>
        <extensions>
          <gpxtpx:TrackPointExtension>
            <gpxtpx:hr>151</gpxtpx:hr>
          </gpxtpx:TrackPointExtension>
        </extensions>
      </trkpt>
      <trkpt lat="22.54537831963531" lon="114.09137604197464">
        <ele>21.58218308724463</ele>
        <time>1970-01-01T00:20:02.300000Z</time>
        <extensions>
          <gpxtpx:TrackPointExtension>
            <gpxtpx:hr>150</gpxtpx:hr>
          </gpxtpx:TrackPointExtension>
        </extensions>
      </trkpt>
      <trkpt lat="22.545353800544152" lon="114.09138147962719">
        <ele>21.86332865152508</ele>
        <time>1970-01-01T00:20:03.300000Z</time>
        <extensions>
          <gpxtpx:TrackPointExtension>
            <gpxtpx:hr>150</gpxtpx:hr>
          </gpxtpx:TrackPointExtension>
        </extensions>
      </trkpt>
      <trkpt lat="22.54532944490954" lon="114.09138879620639">
        <ele>22.14481825567782</ele>
        <time>1970-01-01T00:20:04.300000Z</time>
        <extensions>
          <gpxtpx:TrackPointExtension>
            <gpxtpx:hr>150</gpxtpx:hr>
          </gpxtpx:TrackPointExtension>
        </extensions>
      </trkpt>
      <trkpt lat="22.54530541682953" lon="114.09139715627589">
        <ele>22.419116709381342</ele>
        <time>1970-01-01T00:20:05.300000Z</time>
        <extensions>
          <gpxtpx:TrackPointExtension>
            <gpxtpx:hr>150</gpxtpx:hr>
          </gpxtpx:TrackPointExtension>
        </extensions>
      </trkpt>
      <trkpt lat="22.545280960154894" lon="114.09140524921413">
        <ele>22.717095823027194</ele>
        <time>1970-01-01T00:20:06.300000Z</time>
        <extensions>
          <gpxtpx:TrackPointExtension>
            <gpxtpx:hr>150</gpxtpx:hr>
          </gpxtpx:TrackPointExtension>
        </extensions>
      </trkpt>
      <trkpt lat="22.545255456323435" lon="114.09141246223282">
        <ele>23.024534623138607</ele>
        <time>1970-01-01T00:20:07.300000Z</time>
        <extensions>
          <gpxtpx:TrackPointExtension>
            <gpxtpx:hr>150</gpxtpx:hr>
          </gpxtpx:TrackPointExtension>
        </extensions>
      </trkpt>
      <trkpt lat="22.545228945132664" lon="114.0914190258246">
        <ele>23.303678375668824</ele>
        <time>1970-01-01T00:20:08.300000Z</time>
        <extensions>
          <gpxtpx:TrackPointExtension>
            <gpxtpx:hr>150</gpxtpx:hr>
          </gpxtpx:TrackPointExtension>
        </extensions>
      </trkpt>
      <trkpt lat="22.545202251753686" lon="114.09142462927129">
        <ele>23.558762466534972</ele>
        <time>1970-01-01T00:20:09.300000Z</time>
        <extensions>
          <gpxtpx:TrackPointExtension>
            <gpxtpx:hr>150</gpxtpx:hr>
          </gpxtpx:TrackPointExtension>
        </extensions>
      </trkpt>
      <trkpt lat="22.545175186075554" lon="114.09142851164479">
        <ele>23.820210561156273</ele>
        <time>1970-01-01T00:20:10.300000Z</time>
        <extensions>
          <gpxtpx:TrackPointExtension>
            <gpxtpx:hr>150</gpxtpx:hr>
          </gpxtpx:TrackPointExtension>
        </extensions>
      </trkpt>
      <trkpt lat="22.54514739048307" lon="114.09142997709372">
        <ele>24.037691357545555</ele>
        <time>1970-01-01T00:20:11.300000Z</time>
        <extensions>
          <gpxtpx:TrackPointExtension>
            <gpxtpx:hr>150</gpxtpx:hr>
          </gpxtpx:TrackPointExtension>
        </extensions>
      </trkpt>
      <trkpt lat="22.545119826856084" lon="114.09142921581025">
        <ele>24.19086213223636</ele>
        <time>1970-01-01T00:20:12.300000Z</time>
        <extensions>
          <gpxtpx:TrackPointExtension>
            <gpxtpx:hr>150</gpxtpx:hr>
          </gpxtpx:TrackPointExtension>
        </extensions>
      </trkpt>
      <trkpt lat="22.54509260421119" lon="114.09142705317484">
        <ele>24.305351379327476</ele>
        <time>1970-01-01T00:20:13.300000Z</time>
        <extensions>
          <gpxtpx:TrackPointExtension>
            <gpxtpx:hr>150</gpxtpx:hr>
          </gpxtpx:TrackPointExtension>
        </extensions>
      </trkpt>
      <trkpt lat="22.545065481537808" lon="114.0914239096699">
        <ele>24.403326684609056</ele>
        <time>1970-01-01T00:20:14.300000Z</time>
        <extensions>
          <gpxtpx:TrackPointExtension>
            <gpxtpx:hr>150</gpxtpx:hr>
          </gpxtpx:TrackPointExtension>
        </extensions>
      </trkpt>
      <trkpt lat="22.545039536147147" lon="114.09142017405493">
        <ele>24.39336439501494</ele>
        <time>1970-01-01T00:20:15.300000Z</time>
        <extensions>
          <gpxtpx:TrackPointExtension>
            <gpxtpx:hr>150</gpxtpx:hr>
          </gpxtpx:TrackPointExtension>
        </extensions>
      </trkpt>
      <trkpt lat="22.545015177465334" lon="114.09141621759848">
        <ele>24.370141560211778</ele>
        <time>1970-01-01T00:20:16.300000Z</time>
        <extensions>
          <gpxtpx:TrackPointExtension>
            <gpxtpx:hr>150</gpxtpx:hr>
          </gpxtpx:TrackPointExtension>
        </extensions>
      </trkpt>
      <trkpt lat="22.544991123340527" lon="114.09141189413947">
        <ele>24.36259954981506</ele>
        <time>1970-01-01T00:20:17.300000Z</time>
        <extensions>
          <gpxtpx:TrackPointExtension>
            <gpxtpx:hr>150</gpxtpx:hr>
          </gpxtpx:TrackPointExtension>
        </extensions>
      </trkpt>
      <trkpt lat="22.544966084208436" lon="114.09140718922932">
        <ele>24.30133844446391</ele>
        <time>1970-01-01T00:20:18.300000Z</time>
        <extensions>
          <gpxtpx:TrackPointExtension>
            <gpxtpx:hr>151</gpxtpx:hr>
          </gpxtpx:TrackPointExtension>
        </extensions>
      </trkpt>
      <trkpt lat="22.54494076037281" lon="114.09140257846168">
        <ele>24.215922936797142</ele>
        <time>1970-01-01T00:20:19.300000Z</time>
        <extensions>
          <gpxtpx:TrackPointExtension>
            <gpxtpx:hr>151</gpxtpx:hr>
          </gpxtpx:TrackPointExtension>
        </extensions>
      </trkpt>
      <trkpt lat="22.54491603910346" lon="114.09139836322584">
        <ele>24.082149919122458</ele>
        <time>1970-01-01T00:20:20.300000Z</time>
        <extensions>
          <gpxtpx:TrackPointExtension>
            <gpxtpx:hr>151</gpxtpx:hr>
          </gpxtpx:TrackPointExtension>
        </extensions>
      </trkpt>
      <trkpt lat="22.54489190411106" lon="114.09139439975966">
        <ele>23.904165126383305</ele>
        <time>1970-01-01T00:20:21.300000Z</time>
        <extensions>
          <gpxtpx:TrackPointExtension>
            <gpxtpx:hr>151</gpxtpx:hr>
          </gpxtpx:TrackPointExtension>
        </extensions>
      </trkpt>
      <trkpt lat="22.544867988702787" lon="114.09139044399558">
        <ele>23.713672976009548</ele>
        <time>1970-01-01T00:20:22.300000Z</time>
        <extensions>
          <gpxtpx:TrackPointExtension>
            <gpxtpx:hr>151</gpxtpx:hr>
          </gpxtpx:TrackPointExtension>
        </extensions>
      </trkpt>
      <trkpt lat="22.544843599114373" lon="114.0913863813496">
        <ele>23.493878030218184</ele>
        <time>1970-01-01T00:20:23.300000Z</time>
        <extensions>
          <gpxtpx:TrackPointExtension>
            <gpxtpx:hr>151</gpxtpx:hr>
          </gpxtpx:TrackPointExtension>
        </extensions>
      </trkpt>
      <trkpt lat="22.544819146096753" lon="114.09138173566105">
        <ele>23.22884306591004</ele>
        <time>1970-01-01T00:20:24.300000Z</time>
        <extensions>
          <gpxtpx:TrackPointExtension>
            <gpxtpx:hr>151</gpxtpx:hr>
          </gpxtpx:TrackPointExtension>
        </extensions>
      </trkpt>
      <trkpt lat="22.544794832065598" lon="114.09137702150272">
        <ele>22.93138538580388</ele>
        <time>1970-01-01T00:20:25.300000Z</time>
        <extensions>
          <gpxtpx:TrackPointExtension>
            <gpxtpx:hr>151</gpxtpx:hr>
          </gpxtpx:TrackPointExtension>
        </extensions>
      </trkpt>
      <trkpt lat="22.544770219072" lon="114.09137380020594">
        <ele>22.636454007588327</ele>
        <time>1970-01-01T00:20:26.300000Z</time>
        <extensions>
          <gpxtpx:TrackPointExtension>
            <gpxtpx:hr>151</gpxtpx:hr>
          </gpxtpx:TrackPointExtension>
        </extensions>
      </trkpt>
      <trkpt lat="22.54474503051567" lon="114.09137278176716">
        <ele>22.316845783032477</ele>
        <time>1970-01-01T00:20:27.300000Z</time>
        <extensions>
          <gpxtpx:TrackPointExtension>
            <gpxtpx:hr>152</gpxtpx:hr>
          </gpxtpx:TrackPointExtension>
        </extensions>
      </trkpt>
      <trkpt lat="22.544719547501465" lon="114.09137327239428">
        <ele>21.986760701052845</ele>
        <time>1970-01-01T00:20:28.300000Z</time>
        <extensions>
          <gpxtpx:TrackPointExtension>
            <gpxtpx:hr>152</gpxtpx:hr>
          </gpxtpx:TrackPointExtension>
        </extensions>
      </trkpt>
      <trkpt lat="22.544694471678152" lon="114.09137432369171">
        <ele>21.6165916537866</ele>
        <time>1970-01-01T00:20:29.300000Z</time>
        <extensions>
          <gpxtpx:TrackPointExtension>
            <gpxtpx:hr>152</gpxtpx:hr>
          </gpxtpx:TrackPointExtension>
        </extensions>
      </trkpt>
      <trkpt lat="22.544670274119675" lon="114.09137490866743">
        <ele>21.21538961213082</ele>
        <time>1970-01-01T00:20:30.300000Z</time>
        <extensions>
          <gpxtpx:TrackPointExtension>
            <gpxtpx:hr>152</gpxtpx:hr>
          </gpxtpx:TrackPointExtension>
        </extensions>
      </trkpt>
      <trkpt lat="22.544646958542305" lon="114.09137432206165">
        <ele>20.816615638323128</ele>
        <time>1970-01-01T00:20:31.300000Z</time>
        <extensions>
          <gpxtpx:TrackPointExtension>
            <gpxtpx:hr>152</gpxtpx:hr>
          </gpxtpx:TrackPointExtension>
        </extensions>
      </trkpt>
      <trkpt lat="22.544624278782756" lon="114.0913728115043">
        <ele>20.407505254261196</ele>
        <time>1970-01-01T00:20:32.300000Z</time>
        <extensions>
          <gpxtpx:TrackPointExtension>
            <gpxtpx:hr>153</gpxtpx:hr>
          </gpxtpx:TrackPointExtension>
        </extensions>
      </trkpt>
      <trkpt lat="22.544601521988902" lon="114.09137103384255">
        <ele>20.001005676575005</ele>
        <time>1970-01-01T00:20:33.300000Z</time>
        <extensions>
          <gpxtpx:TrackPointExtension>
            <gpxtpx:hr>153</gpxtpx:hr>
          </gpxtpx:TrackPointExtension>
        </extensions>
      </trkpt>
      <trkpt lat="22.54457891263947" lon="114.09136901808651">
        <ele>19.61707790941</ele>
        <time>1970-01-01T00:20:34.300000Z</time>
        <extensions>
          <gpxtpx:TrackPointExtension>
            <gpxtpx:hr>153</gpxtpx:hr>
          </gpxtpx:TrackPointExtension>
        </extensions>
      </trkpt>
      <trkpt lat="22.54455686694302" lon="114.09136724532334">
        <ele>19.2674802551046</ele>
        <time>1970-01-01T00:20:35.300000Z</time>
        <extensions>
          <gpxtpx:TrackPointExtension>
            <gpxtpx:hr>153</gpxtpx:hr>
          </gpxtpx:TrackPointExtension>
        </extensions>
      </trkpt>
      <trkpt lat="22.544534682428562" lon="114.09136648404086">
        <ele>18.91739972960204</ele>
        <time>1970-01-01T00:20:36.300000Z</time>
        <extensions>
          <gpxtpx:TrackPointExtension>
            <gpxtpx:hr>153</gpxtpx:hr>
          </gpxtpx:TrackPointExtension>
        </extensions>
      </trkpt>
      <trkpt lat="22.54451220544658" lon="114.0913662266162">
        <ele>18.608456812798977</ele>
        <time>1970-01-01T00:20:37.300000Z</time>
        <extensions>
          <gpxtpx:TrackPointExtension>
            <gpxtpx:hr>154</gpxtpx:hr>
          </gpxtpx:TrackPointExtension>
        </extensions>
      </trkpt>
      <trkpt lat="22.544489332654035" lon="114.0913659992877">
        <ele>18.374630245380104</ele>
        <time>1970-01-01T00:20:38.300000Z</time>
        <extensions>
          <gpxtpx:TrackPointExtension>
            <gpxtpx:hr>154</gpxtpx:hr>
          </gpxtpx:TrackPointExtension>
        </extensions>
      </trkpt>
      <trkpt lat="22.5444657908225" lon="114.09136588092183">
        <ele>18.17210558243096</ele>
        <time>1970-01-01T00:20:39.300000Z</time>
        <extensions>
          <gpxtpx:TrackPointExtension>
            <gpxtpx:hr>154</gpxtpx:hr>
          </gpxtpx:TrackPointExtension>
        </extensions>
      </trkpt>
      <trkpt lat="22.544441192087923" lon="114.0913658654949">
        <ele>18.0093790050596</ele>
        <time>1970-01-01T00:20:40.300000Z</time>
        <extensions>
          <gpxtpx:TrackPointExtension>
            <gpxtpx:hr>154</gpxtpx:hr>
          </gpxtpx:TrackPointExtension>
        </extensions>
      </trkpt>
      <trkpt lat="22.544415355958737" lon="114.09136620142188">
        <ele>17.87504417449236</ele>
        <time>1970-01-01T00:20:41.300000Z</time>
        <extensions>
          <gpxtpx:TrackPointExtension>
            <gpxtpx:hr>154</gpxtpx:hr>
          </gpxtpx:TrackPointExtension>
        </extensions>
      </trkpt>
      <trkpt lat="22.544389151552338" lon="114.09136745061045">
        <ele>17.780369732528925</ele>
        <time>1970-01-01T00:20:42.300000Z</time>
        <extensions>
          <gpxtpx:TrackPointExtension>
            <gpxtpx:hr>154</gpxtpx:hr>
          </gpxtpx:TrackPointExtension>
        </extensions>
      </trkpt>
      <trkpt lat="22.54436363227818" lon="114.09136968846236">
        <ele>17.72791104298085</ele>
        <time>1970-01-01T00:20:43.300000Z</time>
        <extensions>
          <gpxtpx:TrackPointExtension>
            <gpxtpx:hr>154</gpxtpx:hr>
          </gpxtpx:TrackPointExtension>
        </extensions>
      </trkpt>
      <trkpt lat="22.544338668092436" lon="114.0913722450011">
        <ele>17.709527631290257</ele>
        <time>1970-01-01T00:20:44.300000Z</time>
        <extensions>
          <gpxtpx:TrackPointExtension>
            <gpxtpx:hr>154</gpxtpx:hr>
          </gpxtpx:TrackPointExtension>
        </extensions>
      </trkpt>
      <trkpt lat="22.544313635620533" lon="114.0913742352158">
        <ele>17.713404149748385</ele>
        <time>1970-01-01T00:20:45.300000Z</time>
        <extensions>
          <gpxtpx:TrackPointExtension>
            <gpxtpx:hr>155</gpxtpx:hr>
          </gpxtpx:TrackPointExtension>
        </extensions>
      </trkpt>
      <trkpt lat="22.544288581087436" lon="114.09137623517528">
        <ele>17.756145246326923</ele>
        <time>1970-01-01T00:20:46.300000Z</time>
        <extensions>
          <gpxtpx:TrackPointExtension>
            <gpxtpx:hr>155</gpxtpx:hr>
          </gpxtpx:TrackPointExtension>
        </extensions>
      </trkpt>
      <trkpt lat="22.54426397355034" lon="114.09137914621286">
        <ele>17.830188441090286</ele>
        <time>1970-01-01T00:20:47.300000Z</time>
        <extensions>
          <gpxtpx:TrackPointExtension>
            <gpxtpx:hr>155</gpxtpx:hr>
          </gpxtpx:TrackPointExtension>
        </extensions>
      </trkpt>
      <trkpt lat="22.544240101880465" lon="114.09138307654192">
        <ele>17.889908980578184</ele>
        <time>1970-01-01T00:20:48.300000Z</time>
        <extensions>
          <gpxtpx:TrackPointExtension>
            <gpxtpx:hr>155</gpxtpx:hr>
          </gpxtpx:TrackPointExtension>
        </extensions>
      </trkpt>
      <trkpt lat="22.544216536218663" lon="114.09138750878495">
        <ele>17.939675949513912</ele>
        <time>1970-01-01T00:20:49.300000Z</time>
        <extensions>
          <gpxtpx:TrackPointExtension>
            <gpxtpx:hr>155</gpxtpx:hr>
          </gpxtpx:TrackPointExtension>
        </extensions>
      </trkpt>
      <trkpt lat="22.54419291981682" lon="114.09139140259006">
        <ele>17.970506967045367</ele>
        <time>1970-01-01T00:20:50.300000Z</time>
        <extensions>
          <gpxtpx:TrackPointExtension>
            <gpxtpx:hr>156</gpxtpx:hr>
          </gpxtpx:TrackPointExtension>
        </extensions>
      </trkpt>
      <trkpt lat="22.544169149992232" lon="114.09139440585612">
        <ele>17.972409040667117</ele>
        <time>1970-01-01T00:20:51.300000Z</time>
        <extensions>
          <gpxtpx:TrackPointExtension>
            <gpxtpx:hr>156</gpxtpx:hr>
          </gpxtpx:TrackPointExtension>
        </extensions>
      </trkpt>
      <trkpt lat="22.544145175541704" lon="114.09139649805034">
        <ele>17.97062934190035</ele>
        <time>1970-01-01T00:20:52.300000Z</time>
        <extensions>
          <gpxtpx:TrackPointExtension>
            <gpxtpx:hr>156</gpxtpx:hr>
          </gpxtpx:TrackPointExtension>
        </extensions>
      </trkpt>
      <trkpt lat="22.54412152052938" lon="114.09139765621146">
        <ele>17.94067573081702</ele>
        <time>1970-01-01T00:20:53.300000Z</time>
        <extensions>
          <gpxtpx:TrackPointExtension>
            <gpxtpx:hr>156</gpxtpx:hr>
          </gpxtpx:TrackPointExtension>
        </extensions>
      </trkpt>
      <trkpt lat="22.544098528552627" lon="114.09139795554213">
        <ele>17.912999159656465</ele>
        <time>1970-01-01T00:20:54.300000Z</time>
        <extensions>
          <gpxtpx:TrackPointExtension>
            <gpxtpx:hr>155</gpxtpx:hr>
          </gpxtpx:TrackPointExtension>
        </extensions>
      </trkpt>
      <trkpt lat="22.54407577567275" lon="114.0913979411459">
        <ele>17.884038338437676</ele>
        <time>1970-01-01T00:20:55.300000Z</time>
        <extensions>
          <gpxtpx:TrackPointExtension>
            <gpxtpx:hr>155</gpxtpx:hr>
          </gpxtpx:TrackPointExtension>
        </extensions>
      </trkpt>
      <trkpt lat="22.544053070490598" lon="114.09139828364913">
        <ele>17.835813278332353</ele>
        <time>1970-01-01T00:20:56.300000Z</time>
        <extensions>
          <gpxtpx:TrackPointExtension>
            <gpxtpx:hr>155</gpxtpx:hr>
          </gpxtpx:TrackPointExtension>
        </extensions>
      </trkpt>
      <trkpt lat="22.544030384223774" lon="114.09139875741427">
        <ele>17.771215880289674</ele>
        <time>1970-01-01T00:20:57.300000Z</time>
        <extensions>
          <gpxtpx:TrackPointExtension>
            <gpxtpx:hr>155</gpxtpx:hr>
          </gpxtpx:TrackPointExtension>
        </extensions>
      </trkpt>
      <trkpt lat="22.544007671573063" lon="114.09139931277477">
        <ele>17.689889210276306</ele>
        <time>1970-01-01T00:20:58.300000Z</time>
        <extensions>
          <gpxtpx:TrackPointExtension>
            <gpxtpx:hr>155</gpxtpx:hr>
          </gpxtpx:TrackPointExtension>
        </extensions>
      </trkpt>
      <trkpt lat="22.543984923960082" lon="114.09139995911984">
        <ele>17.581541421823204</ele>
        <time>1970-01-01T00:20:59.300000Z</time>
        <extensions>
          <gpxtpx:TrackPointExtension>
            <gpxtpx:hr>155</gpxtpx:hr>
          </gpxtpx:TrackPointExtension>
        </extensions>
      </trkpt>
      <trkpt lat="22.543962307230053" lon="114.09140034014544">
        <ele>17.466452925466</ele>
        <time>1970-01-01T00:21:00.300000Z</time>
        <extensions>
          <gpxtpx:TrackPointExtension>
            <gpxtpx:hr>155</gpxtpx:hr>
          </gpxtpx:TrackPointExtension>
        </extensions>
      </trkpt>
      <trkpt lat="22.543939690383915" lon="114.09140055634198">
        <ele>17.362590483389795</ele>
        <time>1970-01-01T00:21:01.300000Z</time>
        <extensions>
          <gpxtpx:TrackPointExtension>
            <gpxtpx:hr>155</gpxtpx:hr>
          </gpxtpx:TrackPointExtension>
        </extensions>
      </trkpt>
      <trkpt lat="22.543916380646767" lon="114.09140128493873">
        <ele>17.26542196702212</ele>
        <time>1970-01-01T00:21:02.300000Z</time>
        <extensions>
          <gpxtpx:TrackPointExtension>
            <gpxtpx:hr>155</gpxtpx:hr>
          </gpxtpx:TrackPointExtension>
        </extensions>
      </trkpt>
      <trkpt lat="22.543891813817076" lon="114.09140352605145">
        <ele>17.172039194963872</ele>
        <time>1970-01-01T00:21:03.300000Z</time>
        <extensions>
          <gpxtpx:TrackPointExtension>
            <gpxtpx:hr>155</gpxtpx:hr>
          </gpxtpx:TrackPointExtension>
        </extensions>
      </trkpt>
      <trkpt lat="22.543865903798146" lon="114.09140731692115">
        <ele>17.07305239047855</ele>
        <time>1970-01-01T00:21:04.300000Z</time>
        <extensions>
          <gpxtpx:TrackPointExtension>
            <gpxtpx:hr>155</gpxtpx:hr>
          </gpxtpx:TrackPointExtension>
        </extensions>
      </trkpt>
      <trkpt lat="22.543839525066918" lon="114.09141203541814">
        <ele>16.95743130426854</ele>
        <time>1970-01-01T00:21:05.300000Z</time>
        <extensions>
          <gpxtpx:TrackPointExtension>
            <gpxtpx:hr>156</gpxtpx:hr>
          </gpxtpx:TrackPointExtension>
        </extensions>
      </trkpt>
      <trkpt lat="22.543813514067836" lon="114.09141754046618">
        <ele>16.862540811300278</ele>
        <time>1970-01-01T00:21:06.300000Z</time>
        <extensions>
          <gpxtpx:TrackPointExtension>
            <gpxtpx:hr>156</gpxtpx:hr>
          </gpxtpx:TrackPointExtension>
        </extensions>
      </trkpt>
      <trkpt lat="22.54378835404475" lon="114.09142497008321">
        <ele>16.75450874771923</ele>
        <time>1970-01-01T00:21:07.300000Z</time>
        <extensions>
          <gpxtpx:TrackPointExtension>
            <gpxtpx:hr>156</gpxtpx:hr>
          </gpxtpx:TrackPointExtension>
        </extensions>
      </trkpt>
      <trkpt lat="22.543763929514643" lon="114.09143521327704">
        <ele>16.6404788531363</ele>
        <time>1970-01-01T00:21:08.300000Z</time>
        <extensions>
          <gpxtpx:TrackPointExtension>
            <gpxtpx:hr>156</gpxtpx:hr>
          </gpxtpx:TrackPointExtension>
        </extensions>
      </trkpt>
      <trkpt lat="22.543740065869095" lon="114.0914480058769">
        <ele>16.53241358883679</ele>
        <time>1970-01-01T00:21:09.300000Z</time>
        <extensions>
          <gpxtpx:TrackPointExtension>
            <gpxtpx:hr>156</gpxtpx:hr>
          </gpxtpx:TrackPointExtension>
        </extensions>
      </trkpt>
      <trkpt lat="22.543717043841" lon="114.0914626927326">
        <ele>16.42120843846351</ele>
        <time>1970-01-01T00:21:10.300000Z</time>
        <extensions>
          <gpxtpx:TrackPointExtension>
            <gpxtpx:hr>156</gpxtpx:hr>
          </gpxtpx:TrackPointExtension>
        </extensions>
      </trkpt>
      <trkpt lat="22.54369484272788" lon="114.09147866781676">
        <ele>16.291061395779252</ele>
        <time>1970-01-01T00:21:11.300000Z</time>
        <extensions>
          <gpxtpx:TrackPointExtension>
            <gpxtpx:hr>156</gpxtpx:hr>
          </gpxtpx:TrackPointExtension>
        </extensions>
      </trkpt>
      <trkpt lat="22.543674082640234" lon="114.09149579632766">
        <ele>16.13860487844795</ele>
        <time>1970-01-01T00:21:12.300000Z</time>
        <extensions>
          <gpxtpx:TrackPointExtension>
            <gpxtpx:hr>155</gpxtpx:hr>
          </gpxtpx:TrackPointExtension>
        </extensions>
      </trkpt>
      <trkpt lat="22.54365534051013" lon="114.0915139965425">
        <ele>15.982141160406172</ele>
        <time>1970-01-01T00:21:13.300000Z</time>
        <extensions>
          <gpxtpx:TrackPointExtension>
            <gpxtpx:hr>155</gpxtpx:hr>
          </gpxtpx:TrackPointExtension>
        </extensions>
      </trkpt>
      <trkpt lat="22.54363916750364" lon="114.09153314202447">
        <ele>15.815690444782376</ele>
        <time>1970-01-01T00:21:14.300000Z</time>
        <extensions>
          <gpxtpx:TrackPointExtension>
            <gpxtpx:hr>155</gpxtpx:hr>
          </gpxtpx:TrackPointExtension>
        </extensions>
      </trkpt>
      <trkpt lat="22.543626036332636" lon="114.09155407403028">
        <ele>15.643897898495197</ele>
        <time>1970-01-01T00:21:15.300000Z</time>
        <extensions>
          <gpxtpx:TrackPointExtension>
            <gpxtpx:hr>155</gpxtpx:hr>
          </gpxtpx:TrackPointExtension>
        </extensions>
      </trkpt>
      <trkpt lat="22.54361574698373" lon="114.0915777287888">
        <ele>15.476514452137053</ele>
        <time>1970-01-01T00:21:16.300000Z</time>
        <extensions>
          <gpxtpx:TrackPointExtension>
            <gpxtpx:hr>155</gpxtpx:hr>
          </gpxtpx:TrackPointExtension>
        </extensions>
      </trkpt>
      <trkpt lat="22.54360769819586" lon="114.09160326009982">
        <ele>15.299717327579856</ele>
        <time>1970-01-01T00:21:17.300000Z</time>
        <extensions>
          <gpxtpx:TrackPointExtension>
            <gpxtpx:hr>155</gpxtpx:hr>
          </gpxtpx:TrackPointExtension>
        </extensions>
      </trkpt>
      <trkpt lat="22.543600496058698" lon="114.09162926986798">
        <ele>15.103267674334347</ele>
        <time>1970-01-01T00:21:18.300000Z</time>
        <extensions>
          <gpxtpx:TrackPointExtension>
            <gpxtpx:hr>155</gpxtpx:hr>
          </gpxtpx:TrackPointExtension>
        </extensions>
      </trkpt>
      <trkpt lat="22.543593808585346" lon="114.09165493299965">
        <ele>14.909103862009943</ele>
        <time>1970-01-01T00:21:19.300000Z</time>
        <extensions>
          <gpxtpx:TrackPointExtension>
            <gpxtpx:hr>155</gpxtpx:hr>
          </gpxtpx:TrackPointExtension>
        </extensions>
      </trkpt>
      <trkpt lat="22.543588960754352" lon="114.09168008122357">
        <ele>14.719965140335262</ele>
        <time>1970-01-01T00:21:20.300000Z</time>
        <extensions>
          <gpxtpx:TrackPointExtension>
            <gpxtpx:hr>155</gpxtpx:hr>
          </gpxtpx:TrackPointExtension>
        </extensions>
      </trkpt>
      <trkpt lat="22.54358694577256" lon="114.09170469768898">
        <ele>14.514419591985643</ele>
        <time>1970-01-01T00:21:21.300000Z</time>
        <extensions>
          <gpxtpx:TrackPointExtension>
            <gpxtpx:hr>155</gpxtpx:hr>
          </gpxtpx:TrackPointExtension>
        </extensions>
      </trkpt>
      <trkpt lat="22.543587272324725" lon="114.09172906692157">
        <ele>14.310422939248383</ele>
        <time>1970-01-01T00:21:22.300000Z</time>
        <extensions>
          <gpxtpx:TrackPointExtension>
            <gpxtpx:hr>155</gpxtpx:hr>
          </gpxtpx:TrackPointExtension>
        </extensions>
      </trkpt>
      <trkpt lat="22.543588597103664" lon="114.09175410050709">
        <ele>14.089440106414258</ele>
        <time>1970-01-01T00:21:23.300000Z</time>
        <extensions>
          <gpxtpx:TrackPointExtension>
            <gpxtpx:hr>155</gpxtpx:hr>
          </gpxtpx:TrackPointExtension>
        </extensions>
      </trkpt>
      <trkpt lat="22.54359000373588" lon="114.09177920171739">
        <ele>13.840693927370012</ele>
        <time>1970-01-01T00:21:24.300000Z</time>
        <extensions>
          <gpxtpx:TrackPointExtension>
            <gpxtpx:hr>155</gpxtpx:hr>
          </gpxtpx:TrackPointExtension>
        </extensions>
      </trkpt>
      <trkpt lat="22.543591376461737" lon="114.09180387166003">
        <ele>13.587233643047512</ele>
        <time>1970-01-01T00:21:25.300000Z</time>
        <extensions>
          <gpxtpx:TrackPointExtension>
            <gpxtpx:hr>155</gpxtpx:hr>
          </gpxtpx:TrackPointExtension>
        </extensions>
      </trkpt>
      <trkpt lat="22.543592852597573" lon="114.09182803942588">
        <ele>13.300198678858578</ele>
        <time>1970-01-01T00:21:26.300000Z</time>
        <extensions>
          <gpxtpx:TrackPointExtension>
            <gpxtpx:hr>155</gpxtpx:hr>
          </gpxtpx:TrackPointExtension>
        </extensions>
      </trkpt>
      <trkpt lat="22.543594636885906" lon="114.09185183149728">
        <ele>13.016329357400537</ele>
        <time>1970-01-01T00:21:27.300000Z</time>
        <extensions>
          <gpxtpx:TrackPointExtension>
            <gpxtpx:hr>155</gpxtpx:hr>
          </gpxtpx:TrackPointExtension>
        </extensions>
      </trkpt>
      <trkpt lat="22.543596633051347" lon="114.09187560413699">
        <ele>12.76130402367562</ele>
        <time>1970-01-01T00:21:28.300000Z</time>
        <extensions>
          <gpxtpx:TrackPointExtension>
            <gpxtpx:hr>155</gpxtpx:hr>
          </gpxtpx:TrackPointExtension>
        </extensions>
      </trkpt>
      <trkpt lat="22.543598293055094" lon="114.0918997018596">
        <ele>12.445171294733882</ele>
        <time>1970-01-01T00:21:29.300000Z</time>
        <extensions>
          <gpxtpx:TrackPointExtension>
            <gpxtpx:hr>155</gpxtpx:hr>
          </gpxtpx:TrackPointExtension>
        </extensions>
      </trkpt>
      <trkpt lat="22.54359956582415" lon="114.09192489248667">
        <ele>12.113290931098163</ele>
        <time>1970-01-01T00:21:30.300000Z</time>
        <extensions>
          <gpxtpx:TrackPointExtension>
            <gpxtpx:hr>155</gpxtpx:hr>
          </gpxtpx:TrackPointExtension>
        </extensions>
      </trkpt>
      <trkpt lat="22.543600943353038" lon="114.09195107608248">
        <ele>11.799947246909142</ele>
        <time>1970-01-01T00:21:31.300000Z</time>
        <extensions>
          <gpxtpx:TrackPointExtension>
            <gpxtpx:hr>154</gpxtpx:hr>
          </gpxtpx:TrackPointExtension>
        </extensions>
      </trkpt>
      <trkpt lat="22.543602300820467" lon="114.09197762894783">
        <ele>11.438186056911945</ele>
        <time>1970-01-01T00:21:32.300000Z</time>
        <extensions>
          <gpxtpx:TrackPointExtension>
            <gpxtpx:hr>154</gpxtpx:hr>
          </gpxtpx:TrackPointExtension>
        </extensions>
      </trkpt>
      <trkpt lat="22.543602658173885" lon="114.0920040653128">
        <ele>11.104248867370188</ele>
        <time>1970-01-01T00:21:33.300000Z</time>
        <extensions>
          <gpxtpx:TrackPointExtension>
            <gpxtpx:hr>154</gpxtpx:hr>
          </gpxtpx:TrackPointExtension>
        </extensions>
      </trkpt>
      <trkpt lat="22.543601742325478" lon="114.09202985458352">
        <ele>10.734114753082395</ele>
        <time>1970-01-01T00:21:34.300000Z</time>
        <extensions>
          <gpxtpx:TrackPointExtension>
            <gpxtpx:hr>154</gpxtpx:hr>
          </gpxtpx:TrackPointExtension>
        </extensions>
      </trkpt>
      <trkpt lat="22.543600168379914" lon="114.09205505090736">
        <ele>10.355525514110923</ele>
        <time>1970-01-01T00:21:35.300000Z</time>
        <extensions>
          <gpxtpx:TrackPointExtension>
            <gpxtpx:hr>154</gpxtpx:hr>
          </gpxtpx:TrackPointExtension>
        </extensions>
      </trkpt>
      <trkpt lat="22.543598839002932" lon="114.09207920598888">
        <ele>9.976617371663451</ele>
        <time>1970-01-01T00:21:36.300000Z</time>
        <extensions>
          <gpxtpx:TrackPointExtension>
            <gpxtpx:hr>154</gpxtpx:hr>
          </gpxtpx:TrackPointExtension>
        </extensions>
      </trkpt>
      <trkpt lat="22.54359843519123" lon="114.09210207358983">
        <ele>9.614067601971328</ele>
        <time>1970-01-01T00:21:37.300000Z</time>
        <extensions>
          <gpxtpx:TrackPointExtension>
            <gpxtpx:hr>154</gpxtpx:hr>
          </gpxtpx:TrackPointExtension>
        </extensions>
      </trkpt>
      <trkpt lat="22.543599453620757" lon="114.09212438614063">
        <ele>9.274152354337275</ele>
        <time>1970-01-01T00:21:38.300000Z</time>
        <extensions>
          <gpxtpx:TrackPointExtension>
            <gpxtpx:hr>154</gpxtpx:hr>
          </gpxtpx:TrackPointExtension>
        </extensions>
      </trkpt>
      <trkpt lat="22.543601869957843" lon="114.09214726772203">
        <ele>8.92818983271718</ele>
        <time>1970-01-01T00:21:39.300000Z</time>
        <extensions>
          <gpxtpx:TrackPointExtension>
            <gpxtpx:hr>155</gpxtpx:hr>
          </gpxtpx:TrackPointExtension>
        </extensions>
      </trkpt>
      <trkpt lat="22.543604774473774" lon="114.09217127963635">
        <ele>8.592248268425465</ele>
        <time>1970-01-01T00:21:40.300000Z</time>
        <extensions>
          <gpxtpx:TrackPointExtension>
            <gpxtpx:hr>155</gpxtpx:hr>
          </gpxtpx:TrackPointExtension>
        </extensions>
      </trkpt>
      <trkpt lat="22.54360758325202" lon="114.0921956772972">
        <ele>8.272487482056022</ele>
        <time>1970-01-01T00:21:41.300000Z</time>
        <extensions>
          <gpxtpx:TrackPointExtension>
            <gpxtpx:hr>155</gpxtpx:hr>
          </gpxtpx:TrackPointExtension>
        </extensions>
      </trkpt>
      <trkpt lat="22.543609942451837" lon="114.0922195340496">
        <ele>7.968702611513436</ele>
        <time>1970-01-01T00:21:42.300000Z</time>
        <extensions>
          <gpxtpx:TrackPointExtension>
            <gpxtpx:hr>155</gpxtpx:hr>
          </gpxtpx:TrackPointExtension>
        </extensions>
      </trkpt>
      <trkpt lat="22.5436115367647" lon="114.09224216735365">
        <ele>7.6770839132368565</ele>
        <time>1970-01-01T00:21:43.300000Z</time>
        <extensions>
          <gpxtpx:TrackPointExtension>
            <gpxtpx:hr>155</gpxtpx:hr>
          </gpxtpx:TrackPointExtension>
        </extensions>
      </trkpt>
      <trkpt lat="22.543612430034933" lon="114.09226345635157">
        <ele>7.393599672242999</ele>
        <time>1970-01-01T00:21:44.300000Z</time>
        <extensions>
          <gpxtpx:TrackPointExtension>
            <gpxtpx:hr>155</gpxtpx:hr>
          </gpxtpx:TrackPointExtension>
        </extensions>
      </trkpt>
      <trkpt lat="22.543613138843902" lon="114.0922832817324">
        <ele>7.133626576513052</ele>
        <time>1970-01-01T00:21:45.300000Z</time>
        <extensions>
          <gpxtpx:TrackPointExtension>
            <gpxtpx:hr>154</gpxtpx:hr>
          </gpxtpx:TrackPointExtension>
        </extensions>
      </trkpt>
      <trkpt lat="22.543614521581638" lon="114.09230117743286">
        <ele>6.889407611452043</ele>
        <time>1970-01-01T00:21:46.300000Z</time>
        <extensions>
          <gpxtpx:TrackPointExtension>
            <gpxtpx:hr>154</gpxtpx:hr>
          </gpxtpx:TrackPointExtension>
        </extensions>
      </trkpt>
      <trkpt lat="22.54361682331128" lon="114.09231786347839">
        <ele>6.670393050648272</ele>
        <time>1970-01-01T00:21:47.300000Z</time>
        <extensions>
          <gpxtpx:TrackPointExtension>
            <gpxtpx:hr>154</gpxtpx:hr>
          </gpxtpx:TrackPointExtension>
        </extensions>
      </trkpt>
      <trkpt lat="22.543619438782283" lon="114.09233418788622">
        <ele>6.4570699613541365</ele>
        <time>1970-01-01T00:21:48.300000Z</time>
        <extensions>
          <gpxtpx:TrackPointExtension>
            <gpxtpx:hr>154</gpxtpx:hr>
          </gpxtpx:TrackPointExtension>
        </extensions>
      </trkpt>
      <trkpt lat="22.543621685801444" lon="114.09235028566306">
        <ele>6.240569188259542</ele>
        <time>1970-01-01T00:21:49.300000Z</time>
        <extensions>
          <gpxtpx:TrackPointExtension>
            <gpxtpx:hr>154</gpxtpx:hr>
          </gpxtpx:TrackPointExtension>
        </extensions>
      </trkpt>
      <trkpt lat="22.543623119188407" lon="114.09236581923601">
        <ele>6.0178779400885105</ele>
        <time>1970-01-01T00:21:50.300000Z</time>
        <extensions>
          <gpxtpx:TrackPointExtension>
            <gpxtpx:hr>154</gpxtpx:hr>
          </gpxtpx:TrackPointExtension>
        </extensions>
      </trkpt>
      <trkpt lat="22.543623921838" lon="114.09238070697475">
        <ele>5.800609487108886</ele>
        <time>1970-01-01T00:21:51.300000Z</time>
        <extensions>
          <gpxtpx:TrackPointExtension>
            <gpxtpx:hr>152</gpxtpx:hr>
          </gpxtpx:TrackPointExtension>
        </extensions>
      </trkpt>
      <trkpt lat="22.543624912322205" lon="114.09239545727924">
        <ele>5.610815791413188</ele>
        <time>1970-01-01T00:21:52.300000Z</time>
        <extensions>
          <gpxtpx:TrackPointExtension>
            <gpxtpx:hr>152</gpxtpx:hr>
          </gpxtpx:TrackPointExtension>
        </extensions>
      </trkpt>
      <trkpt lat="22.543626696479922" lon="114.09241016073925">
        <ele>5.4445867501199245</ele>
        <time>1970-01-01T00:21:53.300000Z</time>
        <extensions>
          <gpxtpx:TrackPointExtension>
            <gpxtpx:hr>152</gpxtpx:hr>
          </gpxtpx:TrackPointExtension>
        </extensions>
      </trkpt>
      <trkpt lat="22.54362903363169" lon="114.09242429785017">
        <ele>5.290186949074268</ele>
        <time>1970-01-01T00:21:54.300000Z</time>
        <extensions>
          <gpxtpx:TrackPointExtension>
            <gpxtpx:hr>152</gpxtpx:hr>
          </gpxtpx:TrackPointExtension>
        </extensions>
      </trkpt>
      <trkpt lat="22.54363093505818" lon="114.0924365375644">
        <ele>5.176031615585089</ele>
        <time>1970-01-01T00:21:55.300000Z</time>
        <extensions>
          <gpxtpx:TrackPointExtension>
            <gpxtpx:hr>152</gpxtpx:hr>
          </gpxtpx:TrackPointExtension>
        </extensions>
      </trkpt>
      <trkpt lat="22.543632004801662" lon="114.09244810409623">
        <ele>5.038851144723594</ele>
        <time>1970-01-01T00:21:56.300000Z</time>
        <extensions>
          <gpxtpx:TrackPointExtension>
            <gpxtpx:hr>150</gpxtpx:hr>
          </gpxtpx:TrackPointExtension>
        </extensions>
      </trkpt>
      <trkpt lat="22.54363266148878" lon="114.09246081818765">
        <ele>4.919947288930416</ele>
        <time>1970-01-01T00:21:57.300000Z</time>
        <extensions>
          <gpxtpx:TrackPointExtension>
            <gpxtpx:hr>150</gpxtpx:hr>
          </gpxtpx:TrackPointExtension>
        </extensions>
      </trkpt>
      <trkpt lat="22.543633356934336" lon="114.09247420438231">
        <ele>4.7922894433140755</ele>
        <time>1970-01-01T00:21:58.300000Z</time>
        <extensions>
          <gpxtpx:TrackPointExtension>
            <gpxtpx:hr>150</gpxtpx:hr>
          </gpxtpx:TrackPointExtension>
        </extensions>
      </trkpt>
      <trkpt lat="22.543634171100845" lon="114.09248743230937">
        <ele>4.690825258381665</ele>
        <time>1970-01-01T00:21:59.300000Z</time>
        <extensions>
          <gpxtpx:TrackPointExtension>
            <gpxtpx:hr>150</gpxtpx:hr>
          </gpxtpx:TrackPointExtension>
        </extensions>
      </trkpt>
      <trkpt lat="22.543634717750656" lon="114.09250098794513">
        <ele>4.5978657603263855</ele>
        <time>1970-01-01T00:22:00.300000Z</time>
        <extensions>
          <gpxtpx:TrackPointExtension>
            <gpxtpx:hr>150</gpxtpx:hr>
          </gpxtpx:TrackPointExtension>
        </extensions>
      </trkpt>
      <trkpt lat="22.54363475807343" lon="114.0925156619442">
        <ele>4.517345656640828</ele>
        <time>1970-01-01T00:22:01.300000Z</time>
        <extensions>
          <gpxtpx:TrackPointExtension>
            <gpxtpx:hr>150</gpxtpx:hr>
          </gpxtpx:TrackPointExtension>
        </extensions>
      </trkpt>
      <trkpt lat="22.543634382166086" lon="114.09253163575782">
        <ele>4.478302860632539</ele>
        <time>1970-01-01T00:22:02.300000Z</time>
        <extensions>
          <gpxtpx:TrackPointExtension>
            <gpxtpx:hr>150</gpxtpx:hr>
          </gpxtpx:TrackPointExtension>
        </extensions>
      </trkpt>
      <trkpt lat="22.54363373446393" lon="114.09254753379706">
        <ele>4.439382113516331</ele>
        <time>1970-01-01T00:22:03.300000Z</time>
        <extensions>
          <gpxtpx:TrackPointExtension>
            <gpxtpx:hr>150</gpxtpx:hr>
          </gpxtpx:TrackPointExtension>
        </extensions>
      </trkpt>
      <trkpt lat="22.54363310439041" lon="114.09256413333559">
        <ele>4.42238153051585</ele>
        <time>1970-01-01T00:22:04.300000Z</time>
        <extensions>
          <gpxtpx:TrackPointExtension>
            <gpxtpx:hr>150</gpxtpx:hr>
          </gpxtpx:TrackPointExtension>
        </extensions>
      </trkpt>
      <trkpt lat="22.543632332242904" lon="114.09258104841142">
        <ele>4.451053459197283</ele>
        <time>1970-01-01T00:22:05.300000Z</time>
        <extensions>
          <gpxtpx:TrackPointExtension>
            <gpxtpx:hr>150</gpxtpx:hr>
          </gpxtpx:TrackPointExtension>
        </extensions>
      </trkpt>
      <trkpt lat="22.543630925009445" lon="114.09259962082065">
        <ele>4.517390024848282</ele>
        <time>1970-01-01T00:22:06.300000Z</time>
        <extensions>
          <gpxtpx:TrackPointExtension>
            <gpxtpx:hr>146</gpxtpx:hr>
          </gpxtpx:TrackPointExtension>
        </extensions>
      </trkpt>
      <trkpt lat="22.54362926394287" lon="114.0926195055366">
        <ele>4.611888498999178</ele>
        <time>1970-01-01T00:22:07.300000Z</time>
        <extensions>
          <gpxtpx:TrackPointExtension>
            <gpxtpx:hr>146</gpxtpx:hr>
          </gpxtpx:TrackPointExtension>
        </extensions>
      </trkpt>
      <trkpt lat="22.543627478849753" lon="114.09264077466777">
        <ele>4.735537510365248</ele>
        <time>1970-01-01T00:22:08.300000Z</time>
        <extensions>
          <gpxtpx:TrackPointExtension>
            <gpxtpx:hr>146</gpxtpx:hr>
          </gpxtpx:TrackPointExtension>
        </extensions>
      </trkpt>
      <trkpt lat="22.543625072768734" lon="114.09266396511038">
        <ele>4.940741055645049</ele>
        <time>1970-01-01T00:22:09.300000Z</time>
        <extensions>
          <gpxtpx:TrackPointExtension>
            <gpxtpx:hr>146</gpxtpx:hr>
          </gpxtpx:TrackPointExtension>
        </extensions>
      </trkpt>
      <trkpt lat="22.543622463766262" lon="114.09268898194725">
        <ele>5.167344748973846</ele>
        <time>1970-01-01T00:22:10.300000Z</time>
        <extensions>
          <gpxtpx:TrackPointExtension>
            <gpxtpx:hr>146</gpxtpx:hr>
          </gpxtpx:TrackPointExtension>
        </extensions>
      </trkpt>
      <trkpt lat="22.54362012839887" lon="114.09271819700676">
        <ele>5.433722374029458</ele>
        <time>1970-01-01T00:22:11.300000Z</time>
        <extensions>
          <gpxtpx:TrackPointExtension>
            <gpxtpx:hr>145</gpxtpx:hr>
          </gpxtpx:TrackPointExtension>
        </extensions>
      </trkpt>
      <trkpt lat="22.543618310454246" lon="114.09274972896606">
        <ele>5.7340389071032405</ele>
        <time>1970-01-01T00:22:12.300000Z</time>
        <extensions>
          <gpxtpx:TrackPointExtension>
            <gpxtpx:hr>145</gpxtpx:hr>
          </gpxtpx:TrackPointExtension>
        </extensions>
      </trkpt>
      <trkpt lat="22.543616874358836" lon="114.09278199808146">
        <ele>6.065464390441775</ele>
        <time>1970-01-01T00:22:13.300000Z</time>
        <extensions>
          <gpxtpx:TrackPointExtension>
            <gpxtpx:hr>145</gpxtpx:hr>
          </gpxtpx:TrackPointExtension>
        </extensions>
      </trkpt>
      <trkpt lat="22.54361509798954" lon="114.09281371190258">
        <ele>6.43626060616225</ele>
        <time>1970-01-01T00:22:14.300000Z</time>
        <extensions>
          <gpxtpx:TrackPointExtension>
            <gpxtpx:hr>145</gpxtpx:hr>
          </gpxtpx:TrackPointExtension>
        </extensions>
      </trkpt>
      <trkpt lat="22.543612772655997" lon="114.09284487352497">
        <ele>6.8701759446412325</ele>
        <time>1970-01-01T00:22:15.300000Z</time>
        <extensions>
          <gpxtpx:TrackPointExtension>
            <gpxtpx:hr>144</gpxtpx:hr>
          </gpxtpx:TrackPointExtension>
        </extensions>
      </trkpt>
      <trkpt lat="22.543610700289204" lon="114.0928755526005">
        <ele>7.337186095304787</ele>
        <time>1970-01-01T00:22:16.300000Z</time>
        <extensions>
          <gpxtpx:TrackPointExtension>
            <gpxtpx:hr>144</gpxtpx:hr>
          </gpxtpx:TrackPointExtension>
        </extensions>
      </trkpt>
      <trkpt lat="22.543609698749083" lon="114.09290556052858">
        <ele>7.823082339018583</ele>
        <time>1970-01-01T00:22:17.300000Z</time>
        <extensions>
          <gpxtpx:TrackPointExtension>
            <gpxtpx:hr>144</gpxtpx:hr>
          </gpxtpx:TrackPointExtension>
        </extensions>
      </trkpt>
      <trkpt lat="22.5436101620445" lon="114.09293508678702">
        <ele>8.338044405914843</ele>
        <time>1970-01-01T00:22:18.300000Z</time>
        <extensions>
          <gpxtpx:TrackPointExtension>
            <gpxtpx:hr>144</gpxtpx:hr>
          </gpxtpx:TrackPointExtension>
        </extensions>
      </trkpt>
      <trkpt lat="22.543611836009248" lon="114.09296442923326">
        <ele>8.850811650045216</ele>
        <time>1970-01-01T00:22:19.300000Z</time>
        <extensions>
          <gpxtpx:TrackPointExtension>
            <gpxtpx:hr>144</gpxtpx:hr>
          </gpxtpx:TrackPointExtension>
        </extensions>
      </trkpt>
      <trkpt lat="22.54361384482437" lon="114.09299324888974">
        <ele>9.328904788941145</ele>
        <time>1970-01-01T00:22:20.300000Z</time>
        <extensions>
          <gpxtpx:TrackPointExtension>
            <gpxtpx:hr>144</gpxtpx:hr>
          </gpxtpx:TrackPointExtension>
        </extensions>
      </trkpt>
      <trkpt lat="22.54361524213251" lon="114.09302165595224">
        <ele>9.808247342705727</ele>
        <time>1970-01-01T00:22:21.300000Z</time>
        <extensions>
          <gpxtpx:TrackPointExtension>
            <gpxtpx:hr>144</gpxtpx:hr>
          </gpxtpx:TrackPointExtension>
        </extensions>
      </trkpt>
      <trkpt lat="22.54361542688738" lon="114.09305021741305">
        <ele>10.28221457451582</ele>
        <time>1970-01-01T00:22:22.300000Z</time>
        <extensions>
          <gpxtpx:TrackPointExtension>
            <gpxtpx:hr>144</gpxtpx:hr>
          </gpxtpx:TrackPointExtension>
        </extensions>
      </trkpt>
      <trkpt lat="22.54361440247257" lon="114.09307872511117">
        <ele>10.73938124626875</ele>
        <time>1970-01-01T00:22:23.300000Z</time>
        <extensions>
          <gpxtpx:TrackPointExtension>
            <gpxtpx:hr>144</gpxtpx:hr>
          </gpxtpx:TrackPointExtension>
        </extensions>
      </trkpt>
      <trkpt lat="22.543612171803083" lon="114.09310625092235">
        <ele>11.175723333843052</ele>
        <time>1970-01-01T00:22:24.300000Z</time>
        <extensions>
          <gpxtpx:TrackPointExtension>
            <gpxtpx:hr>144</gpxtpx:hr>
          </gpxtpx:TrackPointExtension>
        </extensions>
      </trkpt>
      <trkpt lat="22.54360896806698" lon="114.09313312335397">
        <ele>11.547809414565563</ele>
        <time>1970-01-01T00:22:25.300000Z</time>
        <extensions>
          <gpxtpx:TrackPointExtension>
            <gpxtpx:hr>144</gpxtpx:hr>
          </gpxtpx:TrackPointExtension>
        </extensions>
      </trkpt>
      <trkpt lat="22.54360572781781" lon="114.09316066935597">
        <ele>11.889806412160397</ele>
        <time>1970-01-01T00:22:26.300000Z</time>
        <extensions>
          <gpxtpx:TrackPointExtension>
            <gpxtpx:hr>144</gpxtpx:hr>
          </gpxtpx:TrackPointExtension>
        </extensions>
      </trkpt>
      <trkpt lat="22.543603209361674" lon="114.09318891271927">
        <ele>12.185393664054573</ele>
        <time>1970-01-01T00:22:27.300000Z</time>
        <extensions>
          <gpxtpx:TrackPointExtension>
            <gpxtpx:hr>144</gpxtpx:hr>
          </gpxtpx:TrackPointExtension>
        </extensions>
      </trkpt>
      <trkpt lat="22.54360161914073" lon="114.0932176549515">
        <ele>12.42396504804492</ele>
        <time>1970-01-01T00:22:28.300000Z</time>
        <extensions>
          <gpxtpx:TrackPointExtension>
            <gpxtpx:hr>143</gpxtpx:hr>
          </gpxtpx:TrackPointExtension>
        </extensions>
      </trkpt>
      <trkpt lat="22.543600684815203" lon="114.09324613866892">
        <ele>12.639843107201159</ele>
        <time>1970-01-01T00:22:29.300000Z</time>
        <extensions>
          <gpxtpx:TrackPointExtension>
            <gpxtpx:hr>143</gpxtpx:hr>
          </gpxtpx:TrackPointExtension>
        </extensions>
      </trkpt>
      <trkpt lat="22.543599816607223" lon="114.09327370714698">
        <ele>12.838133917190135</ele>
        <time>1970-01-01T00:22:30.300000Z</time>
        <extensions>
          <gpxtpx:TrackPointExtension>
            <gpxtpx:hr>143</gpxtpx:hr>
          </gpxtpx:TrackPointExtension>
        </extensions>
      </trkpt>
      <trkpt lat="22.54359911757871" lon="114.0933007102442">
        <ele>13.009585422463715</ele>
        <time>1970-01-01T00:22:31.300000Z</time>
        <extensions>
          <gpxtpx:TrackPointExtension>
            <gpxtpx:hr>142</gpxtpx:hr>
          </gpxtpx:TrackPointExtension>
        </extensions>
      </trkpt>
      <trkpt lat="22.54359989501741" lon="114.09332789564453">
        <ele>13.151318586431444</ele>
        <time>1970-01-01T00:22:32.300000Z</time>
        <extensions>
          <gpxtpx:TrackPointExtension>
            <gpxtpx:hr>142</gpxtpx:hr>
          </gpxtpx:TrackPointExtension>
        </extensions>
      </trkpt>
      <trkpt lat="22.543602802337222" lon="114.09335564197895">
        <ele>13.25480720680207</ele>
        <time>1970-01-01T00:22:33.300000Z</time>
        <extensions>
          <gpxtpx:TrackPointExtension>
            <gpxtpx:hr>142</gpxtpx:hr>
          </gpxtpx:TrackPointExtension>
        </extensions>
      </trkpt>
      <trkpt lat="22.54360693342336" lon="114.09338384324097">
        <ele>13.34776156116277</ele>
        <time>1970-01-01T00:22:34.300000Z</time>
        <extensions>
          <gpxtpx:TrackPointExtension>
            <gpxtpx:hr>143</gpxtpx:hr>
          </gpxtpx:TrackPointExtension>
        </extensions>
      </trkpt>
      <trkpt lat="22.543611136427327" lon="114.09341224317666">
        <ele>13.449583924375474</ele>
        <time>1970-01-01T00:22:35.300000Z</time>
        <extensions>
          <gpxtpx:TrackPointExtension>
            <gpxtpx:hr>143</gpxtpx:hr>
          </gpxtpx:TrackPointExtension>
        </extensions>
      </trkpt>
      <trkpt lat="22.543614593371252" lon="114.09343999365748">
        <ele>13.550798093900084</ele>
        <time>1970-01-01T00:22:36.300000Z</time>
        <extensions>
          <gpxtpx:TrackPointExtension>
            <gpxtpx:hr>143</gpxtpx:hr>
          </gpxtpx:TrackPointExtension>
        </extensions>
      </trkpt>
      <trkpt lat="22.543616986096133" lon="114.09346709691472">
        <ele>13.658472020179033</ele>
        <time>1970-01-01T00:22:37.300000Z</time>
        <extensions>
          <gpxtpx:TrackPointExtension>
            <gpxtpx:hr>143</gpxtpx:hr>
          </gpxtpx:TrackPointExtension>
        </extensions>
      </trkpt>
      <trkpt lat="22.543618572262638" lon="114.09349350059675">
        <ele>13.778437220491469</ele>
        <time>1970-01-01T00:22:38.300000Z</time>
        <extensions>
          <gpxtpx:TrackPointExtension>
            <gpxtpx:hr>143</gpxtpx:hr>
          </gpxtpx:TrackPointExtension>
        </extensions>
      </trkpt>
      <trkpt lat="22.5436197777668" lon="114.09351914442718">
        <ele>13.894110065884888</ele>
        <time>1970-01-01T00:22:39.300000Z</time>
        <extensions>
          <gpxtpx:TrackPointExtension>
            <gpxtpx:hr>143</gpxtpx:hr>
          </gpxtpx:TrackPointExtension>
        </extensions>
      </trkpt>
      <trkpt lat="22.543620468276483" lon="114.09354481876866">
        <ele>13.982177359983325</ele>
        <time>1970-01-01T00:22:40.300000Z</time>
        <extensions>
          <gpxtpx:TrackPointExtension>
            <gpxtpx:hr>143</gpxtpx:hr>
          </gpxtpx:TrackPointExtension>
        </extensions>
      </trkpt>
      <trkpt lat="22.543620360299073" lon="114.09357093675997">
        <ele>14.093490770086646</ele>
        <time>1970-01-01T00:22:41.300000Z</time>
        <extensions>
          <gpxtpx:TrackPointExtension>
            <gpxtpx:hr>144</gpxtpx:hr>
          </gpxtpx:TrackPointExtension>
        </extensions>
      </trkpt>
      <trkpt lat="22.54362006172293" lon="114.09359747141676">
        <ele>14.20389507431537</ele>
        <time>1970-01-01T00:22:42.300000Z</time>
        <extensions>
          <gpxtpx:TrackPointExtension>
            <gpxtpx:hr>144</gpxtpx:hr>
          </gpxtpx:TrackPointExtension>
        </extensions>
      </trkpt>
      <trkpt lat="22.54362007359949" lon="114.09362392308368">
        <ele>14.335204862989485</ele>
        <time>1970-01-01T00:22:43.300000Z</time>
        <extensions>
          <gpxtpx:TrackPointExtension>
            <gpxtpx:hr>144</gpxtpx:hr>
          </gpxtpx:TrackPointExtension>
        </extensions>
      </trkpt>
      <trkpt lat="22.543620047787073" lon="114.0936498527914">
        <ele>14.496068162843585</ele>
        <time>1970-01-01T00:22:44.300000Z</time>
        <extensions>
          <gpxtpx:TrackPointExtension>
            <gpxtpx:hr>144</gpxtpx:hr>
          </gpxtpx:TrackPointExtension>
        </extensions>
      </trkpt>
      <trkpt lat="22.543619643339678" lon="114.09367530392315">
        <ele>14.635441747494042</ele>
        <time>1970-01-01T00:22:45.300000Z</time>
        <extensions>
          <gpxtpx:TrackPointExtension>
            <gpxtpx:hr>144</gpxtpx:hr>
          </gpxtpx:TrackPointExtension>
        </extensions>
      </trkpt>
      <trkpt lat="22.54361917211495" lon="114.09370057598021">
        <ele>14.79689867515117</ele>
        <time>1970-01-01T00:22:46.300000Z</time>
        <extensions>
          <gpxtpx:TrackPointExtension>
            <gpxtpx:hr>145</gpxtpx:hr>
          </gpxtpx:TrackPointExtension>
        </extensions>
      </trkpt>
      <trkpt lat="22.543619918874736" lon="114.09372608718112">
        <ele>14.937615268863738</ele>
        <time>1970-01-01T00:22:47.300000Z</time>
        <extensions>
          <gpxtpx:TrackPointExtension>
            <gpxtpx:hr>145</gpxtpx:hr>
          </gpxtpx:TrackPointExtension>
        </extensions>
      </trkpt>
      <trkpt lat="22.543623020515042" lon="114.09375139588975">
        <ele>15.043674441985786</ele>
        <time>1970-01-01T00:22:48.300000Z</time>
        <extensions>
          <gpxtpx:TrackPointExtension>
            <gpxtpx:hr>145</gpxtpx:hr>
          </gpxtpx:TrackPointExtension>
        </extensions>
      </trkpt>
      <trkpt lat="22.54362820718915" lon="114.09377628070335">
        <ele>15.131121481768787</ele>
        <time>1970-01-01T00:22:49.300000Z</time>
        <extensions>
          <gpxtpx:TrackPointExtension>
            <gpxtpx:hr>145</gpxtpx:hr>
          </gpxtpx:TrackPointExtension>
        </extensions>
      </trkpt>
      <trkpt lat="22.543633809566124" lon="114.09380071615112">
        <ele>15.18809500336647</ele>
        <time>1970-01-01T00:22:50.300000Z</time>
        <extensions>
          <gpxtpx:TrackPointExtension>
            <gpxtpx:hr>144</gpxtpx:hr>
          </gpxtpx:TrackPointExtension>
        </extensions>
      </trkpt>
      <trkpt lat="22.543638926880114" lon="114.09382573325146">
        <ele>15.228538818657398</ele>
        <time>1970-01-01T00:22:51.300000Z</time>
        <extensions>
          <gpxtpx:TrackPointExtension>
            <gpxtpx:hr>144</gpxtpx:hr>
          </gpxtpx:TrackPointExtension>
        </extensions>
      </trkpt>
      <trkpt lat="22.543643836051547" lon="114.09385150767267">
        <ele>15.24714463017881</ele>
        <time>1970-01-01T00:22:52.300000Z</time>
        <extensions>
          <gpxtpx:TrackPointExtension>
            <gpxtpx:hr>144</gpxtpx:hr>
          </gpxtpx:TrackPointExtension>
        </extensions>
      </trkpt>
      <trkpt lat="22.543648243408022" lon="114.09387730227265">
        <ele>15.209462620317936</ele>
        <time>1970-01-01T00:22:53.300000Z</time>
        <extensions>
          <gpxtpx:TrackPointExtension>
            <gpxtpx:hr>144</gpxtpx:hr>
          </gpxtpx:TrackPointExtension>
        </extensions>
      </trkpt>
      <trkpt lat="22.543651748385585" lon="114.09390283762352">
        <ele>15.153919663280249</ele>
        <time>1970-01-01T00:22:54.300000Z</time>
        <extensions>
          <gpxtpx:TrackPointExtension>
            <gpxtpx:hr>144</gpxtpx:hr>
          </gpxtpx:TrackPointExtension>
        </extensions>
      </trkpt>
      <trkpt lat="22.54365431070006" lon="114.09392805129173">
        <ele>15.044336033053696</ele>
        <time>1970-01-01T00:22:55.300000Z</time>
        <extensions>
          <gpxtpx:TrackPointExtension>
            <gpxtpx:hr>144</gpxtpx:hr>
          </gpxtpx:TrackPointExtension>
        </extensions>
      </trkpt>
      <trkpt lat="22.54365613675484" lon="114.09395324479856">
        <ele>14.884704613126814</ele>
        <time>1970-01-01T00:22:56.300000Z</time>
        <extensions>
          <gpxtpx:TrackPointExtension>
            <gpxtpx:hr>144</gpxtpx:hr>
          </gpxtpx:TrackPointExtension>
        </extensions>
      </trkpt>
      <trkpt lat="22.543657561601744" lon="114.09397861592046">
        <ele>14.702728861942887</ele>
        <time>1970-01-01T00:22:57.300000Z</time>
        <extensions>
          <gpxtpx:TrackPointExtension>
            <gpxtpx:hr>144</gpxtpx:hr>
          </gpxtpx:TrackPointExtension>
        </extensions>
      </trkpt>
      <trkpt lat="22.543658637843624" lon="114.094004132621">
        <ele>14.478406780399382</ele>
        <time>1970-01-01T00:22:58.300000Z</time>
        <extensions>
          <gpxtpx:TrackPointExtension>
            <gpxtpx:hr>144</gpxtpx:hr>
          </gpxtpx:TrackPointExtension>
        </extensions>
      </trkpt>
      <trkpt lat="22.54365887190144" lon="114.0940296950987">
        <ele>14.233490503393114</ele>
        <time>1970-01-01T00:22:59.300000Z</time>
        <extensions>
          <gpxtpx:TrackPointExtension>
            <gpxtpx:hr>144</gpxtpx:hr>
          </gpxtpx:TrackPointExtension>
        </extensions>
      </trkpt>
      <trkpt lat="22.543658177847966" lon="114.09405525152955">
        <ele>13.948227708227932</ele>
        <time>1970-01-01T00:23:00.300000Z</time>
        <extensions>
          <gpxtpx:TrackPointExtension>
            <gpxtpx:hr>144</gpxtpx:hr>
          </gpxtpx:TrackPointExtension>
        </extensions>
      </trkpt>
      <trkpt lat="22.54365707864938" lon="114.09408026222877">
        <ele>13.607757520861924</ele>
        <time>1970-01-01T00:23:01.300000Z</time>
        <extensions>
          <gpxtpx:TrackPointExtension>
            <gpxtpx:hr>144</gpxtpx:hr>
          </gpxtpx:TrackPointExtension>
        </extensions>
      </trkpt>
      <trkpt lat="22.543655943796416" lon="114.09410478537478">
        <ele>13.250944957137108</ele>
        <time>1970-01-01T00:23:02.300000Z</time>
        <extensions>
          <gpxtpx:TrackPointExtension>
            <gpxtpx:hr>146</gpxtpx:hr>
          </gpxtpx:TrackPointExtension>
        </extensions>
      </trkpt>
      <trkpt lat="22.543654788864576" lon="114.09412885733192">
        <ele>12.867278144694865</ele>
        <time>1970-01-01T00:23:03.300000Z</time>
        <extensions>
          <gpxtpx:TrackPointExtension>
            <gpxtpx:hr>146</gpxtpx:hr>
          </gpxtpx:TrackPointExtension>
        </extensions>
      </trkpt>
      <trkpt lat="22.54365342210065" lon="114.09415270742875">
        <ele>12.493905445560813</ele>
        <time>1970-01-01T00:23:04.300000Z</time>
        <extensions>
          <gpxtpx:TrackPointExtension>
            <gpxtpx:hr>146</gpxtpx:hr>
          </gpxtpx:TrackPointExtension>
        </extensions>
      </trkpt>
      <trkpt lat="22.54365229391925" lon="114.09417638273291">
        <ele>12.113870580680668</ele>
        <time>1970-01-01T00:23:05.300000Z</time>
        <extensions>
          <gpxtpx:TrackPointExtension>
            <gpxtpx:hr>146</gpxtpx:hr>
          </gpxtpx:TrackPointExtension>
        </extensions>
      </trkpt>
      <trkpt lat="22.543651714550748" lon="114.09419906235404">
        <ele>11.746182163245976</ele>
        <time>1970-01-01T00:23:06.300000Z</time>
        <extensions>
          <gpxtpx:TrackPointExtension>
            <gpxtpx:hr>146</gpxtpx:hr>
          </gpxtpx:TrackPointExtension>
        </extensions>
      </trkpt>
      <trkpt lat="22.543651045631044" lon="114.09422095723198">
        <ele>11.418347752653062</ele>
        <time>1970-01-01T00:23:07.300000Z</time>
        <extensions>
          <gpxtpx:TrackPointExtension>
            <gpxtpx:hr>148</gpxtpx:hr>
          </gpxtpx:TrackPointExtension>
        </extensions>
      </trkpt>
      <trkpt lat="22.543649649521488" lon="114.09424280021227">
        <ele>11.114774423651397</ele>
        <time>1970-01-01T00:23:08.300000Z</time>
        <extensions>
          <gpxtpx:TrackPointExtension>
            <gpxtpx:hr>148</gpxtpx:hr>
          </gpxtpx:TrackPointExtension>
        </extensions>
      </trkpt>
      <trkpt lat="22.543647106892227" lon="114.09426545298012">
        <ele>10.854282959364355</ele>
        <time>1970-01-01T00:23:09.300000Z</time>
        <extensions>
          <gpxtpx:TrackPointExtension>
            <gpxtpx:hr>148</gpxtpx:hr>
          </gpxtpx:TrackPointExtension>
        </extensions>
      </trkpt>
      <trkpt lat="22.54364404100958" lon="114.0942894696111">
        <ele>10.60805159341544</ele>
        <time>1970-01-01T00:23:10.300000Z</time>
        <extensions>
          <gpxtpx:TrackPointExtension>
            <gpxtpx:hr>149</gpxtpx:hr>
          </gpxtpx:TrackPointExtension>
        </extensions>
      </trkpt>
      <trkpt lat="22.543641637464113" lon="114.09431492137132">
        <ele>10.405033880844712</ele>
        <time>1970-01-01T00:23:11.300000Z</time>
        <extensions>
          <gpxtpx:TrackPointExtension>
            <gpxtpx:hr>149</gpxtpx:hr>
          </gpxtpx:TrackPointExtension>
        </extensions>
      </trkpt>
      <trkpt lat="22.54364043476193" lon="114.09434128547966">
        <ele>10.227880056016147</ele>
        <time>1970-01-01T00:23:12.300000Z</time>
        <extensions>
          <gpxtpx:TrackPointExtension>
            <gpxtpx:hr>149</gpxtpx:hr>
          </gpxtpx:TrackPointExtension>
        </extensions>
      </trkpt>
      <trkpt lat="22.543639949731045" lon="114.09436764581113">
        <ele>10.09440788347274</ele>
        <time>1970-01-01T00:23:13.300000Z</time>
        <extensions>
          <gpxtpx:TrackPointExtension>
            <gpxtpx:hr>149</gpxtpx:hr>
          </gpxtpx:TrackPointExtension>
        </extensions>
      </trkpt>
      <trkpt lat="22.543639049775706" lon="114.09439394325895">
        <ele>10.018608707934618</ele>
        <time>1970-01-01T00:23:14.300000Z</time>
        <extensions>
          <gpxtpx:TrackPointExtension>
            <gpxtpx:hr>149</gpxtpx:hr>
          </gpxtpx:TrackPointExtension>
        </extensions>
      </trkpt>
      <trkpt lat="22.543638013872734" lon="114.09442050222806">
        <ele>10.00707333534956</ele>
        <time>1970-01-01T00:23:15.300000Z</time>
        <extensions>
          <gpxtpx:TrackPointExtension>
            <gpxtpx:hr>150</gpxtpx:hr>
          </gpxtpx:TrackPointExtension>
        </extensions>
      </trkpt>
      <trkpt lat="22.54363846725504" lon="114.09444732877668">
        <ele>10.043556779623032</ele>
        <time>1970-01-01T00:23:16.300000Z</time>
        <extensions>
          <gpxtpx:TrackPointExtension>
            <gpxtpx:hr>150</gpxtpx:hr>
          </gpxtpx:TrackPointExtension>
        </extensions>
      </trkpt>
      <trkpt lat="22.543640870939942" lon="114.09447399601721">
        <ele>10.098730016499758</ele>
        <time>1970-01-01T00:23:17.300000Z</time>
        <extensions>
          <gpxtpx:TrackPointExtension>
            <gpxtpx:hr>150</gpxtpx:hr>
          </gpxtpx:TrackPointExtension>
        </extensions>
      </trkpt>
      <trkpt lat="22.54364419649805" lon="114.09450111896238">
        <ele>10.1881671724841</ele>
        <time>1970-01-01T00:23:18.300000Z</time>
        <extensions>
          <gpxtpx:TrackPointExtension>
            <gpxtpx:hr>150</gpxtpx:hr>
          </gpxtpx:TrackPointExtension>
        </extensions>
      </trkpt>
      <trkpt lat="22.543646926769487" lon="114.09452884543016">
        <ele>10.303915403783321</ele>
        <time>1970-01-01T00:23:19.300000Z</time>
        <extensions>
          <gpxtpx:TrackPointExtension>
            <gpxtpx:hr>150</gpxtpx:hr>
          </gpxtpx:TrackPointExtension>
        </extensions>
      </trkpt>
      <trkpt lat="22.543648461270617" lon="114.09455659629621">
        <ele>10.449447913095355</ele>
        <time>1970-01-01T00:23:20.300000Z</time>
        <extensions>
          <gpxtpx:TrackPointExtension>
            <gpxtpx:hr>150</gpxtpx:hr>
          </gpxtpx:TrackPointExtension>
        </extensions>
      </trkpt>
      <trkpt lat="22.543649592439152" lon="114.09458422265452">
        <ele>10.60217510536313</ele>
        <time>1970-01-01T00:23:21.300000Z</time>
        <extensions>
          <gpxtpx:TrackPointExtension>
            <gpxtpx:hr>150</gpxtpx:hr>
          </gpxtpx:TrackPointExtension>
        </extensions>
      </trkpt>
      <trkpt lat="22.543651428775433" lon="114.09461216744549">
        <ele>10.772121018730104</ele>
        <time>1970-01-01T00:23:22.300000Z</time>
        <extensions>
          <gpxtpx:TrackPointExtension>
            <gpxtpx:hr>150</gpxtpx:hr>
          </gpxtpx:TrackPointExtension>
        </extensions>
      </trkpt>
      <trkpt lat="22.543654143636306" lon="114.09464082877422">
        <ele>10.96523505449295</ele>
        <time>1970-01-01T00:23:23.300000Z</time>
        <extensions>
          <gpxtpx:TrackPointExtension>
            <gpxtpx:hr>150</gpxtpx:hr>
          </gpxtpx:TrackPointExtension>
        </extensions>
      </trkpt>
      <trkpt lat="22.543656934450954" lon="114.0946698070166">
        <ele>11.176188600249588</ele>
        <time>1970-01-01T00:23:24.300000Z</time>
        <extensions>
          <gpxtpx:TrackPointExtension>
            <gpxtpx:hr>150</gpxtpx:hr>
          </gpxtpx:TrackPointExtension>
        </extensions>
      </trkpt>
      <trkpt lat="22.543659206627236" lon="114.09469927351427">
        <ele>11.402144856750965</ele>
        <time>1970-01-01T00:23:25.300000Z</time>
        <extensions>
          <gpxtpx:TrackPointExtension>
            <gpxtpx:hr>150</gpxtpx:hr>
          </gpxtpx:TrackPointExtension>
        </extensions>
      </trkpt>
      <trkpt lat="22.54366137181502" lon="114.09472899505437">
        <ele>11.612323303706944</ele>
        <time>1970-01-01T00:23:26.300000Z</time>
        <extensions>
          <gpxtpx:TrackPointExtension>
            <gpxtpx:hr>150</gpxtpx:hr>
          </gpxtpx:TrackPointExtension>
        </extensions>
      </trkpt>
      <trkpt lat="22.54366379022127" lon="114.09475791790193">
        <ele>11.822627244517207</ele>
        <time>1970-01-01T00:23:27.300000Z</time>
        <extensions>
          <gpxtpx:TrackPointExtension>
            <gpxtpx:hr>149</gpxtpx:hr>
          </gpxtpx:TrackPointExtension>
        </extensions>
      </trkpt>
      <trkpt lat="22.543666191472052" lon="114.09478494532212">
        <ele>12.038496267981827</ele>
        <time>1970-01-01T00:23:28.300000Z</time>
        <extensions>
          <gpxtpx:TrackPointExtension>
            <gpxtpx:hr>149</gpxtpx:hr>
          </gpxtpx:TrackPointExtension>
        </extensions>
      </trkpt>
      <trkpt lat="22.543668320341258" lon="114.09481029580286">
        <ele>12.263916958123446</ele>
        <time>1970-01-01T00:23:29.300000Z</time>
        <extensions>
          <gpxtpx:TrackPointExtension>
            <gpxtpx:hr>149</gpxtpx:hr>
          </gpxtpx:TrackPointExtension>
        </extensions>
      </trkpt>
      <trkpt lat="22.543670200706618" lon="114.09483548803381">
        <ele>12.484859441407025</ele>
        <time>1970-01-01T00:23:30.300000Z</time>
        <extensions>
          <gpxtpx:TrackPointExtension>
            <gpxtpx:hr>149</gpxtpx:hr>
          </gpxtpx:TrackPointExtension>
        </extensions>
      </trkpt>
      <trkpt lat="22.543671630551746" lon="114.09486120464751">
        <ele>12.711514179594815</ele>
        <time>1970-01-01T00:23:31.300000Z</time>
        <extensions>
          <gpxtpx:TrackPointExtension>
            <gpxtpx:hr>149</gpxtpx:hr>
          </gpxtpx:TrackPointExtension>
        </extensions>
      </trkpt>
      <trkpt lat="22.54367231154549" lon="114.09488755827967">
        <ele>12.940016184933484</ele>
        <time>1970-01-01T00:23:32.300000Z</time>
        <extensions>
          <gpxtpx:TrackPointExtension>
            <gpxtpx:hr>149</gpxtpx:hr>
          </gpxtpx:TrackPointExtension>
        </extensions>
      </trkpt>
      <trkpt lat="22.54367183724816" lon="114.09491368729954">
        <ele>13.164486013352871</ele>
        <time>1970-01-01T00:23:33.300000Z</time>
        <extensions>
          <gpxtpx:TrackPointExtension>
            <gpxtpx:hr>149</gpxtpx:hr>
          </gpxtpx:TrackPointExtension>
        </extensions>
      </trkpt>
      <trkpt lat="22.543669831674595" lon="114.09493849499944">
        <ele>13.372477866709232</ele>
        <time>1970-01-01T00:23:34.300000Z</time>
        <extensions>
          <gpxtpx:TrackPointExtension>
            <gpxtpx:hr>149</gpxtpx:hr>
          </gpxtpx:TrackPointExtension>
        </extensions>
      </trkpt>
      <trkpt lat="22.543666207387464" lon="114.09496219483177">
        <ele>13.56624260544777</ele>
        <time>1970-01-01T00:23:35.300000Z</time>
        <extensions>
          <gpxtpx:TrackPointExtension>
            <gpxtpx:hr>149</gpxtpx:hr>
          </gpxtpx:TrackPointExtension>
        </extensions>
      </trkpt>
      <trkpt lat="22.543661548605" lon="114.09498619164907">
        <ele>13.754481606185436</ele>
        <time>1970-01-01T00:23:36.300000Z</time>
        <extensions>
          <gpxtpx:TrackPointExtension>
            <gpxtpx:hr>149</gpxtpx:hr>
          </gpxtpx:TrackPointExtension>
        </extensions>
      </trkpt>
      <trkpt lat="22.54365658052924" lon="114.0950112247493">
        <ele>13.943943857215345</ele>
        <time>1970-01-01T00:23:37.300000Z</time>
        <extensions>
          <gpxtpx:TrackPointExtension>
            <gpxtpx:hr>149</gpxtpx:hr>
          </gpxtpx:TrackPointExtension>
        </extensions>
      </trkpt>
      <trkpt lat="22.543651350767618" lon="114.09503663360474">
        <ele>14.051898591220379</ele>
        <time>1970-01-01T00:23:38.300000Z</time>
        <extensions>
          <gpxtpx:TrackPointExtension>
            <gpxtpx:hr>149</gpxtpx:hr>
          </gpxtpx:TrackPointExtension>
        </extensions>
      </trkpt>
      <trkpt lat="22.543646266306503" lon="114.09506233551113">
        <ele>14.168677459470928</ele>
        <time>1970-01-01T00:23:39.300000Z</time>
        <extensions>
          <gpxtpx:TrackPointExtension>
            <gpxtpx:hr>149</gpxtpx:hr>
          </gpxtpx:TrackPointExtension>
        </extensions>
      </trkpt>
      <trkpt lat="22.543642009357" lon="114.09508796752282">
        <ele>14.281813618727028</ele>
        <time>1970-01-01T00:23:40.300000Z</time>
        <extensions>
          <gpxtpx:TrackPointExtension>
            <gpxtpx:hr>149</gpxtpx:hr>
          </gpxtpx:TrackPointExtension>
        </extensions>
      </trkpt>
      <trkpt lat="22.54363855762773" lon="114.09511321985302">
        <ele>14.394237107597291</ele>
        <time>1970-01-01T00:23:41.300000Z</time>
        <extensions>
          <gpxtpx:TrackPointExtension>
            <gpxtpx:hr>149</gpxtpx:hr>
          </gpxtpx:TrackPointExtension>
        </extensions>
      </trkpt>
      <trkpt lat="22.54363605043277" lon="114.09513824474365">
        <ele>14.537005797959864</ele>
        <time>1970-01-01T00:23:42.300000Z</time>
        <extensions>
          <gpxtpx:TrackPointExtension>
            <gpxtpx:hr>149</gpxtpx:hr>
          </gpxtpx:TrackPointExtension>
        </extensions>
      </trkpt>
      <trkpt lat="22.54363456968904" lon="114.09516293369576">
        <ele>14.652717707678676</ele>
        <time>1970-01-01T00:23:43.300000Z</time>
        <extensions>
          <gpxtpx:TrackPointExtension>
            <gpxtpx:hr>149</gpxtpx:hr>
          </gpxtpx:TrackPointExtension>
        </extensions>
      </trkpt>
      <trkpt lat="22.543634096706658" lon="114.0951872022379">
        <ele>14.738500904291868</ele>
        <time>1970-01-01T00:23:44.300000Z</time>
        <extensions>
          <gpxtpx:TrackPointExtension>
            <gpxtpx:hr>149</gpxtpx:hr>
          </gpxtpx:TrackPointExtension>
        </extensions>
      </trkpt>
      <trkpt lat="22.54363475379047" lon="114.09521052161757">
        <ele>14.827979981899261</ele>
        <time>1970-01-01T00:23:45.300000Z</time>
        <extensions>
          <gpxtpx:TrackPointExtension>
            <gpxtpx:hr>149</gpxtpx:hr>
          </gpxtpx:TrackPointExtension>
        </extensions>
      </trkpt>
      <trkpt lat="22.543636137997847" lon="114.0952331960809">
        <ele>14.904045471921563</ele>
        <time>1970-01-01T00:23:46.300000Z</time>
        <extensions>
          <gpxtpx:TrackPointExtension>
            <gpxtpx:hr>149</gpxtpx:hr>
          </gpxtpx:TrackPointExtension>
        </extensions>
      </trkpt>
      <trkpt lat="22.543637834724272" lon="114.09525568811647">
        <ele>14.978167422115803</ele>
        <time>1970-01-01T00:23:47.300000Z</time>
        <extensions>
          <gpxtpx:TrackPointExtension>
            <gpxtpx:hr>150</gpxtpx:hr>
          </gpxtpx:TrackPointExtension>
        </extensions>
      </trkpt>
      <trkpt lat="22.54364022242634" lon="114.09527806049358">
        <ele>15.061097322963178</ele>
        <time>1970-01-01T00:23:48.300000Z</time>
        <extensions>
          <gpxtpx:TrackPointExtension>
            <gpxtpx:hr>150</gpxtpx:hr>
          </gpxtpx:TrackPointExtension>
        </extensions>
      </trkpt>
      <trkpt lat="22.543643904694807" lon="114.09529969748033">
        <ele>15.17275973316282</ele>
        <time>1970-01-01T00:23:49.300000Z</time>
        <extensions>
          <gpxtpx:TrackPointExtension>
            <gpxtpx:hr>150</gpxtpx:hr>
          </gpxtpx:TrackPointExtension>
        </extensions>
      </trkpt>
      <trkpt lat="22.543649108772232" lon="114.0953199005813">
        <ele>15.300657983869314</ele>
        <time>1970-01-01T00:23:50.300000Z</time>
        <extensions>
          <gpxtpx:TrackPointExtension>
            <gpxtpx:hr>150</gpxtpx:hr>
          </gpxtpx:TrackPointExtension>
        </extensions>
      </trkpt>
      <trkpt lat="22.543654750188164" lon="114.09533902395374">
        <ele>15.413194164633751</ele>
        <time>1970-01-01T00:23:51.300000Z</time>
        <extensions>
          <gpxtpx:TrackPointExtension>
            <gpxtpx:hr>150</gpxtpx:hr>
          </gpxtpx:TrackPointExtension>
        </extensions>
      </trkpt>
      <trkpt lat="22.543659102824382" lon="114.09535816658861">
        <ele>15.541698873974383</ele>
        <time>1970-01-01T00:23:52.300000Z</time>
        <extensions>
          <gpxtpx:TrackPointExtension>
            <gpxtpx:hr>150</gpxtpx:hr>
          </gpxtpx:TrackPointExtension>
        </extensions>
      </trkpt>
      <trkpt lat="22.543660909775102" lon="114.09537748608977">
        <ele>15.680513675324619</ele>
        <time>1970-01-01T00:23:53.300000Z</time>
        <extensions>
          <gpxtpx:TrackPointExtension>
            <gpxtpx:hr>150</gpxtpx:hr>
          </gpxtpx:TrackPointExtension>
        </extensions>
      </trkpt>
      <trkpt lat="22.543660179764935" lon="114.09539601319516">
        <ele>15.803574547171593</ele>
        <time>1970-01-01T00:23:54.300000Z</time>
        <extensions>
          <gpxtpx:TrackPointExtension>
            <gpxtpx:hr>150</gpxtpx:hr>
          </gpxtpx:TrackPointExtension>
        </extensions>
      </trkpt>
      <trkpt lat="22.543658160167976" lon="114.09541465654858">
        <ele>15.914471277035773</ele>
        <time>1970-01-01T00:23:55.300000Z</time>
        <extensions>
          <gpxtpx:TrackPointExtension>
            <gpxtpx:hr>150</gpxtpx:hr>
          </gpxtpx:TrackPointExtension>
        </extensions>
      </trkpt>
      <trkpt lat="22.543655913720983" lon="114.095434309723">
        <ele>16.049673495814204</ele>
        <time>1970-01-01T00:23:56.300000Z</time>
        <extensions>
          <gpxtpx:TrackPointExtension>
            <gpxtpx:hr>150</gpxtpx:hr>
          </gpxtpx:TrackPointExtension>
        </extensions>
      </trkpt>
      <trkpt lat="22.54365449707015" lon="114.0954547534583">
        <ele>16.199751434847713</ele>
        <time>1970-01-01T00:23:57.300000Z</time>
        <extensions>
          <gpxtpx:TrackPointExtension>
            <gpxtpx:hr>150</gpxtpx:hr>
          </gpxtpx:TrackPointExtension>
        </extensions>
      </trkpt>
      <trkpt lat="22.543654334937024" lon="114.095475123155">
        <ele>16.370653032325208</ele>
        <time>1970-01-01T00:23:58.300000Z</time>
        <extensions>
          <gpxtpx:TrackPointExtension>
            <gpxtpx:hr>150</gpxtpx:hr>
          </gpxtpx:TrackPointExtension>
        </extensions>
      </trkpt>
      <trkpt lat="22.54365629061569" lon="114.09549687467677">
        <ele>16.55615502409637</ele>
        <time>1970-01-01T00:23:59.300000Z</time>
        <extensions>
          <gpxtpx:TrackPointExtension>
            <gpxtpx:hr>150</gpxtpx:hr>
          </gpxtpx:TrackPointExtension>
        </extensions>
      </trkpt>
      <trkpt lat="22.54366171757544" lon="114.09552159746205">
        <ele>16.73059395607561</ele>
        <time>1970-01-01T00:24:00.300000Z</time>
        <extensions>
          <gpxtpx:TrackPointExtension>
            <gpxtpx:hr>150</gpxtpx:hr>
          </gpxtpx:TrackPointExtension>
        </extensions>
      </trkpt>
      <trkpt lat="22.5436704034593" lon="114.09554860335415">
        <ele>16.917633547447622</ele>
        <time>1970-01-01T00:24:01.300000Z</time>
        <extensions>
          <gpxtpx:TrackPointExtension>
            <gpxtpx:hr>150</gpxtpx:hr>
          </gpxtpx:TrackPointExtension>
        </extensions>
      </trkpt>
      <trkpt lat="22.543681593828538" lon="114.0955774268159">
        <ele>17.130390946753323</ele>
        <time>1970-01-01T00:24:02.300000Z</time>
        <extensions>
          <gpxtpx:TrackPointExtension>
            <gpxtpx:hr>150</gpxtpx:hr>
          </gpxtpx:TrackPointExtension>
        </extensions>
      </trkpt>
      <trkpt lat="22.543693845563475" lon="114.09560731763173">
        <ele>17.28879781719297</ele>
        <time>1970-01-01T00:24:03.300000Z</time>
        <extensions>
          <gpxtpx:TrackPointExtension>
            <gpxtpx:hr>150</gpxtpx:hr>
          </gpxtpx:TrackPointExtension>
        </extensions>
      </trkpt>
      <trkpt lat="22.543706381113804" lon="114.09563760629341">
        <ele>17.460688415914774</ele>
        <time>1970-01-01T00:24:04.300000Z</time>
        <extensions>
          <gpxtpx:TrackPointExtension>
            <gpxtpx:hr>150</gpxtpx:hr>
          </gpxtpx:TrackPointExtension>
        </extensions>
      </trkpt>
      <trkpt lat="22.54371892246836" lon="114.09566847838933">
        <ele>17.643808339722455</ele>
        <time>1970-01-01T00:24:05.300000Z</time>
        <extensions>
          <gpxtpx:TrackPointExtension>
            <gpxtpx:hr>150</gpxtpx:hr>
          </gpxtpx:TrackPointExtension>
        </extensions>
      </trkpt>
      <trkpt lat="22.543731474234836" lon="114.09570012142785">
        <ele>17.801275881007314</ele>
        <time>1970-01-01T00:24:06.300000Z</time>
        <extensions>
          <gpxtpx:TrackPointExtension>
            <gpxtpx:hr>150</gpxtpx:hr>
          </gpxtpx:TrackPointExtension>
        </extensions>
      </trkpt>
      <trkpt lat="22.543743781888363" lon="114.09573151432704">
        <ele>17.96495195198804</ele>
        <time>1970-01-01T00:24:07.300000Z</time>
        <extensions>
          <gpxtpx:TrackPointExtension>
            <gpxtpx:hr>150</gpxtpx:hr>
          </gpxtpx:TrackPointExtension>
        </extensions>
      </trkpt>
      <trkpt lat="22.54375531233764" lon="114.09576122591267">
        <ele>18.112481670454144</ele>
        <time>1970-01-01T00:24:08.300000Z</time>
        <extensions>
          <gpxtpx:TrackPointExtension>
            <gpxtpx:hr>150</gpxtpx:hr>
          </gpxtpx:TrackPointExtension>
        </extensions>
      </trkpt>
      <trkpt lat="22.54376584480219" lon="114.09578935161146">
        <ele>18.25449545122683</ele>
        <time>1970-01-01T00:24:09.300000Z</time>
        <extensions>
          <gpxtpx:TrackPointExtension>
            <gpxtpx:hr>150</gpxtpx:hr>
          </gpxtpx:TrackPointExtension>
        </extensions>
      </trkpt>
      <trkpt lat="22.54377548847215" lon="114.09581724055096">
        <ele>18.408003888092935</ele>
        <time>1970-01-01T00:24:10.300000Z</time>
        <extensions>
          <gpxtpx:TrackPointExtension>
            <gpxtpx:hr>150</gpxtpx:hr>
          </gpxtpx:TrackPointExtension>
        </extensions>
      </trkpt>
      <trkpt lat="22.543784625809717" lon="114.09584563651461">
        <ele>18.5395322535187</ele>
        <time>1970-01-01T00:24:11.300000Z</time>
        <extensions>
          <gpxtpx:TrackPointExtension>
            <gpxtpx:hr>150</gpxtpx:hr>
          </gpxtpx:TrackPointExtension>
        </extensions>
      </trkpt>
      <trkpt lat="22.543793325486586" lon="114.09587476354834">
        <ele>18.66445643361658</ele>
        <time>1970-01-01T00:24:12.300000Z</time>
        <extensions>
          <gpxtpx:TrackPointExtension>
            <gpxtpx:hr>150</gpxtpx:hr>
          </gpxtpx:TrackPointExtension>
        </extensions>
      </trkpt>
      <trkpt lat="22.543801398129276" lon="114.09590490715752">
        <ele>18.774521122686565</ele>
        <time>1970-01-01T00:24:13.300000Z</time>
        <extensions>
          <gpxtpx:TrackPointExtension>
            <gpxtpx:hr>150</gpxtpx:hr>
          </gpxtpx:TrackPointExtension>
        </extensions>
      </trkpt>
      <trkpt lat="22.543808161104295" lon="114.0959355495514">
        <ele>18.8575458554551</ele>
        <time>1970-01-01T00:24:14.300000Z</time>
        <extensions>
          <gpxtpx:TrackPointExtension>
            <gpxtpx:hr>150</gpxtpx:hr>
          </gpxtpx:TrackPointExtension>
        </extensions>
      </trkpt>
      <trkpt lat="22.5438131073981" lon="114.09596663300991">
        <ele>18.970675780437887</ele>
        <time>1970-01-01T00:24:15.300000Z</time>
        <extensions>
          <gpxtpx:TrackPointExtension>
            <gpxtpx:hr>150</gpxtpx:hr>
          </gpxtpx:TrackPointExtension>
        </extensions>
      </trkpt>
      <trkpt lat="22.54381597984582" lon="114.09599868017368">
        <ele>19.0732705546543</ele>
        <time>1970-01-01T00:24:16.300000Z</time>
        <extensions>
          <gpxtpx:TrackPointExtension>
            <gpxtpx:hr>152</gpxtpx:hr>
          </gpxtpx:TrackPointExtension>
        </extensions>
      </trkpt>
      <trkpt lat="22.543816707304384" lon="114.09603079155778">
        <ele>19.174213053658605</ele>
        <time>1970-01-01T00:24:17.300000Z</time>
        <extensions>
          <gpxtpx:TrackPointExtension>
            <gpxtpx:hr>152</gpxtpx:hr>
          </gpxtpx:TrackPointExtension>
        </extensions>
      </trkpt>
      <trkpt lat="22.543815768442382" lon="114.09606134034034">
        <ele>19.29888693243265</ele>
        <time>1970-01-01T00:24:18.300000Z</time>
        <extensions>
          <gpxtpx:TrackPointExtension>
            <gpxtpx:hr>152</gpxtpx:hr>
          </gpxtpx:TrackPointExtension>
        </extensions>
      </trkpt>
      <trkpt lat="22.543813818922885" lon="114.0960903533771">
        <ele>19.45013473648578</ele>
        <time>1970-01-01T00:24:19.300000Z</time>
        <extensions>
          <gpxtpx:TrackPointExtension>
            <gpxtpx:hr>152</gpxtpx:hr>
          </gpxtpx:TrackPointExtension>
        </extensions>
      </trkpt>
      <trkpt lat="22.543811400401932" lon="114.09611815309069">
        <ele>19.620357736945152</ele>
        <time>1970-01-01T00:24:20.300000Z</time>
        <extensions>
          <gpxtpx:TrackPointExtension>
            <gpxtpx:hr>152</gpxtpx:hr>
          </gpxtpx:TrackPointExtension>
        </extensions>
      </trkpt>
      <trkpt lat="22.543808307433117" lon="114.09614514490406">
        <ele>19.786932743154466</ele>
        <time>1970-01-01T00:24:21.300000Z</time>
        <extensions>
          <gpxtpx:TrackPointExtension>
            <gpxtpx:hr>152</gpxtpx:hr>
          </gpxtpx:TrackPointExtension>
        </extensions>
      </trkpt>
      <trkpt lat="22.543804209814343" lon="114.09617228409043">
        <ele>19.9718220224604</ele>
        <time>1970-01-01T00:24:22.300000Z</time>
        <extensions>
          <gpxtpx:TrackPointExtension>
            <gpxtpx:hr>152</gpxtpx:hr>
          </gpxtpx:TrackPointExtension>
        </extensions>
      </trkpt>
      <trkpt lat="22.543799179402388" lon="114.09619981728453">
        <ele>20.158994047902524</ele>
        <time>1970-01-01T00:24:23.300000Z</time>
        <extensions>
          <gpxtpx:TrackPointExtension>
            <gpxtpx:hr>151</gpxtpx:hr>
          </gpxtpx:TrackPointExtension>
        </extensions>
      </trkpt>
      <trkpt lat="22.543793553750973" lon="114.09622791459115">
        <ele>20.33019331935793</ele>
        <time>1970-01-01T00:24:24.300000Z</time>
        <extensions>
          <gpxtpx:TrackPointExtension>
            <gpxtpx:hr>151</gpxtpx:hr>
          </gpxtpx:TrackPointExtension>
        </extensions>
      </trkpt>
      <trkpt lat="22.543787834217" lon="114.09625650380696">
        <ele>20.483841102570295</ele>
        <time>1970-01-01T00:24:25.300000Z</time>
        <extensions>
          <gpxtpx:TrackPointExtension>
            <gpxtpx:hr>151</gpxtpx:hr>
          </gpxtpx:TrackPointExtension>
        </extensions>
      </trkpt>
      <trkpt lat="22.543782516405432" lon="114.09628453404544">
        <ele>20.57969217468053</ele>
        <time>1970-01-01T00:24:26.300000Z</time>
        <extensions>
          <gpxtpx:TrackPointExtension>
            <gpxtpx:hr>151</gpxtpx:hr>
          </gpxtpx:TrackPointExtension>
        </extensions>
      </trkpt>
      <trkpt lat="22.543778034909877" lon="114.09631213694212">
        <ele>20.662542034871876</ele>
        <time>1970-01-01T00:24:27.300000Z</time>
        <extensions>
          <gpxtpx:TrackPointExtension>
            <gpxtpx:hr>151</gpxtpx:hr>
          </gpxtpx:TrackPointExtension>
        </extensions>
      </trkpt>
      <trkpt lat="22.543774409979346" lon="114.09633967814231">
        <ele>20.709557640366256</ele>
        <time>1970-01-01T00:24:28.300000Z</time>
        <extensions>
          <gpxtpx:TrackPointExtension>
            <gpxtpx:hr>151</gpxtpx:hr>
          </gpxtpx:TrackPointExtension>
        </extensions>
      </trkpt>
      <trkpt lat="22.543771429187597" lon="114.09636750269107">
        <ele>20.687983449548483</ele>
        <time>1970-01-01T00:24:29.300000Z</time>
        <extensions>
          <gpxtpx:TrackPointExtension>
            <gpxtpx:hr>151</gpxtpx:hr>
          </gpxtpx:TrackPointExtension>
        </extensions>
      </trkpt>
      <trkpt lat="22.543768613949066" lon="114.09639572528563">
        <ele>20.649527243338525</ele>
        <time>1970-01-01T00:24:30.300000Z</time>
        <extensions>
          <gpxtpx:TrackPointExtension>
            <gpxtpx:hr>151</gpxtpx:hr>
          </gpxtpx:TrackPointExtension>
        </extensions>
      </trkpt>
      <trkpt lat="22.543764969690987" lon="114.09642336720658">
        <ele>20.562251158989966</ele>
        <time>1970-01-01T00:24:31.300000Z</time>
        <extensions>
          <gpxtpx:TrackPointExtension>
            <gpxtpx:hr>151</gpxtpx:hr>
          </gpxtpx:TrackPointExtension>
        </extensions>
      </trkpt>
      <trkpt lat="22.54376014870047" lon="114.09644993254018">
        <ele>20.423412824980915</ele>
        <time>1970-01-01T00:24:32.300000Z</time>
        <extensions>
          <gpxtpx:TrackPointExtension>
            <gpxtpx:hr>151</gpxtpx:hr>
          </gpxtpx:TrackPointExtension>
        </extensions>
      </trkpt>
      <trkpt lat="22.54375429121969" lon="114.09647598927494">
        <ele>20.226194131188095</ele>
        <time>1970-01-01T00:24:33.300000Z</time>
        <extensions>
          <gpxtpx:TrackPointExtension>
            <gpxtpx:hr>151</gpxtpx:hr>
          </gpxtpx:TrackPointExtension>
        </extensions>
      </trkpt>
      <trkpt lat="22.543747831496372" lon="114.09650221023746">
        <ele>19.943417289294302</ele>
        <time>1970-01-01T00:24:34.300000Z</time>
        <extensions>
          <gpxtpx:TrackPointExtension>
            <gpxtpx:hr>151</gpxtpx:hr>
          </gpxtpx:TrackPointExtension>
        </extensions>
      </trkpt>
      <trkpt lat="22.543741059741738" lon="114.09652853879518">
        <ele>19.607088308781385</ele>
        <time>1970-01-01T00:24:35.300000Z</time>
        <extensions>
          <gpxtpx:TrackPointExtension>
            <gpxtpx:hr>151</gpxtpx:hr>
          </gpxtpx:TrackPointExtension>
        </extensions>
      </trkpt>
      <trkpt lat="22.543734272886923" lon="114.09655457202038">
        <ele>19.213110853917897</ele>
        <time>1970-01-01T00:24:36.300000Z</time>
        <extensions>
          <gpxtpx:TrackPointExtension>
            <gpxtpx:hr>151</gpxtpx:hr>
          </gpxtpx:TrackPointExtension>
        </extensions>
      </trkpt>
      <trkpt lat="22.543727893179906" lon="114.09658055200477">
        <ele>18.80683448817581</ele>
        <time>1970-01-01T00:24:37.300000Z</time>
        <extensions>
          <gpxtpx:TrackPointExtension>
            <gpxtpx:hr>151</gpxtpx:hr>
          </gpxtpx:TrackPointExtension>
        </extensions>
      </trkpt>
      <trkpt lat="22.54372167116719" lon="114.09660587624623">
        <ele>18.330630742944777</ele>
        <time>1970-01-01T00:24:38.300000Z</time>
        <extensions>
          <gpxtpx:TrackPointExtension>
            <gpxtpx:hr>151</gpxtpx:hr>
          </gpxtpx:TrackPointExtension>
        </extensions>
      </trkpt>
      <trkpt lat="22.543716031777436" lon="114.09662942415935">
        <ele>17.828641931526363</ele>
        <time>1970-01-01T00:24:39.300000Z</time>
        <extensions>
          <gpxtpx:TrackPointExtension>
            <gpxtpx:hr>151</gpxtpx:hr>
          </gpxtpx:TrackPointExtension>
        </extensions>
      </trkpt>
      <trkpt lat="22.54371191605217" lon="114.09665277299271">
        <ele>17.3412995506078</ele>
        <time>1970-01-01T00:24:40.300000Z</time>
        <extensions>
          <gpxtpx:TrackPointExtension>
            <gpxtpx:hr>151</gpxtpx:hr>
          </gpxtpx:TrackPointExtension>
        </extensions>
      </trkpt>
      <trkpt lat="22.543709872165604" lon="114.096678046699">
        <ele>16.830030717886984</ele>
        <time>1970-01-01T00:24:41.300000Z</time>
        <extensions>
          <gpxtpx:TrackPointExtension>
            <gpxtpx:hr>152</gpxtpx:hr>
          </gpxtpx:TrackPointExtension>
        </extensions>
      </trkpt>
      <trkpt lat="22.543709518654392" lon="114.09670491655258">
        <ele>16.325808758847415</ele>
        <time>1970-01-01T00:24:42.300000Z</time>
        <extensions>
          <gpxtpx:TrackPointExtension>
            <gpxtpx:hr>152</gpxtpx:hr>
          </gpxtpx:TrackPointExtension>
        </extensions>
      </trkpt>
      <trkpt lat="22.543709871633638" lon="114.096731999742">
        <ele>15.828194906003773</ele>
        <time>1970-01-01T00:24:43.300000Z</time>
        <extensions>
          <gpxtpx:TrackPointExtension>
            <gpxtpx:hr>152</gpxtpx:hr>
          </gpxtpx:TrackPointExtension>
        </extensions>
      </trkpt>
      <trkpt lat="22.543709574324087" lon="114.09675791907438">
        <ele>15.35314248688519</ele>
        <time>1970-01-01T00:24:44.300000Z</time>
        <extensions>
          <gpxtpx:TrackPointExtension>
            <gpxtpx:hr>152</gpxtpx:hr>
          </gpxtpx:TrackPointExtension>
        </extensions>
      </trkpt>
      <trkpt lat="22.54370756091246" lon="114.09678284367743">
        <ele>14.918943443335593</ele>
        <time>1970-01-01T00:24:45.300000Z</time>
        <extensions>
          <gpxtpx:TrackPointExtension>
            <gpxtpx:hr>152</gpxtpx:hr>
          </gpxtpx:TrackPointExtension>
        </extensions>
      </trkpt>
      <trkpt lat="22.543704046189802" lon="114.09680688562078">
        <ele>14.512674466706812</ele>
        <time>1970-01-01T00:24:46.300000Z</time>
        <extensions>
          <gpxtpx:TrackPointExtension>
            <gpxtpx:hr>152</gpxtpx:hr>
          </gpxtpx:TrackPointExtension>
        </extensions>
      </trkpt>
      <trkpt lat="22.543699890837686" lon="114.09682958852946">
        <ele>14.155420968309045</ele>
        <time>1970-01-01T00:24:47.300000Z</time>
        <extensions>
          <gpxtpx:TrackPointExtension>
            <gpxtpx:hr>152</gpxtpx:hr>
          </gpxtpx:TrackPointExtension>
        </extensions>
      </trkpt>
      <trkpt lat="22.54369568808063" lon="114.09685143384661">
        <ele>13.870636046864092</ele>
        <time>1970-01-01T00:24:48.300000Z</time>
        <extensions>
          <gpxtpx:TrackPointExtension>
            <gpxtpx:hr>152</gpxtpx:hr>
          </gpxtpx:TrackPointExtension>
        </extensions>
      </trkpt>
      <trkpt lat="22.543691771700143" lon="114.09687343550175">
        <ele>13.61015565507114</ele>
        <time>1970-01-01T00:24:49.300000Z</time>
        <extensions>
          <gpxtpx:TrackPointExtension>
            <gpxtpx:hr>152</gpxtpx:hr>
          </gpxtpx:TrackPointExtension>
        </extensions>
      </trkpt>
      <trkpt lat="22.54368882846894" lon="114.0968959994244">
        <ele>13.368198789656162</ele>
        <time>1970-01-01T00:24:50.300000Z</time>
        <extensions>
          <gpxtpx:TrackPointExtension>
            <gpxtpx:hr>152</gpxtpx:hr>
          </gpxtpx:TrackPointExtension>
        </extensions>
      </trkpt>
      <trkpt lat="22.54368723977639" lon="114.09691908939125">
        <ele>13.133082079701126</ele>
        <time>1970-01-01T00:24:51.300000Z</time>
        <extensions>
          <gpxtpx:TrackPointExtension>
            <gpxtpx:hr>152</gpxtpx:hr>
          </gpxtpx:TrackPointExtension>
        </extensions>
      </trkpt>
      <trkpt lat="22.54368699127547" lon="114.09694266697521">
        <ele>12.94531164970249</ele>
        <time>1970-01-01T00:24:52.300000Z</time>
        <extensions>
          <gpxtpx:TrackPointExtension>
            <gpxtpx:hr>152</gpxtpx:hr>
          </gpxtpx:TrackPointExtension>
        </extensions>
      </trkpt>
      <trkpt lat="22.543687753616393" lon="114.09696627331626">
        <ele>12.758081112988293</ele>
        <time>1970-01-01T00:24:53.300000Z</time>
        <extensions>
          <gpxtpx:TrackPointExtension>
            <gpxtpx:hr>152</gpxtpx:hr>
          </gpxtpx:TrackPointExtension>
        </extensions>
      </trkpt>
      <trkpt lat="22.543688611936215" lon="114.09698887347894">
        <ele>12.569436547346413</ele>
        <time>1970-01-01T00:24:54.300000Z</time>
        <extensions>
          <gpxtpx:TrackPointExtension>
            <gpxtpx:hr>152</gpxtpx:hr>
          </gpxtpx:TrackPointExtension>
        </extensions>
      </trkpt>
      <trkpt lat="22.543688895484795" lon="114.09701015744986">
        <ele>12.467724919319153</ele>
        <time>1970-01-01T00:24:55.300000Z</time>
        <extensions>
          <gpxtpx:TrackPointExtension>
            <gpxtpx:hr>152</gpxtpx:hr>
          </gpxtpx:TrackPointExtension>
        </extensions>
      </trkpt>
      <trkpt lat="22.543688705650872" lon="114.09703058729052">
        <ele>12.395582029595971</ele>
        <time>1970-01-01T00:24:56.300000Z</time>
        <extensions>
          <gpxtpx:TrackPointExtension>
            <gpxtpx:hr>152</gpxtpx:hr>
          </gpxtpx:TrackPointExtension>
        </extensions>
      </trkpt>
      <trkpt lat="22.543689137902305" lon="114.09705120423098">
        <ele>12.321564394980669</ele>
        <time>1970-01-01T00:24:57.300000Z</time>
        <extensions>
          <gpxtpx:TrackPointExtension>
            <gpxtpx:hr>152</gpxtpx:hr>
          </gpxtpx:TrackPointExtension>
        </extensions>
      </trkpt>
      <trkpt lat="22.543689956857687" lon="114.09707348465767">
        <ele>12.274643356911838</ele>
        <time>1970-01-01T00:24:58.300000Z</time>
        <extensions>
          <gpxtpx:TrackPointExtension>
            <gpxtpx:hr>152</gpxtpx:hr>
          </gpxtpx:TrackPointExtension>
        </extensions>
      </trkpt>
      <trkpt lat="22.54368957200481" lon="114.09709670004995">
        <ele>12.233149798586965</ele>
        <time>1970-01-01T00:24:59.300000Z</time>
        <extensions>
          <gpxtpx:TrackPointExtension>
            <gpxtpx:hr>152</gpxtpx:hr>
          </gpxtpx:TrackPointExtension>
        </extensions>
      </trkpt>
      <trkpt lat="22.543687392698534" lon="114.09711942291294">
        <ele>12.198334471322596</ele>
        <time>1970-01-01T00:25:00.300000Z</time>
        <extensions>
          <gpxtpx:TrackPointExtension>
            <gpxtpx:hr>152</gpxtpx:hr>
          </gpxtpx:TrackPointExtension>
        </extensions>
      </trkpt>
      <trkpt lat="22.543684736514475" lon="114.09714147849336">
        <ele>12.204358022660017</ele>
        <time>1970-01-01T00:25:01.300000Z</time>
        <extensions>
          <gpxtpx:TrackPointExtension>
            <gpxtpx:hr>152</gpxtpx:hr>
          </gpxtpx:TrackPointExtension>
        </extensions>
      </trkpt>
      <trkpt lat="22.54368363168654" lon="114.09716370669521">
        <ele>12.231761641800404</ele>
        <time>1970-01-01T00:25:02.300000Z</time>
        <extensions>
          <gpxtpx:TrackPointExtension>
            <gpxtpx:hr>152</gpxtpx:hr>
          </gpxtpx:TrackPointExtension>
        </extensions>
      </trkpt>
      <trkpt lat="22.54368438743194" lon="114.09718708281741">
        <ele>12.282778795808554</ele>
        <time>1970-01-01T00:25:03.300000Z</time>
        <extensions>
          <gpxtpx:TrackPointExtension>
            <gpxtpx:hr>152</gpxtpx:hr>
          </gpxtpx:TrackPointExtension>
        </extensions>
      </trkpt>
      <trkpt lat="22.543685965760837" lon="114.0972117117672">
        <ele>12.355340282432735</ele>
        <time>1970-01-01T00:25:04.300000Z</time>
        <extensions>
          <gpxtpx:TrackPointExtension>
            <gpxtpx:hr>152</gpxtpx:hr>
          </gpxtpx:TrackPointExtension>
        </extensions>
      </trkpt>
      <trkpt lat="22.543687374127114" lon="114.09723642856602">
        <ele>12.464021120220423</ele>
        <time>1970-01-01T00:25:05.300000Z</time>
        <extensions>
          <gpxtpx:TrackPointExtension>
            <gpxtpx:hr>152</gpxtpx:hr>
          </gpxtpx:TrackPointExtension>
        </extensions>
      </trkpt>
      <trkpt lat="22.543688699813128" lon="114.09726033258805">
        <ele>12.593100250698626</ele>
        <time>1970-01-01T00:25:06.300000Z</time>
        <extensions>
          <gpxtpx:TrackPointExtension>
            <gpxtpx:hr>151</gpxtpx:hr>
          </gpxtpx:TrackPointExtension>
        </extensions>
      </trkpt>
      <trkpt lat="22.543690735054746" lon="114.09728405154478">
        <ele>12.746797747910023</ele>
        <time>1970-01-01T00:25:07.300000Z</time>
        <extensions>
          <gpxtpx:TrackPointExtension>
            <gpxtpx:hr>151</gpxtpx:hr>
          </gpxtpx:TrackPointExtension>
        </extensions>
      </trkpt>
      <trkpt lat="22.543693580609993" lon="114.09730863797064">
        <ele>12.891341177746654</ele>
        <time>1970-01-01T00:25:08.300000Z</time>
        <extensions>
          <gpxtpx:TrackPointExtension>
            <gpxtpx:hr>151</gpxtpx:hr>
          </gpxtpx:TrackPointExtension>
        </extensions>
      </trkpt>
      <trkpt lat="22.54369696587763" lon="114.0973344715654">
        <ele>13.050805985927582</ele>
        <time>1970-01-01T00:25:09.300000Z</time>
        <extensions>
          <gpxtpx:TrackPointExtension>
            <gpxtpx:hr>151</gpxtpx:hr>
          </gpxtpx:TrackPointExtension>
        </extensions>
      </trkpt>
      <trkpt lat="22.543700861119255" lon="114.09736029364385">
        <ele>13.21363387349993</ele>
        <time>1970-01-01T00:25:10.300000Z</time>
        <extensions>
          <gpxtpx:TrackPointExtension>
            <gpxtpx:hr>151</gpxtpx:hr>
          </gpxtpx:TrackPointExtension>
        </extensions>
      </trkpt>
      <trkpt lat="22.543705436881567" lon="114.09738589518467">
        <ele>13.34054986666888</ele>
        <time>1970-01-01T00:25:11.300000Z</time>
        <extensions>
          <gpxtpx:TrackPointExtension>
            <gpxtpx:hr>151</gpxtpx:hr>
          </gpxtpx:TrackPointExtension>
        </extensions>
      </trkpt>
      <trkpt lat="22.54371034544046" lon="114.09741247964189">
        <ele>13.438028363510966</ele>
        <time>1970-01-01T00:25:12.300000Z</time>
        <extensions>
          <gpxtpx:TrackPointExtension>
            <gpxtpx:hr>153</gpxtpx:hr>
          </gpxtpx:TrackPointExtension>
        </extensions>
      </trkpt>
      <trkpt lat="22.54371523392566" lon="114.0974402406434">
        <ele>13.5729129454121</ele>
        <time>1970-01-01T00:25:13.300000Z</time>
        <extensions>
          <gpxtpx:TrackPointExtension>
            <gpxtpx:hr>153</gpxtpx:hr>
          </gpxtpx:TrackPointExtension>
        </extensions>
      </trkpt>
      <trkpt lat="22.543719612114536" lon="114.09746803364229">
        <ele>13.68845510482788</ele>
        <time>1970-01-01T00:25:14.300000Z</time>
        <extensions>
          <gpxtpx:TrackPointExtension>
            <gpxtpx:hr>153</gpxtpx:hr>
          </gpxtpx:TrackPointExtension>
        </extensions>
      </trkpt>
      <trkpt lat="22.543722864320745" lon="114.09749483439784">
        <ele>13.760457895696163</ele>
        <time>1970-01-01T00:25:15.300000Z</time>
        <extensions>
          <gpxtpx:TrackPointExtension>
            <gpxtpx:hr>153</gpxtpx:hr>
          </gpxtpx:TrackPointExtension>
        </extensions>
      </trkpt>
      <trkpt lat="22.543724770786692" lon="114.09751977434203">
        <ele>13.846077791415155</ele>
        <time>1970-01-01T00:25:16.300000Z</time>
        <extensions>
          <gpxtpx:TrackPointExtension>
            <gpxtpx:hr>153</gpxtpx:hr>
          </gpxtpx:TrackPointExtension>
        </extensions>
      </trkpt>
      <trkpt lat="22.543725889748625" lon="114.09754298201199">
        <ele>13.893696048296988</ele>
        <time>1970-01-01T00:25:17.300000Z</time>
        <extensions>
          <gpxtpx:TrackPointExtension>
            <gpxtpx:hr>153</gpxtpx:hr>
          </gpxtpx:TrackPointExtension>
        </extensions>
      </trkpt>
      <trkpt lat="22.54372642086463" lon="114.09756530757207">
        <ele>13.94777044467628</ele>
        <time>1970-01-01T00:25:18.300000Z</time>
        <extensions>
          <gpxtpx:TrackPointExtension>
            <gpxtpx:hr>153</gpxtpx:hr>
          </gpxtpx:TrackPointExtension>
        </extensions>
      </trkpt>
      <trkpt lat="22.543725854304068" lon="114.0975879925114">
        <ele>14.030114712193608</ele>
        <time>1970-01-01T00:25:19.300000Z</time>
        <extensions>
          <gpxtpx:TrackPointExtension>
            <gpxtpx:hr>153</gpxtpx:hr>
          </gpxtpx:TrackPointExtension>
        </extensions>
      </trkpt>
      <trkpt lat="22.543724154031047" lon="114.09761170656687">
        <ele>14.135205263271928</ele>
        <time>1970-01-01T00:25:20.300000Z</time>
        <extensions>
          <gpxtpx:TrackPointExtension>
            <gpxtpx:hr>153</gpxtpx:hr>
          </gpxtpx:TrackPointExtension>
        </extensions>
      </trkpt>
      <trkpt lat="22.54372215490268" lon="114.09763568925482">
        <ele>14.280885335989296</ele>
        <time>1970-01-01T00:25:21.300000Z</time>
        <extensions>
          <gpxtpx:TrackPointExtension>
            <gpxtpx:hr>153</gpxtpx:hr>
          </gpxtpx:TrackPointExtension>
        </extensions>
      </trkpt>
      <trkpt lat="22.543720987254225" lon="114.09765897159197">
        <ele>14.470564647577703</ele>
        <time>1970-01-01T00:25:22.300000Z</time>
        <extensions>
          <gpxtpx:TrackPointExtension>
            <gpxtpx:hr>153</gpxtpx:hr>
          </gpxtpx:TrackPointExtension>
        </extensions>
      </trkpt>
      <trkpt lat="22.543723380891233" lon="114.0976834641922">
        <ele>14.686651377938688</ele>
        <time>1970-01-01T00:25:23.300000Z</time>
        <extensions>
          <gpxtpx:TrackPointExtension>
            <gpxtpx:hr>153</gpxtpx:hr>
          </gpxtpx:TrackPointExtension>
        </extensions>
      </trkpt>
      <trkpt lat="22.543729808181315" lon="114.09771029332694">
        <ele>14.971019321121275</ele>
        <time>1970-01-01T00:25:24.300000Z</time>
        <extensions>
          <gpxtpx:TrackPointExtension>
            <gpxtpx:hr>152</gpxtpx:hr>
          </gpxtpx:TrackPointExtension>
        </extensions>
      </trkpt>
      <trkpt lat="22.54373744978988" lon="114.0977371966616">
        <ele>15.281385661102831</ele>
        <time>1970-01-01T00:25:25.300000Z</time>
        <extensions>
          <gpxtpx:TrackPointExtension>
            <gpxtpx:hr>152</gpxtpx:hr>
          </gpxtpx:TrackPointExtension>
        </extensions>
      </trkpt>
      <trkpt lat="22.543745939522886" lon="114.0977639763661">
        <ele>15.61364212539047</ele>
        <time>1970-01-01T00:25:26.300000Z</time>
        <extensions>
          <gpxtpx:TrackPointExtension>
            <gpxtpx:hr>152</gpxtpx:hr>
          </gpxtpx:TrackPointExtension>
        </extensions>
      </trkpt>
      <trkpt lat="22.543755550630266" lon="114.09779146376711">
        <ele>15.98572873044759</ele>
        <time>1970-01-01T00:25:27.300000Z</time>
        <extensions>
          <gpxtpx:TrackPointExtension>
            <gpxtpx:hr>152</gpxtpx:hr>
          </gpxtpx:TrackPointExtension>
        </extensions>
      </trkpt>
      <trkpt lat="22.543765423946628" lon="114.09782026062935">
        <ele>16.357367228716612</ele>
        <time>1970-01-01T00:25:28.300000Z</time>
        <extensions>
          <gpxtpx:TrackPointExtension>
            <gpxtpx:hr>152</gpxtpx:hr>
          </gpxtpx:TrackPointExtension>
        </extensions>
      </trkpt>
      <trkpt lat="22.543774990782914" lon="114.0978500816501">
        <ele>16.737009279429913</ele>
        <time>1970-01-01T00:25:29.300000Z</time>
        <extensions>
          <gpxtpx:TrackPointExtension>
            <gpxtpx:hr>150</gpxtpx:hr>
          </gpxtpx:TrackPointExtension>
        </extensions>
      </trkpt>
      <trkpt lat="22.543783311498313" lon="114.09788017143211">
        <ele>17.131956490688026</ele>
        <time>1970-01-01T00:25:30.300000Z</time>
        <extensions>
          <gpxtpx:TrackPointExtension>
            <gpxtpx:hr>150</gpxtpx:hr>
          </gpxtpx:TrackPointExtension>
        </extensions>
      </trkpt>
      <trkpt lat="22.543789447091875" lon="114.09791055407722">
        <ele>17.54068141616881</ele>
        <time>1970-01-01T00:25:31.300000Z</time>
        <extensions>
          <gpxtpx:TrackPointExtension>
            <gpxtpx:hr>150</gpxtpx:hr>
          </gpxtpx:TrackPointExtension>
        </extensions>
      </trkpt>
      <trkpt lat="22.543793553280164" lon="114.0979412130637">
        <ele>17.950832993723452</ele>
        <time>1970-01-01T00:25:32.300000Z</time>
        <extensions>
          <gpxtpx:TrackPointExtension>
            <gpxtpx:hr>150</gpxtpx:hr>
          </gpxtpx:TrackPointExtension>
        </extensions>
      </trkpt>
      <trkpt lat="22.54379590094854" lon="114.09797192434341">
        <ele>18.353742754086852</ele>
        <time>1970-01-01T00:25:33.300000Z</time>
        <extensions>
          <gpxtpx:TrackPointExtension>
            <gpxtpx:hr>150</gpxtpx:hr>
          </gpxtpx:TrackPointExtension>
        </extensions>
      </trkpt>
      <trkpt lat="22.54379661921944" lon="114.09800331284272">
        <ele>18.721906658262014</ele>
        <time>1970-01-01T00:25:34.300000Z</time>
        <extensions>
          <gpxtpx:TrackPointExtension>
            <gpxtpx:hr>150</gpxtpx:hr>
          </gpxtpx:TrackPointExtension>
        </extensions>
      </trkpt>
      <trkpt lat="22.54379559343418" lon="114.09803507100554">
        <ele>19.045459433458745</ele>
        <time>1970-01-01T00:25:35.300000Z</time>
        <extensions>
          <gpxtpx:TrackPointExtension>
            <gpxtpx:hr>150</gpxtpx:hr>
          </gpxtpx:TrackPointExtension>
        </extensions>
      </trkpt>
      <trkpt lat="22.543792436545782" lon="114.09806662845887">
        <ele>19.333330721594393</ele>
        <time>1970-01-01T00:25:36.300000Z</time>
        <extensions>
          <gpxtpx:TrackPointExtension>
            <gpxtpx:hr>151</gpxtpx:hr>
          </gpxtpx:TrackPointExtension>
        </extensions>
      </trkpt>
      <trkpt lat="22.543787266872563" lon="114.09809707175474">
        <ele>19.599934810772538</ele>
        <time>1970-01-01T00:25:37.300000Z</time>
        <extensions>
          <gpxtpx:TrackPointExtension>
            <gpxtpx:hr>151</gpxtpx:hr>
          </gpxtpx:TrackPointExtension>
        </extensions>
      </trkpt>
      <trkpt lat="22.54378109692952" lon="114.09812551862862">
        <ele>19.863032278604805</ele>
        <time>1970-01-01T00:25:38.300000Z</time>
        <extensions>
          <gpxtpx:TrackPointExtension>
            <gpxtpx:hr>151</gpxtpx:hr>
          </gpxtpx:TrackPointExtension>
        </extensions>
      </trkpt>
      <trkpt lat="22.54377491528027" lon="114.09815214748313">
        <ele>20.068250103853643</ele>
        <time>1970-01-01T00:25:39.300000Z</time>
        <extensions>
          <gpxtpx:TrackPointExtension>
            <gpxtpx:hr>151</gpxtpx:hr>
          </gpxtpx:TrackPointExtension>
        </extensions>
      </trkpt>
      <trkpt lat="22.543768982207187" lon="114.0981777296933">
        <ele>20.187650503590703</ele>
        <time>1970-01-01T00:25:40.300000Z</time>
        <extensions>
          <gpxtpx:TrackPointExtension>
            <gpxtpx:hr>151</gpxtpx:hr>
          </gpxtpx:TrackPointExtension>
        </extensions>
      </trkpt>
      <trkpt lat="22.543763906534895" lon="114.09820324386283">
        <ele>20.25008577760309</ele>
        <time>1970-01-01T00:25:41.300000Z</time>
        <extensions>
          <gpxtpx:TrackPointExtension>
            <gpxtpx:hr>151</gpxtpx:hr>
          </gpxtpx:TrackPointExtension>
        </extensions>
      </trkpt>
      <trkpt lat="22.543759999381276" lon="114.09822948506041">
        <ele>20.255594672635198</ele>
        <time>1970-01-01T00:25:42.300000Z</time>
        <extensions>
          <gpxtpx:TrackPointExtension>
            <gpxtpx:hr>151</gpxtpx:hr>
          </gpxtpx:TrackPointExtension>
        </extensions>
      </trkpt>
      <trkpt lat="22.543757052922306" lon="114.0982563205299">
        <ele>20.20357984304428</ele>
        <time>1970-01-01T00:25:43.300000Z</time>
        <extensions>
          <gpxtpx:TrackPointExtension>
            <gpxtpx:hr>151</gpxtpx:hr>
          </gpxtpx:TrackPointExtension>
        </extensions>
      </trkpt>
      <trkpt lat="22.54375408465745" lon="114.09828265431243">
        <ele>20.017615110613406</ele>
        <time>1970-01-01T00:25:44.300000Z</time>
        <extensions>
          <gpxtpx:TrackPointExtension>
            <gpxtpx:hr>151</gpxtpx:hr>
          </gpxtpx:TrackPointExtension>
        </extensions>
      </trkpt>
      <trkpt lat="22.54374966419065" lon="114.09830793422671">
        <ele>19.75812466442585</ele>
        <time>1970-01-01T00:25:45.300000Z</time>
        <extensions>
          <gpxtpx:TrackPointExtension>
            <gpxtpx:hr>152</gpxtpx:hr>
          </gpxtpx:TrackPointExtension>
        </extensions>
      </trkpt>
      <trkpt lat="22.543743452688826" lon="114.0983328392">
        <ele>19.431742129847407</ele>
        <time>1970-01-01T00:25:46.300000Z</time>
        <extensions>
          <gpxtpx:TrackPointExtension>
            <gpxtpx:hr>152</gpxtpx:hr>
          </gpxtpx:TrackPointExtension>
        </extensions>
      </trkpt>
      <trkpt lat="22.54373611131425" lon="114.09835834653349">
        <ele>19.070986018516123</ele>
        <time>1970-01-01T00:25:47.300000Z</time>
        <extensions>
          <gpxtpx:TrackPointExtension>
            <gpxtpx:hr>152</gpxtpx:hr>
          </gpxtpx:TrackPointExtension>
        </extensions>
      </trkpt>
      <trkpt lat="22.543729157858888" lon="114.09838403419451">
        <ele>18.62414051964879</ele>
        <time>1970-01-01T00:25:48.300000Z</time>
        <extensions>
          <gpxtpx:TrackPointExtension>
            <gpxtpx:hr>152</gpxtpx:hr>
          </gpxtpx:TrackPointExtension>
        </extensions>
      </trkpt>
      <trkpt lat="22.543723278190953" lon="114.09840991871874">
        <ele>18.147668540477753</ele>
        <time>1970-01-01T00:25:49.300000Z</time>
        <extensions>
          <gpxtpx:TrackPointExtension>
            <gpxtpx:hr>152</gpxtpx:hr>
          </gpxtpx:TrackPointExtension>
        </extensions>
      </trkpt>
      <trkpt lat="22.543718489454104" lon="114.09843624914461">
        <ele>17.60435287747532</ele>
        <time>1970-01-01T00:25:50.300000Z</time>
        <extensions>
          <gpxtpx:TrackPointExtension>
            <gpxtpx:hr>152</gpxtpx:hr>
          </gpxtpx:TrackPointExtension>
        </extensions>
      </trkpt>
      <trkpt lat="22.543714839368928" lon="114.09846239010442">
        <ele>17.027140728197992</ele>
        <time>1970-01-01T00:25:51.300000Z</time>
        <extensions>
          <gpxtpx:TrackPointExtension>
            <gpxtpx:hr>152</gpxtpx:hr>
          </gpxtpx:TrackPointExtension>
        </extensions>
      </trkpt>
      <trkpt lat="22.54371209313114" lon="114.09848815678359">
        <ele>16.46470324229449</ele>
        <time>1970-01-01T00:25:52.300000Z</time>
        <extensions>
          <gpxtpx:TrackPointExtension>
            <gpxtpx:hr>152</gpxtpx:hr>
          </gpxtpx:TrackPointExtension>
        </extensions>
      </trkpt>
      <trkpt lat="22.543710075824755" lon="114.09851399472909">
        <ele>15.898510972969234</ele>
        <time>1970-01-01T00:25:53.300000Z</time>
        <extensions>
          <gpxtpx:TrackPointExtension>
            <gpxtpx:hr>152</gpxtpx:hr>
          </gpxtpx:TrackPointExtension>
        </extensions>
      </trkpt>
      <trkpt lat="22.543708554434417" lon="114.09854049963971">
        <ele>15.364739390090108</ele>
        <time>1970-01-01T00:25:54.300000Z</time>
        <extensions>
          <gpxtpx:TrackPointExtension>
            <gpxtpx:hr>152</gpxtpx:hr>
          </gpxtpx:TrackPointExtension>
        </extensions>
      </trkpt>
      <trkpt lat="22.54370756773067" lon="114.09856790762909">
        <ele>14.847503039985895</ele>
        <time>1970-01-01T00:25:55.300000Z</time>
        <extensions>
          <gpxtpx:TrackPointExtension>
            <gpxtpx:hr>152</gpxtpx:hr>
          </gpxtpx:TrackPointExtension>
        </extensions>
      </trkpt>
      <trkpt lat="22.543707314828414" lon="114.09859609693319">
        <ele>14.356031817384064</ele>
        <time>1970-01-01T00:25:56.300000Z</time>
        <extensions>
          <gpxtpx:TrackPointExtension>
            <gpxtpx:hr>152</gpxtpx:hr>
          </gpxtpx:TrackPointExtension>
        </extensions>
      </trkpt>
      <trkpt lat="22.54370816149236" lon="114.09862461690624">
        <ele>13.907176014967263</ele>
        <time>1970-01-01T00:25:57.300000Z</time>
        <extensions>
          <gpxtpx:TrackPointExtension>
            <gpxtpx:hr>152</gpxtpx:hr>
          </gpxtpx:TrackPointExtension>
        </extensions>
      </trkpt>
      <trkpt lat="22.543710574961004" lon="114.09865339679389">
        <ele>13.500387108884752</ele>
        <time>1970-01-01T00:25:58.300000Z</time>
        <extensions>
          <gpxtpx:TrackPointExtension>
            <gpxtpx:hr>152</gpxtpx:hr>
          </gpxtpx:TrackPointExtension>
        </extensions>
      </trkpt>
      <trkpt lat="22.543714287505562" lon="114.09868262410131">
        <ele>13.124241571873426</ele>
        <time>1970-01-01T00:25:59.300000Z</time>
        <extensions>
          <gpxtpx:TrackPointExtension>
            <gpxtpx:hr>150</gpxtpx:hr>
          </gpxtpx:TrackPointExtension>
        </extensions>
      </trkpt>
      <trkpt lat="22.543718706866827" lon="114.09871225996324">
        <ele>12.806659227237105</ele>
        <time>1970-01-01T00:26:00.300000Z</time>
        <extensions>
          <gpxtpx:TrackPointExtension>
            <gpxtpx:hr>150</gpxtpx:hr>
          </gpxtpx:TrackPointExtension>
        </extensions>
      </trkpt>
      <trkpt lat="22.54372295108994" lon="114.09874223030748">
        <ele>12.512050237506628</ele>
        <time>1970-01-01T00:26:01.300000Z</time>
        <extensions>
          <gpxtpx:TrackPointExtension>
            <gpxtpx:hr>150</gpxtpx:hr>
          </gpxtpx:TrackPointExtension>
        </extensions>
      </trkpt>
      <trkpt lat="22.54372691181368" lon="114.09877227699718">
        <ele>12.242126897908747</ele>
        <time>1970-01-01T00:26:02.300000Z</time>
        <extensions>
          <gpxtpx:TrackPointExtension>
            <gpxtpx:hr>150</gpxtpx:hr>
          </gpxtpx:TrackPointExtension>
        </extensions>
      </trkpt>
      <trkpt lat="22.543730603311634" lon="114.09880244156389">
        <ele>11.980317180044949</ele>
        <time>1970-01-01T00:26:03.300000Z</time>
        <extensions>
          <gpxtpx:TrackPointExtension>
            <gpxtpx:hr>150</gpxtpx:hr>
          </gpxtpx:TrackPointExtension>
        </extensions>
      </trkpt>
      <trkpt lat="22.54373370375757" lon="114.0988323379462">
        <ele>11.74145299103111</ele>
        <time>1970-01-01T00:26:04.300000Z</time>
        <extensions>
          <gpxtpx:TrackPointExtension>
            <gpxtpx:hr>151</gpxtpx:hr>
          </gpxtpx:TrackPointExtension>
        </extensions>
      </trkpt>
      <trkpt lat="22.543736305459788" lon="114.09886109187502">
        <ele>11.510245056822896</ele>
        <time>1970-01-01T00:26:05.300000Z</time>
        <extensions>
          <gpxtpx:TrackPointExtension>
            <gpxtpx:hr>151</gpxtpx:hr>
          </gpxtpx:TrackPointExtension>
        </extensions>
      </trkpt>
      <trkpt lat="22.543738669982783" lon="114.0988888227009">
        <ele>11.263621777296066</ele>
        <time>1970-01-01T00:26:06.300000Z</time>
        <extensions>
          <gpxtpx:TrackPointExtension>
            <gpxtpx:hr>151</gpxtpx:hr>
          </gpxtpx:TrackPointExtension>
        </extensions>
      </trkpt>
      <trkpt lat="22.543740898685815" lon="114.0989163024705">
        <ele>11.044045988470316</ele>
        <time>1970-01-01T00:26:07.300000Z</time>
        <extensions>
          <gpxtpx:TrackPointExtension>
            <gpxtpx:hr>151</gpxtpx:hr>
          </gpxtpx:TrackPointExtension>
        </extensions>
      </trkpt>
      <trkpt lat="22.543742735906456" lon="114.0989441566819">
        <ele>10.808867706917226</ele>
        <time>1970-01-01T00:26:08.300000Z</time>
        <extensions>
          <gpxtpx:TrackPointExtension>
            <gpxtpx:hr>151</gpxtpx:hr>
          </gpxtpx:TrackPointExtension>
        </extensions>
      </trkpt>
      <trkpt lat="22.543744041536456" lon="114.09897240280279">
        <ele>10.615216108039021</ele>
        <time>1970-01-01T00:26:09.300000Z</time>
        <extensions>
          <gpxtpx:TrackPointExtension>
            <gpxtpx:hr>151</gpxtpx:hr>
          </gpxtpx:TrackPointExtension>
        </extensions>
      </trkpt>
      <trkpt lat="22.543744838181954" lon="114.09900066720161">
        <ele>10.431720355525613</ele>
        <time>1970-01-01T00:26:10.300000Z</time>
        <extensions>
          <gpxtpx:TrackPointExtension>
            <gpxtpx:hr>151</gpxtpx:hr>
          </gpxtpx:TrackPointExtension>
        </extensions>
      </trkpt>
      <trkpt lat="22.543745464979015" lon="114.09902890590655">
        <ele>10.22630045376718</ele>
        <time>1970-01-01T00:26:11.300000Z</time>
        <extensions>
          <gpxtpx:TrackPointExtension>
            <gpxtpx:hr>151</gpxtpx:hr>
          </gpxtpx:TrackPointExtension>
        </extensions>
      </trkpt>
      <trkpt lat="22.543746139425863" lon="114.09905613299526">
        <ele>10.030176213942468</ele>
        <time>1970-01-01T00:26:12.300000Z</time>
        <extensions>
          <gpxtpx:TrackPointExtension>
            <gpxtpx:hr>151</gpxtpx:hr>
          </gpxtpx:TrackPointExtension>
        </extensions>
      </trkpt>
      <trkpt lat="22.543746780090135" lon="114.09908226626311">
        <ele>9.8707164991647</ele>
        <time>1970-01-01T00:26:13.300000Z</time>
        <extensions>
          <gpxtpx:TrackPointExtension>
            <gpxtpx:hr>151</gpxtpx:hr>
          </gpxtpx:TrackPointExtension>
        </extensions>
      </trkpt>
      <trkpt lat="22.543747902553118" lon="114.09910825960274">
        <ele>9.692816658876836</ele>
        <time>1970-01-01T00:26:14.300000Z</time>
        <extensions>
          <gpxtpx:TrackPointExtension>
            <gpxtpx:hr>151</gpxtpx:hr>
          </gpxtpx:TrackPointExtension>
        </extensions>
      </trkpt>
      <trkpt lat="22.543750289988317" lon="114.09913444902018">
        <ele>9.543621541932225</ele>
        <time>1970-01-01T00:26:15.300000Z</time>
        <extensions>
          <gpxtpx:TrackPointExtension>
            <gpxtpx:hr>151</gpxtpx:hr>
          </gpxtpx:TrackPointExtension>
        </extensions>
      </trkpt>
      <trkpt lat="22.543754430286224" lon="114.099160674312">
        <ele>9.400087003596127</ele>
        <time>1970-01-01T00:26:16.300000Z</time>
        <extensions>
          <gpxtpx:TrackPointExtension>
            <gpxtpx:hr>151</gpxtpx:hr>
          </gpxtpx:TrackPointExtension>
        </extensions>
      </trkpt>
      <trkpt lat="22.543760259933183" lon="114.09918617184331">
        <ele>9.292751089669764</ele>
        <time>1970-01-01T00:26:17.300000Z</time>
        <extensions>
          <gpxtpx:TrackPointExtension>
            <gpxtpx:hr>151</gpxtpx:hr>
          </gpxtpx:TrackPointExtension>
        </extensions>
      </trkpt>
      <trkpt lat="22.543767737173695" lon="114.09921034980852">
        <ele>9.20984054543078</ele>
        <time>1970-01-01T00:26:18.300000Z</time>
        <extensions>
          <gpxtpx:TrackPointExtension>
            <gpxtpx:hr>151</gpxtpx:hr>
          </gpxtpx:TrackPointExtension>
        </extensions>
      </trkpt>
      <trkpt lat="22.54377700862504" lon="114.09923323373866">
        <ele>9.108972147107124</ele>
        <time>1970-01-01T00:26:19.300000Z</time>
        <extensions>
          <gpxtpx:TrackPointExtension>
            <gpxtpx:hr>151</gpxtpx:hr>
          </gpxtpx:TrackPointExtension>
        </extensions>
      </trkpt>
      <trkpt lat="22.54378851587106" lon="114.09925481471595">
        <ele>9.042659375816584</ele>
        <time>1970-01-01T00:26:20.300000Z</time>
        <extensions>
          <gpxtpx:TrackPointExtension>
            <gpxtpx:hr>151</gpxtpx:hr>
          </gpxtpx:TrackPointExtension>
        </extensions>
      </trkpt>
      <trkpt lat="22.543802948600963" lon="114.09927473361911">
        <ele>8.96403438039124</ele>
        <time>1970-01-01T00:26:21.300000Z</time>
        <extensions>
          <gpxtpx:TrackPointExtension>
            <gpxtpx:hr>151</gpxtpx:hr>
          </gpxtpx:TrackPointExtension>
        </extensions>
      </trkpt>
      <trkpt lat="22.543820456822065" lon="114.09929319747387">
        <ele>8.894060257822275</ele>
        <time>1970-01-01T00:26:22.300000Z</time>
        <extensions>
          <gpxtpx:TrackPointExtension>
            <gpxtpx:hr>151</gpxtpx:hr>
          </gpxtpx:TrackPointExtension>
        </extensions>
      </trkpt>
      <trkpt lat="22.543840343079943" lon="114.09931080938435">
        <ele>8.84637666773051</ele>
        <time>1970-01-01T00:26:23.300000Z</time>
        <extensions>
          <gpxtpx:TrackPointExtension>
            <gpxtpx:hr>151</gpxtpx:hr>
          </gpxtpx:TrackPointExtension>
        </extensions>
      </trkpt>
      <trkpt lat="22.543860622754462" lon="114.09932798467834">
        <ele>8.787016712129116</ele>
        <time>1970-01-01T00:26:24.300000Z</time>
        <extensions>
          <gpxtpx:TrackPointExtension>
            <gpxtpx:hr>151</gpxtpx:hr>
          </gpxtpx:TrackPointExtension>
        </extensions>
      </trkpt>
      <trkpt lat="22.54388038100529" lon="114.0993447035359">
        <ele>8.752333480864763</ele>
        <time>1970-01-01T00:26:25.300000Z</time>
        <extensions>
          <gpxtpx:TrackPointExtension>
            <gpxtpx:hr>151</gpxtpx:hr>
          </gpxtpx:TrackPointExtension>
        </extensions>
      </trkpt>
      <trkpt lat="22.54390074650306" lon="114.0993606055576">
        <ele>8.722557892091572</ele>
        <time>1970-01-01T00:26:26.300000Z</time>
        <extensions>
          <gpxtpx:TrackPointExtension>
            <gpxtpx:hr>151</gpxtpx:hr>
          </gpxtpx:TrackPointExtension>
        </extensions>
      </trkpt>
      <trkpt lat="22.543922776698494" lon="114.09937489628606">
        <ele>8.675107472576201</ele>
        <time>1970-01-01T00:26:27.300000Z</time>
        <extensions>
          <gpxtpx:TrackPointExtension>
            <gpxtpx:hr>151</gpxtpx:hr>
          </gpxtpx:TrackPointExtension>
        </extensions>
      </trkpt>
      <trkpt lat="22.543946459419757" lon="114.09938660054883">
        <ele>8.613678350113332</ele>
        <time>1970-01-01T00:26:28.300000Z</time>
        <extensions>
          <gpxtpx:TrackPointExtension>
            <gpxtpx:hr>151</gpxtpx:hr>
          </gpxtpx:TrackPointExtension>
        </extensions>
      </trkpt>
      <trkpt lat="22.543971048450306" lon="114.0993957260667">
        <ele>8.544334259815514</ele>
        <time>1970-01-01T00:26:29.300000Z</time>
        <extensions>
          <gpxtpx:TrackPointExtension>
            <gpxtpx:hr>151</gpxtpx:hr>
          </gpxtpx:TrackPointExtension>
        </extensions>
      </trkpt>
      <trkpt lat="22.54399589297687" lon="114.09940299337408">
        <ele>8.502430280670524</ele>
        <time>1970-01-01T00:26:30.300000Z</time>
        <extensions>
          <gpxtpx:TrackPointExtension>
            <gpxtpx:hr>151</gpxtpx:hr>
          </gpxtpx:TrackPointExtension>
        </extensions>
      </trkpt>
      <trkpt lat="22.54402051258027" lon="114.09940865400749">
        <ele>8.441713371314108</ele>
        <time>1970-01-01T00:26:31.300000Z</time>
        <extensions>
          <gpxtpx:TrackPointExtension>
            <gpxtpx:hr>150</gpxtpx:hr>
          </gpxtpx:TrackPointExtension>
        </extensions>
      </trkpt>
      <trkpt lat="22.544045053360897" lon="114.09941255399289">
        <ele>8.401302697136998</ele>
        <time>1970-01-01T00:26:32.300000Z</time>
        <extensions>
          <gpxtpx:TrackPointExtension>
            <gpxtpx:hr>150</gpxtpx:hr>
          </gpxtpx:TrackPointExtension>
        </extensions>
      </trkpt>
      <trkpt lat="22.544069432719237" lon="114.09941539323117">
        <ele>8.363855443894863</ele>
        <time>1970-01-01T00:26:33.300000Z</time>
        <extensions>
          <gpxtpx:TrackPointExtension>
            <gpxtpx:hr>150</gpxtpx:hr>
          </gpxtpx:TrackPointExtension>
        </extensions>
      </trkpt>
      <trkpt lat="22.5440932916574" lon="114.09941742264138">
        <ele>8.347951022908092</ele>
        <time>1970-01-01T00:26:34.300000Z</time>
        <extensions>
          <gpxtpx:TrackPointExtension>
            <gpxtpx:hr>150</gpxtpx:hr>
          </gpxtpx:TrackPointExtension>
        </extensions>
      </trkpt>
      <trkpt lat="22.544116226752834" lon="114.0994176964476">
        <ele>8.349703449755907</ele>
        <time>1970-01-01T00:26:35.300000Z</time>
        <extensions>
          <gpxtpx:TrackPointExtension>
            <gpxtpx:hr>150</gpxtpx:hr>
          </gpxtpx:TrackPointExtension>
        </extensions>
      </trkpt>
      <trkpt lat="22.544139036391464" lon="114.09941627149193">
        <ele>8.321664159186184</ele>
        <time>1970-01-01T00:26:36.300000Z</time>
        <extensions>
          <gpxtpx:TrackPointExtension>
            <gpxtpx:hr>150</gpxtpx:hr>
          </gpxtpx:TrackPointExtension>
        </extensions>
      </trkpt>
      <trkpt lat="22.544161959437975" lon="114.09941409202882">
        <ele>8.300697882659733</ele>
        <time>1970-01-01T00:26:37.300000Z</time>
        <extensions>
          <gpxtpx:TrackPointExtension>
            <gpxtpx:hr>150</gpxtpx:hr>
          </gpxtpx:TrackPointExtension>
        </extensions>
      </trkpt>
      <trkpt lat="22.544183644974744" lon="114.09941210666067">
        <ele>8.28819021768868</ele>
        <time>1970-01-01T00:26:38.300000Z</time>
        <extensions>
          <gpxtpx:TrackPointExtension>
            <gpxtpx:hr>150</gpxtpx:hr>
          </gpxtpx:TrackPointExtension>
        </extensions>
      </trkpt>
      <trkpt lat="22.544204494590897" lon="114.09941107849579">
        <ele>8.25921207293868</ele>
        <time>1970-01-01T00:26:39.300000Z</time>
        <extensions>
          <gpxtpx:TrackPointExtension>
            <gpxtpx:hr>150</gpxtpx:hr>
          </gpxtpx:TrackPointExtension>
        </extensions>
      </trkpt>
      <trkpt lat="22.544225711775315" lon="114.09941049274192">
        <ele>8.26854925788939</ele>
        <time>1970-01-01T00:26:40.300000Z</time>
        <extensions>
          <gpxtpx:TrackPointExtension>
            <gpxtpx:hr>150</gpxtpx:hr>
          </gpxtpx:TrackPointExtension>
        </extensions>
      </trkpt>
      <trkpt lat="22.544247669854414" lon="114.09940984635182">
        <ele>8.284564279951155</ele>
        <time>1970-01-01T00:26:41.300000Z</time>
        <extensions>
          <gpxtpx:TrackPointExtension>
            <gpxtpx:hr>150</gpxtpx:hr>
          </gpxtpx:TrackPointExtension>
        </extensions>
      </trkpt>
      <trkpt lat="22.544269854227373" lon="114.09940993924435">
        <ele>8.301969059742987</ele>
        <time>1970-01-01T00:26:42.300000Z</time>
        <extensions>
          <gpxtpx:TrackPointExtension>
            <gpxtpx:hr>150</gpxtpx:hr>
          </gpxtpx:TrackPointExtension>
        </extensions>
      </trkpt>
      <trkpt lat="22.544291493596365" lon="114.09941087770011">
        <ele>8.325685610063374</ele>
        <time>1970-01-01T00:26:43.300000Z</time>
        <extensions>
          <gpxtpx:TrackPointExtension>
            <gpxtpx:hr>150</gpxtpx:hr>
          </gpxtpx:TrackPointExtension>
        </extensions>
      </trkpt>
      <trkpt lat="22.54431253236565" lon="114.09941103261035">
        <ele>8.34827920794487</ele>
        <time>1970-01-01T00:26:44.300000Z</time>
        <extensions>
          <gpxtpx:TrackPointExtension>
            <gpxtpx:hr>150</gpxtpx:hr>
          </gpxtpx:TrackPointExtension>
        </extensions>
      </trkpt>
      <trkpt lat="22.544333647592723" lon="114.09940951575003">
        <ele>8.356363838538527</ele>
        <time>1970-01-01T00:26:45.300000Z</time>
        <extensions>
          <gpxtpx:TrackPointExtension>
            <gpxtpx:hr>150</gpxtpx:hr>
          </gpxtpx:TrackPointExtension>
        </extensions>
      </trkpt>
      <trkpt lat="22.54435536957033" lon="114.09940643217742">
        <ele>8.35629906784743</ele>
        <time>1970-01-01T00:26:46.300000Z</time>
        <extensions>
          <gpxtpx:TrackPointExtension>
            <gpxtpx:hr>150</gpxtpx:hr>
          </gpxtpx:TrackPointExtension>
        </extensions>
      </trkpt>
      <trkpt lat="22.544377805944222" lon="114.09940162125298">
        <ele>8.339157177135348</ele>
        <time>1970-01-01T00:26:47.300000Z</time>
        <extensions>
          <gpxtpx:TrackPointExtension>
            <gpxtpx:hr>150</gpxtpx:hr>
          </gpxtpx:TrackPointExtension>
        </extensions>
      </trkpt>
      <trkpt lat="22.54440122223066" lon="114.0993957767466">
        <ele>8.337377255782485</ele>
        <time>1970-01-01T00:26:48.300000Z</time>
        <extensions>
          <gpxtpx:TrackPointExtension>
            <gpxtpx:hr>150</gpxtpx:hr>
          </gpxtpx:TrackPointExtension>
        </extensions>
      </trkpt>
      <trkpt lat="22.544425683867217" lon="114.09939041961599">
        <ele>8.33456758968532</ele>
        <time>1970-01-01T00:26:49.300000Z</time>
        <extensions>
          <gpxtpx:TrackPointExtension>
            <gpxtpx:hr>150</gpxtpx:hr>
          </gpxtpx:TrackPointExtension>
        </extensions>
      </trkpt>
      <trkpt lat="22.544451076080957" lon="114.09938639310369">
        <ele>8.323637083172798</ele>
        <time>1970-01-01T00:26:50.300000Z</time>
        <extensions>
          <gpxtpx:TrackPointExtension>
            <gpxtpx:hr>151</gpxtpx:hr>
          </gpxtpx:TrackPointExtension>
        </extensions>
      </trkpt>
      <trkpt lat="22.544476364365746" lon="114.09938385703319">
        <ele>8.301683354191482</ele>
        <time>1970-01-01T00:26:51.300000Z</time>
        <extensions>
          <gpxtpx:TrackPointExtension>
            <gpxtpx:hr>151</gpxtpx:hr>
          </gpxtpx:TrackPointExtension>
        </extensions>
      </trkpt>
      <trkpt lat="22.544501421593758" lon="114.09938241660556">
        <ele>8.265429707244039</ele>
        <time>1970-01-01T00:26:52.300000Z</time>
        <extensions>
          <gpxtpx:TrackPointExtension>
            <gpxtpx:hr>151</gpxtpx:hr>
          </gpxtpx:TrackPointExtension>
        </extensions>
      </trkpt>
      <trkpt lat="22.544526858389343" lon="114.09938171374176">
        <ele>8.227295480668545</ele>
        <time>1970-01-01T00:26:53.300000Z</time>
        <extensions>
          <gpxtpx:TrackPointExtension>
            <gpxtpx:hr>151</gpxtpx:hr>
          </gpxtpx:TrackPointExtension>
        </extensions>
      </trkpt>
      <trkpt lat="22.54455222937385" lon="114.09938188074483">
        <ele>8.18577526230365</ele>
        <time>1970-01-01T00:26:54.300000Z</time>
        <extensions>
          <gpxtpx:TrackPointExtension>
            <gpxtpx:hr>151</gpxtpx:hr>
          </gpxtpx:TrackPointExtension>
        </extensions>
      </trkpt>
      <trkpt lat="22.544576987842394" lon="114.09938245008301">
        <ele>8.128943665884435</ele>
        <time>1970-01-01T00:26:55.300000Z</time>
        <extensions>
          <gpxtpx:TrackPointExtension>
            <gpxtpx:hr>152</gpxtpx:hr>
          </gpxtpx:TrackPointExtension>
        </extensions>
      </trkpt>
      <trkpt lat="22.544600629426203" lon="114.09938200486864">
        <ele>8.071392722427845</ele>
        <time>1970-01-01T00:26:56.300000Z</time>
        <extensions>
          <gpxtpx:TrackPointExtension>
            <gpxtpx:hr>152</gpxtpx:hr>
          </gpxtpx:TrackPointExtension>
        </extensions>
      </trkpt>
      <trkpt lat="22.544622514407482" lon="114.09937982630233">
        <ele>8.010228604078293</ele>
        <time>1970-01-01T00:26:57.300000Z</time>
        <extensions>
          <gpxtpx:TrackPointExtension>
            <gpxtpx:hr>152</gpxtpx:hr>
          </gpxtpx:TrackPointExtension>
        </extensions>
      </trkpt>
      <trkpt lat="22.544641601463322" lon="114.09937660379204">
        <ele>7.940660413354635</ele>
        <time>1970-01-01T00:26:58.300000Z</time>
        <extensions>
          <gpxtpx:TrackPointExtension>
            <gpxtpx:hr>152</gpxtpx:hr>
          </gpxtpx:TrackPointExtension>
        </extensions>
      </trkpt>
      <trkpt lat="22.544657287673424" lon="114.09937362856688">
        <ele>7.865846938453615</ele>
        <time>1970-01-01T00:26:59.300000Z</time>
        <extensions>
          <gpxtpx:TrackPointExtension>
            <gpxtpx:hr>152</gpxtpx:hr>
          </gpxtpx:TrackPointExtension>
        </extensions>
      </trkpt>
      <trkpt lat="22.544670363360222" lon="114.09937169822724">
        <ele>7.818748380057514</ele>
        <time>1970-01-01T00:27:00.300000Z</time>
        <extensions>
          <gpxtpx:TrackPointExtension>
            <gpxtpx:hr>152</gpxtpx:hr>
          </gpxtpx:TrackPointExtension>
        </extensions>
      </trkpt>
      <trkpt lat="22.54468254721721" lon="114.09937087085703">
        <ele>7.781754477880895</ele>
        <time>1970-01-01T00:27:01.300000Z</time>
        <extensions>
          <gpxtpx:TrackPointExtension>
            <gpxtpx:hr>151</gpxtpx:hr>
          </gpxtpx:TrackPointExtension>
        </extensions>
      </trkpt>
      <trkpt lat="22.544695407770693" lon="114.09936952361365">
        <ele>7.7665276769548655</ele>
        <time>1970-01-01T00:27:02.300000Z</time>
        <extensions>
          <gpxtpx:TrackPointExtension>
            <gpxtpx:hr>151</gpxtpx:hr>
          </gpxtpx:TrackPointExtension>
        </extensions>
      </trkpt>
      <trkpt lat="22.54470796058766" lon="114.09936614868325">
        <ele>7.750100800767541</ele>
        <time>1970-01-01T00:27:03.300000Z</time>
        <extensions>
          <gpxtpx:TrackPointExtension>
            <gpxtpx:hr>151</gpxtpx:hr>
          </gpxtpx:TrackPointExtension>
        </extensions>
      </trkpt>
      <trkpt lat="22.544718256550173" lon="114.09936103197357">
        <ele>7.737632056698203</ele>
        <time>1970-01-01T00:27:04.300000Z</time>
        <extensions>
          <gpxtpx:TrackPointExtension>
            <gpxtpx:hr>151</gpxtpx:hr>
          </gpxtpx:TrackPointExtension>
        </extensions>
      </trkpt>
      <trkpt lat="22.54472617116533" lon="114.0993554281442">
        <ele>7.7394242053851485</ele>
        <time>1970-01-01T00:27:05.300000Z</time>
        <extensions>
          <gpxtpx:TrackPointExtension>
            <gpxtpx:hr>151</gpxtpx:hr>
          </gpxtpx:TrackPointExtension>
        </extensions>
      </trkpt>
      <trkpt lat="22.544732224694027" lon="114.09934939887017">
        <ele>7.719980197958648</ele>
        <time>1970-01-01T00:27:06.300000Z</time>
        <extensions>
          <gpxtpx:TrackPointExtension>
            <gpxtpx:hr>151</gpxtpx:hr>
          </gpxtpx:TrackPointExtension>
        </extensions>
      </trkpt>
      <trkpt lat="22.544737164408915" lon="114.09934102125129">
        <ele>7.724428293295205</ele>
        <time>1970-01-01T00:27:07.300000Z</time>
        <extensions>
          <gpxtpx:TrackPointExtension>
            <gpxtpx:hr>151</gpxtpx:hr>
          </gpxtpx:TrackPointExtension>
        </extensions>
      </trkpt>
      <trkpt lat="22.544742998822837" lon="114.09932767820528">
        <ele>7.722384801134467</ele>
        <time>1970-01-01T00:27:08.300000Z</time>
        <extensions>
          <gpxtpx:TrackPointExtension>
            <gpxtpx:hr>151</gpxtpx:hr>
          </gpxtpx:TrackPointExtension>
        </extensions>
      </trkpt>
      <trkpt lat="22.54475283914277" lon="114.09930801984245">
        <ele>7.7188315046951175</ele>
        <time>1970-01-01T00:27:09.300000Z</time>
        <extensions>
          <gpxtpx:TrackPointExtension>
            <gpxtpx:hr>150</gpxtpx:hr>
          </gpxtpx:TrackPointExtension>
        </extensions>
      </trkpt>
      <trkpt lat="22.54476863182307" lon="114.09928544232103">
        <ele>7.722443508915603</ele>
        <time>1970-01-01T00:27:10.300000Z</time>
        <extensions>
          <gpxtpx:TrackPointExtension>
            <gpxtpx:hr>150</gpxtpx:hr>
          </gpxtpx:TrackPointExtension>
        </extensions>
      </trkpt>
      <trkpt lat="22.544789433377733" lon="114.0992659452236">
        <ele>7.726368731819093</ele>
        <time>1970-01-01T00:27:11.300000Z</time>
        <extensions>
          <gpxtpx:TrackPointExtension>
            <gpxtpx:hr>150</gpxtpx:hr>
          </gpxtpx:TrackPointExtension>
        </extensions>
      </trkpt>
      <trkpt lat="22.544812256999265" lon="114.099251527512">
        <ele>7.7437193263322115</ele>
        <time>1970-01-01T00:27:12.300000Z</time>
        <extensions>
          <gpxtpx:TrackPointExtension>
            <gpxtpx:hr>150</gpxtpx:hr>
          </gpxtpx:TrackPointExtension>
        </extensions>
      </trkpt>
      <trkpt lat="22.544834530390546" lon="114.09924068141268">
        <ele>7.748063869774342</ele>
        <time>1970-01-01T00:27:13.300000Z</time>
        <extensions>
          <gpxtpx:TrackPointExtension>
            <gpxtpx:hr>150</gpxtpx:hr>
          </gpxtpx:TrackPointExtension>
        </extensions>
      </trkpt>
      <trkpt lat="22.544855393156517" lon="114.09923130386368">
        <ele>7.759403912350535</ele>
        <time>1970-01-01T00:27:14.300000Z</time>
        <extensions>
          <gpxtpx:TrackPointExtension>
            <gpxtpx:hr>150</gpxtpx:hr>
          </gpxtpx:TrackPointExtension>
        </extensions>
      </trkpt>
      <trkpt lat="22.544876318455746" lon="114.09922232088462">
        <ele>7.77803064044565</ele>
        <time>1970-01-01T00:27:15.300000Z</time>
        <extensions>
          <gpxtpx:TrackPointExtension>
            <gpxtpx:hr>150</gpxtpx:hr>
          </gpxtpx:TrackPointExtension>
        </extensions>
      </trkpt>
      <trkpt lat="22.544898559899977" lon="114.09921395777293">
        <ele>7.804145627655089</ele>
        <time>1970-01-01T00:27:16.300000Z</time>
        <extensions>
          <gpxtpx:TrackPointExtension>
            <gpxtpx:hr>150</gpxtpx:hr>
          </gpxtpx:TrackPointExtension>
        </extensions>
      </trkpt>
      <trkpt lat="22.544921894081106" lon="114.09920633820074">
        <ele>7.838346336968243</ele>
        <time>1970-01-01T00:27:17.300000Z</time>
        <extensions>
          <gpxtpx:TrackPointExtension>
            <gpxtpx:hr>150</gpxtpx:hr>
          </gpxtpx:TrackPointExtension>
        </extensions>
      </trkpt>
      <trkpt lat="22.544945715232412" lon="114.09919963209002">
        <ele>7.88225469365716</ele>
        <time>1970-01-01T00:27:18.300000Z</time>
        <extensions>
          <gpxtpx:TrackPointExtension>
            <gpxtpx:hr>150</gpxtpx:hr>
          </gpxtpx:TrackPointExtension>
        </extensions>
      </trkpt>
      <trkpt lat="22.5449698458845" lon="114.09919358423414">
        <ele>7.925825192593038</ele>
        <time>1970-01-01T00:27:19.300000Z</time>
        <extensions>
          <gpxtpx:TrackPointExtension>
            <gpxtpx:hr>150</gpxtpx:hr>
          </gpxtpx:TrackPointExtension>
        </extensions>
      </trkpt>
      <trkpt lat="22.544994423157853" lon="114.09918761308913">
        <ele>7.985266794450581</ele>
        <time>1970-01-01T00:27:20.300000Z</time>
        <extensions>
          <gpxtpx:TrackPointExtension>
            <gpxtpx:hr>150</gpxtpx:hr>
          </gpxtpx:TrackPointExtension>
        </extensions>
      </trkpt>
      <trkpt lat="22.545019067742324" lon="114.0991821641509">
        <ele>8.058133176527917</ele>
        <time>1970-01-01T00:27:21.300000Z</time>
        <extensions>
          <gpxtpx:TrackPointExtension>
            <gpxtpx:hr>149</gpxtpx:hr>
          </gpxtpx:TrackPointExtension>
        </extensions>
      </trkpt>
      <trkpt lat="22.545043014899214" lon="114.09917803355411">
        <ele>8.130251690745354</ele>
        <time>1970-01-01T00:27:22.300000Z</time>
        <extensions>
          <gpxtpx:TrackPointExtension>
            <gpxtpx:hr>149</gpxtpx:hr>
          </gpxtpx:TrackPointExtension>
        </extensions>
      </trkpt>
      <trkpt lat="22.545065742946456" lon="114.09917540015357">
        <ele>8.22705910447985</ele>
        <time>1970-01-01T00:27:23.300000Z</time>
        <extensions>
          <gpxtpx:TrackPointExtension>
            <gpxtpx:hr>149</gpxtpx:hr>
          </gpxtpx:TrackPointExtension>
        </extensions>
      </trkpt>
      <trkpt lat="22.545087235231893" lon="114.09917436480814">
        <ele>8.29356930591166</ele>
        <time>1970-01-01T00:27:24.300000Z</time>
        <extensions>
          <gpxtpx:TrackPointExtension>
            <gpxtpx:hr>149</gpxtpx:hr>
          </gpxtpx:TrackPointExtension>
        </extensions>
      </trkpt>
      <trkpt lat="22.545106916230587" lon="114.09917479560656">
        <ele>8.335751832462847</ele>
        <time>1970-01-01T00:27:25.300000Z</time>
        <extensions>
          <gpxtpx:TrackPointExtension>
            <gpxtpx:hr>149</gpxtpx:hr>
          </gpxtpx:TrackPointExtension>
        </extensions>
      </trkpt>
      <trkpt lat="22.545124030066507" lon="114.09917598641408">
        <ele>8.357096754014492</ele>
        <time>1970-01-01T00:27:26.300000Z</time>
        <extensions>
          <gpxtpx:TrackPointExtension>
            <gpxtpx:hr>149</gpxtpx:hr>
          </gpxtpx:TrackPointExtension>
        </extensions>
      </trkpt>
      <trkpt lat="22.545138780557075" lon="114.09917720522941">
        <ele>8.357953579165041</ele>
        <time>1970-01-01T00:27:27.300000Z</time>
        <extensions>
          <gpxtpx:TrackPointExtension>
            <gpxtpx:hr>149</gpxtpx:hr>
          </gpxtpx:TrackPointExtension>
        </extensions>
      </trkpt>
      <trkpt lat="22.545151818414038" lon="114.09917802500328">
        <ele>8.341079728677869</ele>
        <time>1970-01-01T00:27:28.300000Z</time>
        <extensions>
          <gpxtpx:TrackPointExtension>
            <gpxtpx:hr>149</gpxtpx:hr>
          </gpxtpx:TrackPointExtension>
        </extensions>
      </trkpt>
      <trkpt lat="22.545163762904686" lon="114.09917816666723">
        <ele>8.30006076861173</ele>
        <time>1970-01-01T00:27:29.300000Z</time>
        <extensions>
          <gpxtpx:TrackPointExtension>
            <gpxtpx:hr>149</gpxtpx:hr>
          </gpxtpx:TrackPointExtension>
        </extensions>
      </trkpt>
      <trkpt lat="22.54517600072286" lon="114.099178260518">
        <ele>8.260251053608954</ele>
        <time>1970-01-01T00:27:30.300000Z</time>
        <extensions>
          <gpxtpx:TrackPointExtension>
            <gpxtpx:hr>148</gpxtpx:hr>
          </gpxtpx:TrackPointExtension>
        </extensions>
      </trkpt>
      <trkpt lat="22.54519049454627" lon="114.09918012604857">
        <ele>8.204257251694798</ele>
        <time>1970-01-01T00:27:31.300000Z</time>
        <extensions>
          <gpxtpx:TrackPointExtension>
            <gpxtpx:hr>148</gpxtpx:hr>
          </gpxtpx:TrackPointExtension>
        </extensions>
      </trkpt>
      <trkpt lat="22.545208528991918" lon="114.09918531489821">
        <ele>8.165003145113587</ele>
        <time>1970-01-01T00:27:32.300000Z</time>
        <extensions>
          <gpxtpx:TrackPointExtension>
            <gpxtpx:hr>148</gpxtpx:hr>
          </gpxtpx:TrackPointExtension>
        </extensions>
      </trkpt>
      <trkpt lat="22.54522978723637" lon="114.09919382362204">
        <ele>8.112098837271333</ele>
        <time>1970-01-01T00:27:33.300000Z</time>
        <extensions>
          <gpxtpx:TrackPointExtension>
            <gpxtpx:hr>148</gpxtpx:hr>
          </gpxtpx:TrackPointExtension>
        </extensions>
      </trkpt>
      <trkpt lat="22.545249685427923" lon="114.09920293141927">
        <ele>8.060943949967623</ele>
        <time>1970-01-01T00:27:34.300000Z</time>
        <extensions>
          <gpxtpx:TrackPointExtension>
            <gpxtpx:hr>148</gpxtpx:hr>
          </gpxtpx:TrackPointExtension>
        </extensions>
      </trkpt>
      <trkpt lat="22.54526571392496" lon="114.09921058276826">
        <ele>8.018917547538877</ele>
        <time>1970-01-01T00:27:35.300000Z</time>
        <extensions>
          <gpxtpx:TrackPointExtension>
            <gpxtpx:hr>148</gpxtpx:hr>
          </gpxtpx:TrackPointExtension>
        </extensions>
      </trkpt>
      <trkpt lat="22.545282916186377" lon="114.09921865369468">
        <ele>8.008839437738061</ele>
        <time>1970-01-01T00:27:36.300000Z</time>
        <extensions>
          <gpxtpx:TrackPointExtension>
            <gpxtpx:hr>148</gpxtpx:hr>
          </gpxtpx:TrackPointExtension>
        </extensions>
      </trkpt>
      <trkpt lat="22.545304262550285" lon="114.09922807653824">
        <ele>8.013512891717255</ele>
        <time>1970-01-01T00:27:37.300000Z</time>
        <extensions>
          <gpxtpx:TrackPointExtension>
            <gpxtpx:hr>148</gpxtpx:hr>
          </gpxtpx:TrackPointExtension>
        </extensions>
      </trkpt>
      <trkpt lat="22.54532892150444" lon="114.09923771188173">
        <ele>8.041537886485457</ele>
        <time>1970-01-01T00:27:38.300000Z</time>
        <extensions>
          <gpxtpx:TrackPointExtension>
            <gpxtpx:hr>148</gpxtpx:hr>
          </gpxtpx:TrackPointExtension>
        </extensions>
      </trkpt>
      <trkpt lat="22.54535552182997" lon="114.09924653527334">
        <ele>8.085986131802201</ele>
        <time>1970-01-01T00:27:39.300000Z</time>
        <extensions>
          <gpxtpx:TrackPointExtension>
            <gpxtpx:hr>148</gpxtpx:hr>
          </gpxtpx:TrackPointExtension>
        </extensions>
      </trkpt>
      <trkpt lat="22.545382471346908" lon="114.09925379818132">
        <ele>8.155898137018085</ele>
        <time>1970-01-01T00:27:40.300000Z</time>
        <extensions>
          <gpxtpx:TrackPointExtension>
            <gpxtpx:hr>148</gpxtpx:hr>
          </gpxtpx:TrackPointExtension>
        </extensions>
      </trkpt>
      <trkpt lat="22.545409873771856" lon="114.09925970094476">
        <ele>8.2561497380957</ele>
        <time>1970-01-01T00:27:41.300000Z</time>
        <extensions>
          <gpxtpx:TrackPointExtension>
            <gpxtpx:hr>148</gpxtpx:hr>
          </gpxtpx:TrackPointExtension>
        </extensions>
      </trkpt>
      <trkpt lat="22.545437169851855" lon="114.09926446862116">
        <ele>8.369615277275443</ele>
        <time>1970-01-01T00:27:42.300000Z</time>
        <extensions>
          <gpxtpx:TrackPointExtension>
            <gpxtpx:hr>148</gpxtpx:hr>
          </gpxtpx:TrackPointExtension>
        </extensions>
      </trkpt>
      <trkpt lat="22.5454636769844" lon="114.09926817075119">
        <ele>8.471239666454494</ele>
        <time>1970-01-01T00:27:43.300000Z</time>
        <extensions>
          <gpxtpx:TrackPointExtension>
            <gpxtpx:hr>148</gpxtpx:hr>
          </gpxtpx:TrackPointExtension>
        </extensions>
      </trkpt>
      <trkpt lat="22.545489944367077" lon="114.09927105465881">
        <ele>8.588069071993232</ele>
        <time>1970-01-01T00:27:44.300000Z</time>
        <extensions>
          <gpxtpx:TrackPointExtension>
            <gpxtpx:hr>148</gpxtpx:hr>
          </gpxtpx:TrackPointExtension>
        </extensions>
      </trkpt>
      <trkpt lat="22.54551607142621" lon="114.09927358418578">
        <ele>8.717938645742834</ele>
        <time>1970-01-01T00:27:45.300000Z</time>
        <extensions>
          <gpxtpx:TrackPointExtension>
            <gpxtpx:hr>148</gpxtpx:hr>
          </gpxtpx:TrackPointExtension>
        </extensions>
      </trkpt>
      <trkpt lat="22.545541788454965" lon="114.09927576448028">
        <ele>8.825867402367294</ele>
        <time>1970-01-01T00:27:46.300000Z</time>
        <extensions>
          <gpxtpx:TrackPointExtension>
            <gpxtpx:hr>148</gpxtpx:hr>
          </gpxtpx:TrackPointExtension>
        </extensions>
      </trkpt>
      <trkpt lat="22.54556701323871" lon="114.09927755009122">
        <ele>8.934328247793019</ele>
        <time>1970-01-01T00:27:47.300000Z</time>
        <extensions>
          <gpxtpx:TrackPointExtension>
            <gpxtpx:hr>148</gpxtpx:hr>
          </gpxtpx:TrackPointExtension>
        </extensions>
      </trkpt>
      <trkpt lat="22.545591894421936" lon="114.09927917464228">
        <ele>9.071085138246417</ele>
        <time>1970-01-01T00:27:48.300000Z</time>
        <extensions>
          <gpxtpx:TrackPointExtension>
            <gpxtpx:hr>148</gpxtpx:hr>
          </gpxtpx:TrackPointExtension>
        </extensions>
      </trkpt>
      <trkpt lat="22.5456163371189" lon="114.09928059381642">
        <ele>9.183921278454363</ele>
        <time>1970-01-01T00:27:49.300000Z</time>
        <extensions>
          <gpxtpx:TrackPointExtension>
            <gpxtpx:hr>148</gpxtpx:hr>
          </gpxtpx:TrackPointExtension>
        </extensions>
      </trkpt>
      <trkpt lat="22.54564035625688" lon="114.09928144005245">
        <ele>9.276374430395663</ele>
        <time>1970-01-01T00:27:50.300000Z</time>
        <extensions>
          <gpxtpx:TrackPointExtension>
            <gpxtpx:hr>148</gpxtpx:hr>
          </gpxtpx:TrackPointExtension>
        </extensions>
      </trkpt>
      <trkpt lat="22.545664288208776" lon="114.09928166074583">
        <ele>9.359710415825248</ele>
        <time>1970-01-01T00:27:51.300000Z</time>
        <extensions>
          <gpxtpx:TrackPointExtension>
            <gpxtpx:hr>148</gpxtpx:hr>
          </gpxtpx:TrackPointExtension>
        </extensions>
      </trkpt>
      <trkpt lat="22.54568823394315" lon="114.09928147890571">
        <ele>9.411922803148627</ele>
        <time>1970-01-01T00:27:52.300000Z</time>
        <extensions>
          <gpxtpx:TrackPointExtension>
            <gpxtpx:hr>148</gpxtpx:hr>
          </gpxtpx:TrackPointExtension>
        </extensions>
      </trkpt>
      <trkpt lat="22.545712077345456" lon="114.09928090510775">
        <ele>9.44877713918686</ele>
        <time>1970-01-01T00:27:53.300000Z</time>
        <extensions>
          <gpxtpx:TrackPointExtension>
            <gpxtpx:hr>149</gpxtpx:hr>
          </gpxtpx:TrackPointExtension>
        </extensions>
      </trkpt>
      <trkpt lat="22.54573542549352" lon="114.09927964611427">
        <ele>9.482417170889676</ele>
        <time>1970-01-01T00:27:54.300000Z</time>
        <extensions>
          <gpxtpx:TrackPointExtension>
            <gpxtpx:hr>149</gpxtpx:hr>
          </gpxtpx:TrackPointExtension>
        </extensions>
      </trkpt>
      <trkpt lat="22.545758501221826" lon="114.09927699305773">
        <ele>9.48637627530843</ele>
        <time>1970-01-01T00:27:55.300000Z</time>
        <extensions>
          <gpxtpx:TrackPointExtension>
            <gpxtpx:hr>149</gpxtpx:hr>
          </gpxtpx:TrackPointExtension>
        </extensions>
      </trkpt>
      <trkpt lat="22.545781549298688" lon="114.09927302772738">
        <ele>9.479228767566383</ele>
        <time>1970-01-01T00:27:56.300000Z</time>
        <extensions>
          <gpxtpx:TrackPointExtension>
            <gpxtpx:hr>149</gpxtpx:hr>
          </gpxtpx:TrackPointExtension>
        </extensions>
      </trkpt>
      <trkpt lat="22.545803947051937" lon="114.09926884967626">
        <ele>9.444344223476946</ele>
        <time>1970-01-01T00:27:57.300000Z</time>
        <extensions>
          <gpxtpx:TrackPointExtension>
            <gpxtpx:hr>149</gpxtpx:hr>
          </gpxtpx:TrackPointExtension>
        </extensions>
      </trkpt>
      <trkpt lat="22.545825181249068" lon="114.09926419933441">
        <ele>9.382640289142728</ele>
        <time>1970-01-01T00:27:58.300000Z</time>
        <extensions>
          <gpxtpx:TrackPointExtension>
            <gpxtpx:hr>149</gpxtpx:hr>
          </gpxtpx:TrackPointExtension>
        </extensions>
      </trkpt>
      <trkpt lat="22.54584615279556" lon="114.09925785756539">
        <ele>9.296042227186263</ele>
        <time>1970-01-01T00:27:59.300000Z</time>
        <extensions>
          <gpxtpx:TrackPointExtension>
            <gpxtpx:hr>149</gpxtpx:hr>
          </gpxtpx:TrackPointExtension>
        </extensions>
      </trkpt>
      <trkpt lat="22.545867798184442" lon="114.09925016521021">
        <ele>9.211007682606578</ele>
        <time>1970-01-01T00:28:00.300000Z</time>
        <extensions>
          <gpxtpx:TrackPointExtension>
            <gpxtpx:hr>150</gpxtpx:hr>
          </gpxtpx:TrackPointExtension>
        </extensions>
      </trkpt>
      <trkpt lat="22.545890144540213" lon="114.09924227524954">
        <ele>9.093392281793058</ele>
        <time>1970-01-01T00:28:01.300000Z</time>
        <extensions>
          <gpxtpx:TrackPointExtension>
            <gpxtpx:hr>150</gpxtpx:hr>
          </gpxtpx:TrackPointExtension>
        </extensions>
      </trkpt>
      <trkpt lat="22.54591237072283" lon="114.09923441977452">
        <ele>8.937270973809063</ele>
        <time>1970-01-01T00:28:02.300000Z</time>
        <extensions>
          <gpxtpx:TrackPointExtension>
            <gpxtpx:hr>150</gpxtpx:hr>
          </gpxtpx:TrackPointExtension>
        </extensions>
      </trkpt>
      <trkpt lat="22.545933853408748" lon="114.099225913295">
        <ele>8.76742163207382</ele>
        <time>1970-01-01T00:28:03.300000Z</time>
        <extensions>
          <gpxtpx:TrackPointExtension>
            <gpxtpx:hr>150</gpxtpx:hr>
          </gpxtpx:TrackPointExtension>
        </extensions>
      </trkpt>
      <trkpt lat="22.545954744628357" lon="114.09921591453346">
        <ele>8.579858545213938</ele>
        <time>1970-01-01T00:28:04.300000Z</time>
        <extensions>
          <gpxtpx:TrackPointExtension>
            <gpxtpx:hr>151</gpxtpx:hr>
          </gpxtpx:TrackPointExtension>
        </extensions>
      </trkpt>
      <trkpt lat="22.545975241990252" lon="114.09920431893461">
        <ele>8.395953155122697</ele>
        <time>1970-01-01T00:28:05.300000Z</time>
        <extensions>
          <gpxtpx:TrackPointExtension>
            <gpxtpx:hr>151</gpxtpx:hr>
          </gpxtpx:TrackPointExtension>
        </extensions>
      </trkpt>
      <trkpt lat="22.545995406938975" lon="114.09919176739099">
        <ele>8.201881654560566</ele>
        <time>1970-01-01T00:28:06.300000Z</time>
        <extensions>
          <gpxtpx:TrackPointExtension>
            <gpxtpx:hr>151</gpxtpx:hr>
          </gpxtpx:TrackPointExtension>
        </extensions>
      </trkpt>
      <trkpt lat="22.546015821523888" lon="114.09917912480493">
        <ele>8.012284218333662</ele>
        <time>1970-01-01T00:28:07.300000Z</time>
        <extensions>
          <gpxtpx:TrackPointExtension>
            <gpxtpx:hr>151</gpxtpx:hr>
          </gpxtpx:TrackPointExtension>
        </extensions>
      </trkpt>
      <trkpt lat="22.546037203307254" lon="114.09916709169313">
        <ele>7.824609794653952</ele>
        <time>1970-01-01T00:28:08.300000Z</time>
        <extensions>
          <gpxtpx:TrackPointExtension>
            <gpxtpx:hr>151</gpxtpx:hr>
          </gpxtpx:TrackPointExtension>
        </extensions>
      </trkpt>
      <trkpt lat="22.546060221029656" lon="114.09915583240725">
        <ele>7.655867506749928</ele>
        <time>1970-01-01T00:28:09.300000Z</time>
        <extensions>
          <gpxtpx:TrackPointExtension>
            <gpxtpx:hr>151</gpxtpx:hr>
          </gpxtpx:TrackPointExtension>
        </extensions>
      </trkpt>
      <trkpt lat="22.546084638921794" lon="114.0991456607726">
        <ele>7.513739143498242</ele>
        <time>1970-01-01T00:28:10.300000Z</time>
        <extensions>
          <gpxtpx:TrackPointExtension>
            <gpxtpx:hr>151</gpxtpx:hr>
          </gpxtpx:TrackPointExtension>
        </extensions>
      </trkpt>
      <trkpt lat="22.54611037818244" lon="114.09913676939463">
        <ele>7.404650797136128</ele>
        <time>1970-01-01T00:28:11.300000Z</time>
        <extensions>
          <gpxtpx:TrackPointExtension>
            <gpxtpx:hr>152</gpxtpx:hr>
          </gpxtpx:TrackPointExtension>
        </extensions>
      </trkpt>
      <trkpt lat="22.546136256639056" lon="114.09912944161553">
        <ele>7.290658167563379</ele>
        <time>1970-01-01T00:28:12.300000Z</time>
        <extensions>
          <gpxtpx:TrackPointExtension>
            <gpxtpx:hr>152</gpxtpx:hr>
          </gpxtpx:TrackPointExtension>
        </extensions>
      </trkpt>
      <trkpt lat="22.546161658862562" lon="114.09912403876899">
        <ele>7.22073623072356</ele>
        <time>1970-01-01T00:28:13.300000Z</time>
        <extensions>
          <gpxtpx:TrackPointExtension>
            <gpxtpx:hr>152</gpxtpx:hr>
          </gpxtpx:TrackPointExtension>
        </extensions>
      </trkpt>
      <trkpt lat="22.546186998694214" lon="114.09912118952688">
        <ele>7.166973328217864</ele>
        <time>1970-01-01T00:28:14.300000Z</time>
        <extensions>
          <gpxtpx:TrackPointExtension>
            <gpxtpx:hr>152</gpxtpx:hr>
          </gpxtpx:TrackPointExtension>
        </extensions>
      </trkpt>
      <trkpt lat="22.546211977978224" lon="114.09912110592825">
        <ele>7.1361493030563</ele>
        <time>1970-01-01T00:28:15.300000Z</time>
        <extensions>
          <gpxtpx:TrackPointExtension>
            <gpxtpx:hr>152</gpxtpx:hr>
          </gpxtpx:TrackPointExtension>
        </extensions>
      </trkpt>
      <trkpt lat="22.546236343169234" lon="114.09912301861554">
        <ele>7.13436071574688</ele>
        <time>1970-01-01T00:28:16.300000Z</time>
        <extensions>
          <gpxtpx:TrackPointExtension>
            <gpxtpx:hr>152</gpxtpx:hr>
          </gpxtpx:TrackPointExtension>
        </extensions>
      </trkpt>
      <trkpt lat="22.54626099833139" lon="114.09912654833947">
        <ele>7.146514845080674</ele>
        <time>1970-01-01T00:28:17.300000Z</time>
        <extensions>
          <gpxtpx:TrackPointExtension>
            <gpxtpx:hr>152</gpxtpx:hr>
          </gpxtpx:TrackPointExtension>
        </extensions>
      </trkpt>
      <trkpt lat="22.54628700335765" lon="114.09913202422733">
        <ele>7.176075194962323</ele>
        <time>1970-01-01T00:28:18.300000Z</time>
        <extensions>
          <gpxtpx:TrackPointExtension>
            <gpxtpx:hr>152</gpxtpx:hr>
          </gpxtpx:TrackPointExtension>
        </extensions>
      </trkpt>
      <trkpt lat="22.546314462071624" lon="114.09913942442024">
        <ele>7.221923355013132</ele>
        <time>1970-01-01T00:28:19.300000Z</time>
        <extensions>
          <gpxtpx:TrackPointExtension>
            <gpxtpx:hr>152</gpxtpx:hr>
          </gpxtpx:TrackPointExtension>
        </extensions>
      </trkpt>
      <trkpt lat="22.54634178818309" lon="114.09914772214158">
        <ele>7.272741963155568</ele>
        <time>1970-01-01T00:28:20.300000Z</time>
        <extensions>
          <gpxtpx:TrackPointExtension>
            <gpxtpx:hr>152</gpxtpx:hr>
          </gpxtpx:TrackPointExtension>
        </extensions>
      </trkpt>
      <trkpt lat="22.54636702670424" lon="114.09915551157438">
        <ele>7.353095807135105</ele>
        <time>1970-01-01T00:28:21.300000Z</time>
        <extensions>
          <gpxtpx:TrackPointExtension>
            <gpxtpx:hr>152</gpxtpx:hr>
          </gpxtpx:TrackPointExtension>
        </extensions>
      </trkpt>
      <trkpt lat="22.546390355808786" lon="114.0991628741956">
        <ele>7.414228324778378</ele>
        <time>1970-01-01T00:28:22.300000Z</time>
        <extensions>
          <gpxtpx:TrackPointExtension>
            <gpxtpx:hr>152</gpxtpx:hr>
          </gpxtpx:TrackPointExtension>
        </extensions>
      </trkpt>
      <trkpt lat="22.54641325866986" lon="114.09917134208689">
        <ele>7.459757939912379</ele>
        <time>1970-01-01T00:28:23.300000Z</time>
        <extensions>
          <gpxtpx:TrackPointExtension>
            <gpxtpx:hr>152</gpxtpx:hr>
          </gpxtpx:TrackPointExtension>
        </extensions>
      </trkpt>
      <trkpt lat="22.5464367688823" lon="114.09918143427997">
        <ele>7.500379188917577</ele>
        <time>1970-01-01T00:28:24.300000Z</time>
        <extensions>
          <gpxtpx:TrackPointExtension>
            <gpxtpx:hr>153</gpxtpx:hr>
          </gpxtpx:TrackPointExtension>
        </extensions>
      </trkpt>
      <trkpt lat="22.54646090770832" lon="114.0991922339284">
        <ele>7.534118195064366</ele>
        <time>1970-01-01T00:28:25.300000Z</time>
        <extensions>
          <gpxtpx:TrackPointExtension>
            <gpxtpx:hr>153</gpxtpx:hr>
          </gpxtpx:TrackPointExtension>
        </extensions>
      </trkpt>
      <trkpt lat="22.54648543166194" lon="114.09920246653141">
        <ele>7.582871954888105</ele>
        <time>1970-01-01T00:28:26.300000Z</time>
        <extensions>
          <gpxtpx:TrackPointExtension>
            <gpxtpx:hr>153</gpxtpx:hr>
          </gpxtpx:TrackPointExtension>
        </extensions>
      </trkpt>
      <trkpt lat="22.54651034027237" lon="114.09921148421574">
        <ele>7.637993996031582</ele>
        <time>1970-01-01T00:28:27.300000Z</time>
        <extensions>
          <gpxtpx:TrackPointExtension>
            <gpxtpx:hr>153</gpxtpx:hr>
          </gpxtpx:TrackPointExtension>
        </extensions>
      </trkpt>
      <trkpt lat="22.54653523006102" lon="114.09921954395796">
        <ele>7.681412051431835</ele>
        <time>1970-01-01T00:28:28.300000Z</time>
        <extensions>
          <gpxtpx:TrackPointExtension>
            <gpxtpx:hr>153</gpxtpx:hr>
          </gpxtpx:TrackPointExtension>
        </extensions>
      </trkpt>
      <trkpt lat="22.54655977447218" lon="114.09922732136677">
        <ele>7.7383432276546955</ele>
        <time>1970-01-01T00:28:29.300000Z</time>
        <extensions>
          <gpxtpx:TrackPointExtension>
            <gpxtpx:hr>153</gpxtpx:hr>
          </gpxtpx:TrackPointExtension>
        </extensions>
      </trkpt>
      <trkpt lat="22.546584280543463" lon="114.0992349528332">
        <ele>7.790548360906541</ele>
        <time>1970-01-01T00:28:30.300000Z</time>
        <extensions>
          <gpxtpx:TrackPointExtension>
            <gpxtpx:hr>153</gpxtpx:hr>
          </gpxtpx:TrackPointExtension>
        </extensions>
      </trkpt>
      <trkpt lat="22.54660893034193" lon="114.09924179726181">
        <ele>7.826055617071688</ele>
        <time>1970-01-01T00:28:31.300000Z</time>
        <extensions>
          <gpxtpx:TrackPointExtension>
            <gpxtpx:hr>153</gpxtpx:hr>
          </gpxtpx:TrackPointExtension>
        </extensions>
      </trkpt>
      <trkpt lat="22.54663333366544" lon="114.09924734275933">
        <ele>7.858392035588622</ele>
        <time>1970-01-01T00:28:32.300000Z</time>
        <extensions>
          <gpxtpx:TrackPointExtension>
            <gpxtpx:hr>153</gpxtpx:hr>
          </gpxtpx:TrackPointExtension>
        </extensions>
      </trkpt>
      <trkpt lat="22.546657276863666" lon="114.09925150568868">
        <ele>7.88668099232018</ele>
        <time>1970-01-01T00:28:33.300000Z</time>
        <extensions>
          <gpxtpx:TrackPointExtension>
            <gpxtpx:hr>153</gpxtpx:hr>
          </gpxtpx:TrackPointExtension>
        </extensions>
      </trkpt>
      <trkpt lat="22.546680966379895" lon="114.09925472275614">
        <ele>7.915073578245938</ele>
        <time>1970-01-01T00:28:34.300000Z</time>
        <extensions>
          <gpxtpx:TrackPointExtension>
            <gpxtpx:hr>153</gpxtpx:hr>
          </gpxtpx:TrackPointExtension>
        </extensions>
      </trkpt>
      <trkpt lat="22.546704227042397" lon="114.09925769605337">
        <ele>7.9376666489988565</ele>
        <time>1970-01-01T00:28:35.300000Z</time>
        <extensions>
          <gpxtpx:TrackPointExtension>
            <gpxtpx:hr>153</gpxtpx:hr>
          </gpxtpx:TrackPointExtension>
        </extensions>
      </trkpt>
      <trkpt lat="22.54672777597438" lon="114.09926085932717">
        <ele>7.950955261476338</ele>
        <time>1970-01-01T00:28:36.300000Z</time>
        <extensions>
          <gpxtpx:TrackPointExtension>
            <gpxtpx:hr>153</gpxtpx:hr>
          </gpxtpx:TrackPointExtension>
        </extensions>
      </trkpt>
      <trkpt lat="22.546752291680164" lon="114.09926507403105">
        <ele>7.9739404786378145</ele>
        <time>1970-01-01T00:28:37.300000Z</time>
        <extensions>
          <gpxtpx:TrackPointExtension>
            <gpxtpx:hr>153</gpxtpx:hr>
          </gpxtpx:TrackPointExtension>
        </extensions>
      </trkpt>
      <trkpt lat="22.546777229000483" lon="114.09927047114758">
        <ele>7.967097765766084</ele>
        <time>1970-01-01T00:28:38.300000Z</time>
        <extensions>
          <gpxtpx:TrackPointExtension>
            <gpxtpx:hr>153</gpxtpx:hr>
          </gpxtpx:TrackPointExtension>
        </extensions>
      </trkpt>
      <trkpt lat="22.54680171191243" lon="114.09927620787585">
        <ele>7.950137240812182</ele>
        <time>1970-01-01T00:28:39.300000Z</time>
        <extensions>
          <gpxtpx:TrackPointExtension>
            <gpxtpx:hr>152</gpxtpx:hr>
          </gpxtpx:TrackPointExtension>
        </extensions>
      </trkpt>
      <trkpt lat="22.546825351751323" lon="114.09928122351135">
        <ele>7.887258662842214</ele>
        <time>1970-01-01T00:28:40.300000Z</time>
        <extensions>
          <gpxtpx:TrackPointExtension>
            <gpxtpx:hr>152</gpxtpx:hr>
          </gpxtpx:TrackPointExtension>
        </extensions>
      </trkpt>
      <trkpt lat="22.546848904656894" lon="114.099284038459">
        <ele>7.843971888534725</ele>
        <time>1970-01-01T00:28:41.300000Z</time>
        <extensions>
          <gpxtpx:TrackPointExtension>
            <gpxtpx:hr>152</gpxtpx:hr>
          </gpxtpx:TrackPointExtension>
        </extensions>
      </trkpt>
      <trkpt lat="22.546872581331346" lon="114.09928393259874">
        <ele>7.792389672249556</ele>
        <time>1970-01-01T00:28:42.300000Z</time>
        <extensions>
          <gpxtpx:TrackPointExtension>
            <gpxtpx:hr>152</gpxtpx:hr>
          </gpxtpx:TrackPointExtension>
        </extensions>
      </trkpt>
      <trkpt lat="22.546896220970286" lon="114.099281387468">
        <ele>7.718462775461376</ele>
        <time>1970-01-01T00:28:43.300000Z</time>
        <extensions>
          <gpxtpx:TrackPointExtension>
            <gpxtpx:hr>152</gpxtpx:hr>
          </gpxtpx:TrackPointExtension>
        </extensions>
      </trkpt>
      <trkpt lat="22.5469193011823" lon="114.09927700314141">
        <ele>7.656910273246467</ele>
        <time>1970-01-01T00:28:44.300000Z</time>
        <extensions>
          <gpxtpx:TrackPointExtension>
            <gpxtpx:hr>151</gpxtpx:hr>
          </gpxtpx:TrackPointExtension>
        </extensions>
      </trkpt>
      <trkpt lat="22.546941996094233" lon="114.09927084766667">
        <ele>7.605649000033736</ele>
        <time>1970-01-01T00:28:45.300000Z</time>
        <extensions>
          <gpxtpx:TrackPointExtension>
            <gpxtpx:hr>151</gpxtpx:hr>
          </gpxtpx:TrackPointExtension>
        </extensions>
      </trkpt>
      <trkpt lat="22.546964723877394" lon="114.09926298554448">
        <ele>7.568181602284312</ele>
        <time>1970-01-01T00:28:46.300000Z</time>
        <extensions>
          <gpxtpx:TrackPointExtension>
            <gpxtpx:hr>151</gpxtpx:hr>
          </gpxtpx:TrackPointExtension>
        </extensions>
      </trkpt>
      <trkpt lat="22.546986415053503" lon="114.09925299750562">
        <ele>7.535795762203634</ele>
        <time>1970-01-01T00:28:47.300000Z</time>
        <extensions>
          <gpxtpx:TrackPointExtension>
            <gpxtpx:hr>151</gpxtpx:hr>
          </gpxtpx:TrackPointExtension>
        </extensions>
      </trkpt>
      <trkpt lat="22.54700637429752" lon="114.09924017310311">
        <ele>7.4869911866262555</ele>
        <time>1970-01-01T00:28:48.300000Z</time>
        <extensions>
          <gpxtpx:TrackPointExtension>
            <gpxtpx:hr>151</gpxtpx:hr>
          </gpxtpx:TrackPointExtension>
        </extensions>
      </trkpt>
      <trkpt lat="22.547024420186055" lon="114.09922419999955">
        <ele>7.46070745959878</ele>
        <time>1970-01-01T00:28:49.300000Z</time>
        <extensions>
          <gpxtpx:TrackPointExtension>
            <gpxtpx:hr>151</gpxtpx:hr>
          </gpxtpx:TrackPointExtension>
        </extensions>
      </trkpt>
      <trkpt lat="22.547040255578633" lon="114.09920564894044">
        <ele>7.43511116784066</ele>
        <time>1970-01-01T00:28:50.300000Z</time>
        <extensions>
          <gpxtpx:TrackPointExtension>
            <gpxtpx:hr>151</gpxtpx:hr>
          </gpxtpx:TrackPointExtension>
        </extensions>
      </trkpt>
      <trkpt lat="22.54705486698072" lon="114.09918508373426">
        <ele>7.416611109860241</ele>
        <time>1970-01-01T00:28:51.300000Z</time>
        <extensions>
          <gpxtpx:TrackPointExtension>
            <gpxtpx:hr>151</gpxtpx:hr>
          </gpxtpx:TrackPointExtension>
        </extensions>
      </trkpt>
      <trkpt lat="22.547069282264314" lon="114.0991631633561">
        <ele>7.428020785562694</ele>
        <time>1970-01-01T00:28:52.300000Z</time>
        <extensions>
          <gpxtpx:TrackPointExtension>
            <gpxtpx:hr>151</gpxtpx:hr>
          </gpxtpx:TrackPointExtension>
        </extensions>
      </trkpt>
      <trkpt lat="22.547084134161867" lon="114.09914119947666">
        <ele>7.460281376726925</ele>
        <time>1970-01-01T00:28:53.300000Z</time>
        <extensions>
          <gpxtpx:TrackPointExtension>
            <gpxtpx:hr>151</gpxtpx:hr>
          </gpxtpx:TrackPointExtension>
        </extensions>
      </trkpt>
      <trkpt lat="22.54710016930125" lon="114.09911996023175">
        <ele>7.518609145656228</ele>
        <time>1970-01-01T00:28:54.300000Z</time>
        <extensions>
          <gpxtpx:TrackPointExtension>
            <gpxtpx:hr>151</gpxtpx:hr>
          </gpxtpx:TrackPointExtension>
        </extensions>
      </trkpt>
      <trkpt lat="22.54711774161735" lon="114.09910021017895">
        <ele>7.592055624350905</ele>
        <time>1970-01-01T00:28:55.300000Z</time>
        <extensions>
          <gpxtpx:TrackPointExtension>
            <gpxtpx:hr>151</gpxtpx:hr>
          </gpxtpx:TrackPointExtension>
        </extensions>
      </trkpt>
      <trkpt lat="22.54713692757294" lon="114.0990831453579">
        <ele>7.677723718807101</ele>
        <time>1970-01-01T00:28:56.300000Z</time>
        <extensions>
          <gpxtpx:TrackPointExtension>
            <gpxtpx:hr>151</gpxtpx:hr>
          </gpxtpx:TrackPointExtension>
        </extensions>
      </trkpt>
      <trkpt lat="22.547157418857765" lon="114.09906935461242">
        <ele>7.773177801631391</ele>
        <time>1970-01-01T00:28:57.300000Z</time>
        <extensions>
          <gpxtpx:TrackPointExtension>
            <gpxtpx:hr>151</gpxtpx:hr>
          </gpxtpx:TrackPointExtension>
        </extensions>
      </trkpt>
      <trkpt lat="22.547179397297807" lon="114.09905889956583">
        <ele>7.866653357632458</ele>
        <time>1970-01-01T00:28:58.300000Z</time>
        <extensions>
          <gpxtpx:TrackPointExtension>
            <gpxtpx:hr>151</gpxtpx:hr>
          </gpxtpx:TrackPointExtension>
        </extensions>
      </trkpt>
      <trkpt lat="22.54720324308873" lon="114.09905200594635">
        <ele>7.9569513918831944</ele>
        <time>1970-01-01T00:28:59.300000Z</time>
        <extensions>
          <gpxtpx:TrackPointExtension>
            <gpxtpx:hr>151</gpxtpx:hr>
          </gpxtpx:TrackPointExtension>
        </extensions>
      </trkpt>
      <trkpt lat="22.547228066399366" lon="114.09905147914455">
        <ele>8.041180825792253</ele>
        <time>1970-01-01T00:29:00.300000Z</time>
        <extensions>
          <gpxtpx:TrackPointExtension>
            <gpxtpx:hr>151</gpxtpx:hr>
          </gpxtpx:TrackPointExtension>
        </extensions>
      </trkpt>
      <trkpt lat="22.547251611332296" lon="114.09905978128315">
        <ele>8.14002040028572</ele>
        <time>1970-01-01T00:29:01.300000Z</time>
        <extensions>
          <gpxtpx:TrackPointExtension>
            <gpxtpx:hr>151</gpxtpx:hr>
          </gpxtpx:TrackPointExtension>
        </extensions>
      </trkpt>
      <trkpt lat="22.547271976849306" lon="114.09907499583363">
        <ele>8.221485487185419</ele>
        <time>1970-01-01T00:29:02.300000Z</time>
        <extensions>
          <gpxtpx:TrackPointExtension>
            <gpxtpx:hr>152</gpxtpx:hr>
          </gpxtpx:TrackPointExtension>
        </extensions>
      </trkpt>
      <trkpt lat="22.54728924190187" lon="114.09909280632849">
        <ele>8.292673264630139</ele>
        <time>1970-01-01T00:29:03.300000Z</time>
        <extensions>
          <gpxtpx:TrackPointExtension>
            <gpxtpx:hr>152</gpxtpx:hr>
          </gpxtpx:TrackPointExtension>
        </extensions>
      </trkpt>
      <trkpt lat="22.54730528878433" lon="114.09911062278509">
        <ele>8.357170053757727</ele>
        <time>1970-01-01T00:29:04.300000Z</time>
        <extensions>
          <gpxtpx:TrackPointExtension>
            <gpxtpx:hr>152</gpxtpx:hr>
          </gpxtpx:TrackPointExtension>
        </extensions>
      </trkpt>
      <trkpt lat="22.54732169326947" lon="114.0991282661596">
        <ele>8.380105215124786</ele>
        <time>1970-01-01T00:29:05.300000Z</time>
        <extensions>
          <gpxtpx:TrackPointExtension>
            <gpxtpx:hr>153</gpxtpx:hr>
          </gpxtpx:TrackPointExtension>
        </extensions>
      </trkpt>
      <trkpt lat="22.547339654730756" lon="114.09914587242483">
        <ele>8.425035750493407</ele>
        <time>1970-01-01T00:29:06.300000Z</time>
        <extensions>
          <gpxtpx:TrackPointExtension>
            <gpxtpx:hr>153</gpxtpx:hr>
          </gpxtpx:TrackPointExtension>
        </extensions>
      </trkpt>
      <trkpt lat="22.547358719449367" lon="114.09916298935217">
        <ele>8.459347151219845</ele>
        <time>1970-01-01T00:29:07.300000Z</time>
        <extensions>
          <gpxtpx:TrackPointExtension>
            <gpxtpx:hr>153</gpxtpx:hr>
          </gpxtpx:TrackPointExtension>
        </extensions>
      </trkpt>
      <trkpt lat="22.547377723645752" lon="114.09918030176591">
        <ele>8.45795966219157</ele>
        <time>1970-01-01T00:29:08.300000Z</time>
        <extensions>
          <gpxtpx:TrackPointExtension>
            <gpxtpx:hr>153</gpxtpx:hr>
          </gpxtpx:TrackPointExtension>
        </extensions>
      </trkpt>
      <trkpt lat="22.547395906451644" lon="114.09919886235853">
        <ele>8.460786397568882</ele>
        <time>1970-01-01T00:29:09.300000Z</time>
        <extensions>
          <gpxtpx:TrackPointExtension>
            <gpxtpx:hr>155</gpxtpx:hr>
          </gpxtpx:TrackPointExtension>
        </extensions>
      </trkpt>
      <trkpt lat="22.547413056095035" lon="114.09921870958163">
        <ele>8.431109512224793</ele>
        <time>1970-01-01T00:29:10.300000Z</time>
        <extensions>
          <gpxtpx:TrackPointExtension>
            <gpxtpx:hr>155</gpxtpx:hr>
          </gpxtpx:TrackPointExtension>
        </extensions>
      </trkpt>
      <trkpt lat="22.547429828791014" lon="114.09923837376247">
        <ele>8.382627725601196</ele>
        <time>1970-01-01T00:29:11.300000Z</time>
        <extensions>
          <gpxtpx:TrackPointExtension>
            <gpxtpx:hr>155</gpxtpx:hr>
          </gpxtpx:TrackPointExtension>
        </extensions>
      </trkpt>
      <trkpt lat="22.547447417881024" lon="114.0992554721804">
        <ele>8.349369142204523</ele>
        <time>1970-01-01T00:29:12.300000Z</time>
        <extensions>
          <gpxtpx:TrackPointExtension>
            <gpxtpx:hr>155</gpxtpx:hr>
          </gpxtpx:TrackPointExtension>
        </extensions>
      </trkpt>
      <trkpt lat="22.547467182596527" lon="114.09926913231067">
        <ele>8.277321554720402</ele>
        <time>1970-01-01T00:29:13.300000Z</time>
        <extensions>
          <gpxtpx:TrackPointExtension>
            <gpxtpx:hr>155</gpxtpx:hr>
          </gpxtpx:TrackPointExtension>
        </extensions>
      </trkpt>
      <trkpt lat="22.547489166313568" lon="114.09927974447164">
        <ele>8.229352720081806</ele>
        <time>1970-01-01T00:29:14.300000Z</time>
        <extensions>
          <gpxtpx:TrackPointExtension>
            <gpxtpx:hr>155</gpxtpx:hr>
          </gpxtpx:TrackPointExtension>
        </extensions>
      </trkpt>
      <trkpt lat="22.54751214289873" lon="114.09928698222436">
        <ele>8.207953318022192</ele>
        <time>1970-01-01T00:29:15.300000Z</time>
        <extensions>
          <gpxtpx:TrackPointExtension>
            <gpxtpx:hr>155</gpxtpx:hr>
          </gpxtpx:TrackPointExtension>
        </extensions>
      </trkpt>
      <trkpt lat="22.54753533724362" lon="114.09929122123881">
        <ele>8.186717437580228</ele>
        <time>1970-01-01T00:29:16.300000Z</time>
        <extensions>
          <gpxtpx:TrackPointExtension>
            <gpxtpx:hr>155</gpxtpx:hr>
          </gpxtpx:TrackPointExtension>
        </extensions>
      </trkpt>
      <trkpt lat="22.547558694621493" lon="114.09929350067267">
        <ele>8.175229705870152</ele>
        <time>1970-01-01T00:29:17.300000Z</time>
        <extensions>
          <gpxtpx:TrackPointExtension>
            <gpxtpx:hr>155</gpxtpx:hr>
          </gpxtpx:TrackPointExtension>
        </extensions>
      </trkpt>
      <trkpt lat="22.54758244968671" lon="114.09929398497056">
        <ele>8.167227249592543</ele>
        <time>1970-01-01T00:29:18.300000Z</time>
        <extensions>
          <gpxtpx:TrackPointExtension>
            <gpxtpx:hr>155</gpxtpx:hr>
          </gpxtpx:TrackPointExtension>
        </extensions>
      </trkpt>
      <trkpt lat="22.547606615871413" lon="114.09929287872312">
        <ele>8.164157135412097</ele>
        <time>1970-01-01T00:29:19.300000Z</time>
        <extensions>
          <gpxtpx:TrackPointExtension>
            <gpxtpx:hr>155</gpxtpx:hr>
          </gpxtpx:TrackPointExtension>
        </extensions>
      </trkpt>
      <trkpt lat="22.54763140176131" lon="114.099290896995">
        <ele>8.183521455153823</ele>
        <time>1970-01-01T00:29:20.300000Z</time>
        <extensions>
          <gpxtpx:TrackPointExtension>
            <gpxtpx:hr>155</gpxtpx:hr>
          </gpxtpx:TrackPointExtension>
        </extensions>
      </trkpt>
      <trkpt lat="22.547657207472295" lon="114.09928861659755">
        <ele>8.206335085444152</ele>
        <time>1970-01-01T00:29:21.300000Z</time>
        <extensions>
          <gpxtpx:TrackPointExtension>
            <gpxtpx:hr>155</gpxtpx:hr>
          </gpxtpx:TrackPointExtension>
        </extensions>
      </trkpt>
      <trkpt lat="22.547683328229482" lon="114.09928608679698">
        <ele>8.231215448118746</ele>
        <time>1970-01-01T00:29:22.300000Z</time>
        <extensions>
          <gpxtpx:TrackPointExtension>
            <gpxtpx:hr>154</gpxtpx:hr>
          </gpxtpx:TrackPointExtension>
        </extensions>
      </trkpt>
      <trkpt lat="22.547708830718186" lon="114.09928304056524">
        <ele>8.282618707977235</ele>
        <time>1970-01-01T00:29:23.300000Z</time>
        <extensions>
          <gpxtpx:TrackPointExtension>
            <gpxtpx:hr>154</gpxtpx:hr>
          </gpxtpx:TrackPointExtension>
        </extensions>
      </trkpt>
      <trkpt lat="22.5477340889615" lon="114.09927908338612">
        <ele>8.381635459139943</ele>
        <time>1970-01-01T00:29:24.300000Z</time>
        <extensions>
          <gpxtpx:TrackPointExtension>
            <gpxtpx:hr>154</gpxtpx:hr>
          </gpxtpx:TrackPointExtension>
        </extensions>
      </trkpt>
      <trkpt lat="22.54775871466448" lon="114.09927440220612">
        <ele>8.483232572674751</ele>
        <time>1970-01-01T00:29:25.300000Z</time>
        <extensions>
          <gpxtpx:TrackPointExtension>
            <gpxtpx:hr>154</gpxtpx:hr>
          </gpxtpx:TrackPointExtension>
        </extensions>
      </trkpt>
      <trkpt lat="22.547782283641002" lon="114.09926890320915">
        <ele>8.59882310219109</ele>
        <time>1970-01-01T00:29:26.300000Z</time>
        <extensions>
          <gpxtpx:TrackPointExtension>
            <gpxtpx:hr>154</gpxtpx:hr>
          </gpxtpx:TrackPointExtension>
        </extensions>
      </trkpt>
      <trkpt lat="22.54780549113826" lon="114.09926187522807">
        <ele>8.687245804816484</ele>
        <time>1970-01-01T00:29:27.300000Z</time>
        <extensions>
          <gpxtpx:TrackPointExtension>
            <gpxtpx:hr>154</gpxtpx:hr>
          </gpxtpx:TrackPointExtension>
        </extensions>
      </trkpt>
      <trkpt lat="22.547828776420236" lon="114.09925308394652">
        <ele>8.7881044363603</ele>
        <time>1970-01-01T00:29:28.300000Z</time>
        <extensions>
          <gpxtpx:TrackPointExtension>
            <gpxtpx:hr>154</gpxtpx:hr>
          </gpxtpx:TrackPointExtension>
        </extensions>
      </trkpt>
      <trkpt lat="22.54785250828914" lon="114.09924279586335">
        <ele>8.902804498560727</ele>
        <time>1970-01-01T00:29:29.300000Z</time>
        <extensions>
          <gpxtpx:TrackPointExtension>
            <gpxtpx:hr>154</gpxtpx:hr>
          </gpxtpx:TrackPointExtension>
        </extensions>
      </trkpt>
      <trkpt lat="22.547876519184115" lon="114.0992323167838">
        <ele>8.958056807518005</ele>
        <time>1970-01-01T00:29:30.300000Z</time>
        <extensions>
          <gpxtpx:TrackPointExtension>
            <gpxtpx:hr>154</gpxtpx:hr>
          </gpxtpx:TrackPointExtension>
        </extensions>
      </trkpt>
      <trkpt lat="22.547900633758978" lon="114.09922255474946">
        <ele>9.039978237822652</ele>
        <time>1970-01-01T00:29:31.300000Z</time>
        <extensions>
          <gpxtpx:TrackPointExtension>
            <gpxtpx:hr>154</gpxtpx:hr>
          </gpxtpx:TrackPointExtension>
        </extensions>
      </trkpt>
      <trkpt lat="22.547924192991164" lon="114.09921262329244">
        <ele>9.093838356435299</ele>
        <time>1970-01-01T00:29:32.300000Z</time>
        <extensions>
          <gpxtpx:TrackPointExtension>
            <gpxtpx:hr>154</gpxtpx:hr>
          </gpxtpx:TrackPointExtension>
        </extensions>
      </trkpt>
      <trkpt lat="22.547946555027746" lon="114.09920119391447">
        <ele>9.12615143880248</ele>
        <time>1970-01-01T00:29:33.300000Z</time>
        <extensions>
          <gpxtpx:TrackPointExtension>
            <gpxtpx:hr>154</gpxtpx:hr>
          </gpxtpx:TrackPointExtension>
        </extensions>
      </trkpt>
      <trkpt lat="22.547968313858004" lon="114.09918841508308">
        <ele>9.165075573138893</ele>
        <time>1970-01-01T00:29:34.300000Z</time>
        <extensions>
          <gpxtpx:TrackPointExtension>
            <gpxtpx:hr>154</gpxtpx:hr>
          </gpxtpx:TrackPointExtension>
        </extensions>
      </trkpt>
      <trkpt lat="22.547990000992037" lon="114.09917510827832">
        <ele>9.152573729865253</ele>
        <time>1970-01-01T00:29:35.300000Z</time>
        <extensions>
          <gpxtpx:TrackPointExtension>
            <gpxtpx:hr>154</gpxtpx:hr>
          </gpxtpx:TrackPointExtension>
        </extensions>
      </trkpt>
      <trkpt lat="22.548011438512038" lon="114.09916123136993">
        <ele>9.119400118477643</ele>
        <time>1970-01-01T00:29:36.300000Z</time>
        <extensions>
          <gpxtpx:TrackPointExtension>
            <gpxtpx:hr>154</gpxtpx:hr>
          </gpxtpx:TrackPointExtension>
        </extensions>
      </trkpt>
      <trkpt lat="22.548032466772003" lon="114.09914650856122">
        <ele>9.058546053245664</ele>
        <time>1970-01-01T00:29:37.300000Z</time>
        <extensions>
          <gpxtpx:TrackPointExtension>
            <gpxtpx:hr>154</gpxtpx:hr>
          </gpxtpx:TrackPointExtension>
        </extensions>
      </trkpt>
      <trkpt lat="22.5480530889409" lon="114.09913030753809">
        <ele>8.949968395754695</ele>
        <time>1970-01-01T00:29:38.300000Z</time>
        <extensions>
          <gpxtpx:TrackPointExtension>
            <gpxtpx:hr>154</gpxtpx:hr>
          </gpxtpx:TrackPointExtension>
        </extensions>
      </trkpt>
      <trkpt lat="22.548072822573427" lon="114.09911237806364">
        <ele>8.829824245534837</ele>
        <time>1970-01-01T00:29:39.300000Z</time>
        <extensions>
          <gpxtpx:TrackPointExtension>
            <gpxtpx:hr>154</gpxtpx:hr>
          </gpxtpx:TrackPointExtension>
        </extensions>
      </trkpt>
      <trkpt lat="22.54809093965478" lon="114.09909340942166">
        <ele>8.69307526666671</ele>
        <time>1970-01-01T00:29:40.300000Z</time>
        <extensions>
          <gpxtpx:TrackPointExtension>
            <gpxtpx:hr>154</gpxtpx:hr>
          </gpxtpx:TrackPointExtension>
        </extensions>
      </trkpt>
      <trkpt lat="22.548107224457866" lon="114.09907370607974">
        <ele>8.552103113383055</ele>
        <time>1970-01-01T00:29:41.300000Z</time>
        <extensions>
          <gpxtpx:TrackPointExtension>
            <gpxtpx:hr>154</gpxtpx:hr>
          </gpxtpx:TrackPointExtension>
        </extensions>
      </trkpt>
      <trkpt lat="22.548122180918238" lon="114.0990531526546">
        <ele>8.393982915207744</ele>
        <time>1970-01-01T00:29:42.300000Z</time>
        <extensions>
          <gpxtpx:TrackPointExtension>
            <gpxtpx:hr>154</gpxtpx:hr>
          </gpxtpx:TrackPointExtension>
        </extensions>
      </trkpt>
      <trkpt lat="22.54813679706761" lon="114.09903205125488">
        <ele>8.247366058640182</ele>
        <time>1970-01-01T00:29:43.300000Z</time>
        <extensions>
          <gpxtpx:TrackPointExtension>
            <gpxtpx:hr>154</gpxtpx:hr>
          </gpxtpx:TrackPointExtension>
        </extensions>
      </trkpt>
      <trkpt lat="22.54815194455996" lon="114.09901048257016">
        <ele>8.106494196690619</ele>
        <time>1970-01-01T00:29:44.300000Z</time>
        <extensions>
          <gpxtpx:TrackPointExtension>
            <gpxtpx:hr>154</gpxtpx:hr>
          </gpxtpx:TrackPointExtension>
        </extensions>
      </trkpt>
      <trkpt lat="22.548167929038158" lon="114.0989888563998">
        <ele>7.956576290540397</ele>
        <time>1970-01-01T00:29:45.300000Z</time>
        <extensions>
          <gpxtpx:TrackPointExtension>
            <gpxtpx:hr>154</gpxtpx:hr>
          </gpxtpx:TrackPointExtension>
        </extensions>
      </trkpt>
      <trkpt lat="22.54818434911073" lon="114.09896805505089">
        <ele>7.824376535601914</ele>
        <time>1970-01-01T00:29:46.300000Z</time>
        <extensions>
          <gpxtpx:TrackPointExtension>
            <gpxtpx:hr>154</gpxtpx:hr>
          </gpxtpx:TrackPointExtension>
        </extensions>
      </trkpt>
      <trkpt lat="22.54820051688391" lon="114.0989485285469">
        <ele>7.710361083969474</ele>
        <time>1970-01-01T00:29:47.300000Z</time>
        <extensions>
          <gpxtpx:TrackPointExtension>
            <gpxtpx:hr>154</gpxtpx:hr>
          </gpxtpx:TrackPointExtension>
        </extensions>
      </trkpt>
      <trkpt lat="22.54821651597982" lon="114.0989304437367">
        <ele>7.629638920538127</ele>
        <time>1970-01-01T00:29:48.300000Z</time>
        <extensions>
          <gpxtpx:TrackPointExtension>
            <gpxtpx:hr>154</gpxtpx:hr>
          </gpxtpx:TrackPointExtension>
        </extensions>
      </trkpt>
      <trkpt lat="22.548232953732338" lon="114.09891297656301">
        <ele>7.583003371953964</ele>
        <time>1970-01-01T00:29:49.300000Z</time>
        <extensions>
          <gpxtpx:TrackPointExtension>
            <gpxtpx:hr>154</gpxtpx:hr>
          </gpxtpx:TrackPointExtension>
        </extensions>
      </trkpt>
      <trkpt lat="22.54825026785536" lon="114.0988955533">
        <ele>7.568176685832441</ele>
        <time>1970-01-01T00:29:50.300000Z</time>
        <extensions>
          <gpxtpx:TrackPointExtension>
            <gpxtpx:hr>154</gpxtpx:hr>
          </gpxtpx:TrackPointExtension>
        </extensions>
      </trkpt>
      <trkpt lat="22.548268550121684" lon="114.0988784394416">
        <ele>7.618142686784267</ele>
        <time>1970-01-01T00:29:51.300000Z</time>
        <extensions>
          <gpxtpx:TrackPointExtension>
            <gpxtpx:hr>156</gpxtpx:hr>
          </gpxtpx:TrackPointExtension>
        </extensions>
      </trkpt>
      <trkpt lat="22.54828768044325" lon="114.09886156715106">
        <ele>7.711539839394391</ele>
        <time>1970-01-01T00:29:52.300000Z</time>
        <extensions>
          <gpxtpx:TrackPointExtension>
            <gpxtpx:hr>156</gpxtpx:hr>
          </gpxtpx:TrackPointExtension>
        </extensions>
      </trkpt>
      <trkpt lat="22.548307222543553" lon="114.09884494919065">
        <ele>7.8226120211184025</ele>
        <time>1970-01-01T00:29:53.300000Z</time>
        <extensions>
          <gpxtpx:TrackPointExtension>
            <gpxtpx:hr>156</gpxtpx:hr>
          </gpxtpx:TrackPointExtension>
        </extensions>
      </trkpt>
      <trkpt lat="22.54832761280829" lon="114.09882891135737">
        <ele>8.0088194552809</ele>
        <time>1970-01-01T00:29:54.300000Z</time>
        <extensions>
          <gpxtpx:TrackPointExtension>
            <gpxtpx:hr>156</gpxtpx:hr>
          </gpxtpx:TrackPointExtension>
        </extensions>
      </trkpt>
      <trkpt lat="22.54834937820492" lon="114.09881420850826">
        <ele>8.2444355385378</ele>
        <time>1970-01-01T00:29:55.300000Z</time>
        <extensions>
          <gpxtpx:TrackPointExtension>
            <gpxtpx:hr>156</gpxtpx:hr>
          </gpxtpx:TrackPointExtension>
        </extensions>
      </trkpt>
      <trkpt lat="22.54837206212983" lon="114.09880087748657">
        <ele>8.491764718666673</ele>
        <time>1970-01-01T00:29:56.300000Z</time>
        <extensions>
          <gpxtpx:TrackPointExtension>
            <gpxtpx:hr>156</gpxtpx:hr>
          </gpxtpx:TrackPointExtension>
        </extensions>
      </trkpt>
      <trkpt lat="22.548394762088826" lon="114.09878851106264">
        <ele>8.795136312954128</ele>
        <time>1970-01-01T00:29:57.300000Z</time>
        <extensions>
          <gpxtpx:TrackPointExtension>
            <gpxtpx:hr>156</gpxtpx:hr>
          </gpxtpx:TrackPointExtension>
        </extensions>
      </trkpt>
      <trkpt lat="22.548417336535763" lon="114.09877650258028">
        <ele>9.125906465575099</ele>
        <time>1970-01-01T00:29:58.300000Z</time>
        <extensions>
          <gpxtpx:TrackPointExtension>
            <gpxtpx:hr>156</gpxtpx:hr>
          </gpxtpx:TrackPointExtension>
        </extensions>
      </trkpt>
      <trkpt lat="22.54844009509915" lon="114.09876421282925">
        <ele>9.451373348012567</ele>
        <time>1970-01-01T00:29:59.300000Z</time>
        <extensions>
          <gpxtpx:TrackPointExtension>
            <gpxtpx:hr>156</gpxtpx:hr>
          </gpxtpx:TrackPointExtension>
        </extensions>
      </trkpt>
      <trkpt lat="22.548463287129042" lon="114.09875223862754">
        <ele>9.773203822784126</ele>
        <time>1970-01-01T00:30:00.300000Z</time>
        <extensions>
          <gpxtpx:TrackPointExtension>
            <gpxtpx:hr>156</gpxtpx:hr>
          </gpxtpx:TrackPointExtension>
        </extensions>
      </trkpt>
      <trkpt lat="22.548487336203124" lon="114.09874122507252">
        <ele>10.08246058691293</ele>
        <time>1970-01-01T00:30:01.300000Z</time>
        <extensions>
          <gpxtpx:TrackPointExtension>
            <gpxtpx:hr>156</gpxtpx:hr>
          </gpxtpx:TrackPointExtension>
        </extensions>
      </trkpt>
      <trkpt lat="22.548512149038377" lon="114.09873143542639">
        <ele>10.405292501673102</ele>
        <time>1970-01-01T00:30:02.300000Z</time>
        <extensions>
          <gpxtpx:TrackPointExtension>
            <gpxtpx:hr>157</gpxtpx:hr>
          </gpxtpx:TrackPointExtension>
        </extensions>
      </trkpt>
      <trkpt lat="22.548537787097573" lon="114.09872258957472">
        <ele>10.706222574226558</ele>
        <time>1970-01-01T00:30:03.300000Z</time>
        <extensions>
          <gpxtpx:TrackPointExtension>
            <gpxtpx:hr>157</gpxtpx:hr>
          </gpxtpx:TrackPointExtension>
        </extensions>
      </trkpt>
      <trkpt lat="22.548563795716046" lon="114.09871435140045">
        <ele>10.965236698277295</ele>
        <time>1970-01-01T00:30:04.300000Z</time>
        <extensions>
          <gpxtpx:TrackPointExtension>
            <gpxtpx:hr>157</gpxtpx:hr>
          </gpxtpx:TrackPointExtension>
        </extensions>
      </trkpt>
      <trkpt lat="22.548589392157282" lon="114.0987072740291">
        <ele>11.202807155437768</ele>
        <time>1970-01-01T00:30:05.300000Z</time>
        <extensions>
          <gpxtpx:TrackPointExtension>
            <gpxtpx:hr>157</gpxtpx:hr>
          </gpxtpx:TrackPointExtension>
        </extensions>
      </trkpt>
      <trkpt lat="22.54861443269266" lon="114.09870174053825">
        <ele>11.409524079412222</ele>
        <time>1970-01-01T00:30:06.300000Z</time>
        <extensions>
          <gpxtpx:TrackPointExtension>
            <gpxtpx:hr>157</gpxtpx:hr>
          </gpxtpx:TrackPointExtension>
        </extensions>
      </trkpt>
      <trkpt lat="22.5486395031675" lon="114.09869766885411">
        <ele>11.581984990276396</ele>
        <time>1970-01-01T00:30:07.300000Z</time>
        <extensions>
          <gpxtpx:TrackPointExtension>
            <gpxtpx:hr>158</gpxtpx:hr>
          </gpxtpx:TrackPointExtension>
        </extensions>
      </trkpt>
      <trkpt lat="22.548665064203206" lon="114.09869543680598">
        <ele>11.724101006053388</ele>
        <time>1970-01-01T00:30:08.300000Z</time>
        <extensions>
          <gpxtpx:TrackPointExtension>
            <gpxtpx:hr>158</gpxtpx:hr>
          </gpxtpx:TrackPointExtension>
        </extensions>
      </trkpt>
      <trkpt lat="22.548691088778924" lon="114.09869520808725">
        <ele>11.807560856454074</ele>
        <time>1970-01-01T00:30:09.300000Z</time>
        <extensions>
          <gpxtpx:TrackPointExtension>
            <gpxtpx:hr>158</gpxtpx:hr>
          </gpxtpx:TrackPointExtension>
        </extensions>
      </trkpt>
      <trkpt lat="22.548717099662923" lon="114.09869650732463">
        <ele>11.864840114489198</ele>
        <time>1970-01-01T00:30:10.300000Z</time>
        <extensions>
          <gpxtpx:TrackPointExtension>
            <gpxtpx:hr>158</gpxtpx:hr>
          </gpxtpx:TrackPointExtension>
        </extensions>
      </trkpt>
      <trkpt lat="22.548742987700134" lon="114.09869900202487">
        <ele>11.887805057689548</ele>
        <time>1970-01-01T00:30:11.300000Z</time>
        <extensions>
          <gpxtpx:TrackPointExtension>
            <gpxtpx:hr>158</gpxtpx:hr>
          </gpxtpx:TrackPointExtension>
        </extensions>
      </trkpt>
      <trkpt lat="22.548768550802844" lon="114.09870232492827">
        <ele>11.893010656349361</ele>
        <time>1970-01-01T00:30:12.300000Z</time>
        <extensions>
          <gpxtpx:TrackPointExtension>
            <gpxtpx:hr>158</gpxtpx:hr>
          </gpxtpx:TrackPointExtension>
        </extensions>
      </trkpt>
      <trkpt lat="22.548793587370113" lon="114.09870559973719">
        <ele>11.87448126450181</ele>
        <time>1970-01-01T00:30:13.300000Z</time>
        <extensions>
          <gpxtpx:TrackPointExtension>
            <gpxtpx:hr>158</gpxtpx:hr>
          </gpxtpx:TrackPointExtension>
        </extensions>
      </trkpt>
      <trkpt lat="22.548818477447078" lon="114.09870803041468">
        <ele>11.874616526067257</ele>
        <time>1970-01-01T00:30:14.300000Z</time>
        <extensions>
          <gpxtpx:TrackPointExtension>
            <gpxtpx:hr>158</gpxtpx:hr>
          </gpxtpx:TrackPointExtension>
        </extensions>
      </trkpt>
      <trkpt lat="22.548843641487647" lon="114.09870954146035">
        <ele>11.830443915911019</ele>
        <time>1970-01-01T00:30:15.300000Z</time>
        <extensions>
          <gpxtpx:TrackPointExtension>
            <gpxtpx:hr>158</gpxtpx:hr>
          </gpxtpx:TrackPointExtension>
        </extensions>
      </trkpt>
      <trkpt lat="22.548868593918698" lon="114.0987103933923">
        <ele>11.79991949070245</ele>
        <time>1970-01-01T00:30:16.300000Z</time>
        <extensions>
          <gpxtpx:TrackPointExtension>
            <gpxtpx:hr>158</gpxtpx:hr>
          </gpxtpx:TrackPointExtension>
        </extensions>
      </trkpt>
      <trkpt lat="22.548893254944296" lon="114.09871104730355">
        <ele>11.771972776390612</ele>
        <time>1970-01-01T00:30:17.300000Z</time>
        <extensions>
          <gpxtpx:TrackPointExtension>
            <gpxtpx:hr>158</gpxtpx:hr>
          </gpxtpx:TrackPointExtension>
        </extensions>
      </trkpt>
      <trkpt lat="22.548917903205034" lon="114.09871138273522">
        <ele>11.691750074736774</ele>
        <time>1970-01-01T00:30:18.300000Z</time>
        <extensions>
          <gpxtpx:TrackPointExtension>
            <gpxtpx:hr>159</gpxtpx:hr>
          </gpxtpx:TrackPointExtension>
        </extensions>
      </trkpt>
      <trkpt lat="22.548942831604926" lon="114.0987114700567">
        <ele>11.616714642383158</ele>
        <time>1970-01-01T00:30:19.300000Z</time>
        <extensions>
          <gpxtpx:TrackPointExtension>
            <gpxtpx:hr>159</gpxtpx:hr>
          </gpxtpx:TrackPointExtension>
        </extensions>
      </trkpt>
      <trkpt lat="22.548968157830526" lon="114.09871195757859">
        <ele>11.520344066433609</ele>
        <time>1970-01-01T00:30:20.300000Z</time>
        <extensions>
          <gpxtpx:TrackPointExtension>
            <gpxtpx:hr>159</gpxtpx:hr>
          </gpxtpx:TrackPointExtension>
        </extensions>
      </trkpt>
      <trkpt lat="22.548993673893534" lon="114.098713406815">
        <ele>11.418805288150907</ele>
        <time>1970-01-01T00:30:21.300000Z</time>
        <extensions>
          <gpxtpx:TrackPointExtension>
            <gpxtpx:hr>159</gpxtpx:hr>
          </gpxtpx:TrackPointExtension>
        </extensions>
      </trkpt>
      <trkpt lat="22.549019061267206" lon="114.09871565116771">
        <ele>11.32166386116296</ele>
        <time>1970-01-01T00:30:22.300000Z</time>
        <extensions>
          <gpxtpx:TrackPointExtension>
            <gpxtpx:hr>159</gpxtpx:hr>
          </gpxtpx:TrackPointExtension>
        </extensions>
      </trkpt>
      <trkpt lat="22.549043461715193" lon="114.09871788996358">
        <ele>11.221529059112072</ele>
        <time>1970-01-01T00:30:23.300000Z</time>
        <extensions>
          <gpxtpx:TrackPointExtension>
            <gpxtpx:hr>159</gpxtpx:hr>
          </gpxtpx:TrackPointExtension>
        </extensions>
      </trkpt>
      <trkpt lat="22.549066674395277" lon="114.09871950358593">
        <ele>11.107688484713435</ele>
        <time>1970-01-01T00:30:24.300000Z</time>
        <extensions>
          <gpxtpx:TrackPointExtension>
            <gpxtpx:hr>159</gpxtpx:hr>
          </gpxtpx:TrackPointExtension>
        </extensions>
      </trkpt>
      <trkpt lat="22.549088851899654" lon="114.09871940721767">
        <ele>11.02990523725748</ele>
        <time>1970-01-01T00:30:25.300000Z</time>
        <extensions>
          <gpxtpx:TrackPointExtension>
            <gpxtpx:hr>160</gpxtpx:hr>
          </gpxtpx:TrackPointExtension>
        </extensions>
      </trkpt>
      <trkpt lat="22.549110374778397" lon="114.09871666183398">
        <ele>10.976172178983688</ele>
        <time>1970-01-01T00:30:26.300000Z</time>
        <extensions>
          <gpxtpx:TrackPointExtension>
            <gpxtpx:hr>160</gpxtpx:hr>
          </gpxtpx:TrackPointExtension>
        </extensions>
      </trkpt>
      <trkpt lat="22.54913177687332" lon="114.09871103117182">
        <ele>10.931387453339994</ele>
        <time>1970-01-01T00:30:27.300000Z</time>
        <extensions>
          <gpxtpx:TrackPointExtension>
            <gpxtpx:hr>160</gpxtpx:hr>
          </gpxtpx:TrackPointExtension>
        </extensions>
      </trkpt>
      <trkpt lat="22.54915279098428" lon="114.09870230349233">
        <ele>10.929065743461251</ele>
        <time>1970-01-01T00:30:28.300000Z</time>
        <extensions>
          <gpxtpx:TrackPointExtension>
            <gpxtpx:hr>160</gpxtpx:hr>
          </gpxtpx:TrackPointExtension>
        </extensions>
      </trkpt>
      <trkpt lat="22.549172248143744" lon="114.09869021082349">
        <ele>10.958800883963704</ele>
        <time>1970-01-01T00:30:29.300000Z</time>
        <extensions>
          <gpxtpx:TrackPointExtension>
            <gpxtpx:hr>161</gpxtpx:hr>
          </gpxtpx:TrackPointExtension>
        </extensions>
      </trkpt>
      <trkpt lat="22.54918989333871" lon="114.09867555917309">
        <ele>11.015991726890206</ele>
        <time>1970-01-01T00:30:30.300000Z</time>
        <extensions>
          <gpxtpx:TrackPointExtension>
            <gpxtpx:hr>161</gpxtpx:hr>
          </gpxtpx:TrackPointExtension>
        </extensions>
      </trkpt>
      <trkpt lat="22.549207025841373" lon="114.09865920505713">
        <ele>11.111913492903113</ele>
        <time>1970-01-01T00:30:31.300000Z</time>
        <extensions>
          <gpxtpx:TrackPointExtension>
            <gpxtpx:hr>161</gpxtpx:hr>
          </gpxtpx:TrackPointExtension>
        </extensions>
      </trkpt>
      <trkpt lat="22.549224250370848" lon="114.09864179211073">
        <ele>11.217488680966198</ele>
        <time>1970-01-01T00:30:32.300000Z</time>
        <extensions>
          <gpxtpx:TrackPointExtension>
            <gpxtpx:hr>161</gpxtpx:hr>
          </gpxtpx:TrackPointExtension>
        </extensions>
      </trkpt>
      <trkpt lat="22.549241589016994" lon="114.09862462032525">
        <ele>11.371371845714748</ele>
        <time>1970-01-01T00:30:33.300000Z</time>
        <extensions>
          <gpxtpx:TrackPointExtension>
            <gpxtpx:hr>161</gpxtpx:hr>
          </gpxtpx:TrackPointExtension>
        </extensions>
      </trkpt>
      <trkpt lat="22.54925959468953" lon="114.09860903771545">
        <ele>11.531695860438049</ele>
        <time>1970-01-01T00:30:34.300000Z</time>
        <extensions>
          <gpxtpx:TrackPointExtension>
            <gpxtpx:hr>162</gpxtpx:hr>
          </gpxtpx:TrackPointExtension>
        </extensions>
      </trkpt>
      <trkpt lat="22.54927876301994" lon="114.09859529990905">
        <ele>11.735263374634087</ele>
        <time>1970-01-01T00:30:35.300000Z</time>
        <extensions>
          <gpxtpx:TrackPointExtension>
            <gpxtpx:hr>162</gpxtpx:hr>
          </gpxtpx:TrackPointExtension>
        </extensions>
      </trkpt>
      <trkpt lat="22.549297999984045" lon="114.09858279250115">
        <ele>11.961900170892477</ele>
        <time>1970-01-01T00:30:36.300000Z</time>
        <extensions>
          <gpxtpx:TrackPointExtension>
            <gpxtpx:hr>162</gpxtpx:hr>
          </gpxtpx:TrackPointExtension>
        </extensions>
      </trkpt>
      <trkpt lat="22.549315688797474" lon="114.09857051466918">
        <ele>12.189898713491857</ele>
        <time>1970-01-01T00:30:37.300000Z</time>
        <extensions>
          <gpxtpx:TrackPointExtension>
            <gpxtpx:hr>162</gpxtpx:hr>
          </gpxtpx:TrackPointExtension>
        </extensions>
      </trkpt>
      <trkpt lat="22.549331893804982" lon="114.09855678166898">
        <ele>12.424050899222493</ele>
        <time>1970-01-01T00:30:38.300000Z</time>
        <extensions>
          <gpxtpx:TrackPointExtension>
            <gpxtpx:hr>162</gpxtpx:hr>
          </gpxtpx:TrackPointExtension>
        </extensions>
      </trkpt>
      <trkpt lat="22.54934772123891" lon="114.09854047524396">
        <ele>12.686731606721878</ele>
        <time>1970-01-01T00:30:39.300000Z</time>
        <extensions>
          <gpxtpx:TrackPointExtension>
            <gpxtpx:hr>162</gpxtpx:hr>
          </gpxtpx:TrackPointExtension>
        </extensions>
      </trkpt>
      <trkpt lat="22.549363721017315" lon="114.09852225286959">
        <ele>12.940571599639952</ele>
        <time>1970-01-01T00:30:40.300000Z</time>
        <extensions>
          <gpxtpx:TrackPointExtension>
            <gpxtpx:hr>162</gpxtpx:hr>
          </gpxtpx:TrackPointExtension>
        </extensions>
      </trkpt>
      <trkpt lat="22.54937970499582" lon="114.09850313440779">
        <ele>13.181417383253574</ele>
        <time>1970-01-01T00:30:41.300000Z</time>
        <extensions>
          <gpxtpx:TrackPointExtension>
            <gpxtpx:hr>162</gpxtpx:hr>
          </gpxtpx:TrackPointExtension>
        </extensions>
      </trkpt>
      <trkpt lat="22.549395968788875" lon="114.09848415330266">
        <ele>13.428541388362646</ele>
        <time>1970-01-01T00:30:42.300000Z</time>
        <extensions>
          <gpxtpx:TrackPointExtension>
            <gpxtpx:hr>162</gpxtpx:hr>
          </gpxtpx:TrackPointExtension>
        </extensions>
      </trkpt>
      <trkpt lat="22.54941277405389" lon="114.09846605346752">
        <ele>13.671017521061003</ele>
        <time>1970-01-01T00:30:43.300000Z</time>
        <extensions>
          <gpxtpx:TrackPointExtension>
            <gpxtpx:hr>162</gpxtpx:hr>
          </gpxtpx:TrackPointExtension>
        </extensions>
      </trkpt>
      <trkpt lat="22.549430164991243" lon="114.0984484962635">
        <ele>13.933004567399621</ele>
        <time>1970-01-01T00:30:44.300000Z</time>
        <extensions>
          <gpxtpx:TrackPointExtension>
            <gpxtpx:hr>162</gpxtpx:hr>
          </gpxtpx:TrackPointExtension>
        </extensions>
      </trkpt>
      <trkpt lat="22.549448733695975" lon="114.09843135995807">
        <ele>14.19807936064899</ele>
        <time>1970-01-01T00:30:45.300000Z</time>
        <extensions>
          <gpxtpx:TrackPointExtension>
            <gpxtpx:hr>162</gpxtpx:hr>
          </gpxtpx:TrackPointExtension>
        </extensions>
      </trkpt>
      <trkpt lat="22.549468888201233" lon="114.09841490268985">
        <ele>14.442296884022653</ele>
        <time>1970-01-01T00:30:46.300000Z</time>
        <extensions>
          <gpxtpx:TrackPointExtension>
            <gpxtpx:hr>164</gpxtpx:hr>
          </gpxtpx:TrackPointExtension>
        </extensions>
      </trkpt>
      <trkpt lat="22.54949027602612" lon="114.09839950960554">
        <ele>14.698874840512872</ele>
        <time>1970-01-01T00:30:47.300000Z</time>
        <extensions>
          <gpxtpx:TrackPointExtension>
            <gpxtpx:hr>164</gpxtpx:hr>
          </gpxtpx:TrackPointExtension>
        </extensions>
      </trkpt>
      <trkpt lat="22.5495119072246" lon="114.09838508839047">
        <ele>14.955882836133242</ele>
        <time>1970-01-01T00:30:48.300000Z</time>
        <extensions>
          <gpxtpx:TrackPointExtension>
            <gpxtpx:hr>164</gpxtpx:hr>
          </gpxtpx:TrackPointExtension>
        </extensions>
      </trkpt>
      <trkpt lat="22.54953290916802" lon="114.09837079600617">
        <ele>15.204258197918534</ele>
        <time>1970-01-01T00:30:49.300000Z</time>
        <extensions>
          <gpxtpx:TrackPointExtension>
            <gpxtpx:hr>164</gpxtpx:hr>
          </gpxtpx:TrackPointExtension>
        </extensions>
      </trkpt>
      <trkpt lat="22.5495525773628" lon="114.09835618147494">
        <ele>15.434214071370661</ele>
        <time>1970-01-01T00:30:50.300000Z</time>
        <extensions>
          <gpxtpx:TrackPointExtension>
            <gpxtpx:hr>164</gpxtpx:hr>
          </gpxtpx:TrackPointExtension>
        </extensions>
      </trkpt>
      <trkpt lat="22.54957116486815" lon="114.09834091727102">
        <ele>15.640437212772667</ele>
        <time>1970-01-01T00:30:51.300000Z</time>
        <extensions>
          <gpxtpx:TrackPointExtension>
            <gpxtpx:hr>164</gpxtpx:hr>
          </gpxtpx:TrackPointExtension>
        </extensions>
      </trkpt>
      <trkpt lat="22.549589541000113" lon="114.09832477031757">
        <ele>15.829311767593026</ele>
        <time>1970-01-01T00:30:52.300000Z</time>
        <extensions>
          <gpxtpx:TrackPointExtension>
            <gpxtpx:hr>164</gpxtpx:hr>
          </gpxtpx:TrackPointExtension>
        </extensions>
      </trkpt>
      <trkpt lat="22.549608139857853" lon="114.09830792846087">
        <ele>15.964174693450332</ele>
        <time>1970-01-01T00:30:53.300000Z</time>
        <extensions>
          <gpxtpx:TrackPointExtension>
            <gpxtpx:hr>165</gpxtpx:hr>
          </gpxtpx:TrackPointExtension>
        </extensions>
      </trkpt>
      <trkpt lat="22.549627313323207" lon="114.0982908471671">
        <ele>16.04108270443976</ele>
        <time>1970-01-01T00:30:54.300000Z</time>
        <extensions>
          <gpxtpx:TrackPointExtension>
            <gpxtpx:hr>165</gpxtpx:hr>
          </gpxtpx:TrackPointExtension>
        </extensions>
      </trkpt>
      <trkpt lat="22.549646578865868" lon="114.09827413678335">
        <ele>16.08857142738998</ele>
        <time>1970-01-01T00:30:55.300000Z</time>
        <extensions>
          <gpxtpx:TrackPointExtension>
            <gpxtpx:hr>165</gpxtpx:hr>
          </gpxtpx:TrackPointExtension>
        </extensions>
      </trkpt>
      <trkpt lat="22.549665027539007" lon="114.09825743652723">
        <ele>16.076690336689353</ele>
        <time>1970-01-01T00:30:56.300000Z</time>
        <extensions>
          <gpxtpx:TrackPointExtension>
            <gpxtpx:hr>165</gpxtpx:hr>
          </gpxtpx:TrackPointExtension>
        </extensions>
      </trkpt>
      <trkpt lat="22.54968239029783" lon="114.09824041430926">
        <ele>16.031602131202817</ele>
        <time>1970-01-01T00:30:57.300000Z</time>
        <extensions>
          <gpxtpx:TrackPointExtension>
            <gpxtpx:hr>165</gpxtpx:hr>
          </gpxtpx:TrackPointExtension>
        </extensions>
      </trkpt>
      <trkpt lat="22.549698972240364" lon="114.0982233417345">
        <ele>15.944010455161333</ele>
        <time>1970-01-01T00:30:58.300000Z</time>
        <extensions>
          <gpxtpx:TrackPointExtension>
            <gpxtpx:hr>165</gpxtpx:hr>
          </gpxtpx:TrackPointExtension>
        </extensions>
      </trkpt>
      <trkpt lat="22.549714529749586" lon="114.09820703682557">
        <ele>15.832287422381341</ele>
        <time>1970-01-01T00:30:59.300000Z</time>
        <extensions>
          <gpxtpx:TrackPointExtension>
            <gpxtpx:hr>165</gpxtpx:hr>
          </gpxtpx:TrackPointExtension>
        </extensions>
      </trkpt>
      <trkpt lat="22.549729477309594" lon="114.09819143263714">
        <ele>15.694036821834743</ele>
        <time>1970-01-01T00:31:00.300000Z</time>
        <extensions>
          <gpxtpx:TrackPointExtension>
            <gpxtpx:hr>165</gpxtpx:hr>
          </gpxtpx:TrackPointExtension>
        </extensions>
      </trkpt>
      <trkpt lat="22.549745185886863" lon="114.09817581514844">
        <ele>15.525950187817216</ele>
        <time>1970-01-01T00:31:01.300000Z</time>
        <extensions>
          <gpxtpx:TrackPointExtension>
            <gpxtpx:hr>165</gpxtpx:hr>
          </gpxtpx:TrackPointExtension>
        </extensions>
      </trkpt>
      <trkpt lat="22.549761713727463" lon="114.09815996552919">
        <ele>15.34043528791517</ele>
        <time>1970-01-01T00:31:02.300000Z</time>
        <extensions>
          <gpxtpx:TrackPointExtension>
            <gpxtpx:hr>165</gpxtpx:hr>
          </gpxtpx:TrackPointExtension>
        </extensions>
      </trkpt>
      <trkpt lat="22.54977834445694" lon="114.09814365890486">
        <ele>15.155716327950358</ele>
        <time>1970-01-01T00:31:03.300000Z</time>
        <extensions>
          <gpxtpx:TrackPointExtension>
            <gpxtpx:hr>165</gpxtpx:hr>
          </gpxtpx:TrackPointExtension>
        </extensions>
      </trkpt>
      <trkpt lat="22.549794484000817" lon="114.09812685165227">
        <ele>14.963440565392375</ele>
        <time>1970-01-01T00:31:04.300000Z</time>
        <extensions>
          <gpxtpx:TrackPointExtension>
            <gpxtpx:hr>165</gpxtpx:hr>
          </gpxtpx:TrackPointExtension>
        </extensions>
      </trkpt>
      <trkpt lat="22.549809565509367" lon="114.09810941451143">
        <ele>14.787440008483827</ele>
        <time>1970-01-01T00:31:05.300000Z</time>
        <extensions>
          <gpxtpx:TrackPointExtension>
            <gpxtpx:hr>165</gpxtpx:hr>
          </gpxtpx:TrackPointExtension>
        </extensions>
      </trkpt>
      <trkpt lat="22.549823261671186" lon="114.09809118268801">
        <ele>14.581262463703752</ele>
        <time>1970-01-01T00:31:06.300000Z</time>
        <extensions>
          <gpxtpx:TrackPointExtension>
            <gpxtpx:hr>165</gpxtpx:hr>
          </gpxtpx:TrackPointExtension>
        </extensions>
      </trkpt>
      <trkpt lat="22.549835836147157" lon="114.09807129396211">
        <ele>14.439240193925798</ele>
        <time>1970-01-01T00:31:07.300000Z</time>
        <extensions>
          <gpxtpx:TrackPointExtension>
            <gpxtpx:hr>165</gpxtpx:hr>
          </gpxtpx:TrackPointExtension>
        </extensions>
      </trkpt>
      <trkpt lat="22.549847740976247" lon="114.09804937362505">
        <ele>14.29951561242342</ele>
        <time>1970-01-01T00:31:08.300000Z</time>
        <extensions>
          <gpxtpx:TrackPointExtension>
            <gpxtpx:hr>165</gpxtpx:hr>
          </gpxtpx:TrackPointExtension>
        </extensions>
      </trkpt>
      <trkpt lat="22.549858974867163" lon="114.0980260497403">
        <ele>14.156003683805466</ele>
        <time>1970-01-01T00:31:09.300000Z</time>
        <extensions>
          <gpxtpx:TrackPointExtension>
            <gpxtpx:hr>165</gpxtpx:hr>
          </gpxtpx:TrackPointExtension>
        </extensions>
      </trkpt>
      <trkpt lat="22.549869243541867" lon="114.09800201765667">
        <ele>14.016782335937023</ele>
        <time>1970-01-01T00:31:10.300000Z</time>
        <extensions>
          <gpxtpx:TrackPointExtension>
            <gpxtpx:hr>165</gpxtpx:hr>
          </gpxtpx:TrackPointExtension>
        </extensions>
      </trkpt>
      <trkpt lat="22.549878852398077" lon="114.09797855914434">
        <ele>13.902476782910526</ele>
        <time>1970-01-01T00:31:11.300000Z</time>
        <extensions>
          <gpxtpx:TrackPointExtension>
            <gpxtpx:hr>165</gpxtpx:hr>
          </gpxtpx:TrackPointExtension>
        </extensions>
      </trkpt>
      <trkpt lat="22.549888968847434" lon="114.09795612676292">
        <ele>13.802890062332153</ele>
        <time>1970-01-01T00:31:12.300000Z</time>
        <extensions>
          <gpxtpx:TrackPointExtension>
            <gpxtpx:hr>165</gpxtpx:hr>
          </gpxtpx:TrackPointExtension>
        </extensions>
      </trkpt>
      <trkpt lat="22.549900977983963" lon="114.09793474221445">
        <ele>13.714206708595157</ele>
        <time>1970-01-01T00:31:13.300000Z</time>
        <extensions>
          <gpxtpx:TrackPointExtension>
            <gpxtpx:hr>165</gpxtpx:hr>
          </gpxtpx:TrackPointExtension>
        </extensions>
      </trkpt>
      <trkpt lat="22.549915117118964" lon="114.09791474032856">
        <ele>13.607935824431479</ele>
        <time>1970-01-01T00:31:14.300000Z</time>
        <extensions>
          <gpxtpx:TrackPointExtension>
            <gpxtpx:hr>165</gpxtpx:hr>
          </gpxtpx:TrackPointExtension>
        </extensions>
      </trkpt>
      <trkpt lat="22.54993101766726" lon="114.09789593640716">
        <ele>13.513009022921324</ele>
        <time>1970-01-01T00:31:15.300000Z</time>
        <extensions>
          <gpxtpx:TrackPointExtension>
            <gpxtpx:hr>165</gpxtpx:hr>
          </gpxtpx:TrackPointExtension>
        </extensions>
      </trkpt>
      <trkpt lat="22.549948250999293" lon="114.09787792445779">
        <ele>13.426439121365547</ele>
        <time>1970-01-01T00:31:16.300000Z</time>
        <extensions>
          <gpxtpx:TrackPointExtension>
            <gpxtpx:hr>165</gpxtpx:hr>
          </gpxtpx:TrackPointExtension>
        </extensions>
      </trkpt>
      <trkpt lat="22.549966271780846" lon="114.09785972504812">
        <ele>13.335596623830497</ele>
        <time>1970-01-01T00:31:17.300000Z</time>
        <extensions>
          <gpxtpx:TrackPointExtension>
            <gpxtpx:hr>165</gpxtpx:hr>
          </gpxtpx:TrackPointExtension>
        </extensions>
      </trkpt>
      <trkpt lat="22.549984838950046" lon="114.09784129949036">
        <ele>13.25041250884533</ele>
        <time>1970-01-01T00:31:18.300000Z</time>
        <extensions>
          <gpxtpx:TrackPointExtension>
            <gpxtpx:hr>165</gpxtpx:hr>
          </gpxtpx:TrackPointExtension>
        </extensions>
      </trkpt>
      <trkpt lat="22.55000342769692" lon="114.09782389080917">
        <ele>13.189501378685236</ele>
        <time>1970-01-01T00:31:19.300000Z</time>
        <extensions>
          <gpxtpx:TrackPointExtension>
            <gpxtpx:hr>165</gpxtpx:hr>
          </gpxtpx:TrackPointExtension>
        </extensions>
      </trkpt>
      <trkpt lat="22.550022149717968" lon="114.09780823588709">
        <ele>13.138865783810616</ele>
        <time>1970-01-01T00:31:20.300000Z</time>
        <extensions>
          <gpxtpx:TrackPointExtension>
            <gpxtpx:hr>165</gpxtpx:hr>
          </gpxtpx:TrackPointExtension>
        </extensions>
      </trkpt>
      <trkpt lat="22.550041808044014" lon="114.0977938468852">
        <ele>13.09928528405726</ele>
        <time>1970-01-01T00:31:21.300000Z</time>
        <extensions>
          <gpxtpx:TrackPointExtension>
            <gpxtpx:hr>165</gpxtpx:hr>
          </gpxtpx:TrackPointExtension>
        </extensions>
      </trkpt>
      <trkpt lat="22.550061894395586" lon="114.09778007829324">
        <ele>13.060699099674821</ele>
        <time>1970-01-01T00:31:22.300000Z</time>
        <extensions>
          <gpxtpx:TrackPointExtension>
            <gpxtpx:hr>165</gpxtpx:hr>
          </gpxtpx:TrackPointExtension>
        </extensions>
      </trkpt>
      <trkpt lat="22.55008180843174" lon="114.097766428227">
        <ele>13.060000146739185</ele>
        <time>1970-01-01T00:31:23.300000Z</time>
        <extensions>
          <gpxtpx:TrackPointExtension>
            <gpxtpx:hr>165</gpxtpx:hr>
          </gpxtpx:TrackPointExtension>
        </extensions>
      </trkpt>
      <trkpt lat="22.55010173397897" lon="114.09775211890471">
        <ele>13.061807794496417</ele>
        <time>1970-01-01T00:31:24.300000Z</time>
        <extensions>
          <gpxtpx:TrackPointExtension>
            <gpxtpx:hr>165</gpxtpx:hr>
          </gpxtpx:TrackPointExtension>
        </extensions>
      </trkpt>
      <trkpt lat="22.550121334755396" lon="114.09773663823702">
        <ele>13.055479319766164</ele>
        <time>1970-01-01T00:31:25.300000Z</time>
        <extensions>
          <gpxtpx:TrackPointExtension>
            <gpxtpx:hr>165</gpxtpx:hr>
          </gpxtpx:TrackPointExtension>
        </extensions>
      </trkpt>
      <trkpt lat="22.550139917457006" lon="114.09771987250328">
        <ele>13.058255093172193</ele>
        <time>1970-01-01T00:31:26.300000Z</time>
        <extensions>
          <gpxtpx:TrackPointExtension>
            <gpxtpx:hr>165</gpxtpx:hr>
          </gpxtpx:TrackPointExtension>
        </extensions>
      </trkpt>
      <trkpt lat="22.550156953826814" lon="114.09770166535364">
        <ele>13.060624366626143</ele>
        <time>1970-01-01T00:31:27.300000Z</time>
        <extensions>
          <gpxtpx:TrackPointExtension>
            <gpxtpx:hr>164</gpxtpx:hr>
          </gpxtpx:TrackPointExtension>
        </extensions>
      </trkpt>
      <trkpt lat="22.550171190689134" lon="114.0976808561586">
        <ele>13.056147968396544</ele>
        <time>1970-01-01T00:31:28.300000Z</time>
        <extensions>
          <gpxtpx:TrackPointExtension>
            <gpxtpx:hr>164</gpxtpx:hr>
          </gpxtpx:TrackPointExtension>
        </extensions>
      </trkpt>
      <trkpt lat="22.550180583022698" lon="114.09765696351651">
        <ele>13.051015484146774</ele>
        <time>1970-01-01T00:31:29.300000Z</time>
        <extensions>
          <gpxtpx:TrackPointExtension>
            <gpxtpx:hr>164</gpxtpx:hr>
          </gpxtpx:TrackPointExtension>
        </extensions>
      </trkpt>
      <trkpt lat="22.550183987541416" lon="114.09763100230593">
        <ele>13.049436840228736</ele>
        <time>1970-01-01T00:31:30.300000Z</time>
        <extensions>
          <gpxtpx:TrackPointExtension>
            <gpxtpx:hr>164</gpxtpx:hr>
          </gpxtpx:TrackPointExtension>
        </extensions>
      </trkpt>
      <trkpt lat="22.550182013201518" lon="114.0976045970727">
        <ele>13.01716427411884</ele>
        <time>1970-01-01T00:31:31.300000Z</time>
        <extensions>
          <gpxtpx:TrackPointExtension>
            <gpxtpx:hr>163</gpxtpx:hr>
          </gpxtpx:TrackPointExtension>
        </extensions>
      </trkpt>
      <trkpt lat="22.55017649130853" lon="114.09757838627131">
        <ele>12.965684181079268</ele>
        <time>1970-01-01T00:31:32.300000Z</time>
        <extensions>
          <gpxtpx:TrackPointExtension>
            <gpxtpx:hr>163</gpxtpx:hr>
          </gpxtpx:TrackPointExtension>
        </extensions>
      </trkpt>
      <trkpt lat="22.55016900483351" lon="114.09755167652277">
        <ele>12.892572189681232</ele>
        <time>1970-01-01T00:31:33.300000Z</time>
        <extensions>
          <gpxtpx:TrackPointExtension>
            <gpxtpx:hr>163</gpxtpx:hr>
          </gpxtpx:TrackPointExtension>
        </extensions>
      </trkpt>
      <trkpt lat="22.550160468948583" lon="114.09752483936563">
        <ele>12.772895442321897</ele>
        <time>1970-01-01T00:31:34.300000Z</time>
        <extensions>
          <gpxtpx:TrackPointExtension>
            <gpxtpx:hr>163</gpxtpx:hr>
          </gpxtpx:TrackPointExtension>
        </extensions>
      </trkpt>
      <trkpt lat="22.550151577985517" lon="114.09749864950142">
        <ele>12.654435782693326</ele>
        <time>1970-01-01T00:31:35.300000Z</time>
        <extensions>
          <gpxtpx:TrackPointExtension>
            <gpxtpx:hr>163</gpxtpx:hr>
          </gpxtpx:TrackPointExtension>
        </extensions>
      </trkpt>
      <trkpt lat="22.550142655136955" lon="114.09747355464407">
        <ele>12.499657814390957</ele>
        <time>1970-01-01T00:31:36.300000Z</time>
        <extensions>
          <gpxtpx:TrackPointExtension>
            <gpxtpx:hr>163</gpxtpx:hr>
          </gpxtpx:TrackPointExtension>
        </extensions>
      </trkpt>
      <trkpt lat="22.550133302772885" lon="114.09744916134274">
        <ele>12.339557480998337</ele>
        <time>1970-01-01T00:31:37.300000Z</time>
        <extensions>
          <gpxtpx:TrackPointExtension>
            <gpxtpx:hr>163</gpxtpx:hr>
          </gpxtpx:TrackPointExtension>
        </extensions>
      </trkpt>
      <trkpt lat="22.55012359488823" lon="114.0974250878695">
        <ele>12.167250538244843</ele>
        <time>1970-01-01T00:31:38.300000Z</time>
        <extensions>
          <gpxtpx:TrackPointExtension>
            <gpxtpx:hr>163</gpxtpx:hr>
          </gpxtpx:TrackPointExtension>
        </extensions>
      </trkpt>
      <trkpt lat="22.550113538938678" lon="114.09740108967225">
        <ele>12.012505965307355</ele>
        <time>1970-01-01T00:31:39.300000Z</time>
        <extensions>
          <gpxtpx:TrackPointExtension>
            <gpxtpx:hr>163</gpxtpx:hr>
          </gpxtpx:TrackPointExtension>
        </extensions>
      </trkpt>
      <trkpt lat="22.550102799638996" lon="114.09737689646042">
        <ele>11.849072102457285</ele>
        <time>1970-01-01T00:31:40.300000Z</time>
        <extensions>
          <gpxtpx:TrackPointExtension>
            <gpxtpx:hr>163</gpxtpx:hr>
          </gpxtpx:TrackPointExtension>
        </extensions>
      </trkpt>
      <trkpt lat="22.5500912738079" lon="114.09735297896997">
        <ele>11.673120041377842</ele>
        <time>1970-01-01T00:31:41.300000Z</time>
        <extensions>
          <gpxtpx:TrackPointExtension>
            <gpxtpx:hr>163</gpxtpx:hr>
          </gpxtpx:TrackPointExtension>
        </extensions>
      </trkpt>
      <trkpt lat="22.55007900814896" lon="114.0973297557326">
        <ele>11.470559489913285</ele>
        <time>1970-01-01T00:31:42.300000Z</time>
        <extensions>
          <gpxtpx:TrackPointExtension>
            <gpxtpx:hr>163</gpxtpx:hr>
          </gpxtpx:TrackPointExtension>
        </extensions>
      </trkpt>
      <trkpt lat="22.550065990231364" lon="114.09730617810959">
        <ele>11.3023372143507</ele>
        <time>1970-01-01T00:31:43.300000Z</time>
        <extensions>
          <gpxtpx:TrackPointExtension>
            <gpxtpx:hr>163</gpxtpx:hr>
          </gpxtpx:TrackPointExtension>
        </extensions>
      </trkpt>
      <trkpt lat="22.550052285408356" lon="114.09728181287403">
        <ele>11.144888245500624</ele>
        <time>1970-01-01T00:31:44.300000Z</time>
        <extensions>
          <gpxtpx:TrackPointExtension>
            <gpxtpx:hr>163</gpxtpx:hr>
          </gpxtpx:TrackPointExtension>
        </extensions>
      </trkpt>
      <trkpt lat="22.550037685298438" lon="114.09725813890985">
        <ele>10.997096823528409</ele>
        <time>1970-01-01T00:31:45.300000Z</time>
        <extensions>
          <gpxtpx:TrackPointExtension>
            <gpxtpx:hr>163</gpxtpx:hr>
          </gpxtpx:TrackPointExtension>
        </extensions>
      </trkpt>
      <trkpt lat="22.550022051568575" lon="114.09723650769824">
        <ele>10.85025062225759</ele>
        <time>1970-01-01T00:31:46.300000Z</time>
        <extensions>
          <gpxtpx:TrackPointExtension>
            <gpxtpx:hr>162</gpxtpx:hr>
          </gpxtpx:TrackPointExtension>
        </extensions>
      </trkpt>
      <trkpt lat="22.55000531551506" lon="114.09721639420248">
        <ele>10.704903550446033</ele>
        <time>1970-01-01T00:31:47.300000Z</time>
        <extensions>
          <gpxtpx:TrackPointExtension>
            <gpxtpx:hr>162</gpxtpx:hr>
          </gpxtpx:TrackPointExtension>
        </extensions>
      </trkpt>
      <trkpt lat="22.549987332946504" lon="114.09719677577492">
        <ele>10.561169876717031</ele>
        <time>1970-01-01T00:31:48.300000Z</time>
        <extensions>
          <gpxtpx:TrackPointExtension>
            <gpxtpx:hr>162</gpxtpx:hr>
          </gpxtpx:TrackPointExtension>
        </extensions>
      </trkpt>
      <trkpt lat="22.54996786322297" lon="114.09717816517599">
        <ele>10.43641824182123</ele>
        <time>1970-01-01T00:31:49.300000Z</time>
        <extensions>
          <gpxtpx:TrackPointExtension>
            <gpxtpx:hr>162</gpxtpx:hr>
          </gpxtpx:TrackPointExtension>
        </extensions>
      </trkpt>
      <trkpt lat="22.549947274875397" lon="114.09716216527409">
        <ele>10.316295150667429</ele>
        <time>1970-01-01T00:31:50.300000Z</time>
        <extensions>
          <gpxtpx:TrackPointExtension>
            <gpxtpx:hr>162</gpxtpx:hr>
          </gpxtpx:TrackPointExtension>
        </extensions>
      </trkpt>
      <trkpt lat="22.54992610411017" lon="114.09714886767848">
        <ele>10.190263313241303</ele>
        <time>1970-01-01T00:31:51.300000Z</time>
        <extensions>
          <gpxtpx:TrackPointExtension>
            <gpxtpx:hr>162</gpxtpx:hr>
          </gpxtpx:TrackPointExtension>
        </extensions>
      </trkpt>
      <trkpt lat="22.54990467885032" lon="114.09713656280363">
        <ele>10.052495890296996</ele>
        <time>1970-01-01T00:31:52.300000Z</time>
        <extensions>
          <gpxtpx:TrackPointExtension>
            <gpxtpx:hr>161</gpxtpx:hr>
          </gpxtpx:TrackPointExtension>
        </extensions>
      </trkpt>
      <trkpt lat="22.549882505323588" lon="114.0971229938998">
        <ele>9.907534905709326</ele>
        <time>1970-01-01T00:31:53.300000Z</time>
        <extensions>
          <gpxtpx:TrackPointExtension>
            <gpxtpx:hr>161</gpxtpx:hr>
          </gpxtpx:TrackPointExtension>
        </extensions>
      </trkpt>
      <trkpt lat="22.549859792967688" lon="114.09710784725782">
        <ele>9.780167076736689</ele>
        <time>1970-01-01T00:31:54.300000Z</time>
        <extensions>
          <gpxtpx:TrackPointExtension>
            <gpxtpx:hr>161</gpxtpx:hr>
          </gpxtpx:TrackPointExtension>
        </extensions>
      </trkpt>
      <trkpt lat="22.549837496931747" lon="114.09709268854698">
        <ele>9.648601366207004</ele>
        <time>1970-01-01T00:31:55.300000Z</time>
        <extensions>
          <gpxtpx:TrackPointExtension>
            <gpxtpx:hr>161</gpxtpx:hr>
          </gpxtpx:TrackPointExtension>
        </extensions>
      </trkpt>
      <trkpt lat="22.54981516609612" lon="114.09707845187879">
        <ele>9.516009739600122</ele>
        <time>1970-01-01T00:31:56.300000Z</time>
        <extensions>
          <gpxtpx:TrackPointExtension>
            <gpxtpx:hr>161</gpxtpx:hr>
          </gpxtpx:TrackPointExtension>
        </extensions>
      </trkpt>
      <trkpt lat="22.54979244480085" lon="114.09706528478567">
        <ele>9.40766401682049</ele>
        <time>1970-01-01T00:31:57.300000Z</time>
        <extensions>
          <gpxtpx:TrackPointExtension>
            <gpxtpx:hr>160</gpxtpx:hr>
          </gpxtpx:TrackPointExtension>
        </extensions>
      </trkpt>
      <trkpt lat="22.54976939129338" lon="114.0970524586497">
        <ele>9.337366941384971</ele>
        <time>1970-01-01T00:31:58.300000Z</time>
        <extensions>
          <gpxtpx:TrackPointExtension>
            <gpxtpx:hr>160</gpxtpx:hr>
          </gpxtpx:TrackPointExtension>
        </extensions>
      </trkpt>
      <trkpt lat="22.54974586639463" lon="114.09703910374074">
        <ele>9.264189852401614</ele>
        <time>1970-01-01T00:31:59.300000Z</time>
        <extensions>
          <gpxtpx:TrackPointExtension>
            <gpxtpx:hr>160</gpxtpx:hr>
          </gpxtpx:TrackPointExtension>
        </extensions>
      </trkpt>
      <trkpt lat="22.549721894956793" lon="114.09702473494285">
        <ele>9.21793578285724</ele>
        <time>1970-01-01T00:32:00.300000Z</time>
        <extensions>
          <gpxtpx:TrackPointExtension>
            <gpxtpx:hr>160</gpxtpx:hr>
          </gpxtpx:TrackPointExtension>
        </extensions>
      </trkpt>
      <trkpt lat="22.54969877077145" lon="114.09700922904699">
        <ele>9.194352674297988</ele>
        <time>1970-01-01T00:32:01.300000Z</time>
        <extensions>
          <gpxtpx:TrackPointExtension>
            <gpxtpx:hr>158</gpxtpx:hr>
          </gpxtpx:TrackPointExtension>
        </extensions>
      </trkpt>
      <trkpt lat="22.549677608442995" lon="114.09699243099662">
        <ele>9.184387336485088</ele>
        <time>1970-01-01T00:32:02.300000Z</time>
        <extensions>
          <gpxtpx:TrackPointExtension>
            <gpxtpx:hr>158</gpxtpx:hr>
          </gpxtpx:TrackPointExtension>
        </extensions>
      </trkpt>
      <trkpt lat="22.549657733636785" lon="114.09697457006641">
        <ele>9.18976573087275</ele>
        <time>1970-01-01T00:32:03.300000Z</time>
        <extensions>
          <gpxtpx:TrackPointExtension>
            <gpxtpx:hr>158</gpxtpx:hr>
          </gpxtpx:TrackPointExtension>
        </extensions>
      </trkpt>
      <trkpt lat="22.54963900890082" lon="114.0969563833717">
        <ele>9.216907387599349</ele>
        <time>1970-01-01T00:32:04.300000Z</time>
        <extensions>
          <gpxtpx:TrackPointExtension>
            <gpxtpx:hr>158</gpxtpx:hr>
          </gpxtpx:TrackPointExtension>
        </extensions>
      </trkpt>
      <trkpt lat="22.549621794351808" lon="114.09693866455441">
        <ele>9.235701328143477</ele>
        <time>1970-01-01T00:32:05.300000Z</time>
        <extensions>
          <gpxtpx:TrackPointExtension>
            <gpxtpx:hr>158</gpxtpx:hr>
          </gpxtpx:TrackPointExtension>
        </extensions>
      </trkpt>
      <trkpt lat="22.549605552341355" lon="114.09692243870313">
        <ele>9.275419190526009</ele>
        <time>1970-01-01T00:32:06.300000Z</time>
        <extensions>
          <gpxtpx:TrackPointExtension>
            <gpxtpx:hr>157</gpxtpx:hr>
          </gpxtpx:TrackPointExtension>
        </extensions>
      </trkpt>
      <trkpt lat="22.549588704026316" lon="114.09690792676292">
        <ele>9.311594657599926</ele>
        <time>1970-01-01T00:32:07.300000Z</time>
        <extensions>
          <gpxtpx:TrackPointExtension>
            <gpxtpx:hr>157</gpxtpx:hr>
          </gpxtpx:TrackPointExtension>
        </extensions>
      </trkpt>
      <trkpt lat="22.549569736381994" lon="114.09689573056282">
        <ele>9.37710056360811</ele>
        <time>1970-01-01T00:32:08.300000Z</time>
        <extensions>
          <gpxtpx:TrackPointExtension>
            <gpxtpx:hr>157</gpxtpx:hr>
          </gpxtpx:TrackPointExtension>
        </extensions>
      </trkpt>
      <trkpt lat="22.549547753347294" lon="114.09688760114169">
        <ele>9.441996204666793</ele>
        <time>1970-01-01T00:32:09.300000Z</time>
        <extensions>
          <gpxtpx:TrackPointExtension>
            <gpxtpx:hr>157</gpxtpx:hr>
          </gpxtpx:TrackPointExtension>
        </extensions>
      </trkpt>
      <trkpt lat="22.54952341134391" lon="114.09688529843626">
        <ele>9.516019360162318</ele>
        <time>1970-01-01T00:32:10.300000Z</time>
        <extensions>
          <gpxtpx:TrackPointExtension>
            <gpxtpx:hr>157</gpxtpx:hr>
          </gpxtpx:TrackPointExtension>
        </extensions>
      </trkpt>
      <trkpt lat="22.54949878063165" lon="114.09688913587001">
        <ele>9.599034920334816</ele>
        <time>1970-01-01T00:32:11.300000Z</time>
        <extensions>
          <gpxtpx:TrackPointExtension>
            <gpxtpx:hr>157</gpxtpx:hr>
          </gpxtpx:TrackPointExtension>
        </extensions>
      </trkpt>
      <trkpt lat="22.54947537064335" lon="114.09689751339944">
        <ele>9.689728185534477</ele>
        <time>1970-01-01T00:32:12.300000Z</time>
        <extensions>
          <gpxtpx:TrackPointExtension>
            <gpxtpx:hr>157</gpxtpx:hr>
          </gpxtpx:TrackPointExtension>
        </extensions>
      </trkpt>
      <trkpt lat="22.549453491606307" lon="114.09690865883967">
        <ele>9.777037434279919</ele>
        <time>1970-01-01T00:32:13.300000Z</time>
        <extensions>
          <gpxtpx:TrackPointExtension>
            <gpxtpx:hr>157</gpxtpx:hr>
          </gpxtpx:TrackPointExtension>
        </extensions>
      </trkpt>
      <trkpt lat="22.549432159226644" lon="114.09692099864314">
        <ele>9.858971720561385</ele>
        <time>1970-01-01T00:32:14.300000Z</time>
        <extensions>
          <gpxtpx:TrackPointExtension>
            <gpxtpx:hr>157</gpxtpx:hr>
          </gpxtpx:TrackPointExtension>
        </extensions>
      </trkpt>
      <trkpt lat="22.549410396061486" lon="114.09693266750207">
        <ele>9.946528147906065</ele>
        <time>1970-01-01T00:32:15.300000Z</time>
        <extensions>
          <gpxtpx:TrackPointExtension>
            <gpxtpx:hr>157</gpxtpx:hr>
          </gpxtpx:TrackPointExtension>
        </extensions>
      </trkpt>
      <trkpt lat="22.549387966510647" lon="114.09694241190886">
        <ele>10.032372857443988</ele>
        <time>1970-01-01T00:32:16.300000Z</time>
        <extensions>
          <gpxtpx:TrackPointExtension>
            <gpxtpx:hr>157</gpxtpx:hr>
          </gpxtpx:TrackPointExtension>
        </extensions>
      </trkpt>
      <trkpt lat="22.54936495991507" lon="114.09695064640866">
        <ele>10.117202711291611</ele>
        <time>1970-01-01T00:32:17.300000Z</time>
        <extensions>
          <gpxtpx:TrackPointExtension>
            <gpxtpx:hr>155</gpxtpx:hr>
          </gpxtpx:TrackPointExtension>
        </extensions>
      </trkpt>
      <trkpt lat="22.549341439315395" lon="114.09695859839448">
        <ele>10.197999075055122</ele>
        <time>1970-01-01T00:32:18.300000Z</time>
        <extensions>
          <gpxtpx:TrackPointExtension>
            <gpxtpx:hr>155</gpxtpx:hr>
          </gpxtpx:TrackPointExtension>
        </extensions>
      </trkpt>
      <trkpt lat="22.54931804358473" lon="114.09696699217953">
        <ele>10.295939655974507</ele>
        <time>1970-01-01T00:32:19.300000Z</time>
        <extensions>
          <gpxtpx:TrackPointExtension>
            <gpxtpx:hr>155</gpxtpx:hr>
          </gpxtpx:TrackPointExtension>
        </extensions>
      </trkpt>
      <trkpt lat="22.5492949910773" lon="114.09697583069983">
        <ele>10.393709282390773</ele>
        <time>1970-01-01T00:32:20.300000Z</time>
        <extensions>
          <gpxtpx:TrackPointExtension>
            <gpxtpx:hr>155</gpxtpx:hr>
          </gpxtpx:TrackPointExtension>
        </extensions>
      </trkpt>
      <trkpt lat="22.54927205637714" lon="114.0969844309839">
        <ele>10.493772848509252</ele>
        <time>1970-01-01T00:32:21.300000Z</time>
        <extensions>
          <gpxtpx:TrackPointExtension>
            <gpxtpx:hr>155</gpxtpx:hr>
          </gpxtpx:TrackPointExtension>
        </extensions>
      </trkpt>
      <trkpt lat="22.549248764777914" lon="114.09699191631537">
        <ele>10.567965279333293</ele>
        <time>1970-01-01T00:32:22.300000Z</time>
        <extensions>
          <gpxtpx:TrackPointExtension>
            <gpxtpx:hr>155</gpxtpx:hr>
          </gpxtpx:TrackPointExtension>
        </extensions>
      </trkpt>
      <trkpt lat="22.549224168989106" lon="114.09699797791346">
        <ele>10.645479904487729</ele>
        <time>1970-01-01T00:32:23.300000Z</time>
        <extensions>
          <gpxtpx:TrackPointExtension>
            <gpxtpx:hr>155</gpxtpx:hr>
          </gpxtpx:TrackPointExtension>
        </extensions>
      </trkpt>
      <trkpt lat="22.5491983875913" lon="114.09700297217523">
        <ele>10.687491150572896</ele>
        <time>1970-01-01T00:32:24.300000Z</time>
        <extensions>
          <gpxtpx:TrackPointExtension>
            <gpxtpx:hr>155</gpxtpx:hr>
          </gpxtpx:TrackPointExtension>
        </extensions>
      </trkpt>
      <trkpt lat="22.54917178161192" lon="114.09700760288936">
        <ele>10.710618767887354</ele>
        <time>1970-01-01T00:32:25.300000Z</time>
        <extensions>
          <gpxtpx:TrackPointExtension>
            <gpxtpx:hr>155</gpxtpx:hr>
          </gpxtpx:TrackPointExtension>
        </extensions>
      </trkpt>
      <trkpt lat="22.54914473308864" lon="114.0970125850189">
        <ele>10.720699759200215</ele>
        <time>1970-01-01T00:32:26.300000Z</time>
        <extensions>
          <gpxtpx:TrackPointExtension>
            <gpxtpx:hr>155</gpxtpx:hr>
          </gpxtpx:TrackPointExtension>
        </extensions>
      </trkpt>
      <trkpt lat="22.549118095764047" lon="114.09701817591521">
        <ele>10.743886216543615</ele>
        <time>1970-01-01T00:32:27.300000Z</time>
        <extensions>
          <gpxtpx:TrackPointExtension>
            <gpxtpx:hr>155</gpxtpx:hr>
          </gpxtpx:TrackPointExtension>
        </extensions>
      </trkpt>
      <trkpt lat="22.54909201727807" lon="114.09702424129522">
        <ele>10.746886440552771</ele>
        <time>1970-01-01T00:32:28.300000Z</time>
        <extensions>
          <gpxtpx:TrackPointExtension>
            <gpxtpx:hr>155</gpxtpx:hr>
          </gpxtpx:TrackPointExtension>
        </extensions>
      </trkpt>
      <trkpt lat="22.549066222781878" lon="114.09703064483844">
        <ele>10.772236031480134</ele>
        <time>1970-01-01T00:32:29.300000Z</time>
        <extensions>
          <gpxtpx:TrackPointExtension>
            <gpxtpx:hr>155</gpxtpx:hr>
          </gpxtpx:TrackPointExtension>
        </extensions>
      </trkpt>
      <trkpt lat="22.549040280740176" lon="114.09703753257058">
        <ele>10.787803402170539</ele>
        <time>1970-01-01T00:32:30.300000Z</time>
        <extensions>
          <gpxtpx:TrackPointExtension>
            <gpxtpx:hr>154</gpxtpx:hr>
          </gpxtpx:TrackPointExtension>
        </extensions>
      </trkpt>
      <trkpt lat="22.54901469578369" lon="114.09704510622817">
        <ele>10.80233657732606</ele>
        <time>1970-01-01T00:32:31.300000Z</time>
        <extensions>
          <gpxtpx:TrackPointExtension>
            <gpxtpx:hr>154</gpxtpx:hr>
          </gpxtpx:TrackPointExtension>
        </extensions>
      </trkpt>
      <trkpt lat="22.5489903578739" lon="114.09705340085769">
        <ele>10.824039905332029</ele>
        <time>1970-01-01T00:32:32.300000Z</time>
        <extensions>
          <gpxtpx:TrackPointExtension>
            <gpxtpx:hr>154</gpxtpx:hr>
          </gpxtpx:TrackPointExtension>
        </extensions>
      </trkpt>
      <trkpt lat="22.548967231260626" lon="114.09706285769218">
        <ele>10.856810021214187</ele>
        <time>1970-01-01T00:32:33.300000Z</time>
        <extensions>
          <gpxtpx:TrackPointExtension>
            <gpxtpx:hr>154</gpxtpx:hr>
          </gpxtpx:TrackPointExtension>
        </extensions>
      </trkpt>
      <trkpt lat="22.548945277173402" lon="114.0970740867051">
        <ele>10.898933690972626</ele>
        <time>1970-01-01T00:32:34.300000Z</time>
        <extensions>
          <gpxtpx:TrackPointExtension>
            <gpxtpx:hr>154</gpxtpx:hr>
          </gpxtpx:TrackPointExtension>
        </extensions>
      </trkpt>
      <trkpt lat="22.5489240101357" lon="114.09708686653146">
        <ele>10.959743025712669</ele>
        <time>1970-01-01T00:32:35.300000Z</time>
        <extensions>
          <gpxtpx:TrackPointExtension>
            <gpxtpx:hr>154</gpxtpx:hr>
          </gpxtpx:TrackPointExtension>
        </extensions>
      </trkpt>
      <trkpt lat="22.54890311545493" lon="114.09710064826216">
        <ele>11.03780921176076</ele>
        <time>1970-01-01T00:32:36.300000Z</time>
        <extensions>
          <gpxtpx:TrackPointExtension>
            <gpxtpx:hr>154</gpxtpx:hr>
          </gpxtpx:TrackPointExtension>
        </extensions>
      </trkpt>
      <trkpt lat="22.548882837120328" lon="114.09711538167439">
        <ele>11.120328227989376</ele>
        <time>1970-01-01T00:32:37.300000Z</time>
        <extensions>
          <gpxtpx:TrackPointExtension>
            <gpxtpx:hr>154</gpxtpx:hr>
          </gpxtpx:TrackPointExtension>
        </extensions>
      </trkpt>
      <trkpt lat="22.548863596115712" lon="114.09713152921759">
        <ele>11.192833671346307</ele>
        <time>1970-01-01T00:32:38.300000Z</time>
        <extensions>
          <gpxtpx:TrackPointExtension>
            <gpxtpx:hr>154</gpxtpx:hr>
          </gpxtpx:TrackPointExtension>
        </extensions>
      </trkpt>
      <trkpt lat="22.548845493545116" lon="114.09714942547635">
        <ele>11.256548800505698</ele>
        <time>1970-01-01T00:32:39.300000Z</time>
        <extensions>
          <gpxtpx:TrackPointExtension>
            <gpxtpx:hr>154</gpxtpx:hr>
          </gpxtpx:TrackPointExtension>
        </extensions>
      </trkpt>
      <trkpt lat="22.548827929726507" lon="114.0971687829635">
        <ele>11.323414109647274</ele>
        <time>1970-01-01T00:32:40.300000Z</time>
        <extensions>
          <gpxtpx:TrackPointExtension>
            <gpxtpx:hr>154</gpxtpx:hr>
          </gpxtpx:TrackPointExtension>
        </extensions>
      </trkpt>
      <trkpt lat="22.548810345613514" lon="114.09718823301242">
        <ele>11.369576277211308</ele>
        <time>1970-01-01T00:32:41.300000Z</time>
        <extensions>
          <gpxtpx:TrackPointExtension>
            <gpxtpx:hr>154</gpxtpx:hr>
          </gpxtpx:TrackPointExtension>
        </extensions>
      </trkpt>
      <trkpt lat="22.5487921255485" lon="114.09720675425507">
        <ele>11.397835263051093</ele>
        <time>1970-01-01T00:32:42.300000Z</time>
        <extensions>
          <gpxtpx:TrackPointExtension>
            <gpxtpx:hr>154</gpxtpx:hr>
          </gpxtpx:TrackPointExtension>
        </extensions>
      </trkpt>
      <trkpt lat="22.548773349165334" lon="114.0972239625484">
        <ele>11.419467493891716</ele>
        <time>1970-01-01T00:32:43.300000Z</time>
        <extensions>
          <gpxtpx:TrackPointExtension>
            <gpxtpx:hr>154</gpxtpx:hr>
          </gpxtpx:TrackPointExtension>
        </extensions>
      </trkpt>
      <trkpt lat="22.548754216908595" lon="114.09723964031993">
        <ele>11.438347583636642</ele>
        <time>1970-01-01T00:32:44.300000Z</time>
        <extensions>
          <gpxtpx:TrackPointExtension>
            <gpxtpx:hr>154</gpxtpx:hr>
          </gpxtpx:TrackPointExtension>
        </extensions>
      </trkpt>
      <trkpt lat="22.548734224866827" lon="114.09725393437903">
        <ele>11.427619994617999</ele>
        <time>1970-01-01T00:32:45.300000Z</time>
        <extensions>
          <gpxtpx:TrackPointExtension>
            <gpxtpx:hr>154</gpxtpx:hr>
          </gpxtpx:TrackPointExtension>
        </extensions>
      </trkpt>
      <trkpt lat="22.54871336765434" lon="114.09726719054395">
        <ele>11.398621758446097</ele>
        <time>1970-01-01T00:32:46.300000Z</time>
        <extensions>
          <gpxtpx:TrackPointExtension>
            <gpxtpx:hr>154</gpxtpx:hr>
          </gpxtpx:TrackPointExtension>
        </extensions>
      </trkpt>
      <trkpt lat="22.548692182567002" lon="114.09728000956144">
        <ele>11.359720501117408</ele>
        <time>1970-01-01T00:32:47.300000Z</time>
        <extensions>
          <gpxtpx:TrackPointExtension>
            <gpxtpx:hr>154</gpxtpx:hr>
          </gpxtpx:TrackPointExtension>
        </extensions>
      </trkpt>
      <trkpt lat="22.54867090079331" lon="114.09729280559355">
        <ele>11.310368218459189</ele>
        <time>1970-01-01T00:32:48.300000Z</time>
        <extensions>
          <gpxtpx:TrackPointExtension>
            <gpxtpx:hr>154</gpxtpx:hr>
          </gpxtpx:TrackPointExtension>
        </extensions>
      </trkpt>
      <trkpt lat="22.54864961769535" lon="114.09730612251475">
        <ele>11.245367952622473</ele>
        <time>1970-01-01T00:32:49.300000Z</time>
        <extensions>
          <gpxtpx:TrackPointExtension>
            <gpxtpx:hr>154</gpxtpx:hr>
          </gpxtpx:TrackPointExtension>
        </extensions>
      </trkpt>
      <trkpt lat="22.54862890901623" lon="114.09732026490697">
        <ele>11.169964000582695</ele>
        <time>1970-01-01T00:32:50.300000Z</time>
        <extensions>
          <gpxtpx:TrackPointExtension>
            <gpxtpx:hr>154</gpxtpx:hr>
          </gpxtpx:TrackPointExtension>
        </extensions>
      </trkpt>
      <trkpt lat="22.54860856035845" lon="114.09733520655415">
        <ele>11.096825033426285</ele>
        <time>1970-01-01T00:32:51.300000Z</time>
        <extensions>
          <gpxtpx:TrackPointExtension>
            <gpxtpx:hr>154</gpxtpx:hr>
          </gpxtpx:TrackPointExtension>
        </extensions>
      </trkpt>
      <trkpt lat="22.548588042586974" lon="114.0973510432024">
        <ele>11.042720548808575</ele>
        <time>1970-01-01T00:32:52.300000Z</time>
        <extensions>
          <gpxtpx:TrackPointExtension>
            <gpxtpx:hr>154</gpxtpx:hr>
          </gpxtpx:TrackPointExtension>
        </extensions>
      </trkpt>
      <trkpt lat="22.548568250449126" lon="114.09736744369174">
        <ele>10.988565494306386</ele>
        <time>1970-01-01T00:32:53.300000Z</time>
        <extensions>
          <gpxtpx:TrackPointExtension>
            <gpxtpx:hr>154</gpxtpx:hr>
          </gpxtpx:TrackPointExtension>
        </extensions>
      </trkpt>
      <trkpt lat="22.54855004445204" lon="114.09738430073222">
        <ele>10.91220930032432</ele>
        <time>1970-01-01T00:32:54.300000Z</time>
        <extensions>
          <gpxtpx:TrackPointExtension>
            <gpxtpx:hr>154</gpxtpx:hr>
          </gpxtpx:TrackPointExtension>
        </extensions>
      </trkpt>
      <trkpt lat="22.548532231008082" lon="114.09740206198197">
        <ele>10.872280810028315</ele>
        <time>1970-01-01T00:32:55.300000Z</time>
        <extensions>
          <gpxtpx:TrackPointExtension>
            <gpxtpx:hr>154</gpxtpx:hr>
          </gpxtpx:TrackPointExtension>
        </extensions>
      </trkpt>
      <trkpt lat="22.54851356324864" lon="114.09742134254319">
        <ele>10.815071180462837</ele>
        <time>1970-01-01T00:32:56.300000Z</time>
        <extensions>
          <gpxtpx:TrackPointExtension>
            <gpxtpx:hr>154</gpxtpx:hr>
          </gpxtpx:TrackPointExtension>
        </extensions>
      </trkpt>
      <trkpt lat="22.548494767773622" lon="114.09744212670141">
        <ele>10.767582134343684</ele>
        <time>1970-01-01T00:32:57.300000Z</time>
        <extensions>
          <gpxtpx:TrackPointExtension>
            <gpxtpx:hr>155</gpxtpx:hr>
          </gpxtpx:TrackPointExtension>
        </extensions>
      </trkpt>
      <trkpt lat="22.54847750907804" lon="114.09746384284468">
        <ele>10.73706584237516</ele>
        <time>1970-01-01T00:32:58.300000Z</time>
        <extensions>
          <gpxtpx:TrackPointExtension>
            <gpxtpx:hr>155</gpxtpx:hr>
          </gpxtpx:TrackPointExtension>
        </extensions>
      </trkpt>
      <trkpt lat="22.54846277177536" lon="114.0974862156817">
        <ele>10.710960207507014</ele>
        <time>1970-01-01T00:32:59.300000Z</time>
        <extensions>
          <gpxtpx:TrackPointExtension>
            <gpxtpx:hr>155</gpxtpx:hr>
          </gpxtpx:TrackPointExtension>
        </extensions>
      </trkpt>
      <trkpt lat="22.54845015192453" lon="114.09750940490699">
        <ele>10.692256374284625</ele>
        <time>1970-01-01T00:33:00.300000Z</time>
        <extensions>
          <gpxtpx:TrackPointExtension>
            <gpxtpx:hr>155</gpxtpx:hr>
          </gpxtpx:TrackPointExtension>
        </extensions>
      </trkpt>
      <trkpt lat="22.5484389806857" lon="114.09753301931084">
        <ele>10.68201410677284</ele>
        <time>1970-01-01T00:33:01.300000Z</time>
        <extensions>
          <gpxtpx:TrackPointExtension>
            <gpxtpx:hr>156</gpxtpx:hr>
          </gpxtpx:TrackPointExtension>
        </extensions>
      </trkpt>
      <trkpt lat="22.548428064361165" lon="114.09755644314238">
        <ele>10.669388702139258</ele>
        <time>1970-01-01T00:33:02.300000Z</time>
        <extensions>
          <gpxtpx:TrackPointExtension>
            <gpxtpx:hr>156</gpxtpx:hr>
          </gpxtpx:TrackPointExtension>
        </extensions>
      </trkpt>
      <trkpt lat="22.54841653377075" lon="114.09757948561324">
        <ele>10.68759851809591</ele>
        <time>1970-01-01T00:33:03.300000Z</time>
        <extensions>
          <gpxtpx:TrackPointExtension>
            <gpxtpx:hr>156</gpxtpx:hr>
          </gpxtpx:TrackPointExtension>
        </extensions>
      </trkpt>
      <trkpt lat="22.548405288435443" lon="114.097601964338">
        <ele>10.718496608547866</ele>
        <time>1970-01-01T00:33:04.300000Z</time>
        <extensions>
          <gpxtpx:TrackPointExtension>
            <gpxtpx:hr>156</gpxtpx:hr>
          </gpxtpx:TrackPointExtension>
        </extensions>
      </trkpt>
      <trkpt lat="22.548395124672798" lon="114.09762411922104">
        <ele>10.743755543604493</ele>
        <time>1970-01-01T00:33:05.300000Z</time>
        <extensions>
          <gpxtpx:TrackPointExtension>
            <gpxtpx:hr>156</gpxtpx:hr>
          </gpxtpx:TrackPointExtension>
        </extensions>
      </trkpt>
      <trkpt lat="22.548385770205794" lon="114.09764646693037">
        <ele>10.76979286968708</ele>
        <time>1970-01-01T00:33:06.300000Z</time>
        <extensions>
          <gpxtpx:TrackPointExtension>
            <gpxtpx:hr>159</gpxtpx:hr>
          </gpxtpx:TrackPointExtension>
        </extensions>
      </trkpt>
      <trkpt lat="22.548377022648676" lon="114.09766911555354">
        <ele>10.825009836815298</ele>
        <time>1970-01-01T00:33:07.300000Z</time>
        <extensions>
          <gpxtpx:TrackPointExtension>
            <gpxtpx:hr>159</gpxtpx:hr>
          </gpxtpx:TrackPointExtension>
        </extensions>
      </trkpt>
      <trkpt lat="22.548368166879534" lon="114.0976917692063">
        <ele>10.914821521379054</ele>
        <time>1970-01-01T00:33:08.300000Z</time>
        <extensions>
          <gpxtpx:TrackPointExtension>
            <gpxtpx:hr>159</gpxtpx:hr>
          </gpxtpx:TrackPointExtension>
        </extensions>
      </trkpt>
      <trkpt lat="22.54835796444716" lon="114.09771402622674">
        <ele>11.04212517477572</ele>
        <time>1970-01-01T00:33:09.300000Z</time>
        <extensions>
          <gpxtpx:TrackPointExtension>
            <gpxtpx:hr>159</gpxtpx:hr>
          </gpxtpx:TrackPointExtension>
        </extensions>
      </trkpt>
      <trkpt lat="22.54834596890702" lon="114.0977364620579">
        <ele>11.196219319477677</ele>
        <time>1970-01-01T00:33:10.300000Z</time>
        <extensions>
          <gpxtpx:TrackPointExtension>
            <gpxtpx:hr>159</gpxtpx:hr>
          </gpxtpx:TrackPointExtension>
        </extensions>
      </trkpt>
      <trkpt lat="22.548332788883606" lon="114.09775937086987">
        <ele>11.360951482318342</ele>
        <time>1970-01-01T00:33:11.300000Z</time>
        <extensions>
          <gpxtpx:TrackPointExtension>
            <gpxtpx:hr>160</gpxtpx:hr>
          </gpxtpx:TrackPointExtension>
        </extensions>
      </trkpt>
      <trkpt lat="22.548319229525006" lon="114.09778220041515">
        <ele>11.533034685067832</ele>
        <time>1970-01-01T00:33:12.300000Z</time>
        <extensions>
          <gpxtpx:TrackPointExtension>
            <gpxtpx:hr>160</gpxtpx:hr>
          </gpxtpx:TrackPointExtension>
        </extensions>
      </trkpt>
      <trkpt lat="22.548305612593797" lon="114.0978044643792">
        <ele>11.72704079002142</ele>
        <time>1970-01-01T00:33:13.300000Z</time>
        <extensions>
          <gpxtpx:TrackPointExtension>
            <gpxtpx:hr>160</gpxtpx:hr>
          </gpxtpx:TrackPointExtension>
        </extensions>
      </trkpt>
      <trkpt lat="22.54829238798087" lon="114.09782605977256">
        <ele>11.913118683733046</ele>
        <time>1970-01-01T00:33:14.300000Z</time>
        <extensions>
          <gpxtpx:TrackPointExtension>
            <gpxtpx:hr>160</gpxtpx:hr>
          </gpxtpx:TrackPointExtension>
        </extensions>
      </trkpt>
      <trkpt lat="22.548279732574727" lon="114.09784835854424">
        <ele>12.125676810741425</ele>
        <time>1970-01-01T00:33:15.300000Z</time>
        <extensions>
          <gpxtpx:TrackPointExtension>
            <gpxtpx:hr>160</gpxtpx:hr>
          </gpxtpx:TrackPointExtension>
        </extensions>
      </trkpt>
      <trkpt lat="22.54826777553064" lon="114.09787183183262">
        <ele>12.353770526126027</ele>
        <time>1970-01-01T00:33:16.300000Z</time>
        <extensions>
          <gpxtpx:TrackPointExtension>
            <gpxtpx:hr>158</gpxtpx:hr>
          </gpxtpx:TrackPointExtension>
        </extensions>
      </trkpt>
      <trkpt lat="22.548256835970026" lon="114.09789536814117">
        <ele>12.595404515042901</ele>
        <time>1970-01-01T00:33:17.300000Z</time>
        <extensions>
          <gpxtpx:TrackPointExtension>
            <gpxtpx:hr>158</gpxtpx:hr>
          </gpxtpx:TrackPointExtension>
        </extensions>
      </trkpt>
      <trkpt lat="22.548246318502397" lon="114.09791842209812">
        <ele>12.837560622952878</ele>
        <time>1970-01-01T00:33:18.300000Z</time>
        <extensions>
          <gpxtpx:TrackPointExtension>
            <gpxtpx:hr>158</gpxtpx:hr>
          </gpxtpx:TrackPointExtension>
        </extensions>
      </trkpt>
      <trkpt lat="22.54823507837908" lon="114.0979410529235">
        <ele>13.069320633076131</ele>
        <time>1970-01-01T00:33:19.300000Z</time>
        <extensions>
          <gpxtpx:TrackPointExtension>
            <gpxtpx:hr>158</gpxtpx:hr>
          </gpxtpx:TrackPointExtension>
        </extensions>
      </trkpt>
      <trkpt lat="22.54822317222538" lon="114.09796364255322">
        <ele>13.285078239627182</ele>
        <time>1970-01-01T00:33:20.300000Z</time>
        <extensions>
          <gpxtpx:TrackPointExtension>
            <gpxtpx:hr>158</gpxtpx:hr>
          </gpxtpx:TrackPointExtension>
        </extensions>
      </trkpt>
      <trkpt lat="22.548211952469273" lon="114.09798657873733">
        <ele>13.474711362272501</ele>
        <time>1970-01-01T00:33:21.300000Z</time>
        <extensions>
          <gpxtpx:TrackPointExtension>
            <gpxtpx:hr>158</gpxtpx:hr>
          </gpxtpx:TrackPointExtension>
        </extensions>
      </trkpt>
      <trkpt lat="22.54820142985271" lon="114.09801030388073">
        <ele>13.641847572289407</ele>
        <time>1970-01-01T00:33:22.300000Z</time>
        <extensions>
          <gpxtpx:TrackPointExtension>
            <gpxtpx:hr>158</gpxtpx:hr>
          </gpxtpx:TrackPointExtension>
        </extensions>
      </trkpt>
      <trkpt lat="22.54819131833448" lon="114.09803309997618">
        <ele>13.763927282765508</ele>
        <time>1970-01-01T00:33:23.300000Z</time>
        <extensions>
          <gpxtpx:TrackPointExtension>
            <gpxtpx:hr>158</gpxtpx:hr>
          </gpxtpx:TrackPointExtension>
        </extensions>
      </trkpt>
      <trkpt lat="22.548181374827386" lon="114.09805368590345">
        <ele>13.823839590884745</ele>
        <time>1970-01-01T00:33:24.300000Z</time>
        <extensions>
          <gpxtpx:TrackPointExtension>
            <gpxtpx:hr>158</gpxtpx:hr>
          </gpxtpx:TrackPointExtension>
        </extensions>
      </trkpt>
      <trkpt lat="22.54817016810264" lon="114.09807322650414">
        <ele>13.842808903194964</ele>
        <time>1970-01-01T00:33:25.300000Z</time>
        <extensions>
          <gpxtpx:TrackPointExtension>
            <gpxtpx:hr>158</gpxtpx:hr>
          </gpxtpx:TrackPointExtension>
        </extensions>
      </trkpt>
      <trkpt lat="22.548156272114166" lon="114.09809315170052">
        <ele>13.781497200019658</ele>
        <time>1970-01-01T00:33:26.300000Z</time>
        <extensions>
          <gpxtpx:TrackPointExtension>
            <gpxtpx:hr>158</gpxtpx:hr>
          </gpxtpx:TrackPointExtension>
        </extensions>
      </trkpt>
      <trkpt lat="22.54814056462422" lon="114.09811291311942">
        <ele>13.644489682279527</ele>
        <time>1970-01-01T00:33:27.300000Z</time>
        <extensions>
          <gpxtpx:TrackPointExtension>
            <gpxtpx:hr>158</gpxtpx:hr>
          </gpxtpx:TrackPointExtension>
        </extensions>
      </trkpt>
      <trkpt lat="22.548124274558642" lon="114.0981321465276">
        <ele>13.452914924360812</ele>
        <time>1970-01-01T00:33:28.300000Z</time>
        <extensions>
          <gpxtpx:TrackPointExtension>
            <gpxtpx:hr>158</gpxtpx:hr>
          </gpxtpx:TrackPointExtension>
        </extensions>
      </trkpt>
      <trkpt lat="22.54810730427468" lon="114.0981508463458">
        <ele>13.220821707509458</ele>
        <time>1970-01-01T00:33:29.300000Z</time>
        <extensions>
          <gpxtpx:TrackPointExtension>
            <gpxtpx:hr>158</gpxtpx:hr>
          </gpxtpx:TrackPointExtension>
        </extensions>
      </trkpt>
      <trkpt lat="22.54808944541834" lon="114.09816876062332">
        <ele>12.949875122867525</ele>
        <time>1970-01-01T00:33:30.300000Z</time>
        <extensions>
          <gpxtpx:TrackPointExtension>
            <gpxtpx:hr>159</gpxtpx:hr>
          </gpxtpx:TrackPointExtension>
        </extensions>
      </trkpt>
      <trkpt lat="22.54807164965373" lon="114.09818577124736">
        <ele>12.626866339705884</ele>
        <time>1970-01-01T00:33:31.300000Z</time>
        <extensions>
          <gpxtpx:TrackPointExtension>
            <gpxtpx:hr>159</gpxtpx:hr>
          </gpxtpx:TrackPointExtension>
        </extensions>
      </trkpt>
      <trkpt lat="22.54805455609643" lon="114.09820224764317">
        <ele>12.25132883619517</ele>
        <time>1970-01-01T00:33:32.300000Z</time>
        <extensions>
          <gpxtpx:TrackPointExtension>
            <gpxtpx:hr>159</gpxtpx:hr>
          </gpxtpx:TrackPointExtension>
        </extensions>
      </trkpt>
      <trkpt lat="22.5480379034362" lon="114.09821867502681">
        <ele>11.853193896822631</ele>
        <time>1970-01-01T00:33:33.300000Z</time>
        <extensions>
          <gpxtpx:TrackPointExtension>
            <gpxtpx:hr>159</gpxtpx:hr>
          </gpxtpx:TrackPointExtension>
        </extensions>
      </trkpt>
      <trkpt lat="22.54802120601742" lon="114.09823456954604">
        <ele>11.43087711930275</ele>
        <time>1970-01-01T00:33:34.300000Z</time>
        <extensions>
          <gpxtpx:TrackPointExtension>
            <gpxtpx:hr>159</gpxtpx:hr>
          </gpxtpx:TrackPointExtension>
        </extensions>
      </trkpt>
      <trkpt lat="22.548003251397283" lon="114.09825039845994">
        <ele>10.974819488823414</ele>
        <time>1970-01-01T00:33:35.300000Z</time>
        <extensions>
          <gpxtpx:TrackPointExtension>
            <gpxtpx:hr>159</gpxtpx:hr>
          </gpxtpx:TrackPointExtension>
        </extensions>
      </trkpt>
      <trkpt lat="22.54798376243919" lon="114.0982662488408">
        <ele>10.531148521229625</ele>
        <time>1970-01-01T00:33:36.300000Z</time>
        <extensions>
          <gpxtpx:TrackPointExtension>
            <gpxtpx:hr>158</gpxtpx:hr>
          </gpxtpx:TrackPointExtension>
        </extensions>
      </trkpt>
      <trkpt lat="22.547964107297773" lon="114.09828194173974">
        <ele>10.101931081153452</ele>
        <time>1970-01-01T00:33:37.300000Z</time>
        <extensions>
          <gpxtpx:TrackPointExtension>
            <gpxtpx:hr>158</gpxtpx:hr>
          </gpxtpx:TrackPointExtension>
        </extensions>
      </trkpt>
      <trkpt lat="22.54794594166586" lon="114.09829783833217">
        <ele>9.69382890034467</ele>
        <time>1970-01-01T00:33:38.300000Z</time>
        <extensions>
          <gpxtpx:TrackPointExtension>
            <gpxtpx:hr>158</gpxtpx:hr>
          </gpxtpx:TrackPointExtension>
        </extensions>
      </trkpt>
      <trkpt lat="22.547930108532" lon="114.0983144087224">
        <ele>9.311391041614115</ele>
        <time>1970-01-01T00:33:39.300000Z</time>
        <extensions>
          <gpxtpx:TrackPointExtension>
            <gpxtpx:hr>158</gpxtpx:hr>
          </gpxtpx:TrackPointExtension>
        </extensions>
      </trkpt>
      <trkpt lat="22.547916863355084" lon="114.09833210610962">
        <ele>8.964069209061563</ele>
        <time>1970-01-01T00:33:40.300000Z</time>
        <extensions>
          <gpxtpx:TrackPointExtension>
            <gpxtpx:hr>158</gpxtpx:hr>
          </gpxtpx:TrackPointExtension>
        </extensions>
      </trkpt>
      <trkpt lat="22.54790565355113" lon="114.09835180649074">
        <ele>8.671284359879792</ele>
        <time>1970-01-01T00:33:41.300000Z</time>
        <extensions>
          <gpxtpx:TrackPointExtension>
            <gpxtpx:hr>158</gpxtpx:hr>
          </gpxtpx:TrackPointExtension>
        </extensions>
      </trkpt>
      <trkpt lat="22.547895970872826" lon="114.09837310015297">
        <ele>8.417727254331112</ele>
        <time>1970-01-01T00:33:42.300000Z</time>
        <extensions>
          <gpxtpx:TrackPointExtension>
            <gpxtpx:hr>157</gpxtpx:hr>
          </gpxtpx:TrackPointExtension>
        </extensions>
      </trkpt>
      <trkpt lat="22.547887440084505" lon="114.09839542051323">
        <ele>8.196932730264962</ele>
        <time>1970-01-01T00:33:43.300000Z</time>
        <extensions>
          <gpxtpx:TrackPointExtension>
            <gpxtpx:hr>157</gpxtpx:hr>
          </gpxtpx:TrackPointExtension>
        </extensions>
      </trkpt>
      <trkpt lat="22.547879606178757" lon="114.09841765299156">
        <ele>8.298645349219441</ele>
        <time>1970-01-01T00:33:44.300000Z</time>
        <extensions>
          <gpxtpx:TrackPointExtension>
            <gpxtpx:hr>157</gpxtpx:hr>
          </gpxtpx:TrackPointExtension>
        </extensions>
      </trkpt>
      <trkpt lat="22.54787221880884" lon="114.09843833175326">
        <ele>8.301161031238735</ele>
        <time>1970-01-01T00:33:45.300000Z</time>
        <extensions>
          <gpxtpx:TrackPointExtension>
            <gpxtpx:hr>157</gpxtpx:hr>
          </gpxtpx:TrackPointExtension>
        </extensions>
      </trkpt>
      <trkpt lat="22.54786579768196" lon="114.09845792514781">
        <ele>8.328123441897333</ele>
        <time>1970-01-01T00:33:46.300000Z</time>
        <extensions>
          <gpxtpx:TrackPointExtension>
            <gpxtpx:hr>157</gpxtpx:hr>
          </gpxtpx:TrackPointExtension>
        </extensions>
      </trkpt>
      <trkpt lat="22.547862892682055" lon="114.09847768478974">
        <ele>8.396309352479875</ele>
        <time>1970-01-01T00:33:47.300000Z</time>
        <extensions>
          <gpxtpx:TrackPointExtension>
            <gpxtpx:hr>157</gpxtpx:hr>
          </gpxtpx:TrackPointExtension>
        </extensions>
      </trkpt>
      <trkpt lat="22.547866389507877" lon="114.0984989474493">
        <ele>8.506340165622532</ele>
        <time>1970-01-01T00:33:48.300000Z</time>
        <extensions>
          <gpxtpx:TrackPointExtension>
            <gpxtpx:hr>157</gpxtpx:hr>
          </gpxtpx:TrackPointExtension>
        </extensions>
      </trkpt>
      <trkpt lat="22.5478765336016" lon="114.09852203627402">
        <ele>8.65411234088242</ele>
        <time>1970-01-01T00:33:49.300000Z</time>
        <extensions>
          <gpxtpx:TrackPointExtension>
            <gpxtpx:hr>156</gpxtpx:hr>
          </gpxtpx:TrackPointExtension>
        </extensions>
      </trkpt>
      <trkpt lat="22.547890698724384" lon="114.09854549273406">
        <ele>8.833660302683711</ele>
        <time>1970-01-01T00:33:50.300000Z</time>
        <extensions>
          <gpxtpx:TrackPointExtension>
            <gpxtpx:hr>156</gpxtpx:hr>
          </gpxtpx:TrackPointExtension>
        </extensions>
      </trkpt>
      <trkpt lat="22.547905827529085" lon="114.0985677789251">
        <ele>9.037763578817248</ele>
        <time>1970-01-01T00:33:51.300000Z</time>
        <extensions>
          <gpxtpx:TrackPointExtension>
            <gpxtpx:hr>156</gpxtpx:hr>
          </gpxtpx:TrackPointExtension>
        </extensions>
      </trkpt>
      <trkpt lat="22.5479207868768" lon="114.09858893747939">
        <ele>9.25769193470478</ele>
        <time>1970-01-01T00:33:52.300000Z</time>
        <extensions>
          <gpxtpx:TrackPointExtension>
            <gpxtpx:hr>156</gpxtpx:hr>
          </gpxtpx:TrackPointExtension>
        </extensions>
      </trkpt>
      <trkpt lat="22.547934562245917" lon="114.09861017190127">
        <ele>9.482562800869346</ele>
        <time>1970-01-01T00:33:53.300000Z</time>
        <extensions>
          <gpxtpx:TrackPointExtension>
            <gpxtpx:hr>156</gpxtpx:hr>
          </gpxtpx:TrackPointExtension>
        </extensions>
      </trkpt>
      <trkpt lat="22.547946376209527" lon="114.09863198413548">
        <ele>9.698292824439704</ele>
        <time>1970-01-01T00:33:54.300000Z</time>
        <extensions>
          <gpxtpx:TrackPointExtension>
            <gpxtpx:hr>155</gpxtpx:hr>
          </gpxtpx:TrackPointExtension>
        </extensions>
      </trkpt>
      <trkpt lat="22.547956557226243" lon="114.09865311857907">
        <ele>9.89029767177999</ele>
        <time>1970-01-01T00:33:55.300000Z</time>
        <extensions>
          <gpxtpx:TrackPointExtension>
            <gpxtpx:hr>155</gpxtpx:hr>
          </gpxtpx:TrackPointExtension>
        </extensions>
      </trkpt>
      <trkpt lat="22.54796587074847" lon="114.09867362504428">
        <ele>10.050346540287137</ele>
        <time>1970-01-01T00:33:56.300000Z</time>
        <extensions>
          <gpxtpx:TrackPointExtension>
            <gpxtpx:hr>155</gpxtpx:hr>
          </gpxtpx:TrackPointExtension>
        </extensions>
      </trkpt>
      <trkpt lat="22.547974862521198" lon="114.09869478780386">
        <ele>10.17771547473967</ele>
        <time>1970-01-01T00:33:57.300000Z</time>
        <extensions>
          <gpxtpx:TrackPointExtension>
            <gpxtpx:hr>155</gpxtpx:hr>
          </gpxtpx:TrackPointExtension>
        </extensions>
      </trkpt>
      <trkpt lat="22.54798331325694" lon="114.09871663735153">
        <ele>10.275729986838996</ele>
        <time>1970-01-01T00:33:58.300000Z</time>
        <extensions>
          <gpxtpx:TrackPointExtension>
            <gpxtpx:hr>155</gpxtpx:hr>
          </gpxtpx:TrackPointExtension>
        </extensions>
      </trkpt>
      <trkpt lat="22.547991099790814" lon="114.09873896546681">
        <ele>10.34949856530875</ele>
        <time>1970-01-01T00:33:59.300000Z</time>
        <extensions>
          <gpxtpx:TrackPointExtension>
            <gpxtpx:hr>155</gpxtpx:hr>
          </gpxtpx:TrackPointExtension>
        </extensions>
      </trkpt>
      <trkpt lat="22.54799805462112" lon="114.09876145541583">
        <ele>10.40446391981095</ele>
        <time>1970-01-01T00:34:00.300000Z</time>
        <extensions>
          <gpxtpx:TrackPointExtension>
            <gpxtpx:hr>155</gpxtpx:hr>
          </gpxtpx:TrackPointExtension>
        </extensions>
      </trkpt>
      <trkpt lat="22.54800421545568" lon="114.09878349888311">
        <ele>10.445463279262185</ele>
        <time>1970-01-01T00:34:01.300000Z</time>
        <extensions>
          <gpxtpx:TrackPointExtension>
            <gpxtpx:hr>154</gpxtpx:hr>
          </gpxtpx:TrackPointExtension>
        </extensions>
      </trkpt>
      <trkpt lat="22.548009816664976" lon="114.09880513562078">
        <ele>10.476625685580075</ele>
        <time>1970-01-01T00:34:02.300000Z</time>
        <extensions>
          <gpxtpx:TrackPointExtension>
            <gpxtpx:hr>154</gpxtpx:hr>
          </gpxtpx:TrackPointExtension>
        </extensions>
      </trkpt>
      <trkpt lat="22.54801522263084" lon="114.0988264315315">
        <ele>10.501075397245586</ele>
        <time>1970-01-01T00:34:03.300000Z</time>
        <extensions>
          <gpxtpx:TrackPointExtension>
            <gpxtpx:hr>154</gpxtpx:hr>
          </gpxtpx:TrackPointExtension>
        </extensions>
      </trkpt>
      <trkpt lat="22.548020694879263" lon="114.09884814257106">
        <ele>10.52100617904216</ele>
        <time>1970-01-01T00:34:04.300000Z</time>
        <extensions>
          <gpxtpx:TrackPointExtension>
            <gpxtpx:hr>154</gpxtpx:hr>
          </gpxtpx:TrackPointExtension>
        </extensions>
      </trkpt>
      <trkpt lat="22.54802594547964" lon="114.09887144543838">
        <ele>10.537807420827448</ele>
        <time>1970-01-01T00:34:05.300000Z</time>
        <extensions>
          <gpxtpx:TrackPointExtension>
            <gpxtpx:hr>154</gpxtpx:hr>
          </gpxtpx:TrackPointExtension>
        </extensions>
      </trkpt>
      <trkpt lat="22.548030007973082" lon="114.09889620777528">
        <ele>10.552353081293404</ele>
        <time>1970-01-01T00:34:06.300000Z</time>
        <extensions>
          <gpxtpx:TrackPointExtension>
            <gpxtpx:hr>153</gpxtpx:hr>
          </gpxtpx:TrackPointExtension>
        </extensions>
      </trkpt>
      <trkpt lat="22.548031953118084" lon="114.09892145575482">
        <ele>10.564956109039485</ele>
        <time>1970-01-01T00:34:07.300000Z</time>
        <extensions>
          <gpxtpx:TrackPointExtension>
            <gpxtpx:hr>153</gpxtpx:hr>
          </gpxtpx:TrackPointExtension>
        </extensions>
      </trkpt>
      <trkpt lat="22.548031089296973" lon="114.09894684814282">
        <ele>10.575668799690902</ele>
        <time>1970-01-01T00:34:08.300000Z</time>
        <extensions>
          <gpxtpx:TrackPointExtension>
            <gpxtpx:hr>153</gpxtpx:hr>
          </gpxtpx:TrackPointExtension>
        </extensions>
      </trkpt>
      <trkpt lat="22.548027408935297" lon="114.09897219244422">
        <ele>10.584478410892189</ele>
        <time>1970-01-01T00:34:09.300000Z</time>
        <extensions>
          <gpxtpx:TrackPointExtension>
            <gpxtpx:hr>153</gpxtpx:hr>
          </gpxtpx:TrackPointExtension>
        </extensions>
      </trkpt>
      <trkpt lat="22.548021387639547" lon="114.09899796328178">
        <ele>10.591403466649354</ele>
        <time>1970-01-01T00:34:10.300000Z</time>
        <extensions>
          <gpxtpx:TrackPointExtension>
            <gpxtpx:hr>154</gpxtpx:hr>
          </gpxtpx:TrackPointExtension>
        </extensions>
      </trkpt>
      <trkpt lat="22.54801339066445" lon="114.09902444131197">
        <ele>10.596558487974107</ele>
        <time>1970-01-01T00:34:11.300000Z</time>
        <extensions>
          <gpxtpx:TrackPointExtension>
            <gpxtpx:hr>154</gpxtpx:hr>
          </gpxtpx:TrackPointExtension>
        </extensions>
      </trkpt>
      <trkpt lat="22.548004679515177" lon="114.0990511561408">
        <ele>10.600355789065361</ele>
        <time>1970-01-01T00:34:12.300000Z</time>
        <extensions>
          <gpxtpx:TrackPointExtension>
            <gpxtpx:hr>154</gpxtpx:hr>
          </gpxtpx:TrackPointExtension>
        </extensions>
      </trkpt>
      <trkpt lat="22.547996022720202" lon="114.09907753024488">
        <ele>10.603429047390819</ele>
        <time>1970-01-01T00:34:13.300000Z</time>
        <extensions>
          <gpxtpx:TrackPointExtension>
            <gpxtpx:hr>154</gpxtpx:hr>
          </gpxtpx:TrackPointExtension>
        </extensions>
      </trkpt>
      <trkpt lat="22.547987171470243" lon="114.09910332331998">
        <ele>10.606393445283175</ele>
        <time>1970-01-01T00:34:14.300000Z</time>
        <extensions>
          <gpxtpx:TrackPointExtension>
            <gpxtpx:hr>154</gpxtpx:hr>
          </gpxtpx:TrackPointExtension>
        </extensions>
      </trkpt>
      <trkpt lat="22.547978257894176" lon="114.09912866355215">
        <ele>10.609717790968716</ele>
        <time>1970-01-01T00:34:15.300000Z</time>
        <extensions>
          <gpxtpx:TrackPointExtension>
            <gpxtpx:hr>154</gpxtpx:hr>
          </gpxtpx:TrackPointExtension>
        </extensions>
      </trkpt>
      <trkpt lat="22.54796911007751" lon="114.09915374609001">
        <ele>10.613847094587982</ele>
        <time>1970-01-01T00:34:16.300000Z</time>
        <extensions>
          <gpxtpx:TrackPointExtension>
            <gpxtpx:hr>154</gpxtpx:hr>
          </gpxtpx:TrackPointExtension>
        </extensions>
      </trkpt>
      <trkpt lat="22.54795811322922" lon="114.0991781206898">
        <ele>10.618919963017106</ele>
        <time>1970-01-01T00:34:17.300000Z</time>
        <extensions>
          <gpxtpx:TrackPointExtension>
            <gpxtpx:hr>154</gpxtpx:hr>
          </gpxtpx:TrackPointExtension>
        </extensions>
      </trkpt>
      <trkpt lat="22.54794399335135" lon="114.09920069148505">
        <ele>10.624719274230301</ele>
        <time>1970-01-01T00:34:18.300000Z</time>
        <extensions>
          <gpxtpx:TrackPointExtension>
            <gpxtpx:hr>154</gpxtpx:hr>
          </gpxtpx:TrackPointExtension>
        </extensions>
      </trkpt>
      <trkpt lat="22.547926536434556" lon="114.09922081179587">
        <ele>10.631016430445015</ele>
        <time>1970-01-01T00:34:19.300000Z</time>
        <extensions>
          <gpxtpx:TrackPointExtension>
            <gpxtpx:hr>154</gpxtpx:hr>
          </gpxtpx:TrackPointExtension>
        </extensions>
      </trkpt>
      <trkpt lat="22.547906325751338" lon="114.09923758652475">
        <ele>10.637549014762044</ele>
        <time>1970-01-01T00:34:20.300000Z</time>
        <extensions>
          <gpxtpx:TrackPointExtension>
            <gpxtpx:hr>154</gpxtpx:hr>
          </gpxtpx:TrackPointExtension>
        </extensions>
      </trkpt>
      <trkpt lat="22.547883931700973" lon="114.09925119538703">
        <ele>10.644113826565444</ele>
        <time>1970-01-01T00:34:21.300000Z</time>
        <extensions>
          <gpxtpx:TrackPointExtension>
            <gpxtpx:hr>154</gpxtpx:hr>
          </gpxtpx:TrackPointExtension>
        </extensions>
      </trkpt>
      <trkpt lat="22.547859705212122" lon="114.09926280625734">
        <ele>10.650781127624214</ele>
        <time>1970-01-01T00:34:22.300000Z</time>
        <extensions>
          <gpxtpx:TrackPointExtension>
            <gpxtpx:hr>155</gpxtpx:hr>
          </gpxtpx:TrackPointExtension>
        </extensions>
      </trkpt>
      <trkpt lat="22.54783468227402" lon="114.09927331727836">
        <ele>10.658150741830468</ele>
        <time>1970-01-01T00:34:23.300000Z</time>
        <extensions>
          <gpxtpx:TrackPointExtension>
            <gpxtpx:hr>155</gpxtpx:hr>
          </gpxtpx:TrackPointExtension>
        </extensions>
      </trkpt>
      <trkpt lat="22.547810159424703" lon="114.09928271476761">
        <ele>10.666610858403146</ele>
        <time>1970-01-01T00:34:24.300000Z</time>
        <extensions>
          <gpxtpx:TrackPointExtension>
            <gpxtpx:hr>155</gpxtpx:hr>
          </gpxtpx:TrackPointExtension>
        </extensions>
      </trkpt>
      <trkpt lat="22.547786157646616" lon="114.09929012513923">
        <ele>10.676586225628853</ele>
        <time>1970-01-01T00:34:25.300000Z</time>
        <extensions>
          <gpxtpx:TrackPointExtension>
            <gpxtpx:hr>155</gpxtpx:hr>
          </gpxtpx:TrackPointExtension>
        </extensions>
      </trkpt>
      <trkpt lat="22.54776190072985" lon="114.09929536546278">
        <ele>10.688261496834457</ele>
        <time>1970-01-01T00:34:26.300000Z</time>
        <extensions>
          <gpxtpx:TrackPointExtension>
            <gpxtpx:hr>155</gpxtpx:hr>
          </gpxtpx:TrackPointExtension>
        </extensions>
      </trkpt>
      <trkpt lat="22.547736985608253" lon="114.09929923343428">
        <ele>10.700651234015822</ele>
        <time>1970-01-01T00:34:27.300000Z</time>
        <extensions>
          <gpxtpx:TrackPointExtension>
            <gpxtpx:hr>154</gpxtpx:hr>
          </gpxtpx:TrackPointExtension>
        </extensions>
      </trkpt>
      <trkpt lat="22.547711260611344" lon="114.09930266278329">
        <ele>10.716533470898867</ele>
        <time>1970-01-01T00:34:28.300000Z</time>
        <extensions>
          <gpxtpx:TrackPointExtension>
            <gpxtpx:hr>154</gpxtpx:hr>
          </gpxtpx:TrackPointExtension>
        </extensions>
      </trkpt>
      <trkpt lat="22.54768581027054" lon="114.09930605733831">
        <ele>10.732146847061813</ele>
        <time>1970-01-01T00:34:29.300000Z</time>
        <extensions>
          <gpxtpx:TrackPointExtension>
            <gpxtpx:hr>154</gpxtpx:hr>
          </gpxtpx:TrackPointExtension>
        </extensions>
      </trkpt>
      <trkpt lat="22.54766094422818" lon="114.09930944735626">
        <ele>10.742334306240082</ele>
        <time>1970-01-01T00:34:30.300000Z</time>
        <extensions>
          <gpxtpx:TrackPointExtension>
            <gpxtpx:hr>154</gpxtpx:hr>
          </gpxtpx:TrackPointExtension>
        </extensions>
      </trkpt>
      <trkpt lat="22.547636645345474" lon="114.09931282627765">
        <ele>10.741005905903876</ele>
        <time>1970-01-01T00:34:31.300000Z</time>
        <extensions>
          <gpxtpx:TrackPointExtension>
            <gpxtpx:hr>154</gpxtpx:hr>
          </gpxtpx:TrackPointExtension>
        </extensions>
      </trkpt>
      <trkpt lat="22.547612301261623" lon="114.09931604839835">
        <ele>10.721109800972044</ele>
        <time>1970-01-01T00:34:32.300000Z</time>
        <extensions>
          <gpxtpx:TrackPointExtension>
            <gpxtpx:hr>154</gpxtpx:hr>
          </gpxtpx:TrackPointExtension>
        </extensions>
      </trkpt>
      <trkpt lat="22.547587579627734" lon="114.09931754445266">
        <ele>10.679981654509902</ele>
        <time>1970-01-01T00:34:33.300000Z</time>
        <extensions>
          <gpxtpx:TrackPointExtension>
            <gpxtpx:hr>154</gpxtpx:hr>
          </gpxtpx:TrackPointExtension>
        </extensions>
      </trkpt>
      <trkpt lat="22.547563351723753" lon="114.09931562559932">
        <ele>10.605523332953453</ele>
        <time>1970-01-01T00:34:34.300000Z</time>
        <extensions>
          <gpxtpx:TrackPointExtension>
            <gpxtpx:hr>154</gpxtpx:hr>
          </gpxtpx:TrackPointExtension>
        </extensions>
      </trkpt>
      <trkpt lat="22.547539949080136" lon="114.09931086116903">
        <ele>10.49637479800731</ele>
        <time>1970-01-01T00:34:35.300000Z</time>
        <extensions>
          <gpxtpx:TrackPointExtension>
            <gpxtpx:hr>154</gpxtpx:hr>
          </gpxtpx:TrackPointExtension>
        </extensions>
      </trkpt>
      <trkpt lat="22.547516791675733" lon="114.09930490133063">
        <ele>10.34569876268506</ele>
        <time>1970-01-01T00:34:36.300000Z</time>
        <extensions>
          <gpxtpx:TrackPointExtension>
            <gpxtpx:hr>153</gpxtpx:hr>
          </gpxtpx:TrackPointExtension>
        </extensions>
      </trkpt>
      <trkpt lat="22.54749340248683" lon="114.0992987574206">
        <ele>10.160134892910719</ele>
        <time>1970-01-01T00:34:37.300000Z</time>
        <extensions>
          <gpxtpx:TrackPointExtension>
            <gpxtpx:hr>153</gpxtpx:hr>
          </gpxtpx:TrackPointExtension>
        </extensions>
      </trkpt>
      <trkpt lat="22.547470577209694" lon="114.09929316756191">
        <ele>9.944998947903514</ele>
        <time>1970-01-01T00:34:38.300000Z</time>
        <extensions>
          <gpxtpx:TrackPointExtension>
            <gpxtpx:hr>153</gpxtpx:hr>
          </gpxtpx:TrackPointExtension>
        </extensions>
      </trkpt>
      <trkpt lat="22.547449680231797" lon="114.09928939599565">
        <ele>9.718747472390532</ele>
        <time>1970-01-01T00:34:39.300000Z</time>
        <extensions>
          <gpxtpx:TrackPointExtension>
            <gpxtpx:hr>153</gpxtpx:hr>
          </gpxtpx:TrackPointExtension>
        </extensions>
      </trkpt>
      <trkpt lat="22.547433315521914" lon="114.09929023864007">
        <ele>9.491676569916308</ele>
        <time>1970-01-01T00:34:40.300000Z</time>
        <extensions>
          <gpxtpx:TrackPointExtension>
            <gpxtpx:hr>153</gpxtpx:hr>
          </gpxtpx:TrackPointExtension>
        </extensions>
      </trkpt>
      <trkpt lat="22.54742447134109" lon="114.0992989924645">
        <ele>9.28338229097426</ele>
        <time>1970-01-01T00:34:41.300000Z</time>
        <extensions>
          <gpxtpx:TrackPointExtension>
            <gpxtpx:hr>153</gpxtpx:hr>
          </gpxtpx:TrackPointExtension>
        </extensions>
      </trkpt>
      <trkpt lat="22.547423523991196" lon="114.09931537134815">
        <ele>9.096511118113995</ele>
        <time>1970-01-01T00:34:42.300000Z</time>
        <extensions>
          <gpxtpx:TrackPointExtension>
            <gpxtpx:hr>153</gpxtpx:hr>
          </gpxtpx:TrackPointExtension>
        </extensions>
      </trkpt>
      <trkpt lat="22.547426102118532" lon="114.09933463428099">
        <ele>8.942369581200182</ele>
        <time>1970-01-01T00:34:43.300000Z</time>
        <extensions>
          <gpxtpx:TrackPointExtension>
            <gpxtpx:hr>153</gpxtpx:hr>
          </gpxtpx:TrackPointExtension>
        </extensions>
      </trkpt>
      <trkpt lat="22.547426301839135" lon="114.0993527260456">
        <ele>8.804982210509479</ele>
        <time>1970-01-01T00:34:44.300000Z</time>
        <extensions>
          <gpxtpx:TrackPointExtension>
            <gpxtpx:hr>153</gpxtpx:hr>
          </gpxtpx:TrackPointExtension>
        </extensions>
      </trkpt>
      <trkpt lat="22.547422681765077" lon="114.09936931463577">
        <ele>8.659408158622682</ele>
        <time>1970-01-01T00:34:45.300000Z</time>
        <extensions>
          <gpxtpx:TrackPointExtension>
            <gpxtpx:hr>153</gpxtpx:hr>
          </gpxtpx:TrackPointExtension>
        </extensions>
      </trkpt>
      <trkpt lat="22.54741752675609" lon="114.09938578873718">
        <ele>8.55798674095422</ele>
        <time>1970-01-01T00:34:46.300000Z</time>
        <extensions>
          <gpxtpx:TrackPointExtension>
            <gpxtpx:hr>153</gpxtpx:hr>
          </gpxtpx:TrackPointExtension>
        </extensions>
      </trkpt>
      <trkpt lat="22.547412702415457" lon="114.09940312264841">
        <ele>8.473960367031395</ele>
        <time>1970-01-01T00:34:47.300000Z</time>
        <extensions>
          <gpxtpx:TrackPointExtension>
            <gpxtpx:hr>153</gpxtpx:hr>
          </gpxtpx:TrackPointExtension>
        </extensions>
      </trkpt>
      <trkpt lat="22.54740929755809" lon="114.09942291725908">
        <ele>8.42211074475199</ele>
        <time>1970-01-01T00:34:48.300000Z</time>
        <extensions>
          <gpxtpx:TrackPointExtension>
            <gpxtpx:hr>153</gpxtpx:hr>
          </gpxtpx:TrackPointExtension>
        </extensions>
      </trkpt>
      <trkpt lat="22.547407001778478" lon="114.09944557184282">
        <ele>8.389682133682072</ele>
        <time>1970-01-01T00:34:49.300000Z</time>
        <extensions>
          <gpxtpx:TrackPointExtension>
            <gpxtpx:hr>153</gpxtpx:hr>
          </gpxtpx:TrackPointExtension>
        </extensions>
      </trkpt>
      <trkpt lat="22.547404978984286" lon="114.09946781317">
        <ele>8.347516472451389</ele>
        <time>1970-01-01T00:34:50.300000Z</time>
        <extensions>
          <gpxtpx:TrackPointExtension>
            <gpxtpx:hr>153</gpxtpx:hr>
          </gpxtpx:TrackPointExtension>
        </extensions>
      </trkpt>
      <trkpt lat="22.547403301443154" lon="114.09948666198241">
        <ele>8.31966325826943</ele>
        <time>1970-01-01T00:34:51.300000Z</time>
        <extensions>
          <gpxtpx:TrackPointExtension>
            <gpxtpx:hr>153</gpxtpx:hr>
          </gpxtpx:TrackPointExtension>
        </extensions>
      </trkpt>
      <trkpt lat="22.54740219030919" lon="114.09950564889867">
        <ele>8.256570076569915</ele>
        <time>1970-01-01T00:34:52.300000Z</time>
        <extensions>
          <gpxtpx:TrackPointExtension>
            <gpxtpx:hr>153</gpxtpx:hr>
          </gpxtpx:TrackPointExtension>
        </extensions>
      </trkpt>
      <trkpt lat="22.547401735343644" lon="114.09952475324619">
        <ele>8.201974931173027</ele>
        <time>1970-01-01T00:34:53.300000Z</time>
        <extensions>
          <gpxtpx:TrackPointExtension>
            <gpxtpx:hr>153</gpxtpx:hr>
          </gpxtpx:TrackPointExtension>
        </extensions>
      </trkpt>
      <trkpt lat="22.54740201202948" lon="114.09954472835074">
        <ele>8.169035785831511</ele>
        <time>1970-01-01T00:34:54.300000Z</time>
        <extensions>
          <gpxtpx:TrackPointExtension>
            <gpxtpx:hr>153</gpxtpx:hr>
          </gpxtpx:TrackPointExtension>
        </extensions>
      </trkpt>
      <trkpt lat="22.54740265055746" lon="114.09956563000999">
        <ele>8.17174880579114</ele>
        <time>1970-01-01T00:34:55.300000Z</time>
        <extensions>
          <gpxtpx:TrackPointExtension>
            <gpxtpx:hr>152</gpxtpx:hr>
          </gpxtpx:TrackPointExtension>
        </extensions>
      </trkpt>
      <trkpt lat="22.54740361239081" lon="114.09958433431069">
        <ele>8.18397255986929</ele>
        <time>1970-01-01T00:34:56.300000Z</time>
        <extensions>
          <gpxtpx:TrackPointExtension>
            <gpxtpx:hr>152</gpxtpx:hr>
          </gpxtpx:TrackPointExtension>
        </extensions>
      </trkpt>
      <trkpt lat="22.547405420510557" lon="114.0996049566748">
        <ele>8.229673453606665</ele>
        <time>1970-01-01T00:34:57.300000Z</time>
        <extensions>
          <gpxtpx:TrackPointExtension>
            <gpxtpx:hr>152</gpxtpx:hr>
          </gpxtpx:TrackPointExtension>
        </extensions>
      </trkpt>
      <trkpt lat="22.547408476395432" lon="114.09963008828569">
        <ele>8.2999819945544</ele>
        <time>1970-01-01T00:34:58.300000Z</time>
        <extensions>
          <gpxtpx:TrackPointExtension>
            <gpxtpx:hr>152</gpxtpx:hr>
          </gpxtpx:TrackPointExtension>
        </extensions>
      </trkpt>
      <trkpt lat="22.54741239507968" lon="114.09965845782453">
        <ele>8.383605165407062</ele>
        <time>1970-01-01T00:34:59.300000Z</time>
        <extensions>
          <gpxtpx:TrackPointExtension>
            <gpxtpx:hr>152</gpxtpx:hr>
          </gpxtpx:TrackPointExtension>
        </extensions>
      </trkpt>
      <trkpt lat="22.547416411805937" lon="114.09968604680779">
        <ele>8.464752049185336</ele>
        <time>1970-01-01T00:35:00.300000Z</time>
        <extensions>
          <gpxtpx:TrackPointExtension>
            <gpxtpx:hr>150</gpxtpx:hr>
          </gpxtpx:TrackPointExtension>
        </extensions>
      </trkpt>
      <trkpt lat="22.547419970039194" lon="114.09971030475737">
        <ele>8.57446996960789</ele>
        <time>1970-01-01T00:35:01.300000Z</time>
        <extensions>
          <gpxtpx:TrackPointExtension>
            <gpxtpx:hr>150</gpxtpx:hr>
          </gpxtpx:TrackPointExtension>
        </extensions>
      </trkpt>
      <trkpt lat="22.547421908649845" lon="114.09973025155263">
        <ele>8.732212510891259</ele>
        <time>1970-01-01T00:35:02.300000Z</time>
        <extensions>
          <gpxtpx:TrackPointExtension>
            <gpxtpx:hr>150</gpxtpx:hr>
          </gpxtpx:TrackPointExtension>
        </extensions>
      </trkpt>
      <trkpt lat="22.54742335455274" lon="114.09974729618109">
        <ele>8.9081148551777</ele>
        <time>1970-01-01T00:35:03.300000Z</time>
        <extensions>
          <gpxtpx:TrackPointExtension>
            <gpxtpx:hr>150</gpxtpx:hr>
          </gpxtpx:TrackPointExtension>
        </extensions>
      </trkpt>
      <trkpt lat="22.547426178507298" lon="114.09976270671245">
        <ele>9.113169312477112</ele>
        <time>1970-01-01T00:35:04.300000Z</time>
        <extensions>
          <gpxtpx:TrackPointExtension>
            <gpxtpx:hr>150</gpxtpx:hr>
          </gpxtpx:TrackPointExtension>
        </extensions>
      </trkpt>
      <trkpt lat="22.54742993227759" lon="114.0997765719831">
        <ele>9.354217620566487</ele>
        <time>1970-01-01T00:35:05.300000Z</time>
        <extensions>
          <gpxtpx:TrackPointExtension>
            <gpxtpx:hr>149</gpxtpx:hr>
          </gpxtpx:TrackPointExtension>
        </extensions>
      </trkpt>
      <trkpt lat="22.54743437458013" lon="114.09979132390889">
        <ele>9.641429600305855</ele>
        <time>1970-01-01T00:35:06.300000Z</time>
        <extensions>
          <gpxtpx:TrackPointExtension>
            <gpxtpx:hr>149</gpxtpx:hr>
          </gpxtpx:TrackPointExtension>
        </extensions>
      </trkpt>
      <trkpt lat="22.5474394267662" lon="114.09980860240059">
        <ele>9.95322612207383</ele>
        <time>1970-01-01T00:35:07.300000Z</time>
        <extensions>
          <gpxtpx:TrackPointExtension>
            <gpxtpx:hr>149</gpxtpx:hr>
          </gpxtpx:TrackPointExtension>
        </extensions>
      </trkpt>
      <trkpt lat="22.547444191389395" lon="114.09982705064874">
        <ele>10.278015389107168</ele>
        <time>1970-01-01T00:35:08.300000Z</time>
        <extensions>
          <gpxtpx:TrackPointExtension>
            <gpxtpx:hr>149</gpxtpx:hr>
          </gpxtpx:TrackPointExtension>
        </extensions>
      </trkpt>
      <trkpt lat="22.54744852310956" lon="114.09984542735975">
        <ele>10.60981179215014</ele>
        <time>1970-01-01T00:35:09.300000Z</time>
        <extensions>
          <gpxtpx:TrackPointExtension>
            <gpxtpx:hr>149</gpxtpx:hr>
          </gpxtpx:TrackPointExtension>
        </extensions>
      </trkpt>
      <trkpt lat="22.54745287860074" lon="114.09986356162005">
        <ele>10.937276443466544</ele>
        <time>1970-01-01T00:35:10.300000Z</time>
        <extensions>
          <gpxtpx:TrackPointExtension>
            <gpxtpx:hr>149</gpxtpx:hr>
          </gpxtpx:TrackPointExtension>
        </extensions>
      </trkpt>
      <trkpt lat="22.547457594023285" lon="114.09988137970046">
        <ele>11.270307315513492</ele>
        <time>1970-01-01T00:35:11.300000Z</time>
        <extensions>
          <gpxtpx:TrackPointExtension>
            <gpxtpx:hr>149</gpxtpx:hr>
          </gpxtpx:TrackPointExtension>
        </extensions>
      </trkpt>
      <trkpt lat="22.547462630643693" lon="114.09989922191006">
        <ele>11.606868721544743</ele>
        <time>1970-01-01T00:35:12.300000Z</time>
        <extensions>
          <gpxtpx:TrackPointExtension>
            <gpxtpx:hr>150</gpxtpx:hr>
          </gpxtpx:TrackPointExtension>
        </extensions>
      </trkpt>
      <trkpt lat="22.547468297003636" lon="114.09991693750503">
        <ele>11.959028116427362</ele>
        <time>1970-01-01T00:35:13.300000Z</time>
        <extensions>
          <gpxtpx:TrackPointExtension>
            <gpxtpx:hr>150</gpxtpx:hr>
          </gpxtpx:TrackPointExtension>
        </extensions>
      </trkpt>
      <trkpt lat="22.547473592812153" lon="114.09993374137876">
        <ele>12.322826219722629</ele>
        <time>1970-01-01T00:35:14.300000Z</time>
        <extensions>
          <gpxtpx:TrackPointExtension>
            <gpxtpx:hr>150</gpxtpx:hr>
          </gpxtpx:TrackPointExtension>
        </extensions>
      </trkpt>
      <trkpt lat="22.54747590907639" lon="114.09994606357533">
        <ele>12.678665071725845</ele>
        <time>1970-01-01T00:35:15.300000Z</time>
        <extensions>
          <gpxtpx:TrackPointExtension>
            <gpxtpx:hr>150</gpxtpx:hr>
          </gpxtpx:TrackPointExtension>
        </extensions>
      </trkpt>
      <trkpt lat="22.547475511597003" lon="114.0999551545985">
        <ele>13.029862195253372</ele>
        <time>1970-01-01T00:35:16.300000Z</time>
        <extensions>
          <gpxtpx:TrackPointExtension>
            <gpxtpx:hr>150</gpxtpx:hr>
          </gpxtpx:TrackPointExtension>
        </extensions>
      </trkpt>
      <trkpt lat="22.54747531587169" lon="114.09996519091382">
        <ele>13.353375721722841</ele>
        <time>1970-01-01T00:35:17.300000Z</time>
        <extensions>
          <gpxtpx:TrackPointExtension>
            <gpxtpx:hr>150</gpxtpx:hr>
          </gpxtpx:TrackPointExtension>
        </extensions>
      </trkpt>
      <trkpt lat="22.547476940690085" lon="114.09997661521724">
        <ele>13.668760368600488</ele>
        <time>1970-01-01T00:35:18.300000Z</time>
        <extensions>
          <gpxtpx:TrackPointExtension>
            <gpxtpx:hr>150</gpxtpx:hr>
          </gpxtpx:TrackPointExtension>
        </extensions>
      </trkpt>
      <trkpt lat="22.547480331751622" lon="114.09998950886168">
        <ele>13.984811540693045</ele>
        <time>1970-01-01T00:35:19.300000Z</time>
        <extensions>
          <gpxtpx:TrackPointExtension>
            <gpxtpx:hr>150</gpxtpx:hr>
          </gpxtpx:TrackPointExtension>
        </extensions>
      </trkpt>
      <trkpt lat="22.547484366814444" lon="114.1000029187369">
        <ele>14.300981391221285</ele>
        <time>1970-01-01T00:35:20.300000Z</time>
        <extensions>
          <gpxtpx:TrackPointExtension>
            <gpxtpx:hr>150</gpxtpx:hr>
          </gpxtpx:TrackPointExtension>
        </extensions>
      </trkpt>
      <trkpt lat="22.547488506940894" lon="114.10001666242626">
        <ele>14.613639841787517</ele>
        <time>1970-01-01T00:35:21.300000Z</time>
        <extensions>
          <gpxtpx:TrackPointExtension>
            <gpxtpx:hr>150</gpxtpx:hr>
          </gpxtpx:TrackPointExtension>
        </extensions>
      </trkpt>
      <trkpt lat="22.547492868778793" lon="114.1000305045598">
        <ele>14.930896274745464</ele>
        <time>1970-01-01T00:35:22.300000Z</time>
        <extensions>
          <gpxtpx:TrackPointExtension>
            <gpxtpx:hr>150</gpxtpx:hr>
          </gpxtpx:TrackPointExtension>
        </extensions>
      </trkpt>
      <trkpt lat="22.547497249703866" lon="114.10004366036495">
        <ele>15.188126291148365</ele>
        <time>1970-01-01T00:35:23.300000Z</time>
        <extensions>
          <gpxtpx:TrackPointExtension>
            <gpxtpx:hr>149</gpxtpx:hr>
          </gpxtpx:TrackPointExtension>
        </extensions>
      </trkpt>
      <trkpt lat="22.547501397310285" lon="114.10005652495195">
        <ele>15.43135391548276</ele>
        <time>1970-01-01T00:35:24.300000Z</time>
        <extensions>
          <gpxtpx:TrackPointExtension>
            <gpxtpx:hr>149</gpxtpx:hr>
          </gpxtpx:TrackPointExtension>
        </extensions>
      </trkpt>
      <trkpt lat="22.547504782559436" lon="114.1000693555383">
        <ele>15.659306108951569</ele>
        <time>1970-01-01T00:35:25.300000Z</time>
        <extensions>
          <gpxtpx:TrackPointExtension>
            <gpxtpx:hr>149</gpxtpx:hr>
          </gpxtpx:TrackPointExtension>
        </extensions>
      </trkpt>
      <trkpt lat="22.547507511371425" lon="114.10008263708197">
        <ele>15.871839111670852</ele>
        <time>1970-01-01T00:35:26.300000Z</time>
        <extensions>
          <gpxtpx:TrackPointExtension>
            <gpxtpx:hr>147</gpxtpx:hr>
          </gpxtpx:TrackPointExtension>
        </extensions>
      </trkpt>
      <trkpt lat="22.547509884039037" lon="114.1000963586691">
        <ele>16.06987775489688</ele>
        <time>1970-01-01T00:35:27.300000Z</time>
        <extensions>
          <gpxtpx:TrackPointExtension>
            <gpxtpx:hr>147</gpxtpx:hr>
          </gpxtpx:TrackPointExtension>
        </extensions>
      </trkpt>
      <trkpt lat="22.54751251820515" lon="114.10010960633964">
        <ele>16.25476510822773</ele>
        <time>1970-01-01T00:35:28.300000Z</time>
        <extensions>
          <gpxtpx:TrackPointExtension>
            <gpxtpx:hr>147</gpxtpx:hr>
          </gpxtpx:TrackPointExtension>
        </extensions>
      </trkpt>
      <trkpt lat="22.547515556708547" lon="114.10012270420964">
        <ele>16.427282884716988</ele>
        <time>1970-01-01T00:35:29.300000Z</time>
        <extensions>
          <gpxtpx:TrackPointExtension>
            <gpxtpx:hr>147</gpxtpx:hr>
          </gpxtpx:TrackPointExtension>
        </extensions>
      </trkpt>
      <trkpt lat="22.54751817793437" lon="114.10013593611288">
        <ele>16.58762299735099</ele>
        <time>1970-01-01T00:35:30.300000Z</time>
        <extensions>
          <gpxtpx:TrackPointExtension>
            <gpxtpx:hr>147</gpxtpx:hr>
          </gpxtpx:TrackPointExtension>
        </extensions>
      </trkpt>
      <trkpt lat="22.547519690458074" lon="114.10014807995643">
        <ele>16.7364858398214</ele>
        <time>1970-01-01T00:35:31.300000Z</time>
        <extensions>
          <gpxtpx:TrackPointExtension>
            <gpxtpx:hr>147</gpxtpx:hr>
          </gpxtpx:TrackPointExtension>
        </extensions>
      </trkpt>
      <trkpt lat="22.547520071004367" lon="114.100159112874">
        <ele>16.876303031109273</ele>
        <time>1970-01-01T00:35:32.300000Z</time>
        <extensions>
          <gpxtpx:TrackPointExtension>
            <gpxtpx:hr>147</gpxtpx:hr>
          </gpxtpx:TrackPointExtension>
        </extensions>
      </trkpt>
    </trkseg>
  </trk>
</gpx>